prompt_index,method_key,method,budget,decode_rounds,num_output_tokens,mean_matched_draft_tokens,mean_committed_tokens,full_block_acceptance,milliseconds_per_token,tokens_per_second,matches_sequential_baseline,draft_milliseconds_per_round,tree_build_milliseconds_per_round,tree_compile_milliseconds_per_round,verify_milliseconds_per_round,commit_milliseconds_per_round,other_milliseconds_per_round
0,dflash2,DFlash2-GreedyPath,7,352,743,1.1107954545454546,2.1079545454545454,0.0,25.615484619116433,39.03888662928968,False,12.692269485982747,0.0,0.0,40.57449130387299,0.6538690851853475,0.1484186249688884
1,dflash2,DFlash2-GreedyPath,7,166,442,1.6626506024096386,2.6566265060240966,0.012048192771084338,20.111398970588674,49.72304519752309,,12.527853764992638,0.0,0.0,40.22658985537331,0.6468636987934938,0.14832126517907762
2,dflash2,DFlash2-GreedyPath,7,23,84,2.652173913043478,3.608695652173913,0.08695652173913043,14.712013535764916,67.97166122563708,True,12.18971786875045,0.0,0.0,40.7514506081023,0.6434078699701627,0.14625569684026035
3,dflash2,DFlash2-GreedyPath,7,133,423,2.172932330827068,3.172932330827068,0.07518796992481203,17.770157042557365,56.27412282317605,,13.215717894742458,0.0,0.0,42.439844916914716,0.7026643160541535,0.15888887982074998
4,dflash2,DFlash2-GreedyPath,7,88,223,1.5340909090909092,2.522727272727273,0.022727272727272728,21.52175132737019,46.464620131924605,False,12.716050715921897,0.0,0.0,40.999496204511324,0.6714407162772577,0.15108674969352168
5,dflash2,DFlash2-GreedyPath,7,26,49,0.8846153846153846,1.8461538461538463,0.0,28.13787530612899,35.53928607332267,,12.074437999567285,0.0,0.0,40.16067603823523,0.6496479990556299,0.144310655461875
6,dflash2,DFlash2-GreedyPath,7,88,210,1.3863636363636365,2.375,0.0,22.354821942869982,44.73307828421097,False,12.42387123891769,0.0,0.0,40.12018848813816,0.6559522157245241,0.14672223906845003
7,dflash2,DFlash2-GreedyPath,7,84,307,2.642857142857143,3.642857142857143,0.20238095238095238,14.81125455700257,67.51622532388473,,12.605579714675384,0.0,0.0,40.77243074997178,0.6077811430302626,0.14581730898672027
8,dflash2,DFlash2-GreedyPath,7,73,153,1.095890410958904,2.0821917808219177,0.0,25.636691673224323,39.00659307941937,False,12.49847075336195,0.0,0.0,40.43158621938695,0.6551408626128001,0.1464984112591419
9,dflash2,DFlash2-GreedyPath,7,64,195,2.046875,3.03125,0.140625,17.438360041034265,57.34484192589765,,12.343191202717207,0.0,0.0,40.02940106192909,0.6149434843791823,0.1449675010007992
10,dflash2,DFlash2-GreedyPath,7,102,210,1.0588235294117647,2.049019607843137,0.0,25.94642417621106,38.54095628779739,False,12.469104931155657,0.0,0.0,40.15219532355367,0.6504381276232273,0.1473702157490348
11,dflash2,DFlash2-GreedyPath,7,105,217,1.0571428571428572,2.057142857142857,0.0,26.05081078801481,38.38652117730131,,12.549597523979,0.0,0.0,40.460677494965715,0.6799432475374834,0.14812402874841132
12,dflash2,DFlash2-GreedyPath,7,266,647,1.4323308270676691,2.4285714285714284,0.018796992481203006,21.962298993823293,45.532573811204436,False,12.505865559966393,0.0,0.0,40.12225022545733,0.6451865976719673,0.14627449285795674
13,dflash2,DFlash2-GreedyPath,7,142,484,2.408450704225352,3.4014084507042255,0.06338028169014084,15.602873522728876,64.09075857362357,,12.448107767878854,0.0,0.0,39.95076169703167,0.6384396695812286,0.14431611199258224
14,dflash2,DFlash2-GreedyPath,7,84,150,0.7738095238095238,1.7738095238095237,0.0,30.34552566668329,32.9537873551458,False,12.634835154347543,0.0,0.0,40.70281401176804,0.6990230236364628,0.15176650075383286
15,dflash2,DFlash2-GreedyPath,7,5,9,0.6,1.6,0.0,29.01336966654829,34.46686860206299,,10.291755800426472,0.0,0.0,41.08207579993177,0.7153445985750295,0.13488920085364953
16,dflash2,DFlash2-GreedyPath,7,94,264,1.8085106382978724,2.797872340425532,0.0425531914893617,19.533544579534272,51.193985604011786,False,12.813974638002618,0.0,0.0,41.17550778693762,0.7165810313884495,0.15410429895905026
17,dflash2,DFlash2-GreedyPath,7,26,70,1.6923076923076923,2.6538461538461537,0.0,19.9641384714466,50.08981486630312,,12.28054011517088,0.0,0.0,40.63660469154666,0.6865799995676543,0.14587877068641739
18,dflash2,DFlash2-GreedyPath,7,20,87,3.35,4.3,0.15,12.121717977031782,82.49655716250773,True,11.947908799993456,0.0,0.0,40.02873780009395,0.6102146995544899,0.1426119004463544
19,dflash2,DFlash2-GreedyPath,7,11,87,6.909090909090909,7.818181818181818,0.9090909090909091,6.825842425272661,146.50206343725472,,11.861104089555077,0.0,0.0,41.44631536539898,0.5313392724598419,0.1474495451971465
20,dflash2,DFlash2-GreedyPath,7,139,329,1.3597122302158273,2.3597122302158273,0.0,22.701216884495054,44.050502010004614,False,12.560440424049572,0.0,0.0,40.356895913423976,0.6666451294444964,0.14767576328967227
21,dflash2,DFlash2-GreedyPath,7,105,230,1.180952380952381,2.1809523809523808,0.0,24.659957630438328,40.551570079166645,,12.629953752912115,0.0,0.0,40.54375516196679,0.692398989520457,0.15094214322743937
22,dflash2,DFlash2-GreedyPath,7,144,295,1.0486111111111112,2.0416666666666665,0.0,26.431344752545247,37.83386768104954,False,12.662495513975752,0.0,0.0,40.644598132176824,0.6914369029497417,0.14901599257023512
23,dflash2,DFlash2-GreedyPath,7,110,244,1.209090909090909,2.209090909090909,0.02727272727272727,23.9670671270404,41.72392035702059,,12.430529636449963,0.0,0.0,39.94845629051931,0.6397187452504031,0.14460786412448876
24,dflash2,DFlash2-GreedyPath,7,498,1440,1.891566265060241,2.889558232931727,0.04819277108433735,18.46531372569492,54.155592201419054,False,12.536737052167988,0.0,0.0,40.06669660252026,0.6431048030237552,0.14713978526125435
25,dflash2,DFlash2-GreedyPath,7,523,1819,2.478011472275335,3.4760994263862335,0.12237093690248566,15.482934625068483,64.58723906131438,,12.669134336649142,0.0,0.0,40.37008377439369,0.6582333517561794,0.15237278767817353
26,dflash2,DFlash2-GreedyPath,7,331,863,1.6042296072507554,2.604229607250755,0.03323262839879154,20.91995414136457,47.80125201243734,False,12.818059142193794,0.0,0.0,40.885436256645455,0.6881291719380024,0.15194166486511665
27,dflash2,DFlash2-GreedyPath,7,298,798,1.674496644295302,2.674496644295302,0.013422818791946308,20.381445701750543,49.06423296136009,,12.81103898665435,0.0,0.0,40.893904244866704,0.7186234868994926,0.1549355298913187
28,dflash2,DFlash2-GreedyPath,7,48,95,0.9583333333333334,1.9583333333333333,0.0,26.91086153683596,37.15971703957475,False,12.331148812033158,0.0,0.0,40.13577835439719,0.6493835411068479,0.14476941745063718
29,dflash2,DFlash2-GreedyPath,7,36,83,1.3055555555555556,2.2777777777777777,0.0,23.255997457848693,42.999660703115055,,12.32205447215367,0.0,0.0,40.47129444471567,0.6740737224188504,0.15057149964074293
30,dflash2,DFlash2-GreedyPath,7,176,385,1.1818181818181819,2.1818181818181817,0.005681818181818182,24.60806226235355,40.63708833872069,False,12.588537943429401,0.0,0.0,40.428966312612665,0.6657016420335409,0.1469303008227805
31,dflash2,DFlash2-GreedyPath,7,361,902,1.4958448753462603,2.4958448753462603,0.024930747922437674,21.462808492235443,46.592224888078746,,12.588375761766061,0.0,0.0,40.23404847631402,0.6579471191093377,0.14692299183099491
32,dflash2,DFlash2-GreedyPath,7,304,900,1.9605263157894737,2.9572368421052633,0.06578947368421052,18.024445341110955,55.48020929771168,False,12.520919785880611,0.0,0.0,40.05799968744166,0.6360862567386281,0.1468390298070613
33,dflash2,DFlash2-GreedyPath,7,270,921,2.411111111111111,3.4074074074074074,0.1,15.720089924002298,63.61286766388944,,12.564800300229022,0.0,0.0,40.26871750727339,0.64152299655015,0.14793260337749736
34,dflash2,DFlash2-GreedyPath,7,62,134,1.1451612903225807,2.1451612903225805,0.0,25.07125040297544,39.88632333556529,False,12.564873193637581,0.0,0.0,40.78292456512328,0.6883297102185972,0.15012340196746313
35,dflash2,DFlash2-GreedyPath,7,178,381,1.1404494382022472,2.134831460674157,0.0056179775280898875,25.340441188965514,39.462612057261644,,12.6839660898144,0.0,0.0,40.71844997770824,0.6867559102093774,0.15076112898630403
36,dflash2,DFlash2-GreedyPath,7,39,72,0.8461538461538461,1.8205128205128205,0.0,29.64096827771654,33.737089511741054,False,12.566844257376848,0.0,0.0,41.2861224363158,0.7173286673302451,0.15149222860763517
37,dflash2,DFlash2-GreedyPath,7,48,85,0.7708333333333334,1.75,0.0,30.802665470572027,32.4647229297533,,12.627599916868348,0.0,0.0,41.059700333638226,0.7076096873485463,0.1514768329495079
38,dflash2,DFlash2-GreedyPath,7,187,376,1.0106951871657754,2.0053475935828877,0.0,26.96292264892613,37.087967540485735,False,12.6842105296832,0.0,0.0,40.726562122632885,0.6552713583170605,0.14817479148570617
39,dflash2,DFlash2-GreedyPath,7,229,530,1.3100436681222707,2.3100436681222707,0.017467248908296942,23.333001050937213,42.85775318043939,,12.629261043785174,0.0,0.0,40.54378293425162,0.6798547600773692,0.14924343217719652
40,dflash2,DFlash2-GreedyPath,7,33,106,2.212121212121212,3.1818181818181817,0.030303030303030304,16.943025113265183,59.02133729454672,True,12.50795303018425,0.0,0.0,41.053891332315594,0.7096399693347683,0.15156603198688312
41,dflash2,DFlash2-GreedyPath,7,47,175,2.723404255319149,3.702127659574468,0.0851063829787234,14.629072582881367,68.357033184057,,12.616277106683404,0.0,0.0,41.015397999410894,0.6889701062971925,0.14930589408167896
42,dflash2,DFlash2-GreedyPath,7,45,128,1.8222222222222222,2.8222222222222224,0.06666666666666667,18.925781250004547,52.83797729616894,False,12.439398088544193,0.0,0.0,40.58755044421155,0.6585306226043031,0.14785417798621994
43,dflash2,DFlash2-GreedyPath,7,110,400,2.6363636363636362,3.6272727272727274,0.10909090909090909,15.051506120016711,66.43853392652308,,12.788656800826589,0.0,0.0,41.09796210911802,0.6942827730778266,0.15184784431105733
44,dflash2,DFlash2-GreedyPath,7,284,799,1.8133802816901408,2.8098591549295775,0.014084507042253521,19.40852538297869,51.52374950015531,False,12.816895630134189,0.0,0.0,40.920950620051705,0.7122734333907047,0.1534429255782374
45,dflash2,DFlash2-GreedyPath,7,250,642,1.568,2.564,0.04,21.02514551869068,47.56209649588546,,12.649335464055184,0.0,0.0,40.51970998404431,0.6739681159961037,0.1495601279020704
46,dflash2,DFlash2-GreedyPath,7,72,241,2.3472222222222223,3.3333333333333335,0.041666666666666664,15.988724232349146,62.54407703003299,False,12.478226278087984,0.0,0.0,40.25361465301103,0.6415533615735411,0.14441876282945193
47,dflash2,DFlash2-GreedyPath,7,46,205,3.4565217391304346,4.434782608695652,0.17391304347826086,12.00532984391718,83.29633696042734,,12.37241589099184,0.0,0.0,40.377154717134545,0.6085504782791047,0.1438923484428138
48,dflash2,DFlash2-GreedyPath,7,283,1122,2.964664310954064,3.96113074204947,0.1625441696113074,13.455090265597715,74.32131485262667,False,12.536440561800108,0.0,0.0,40.05206621899586,0.6107501270915481,0.14565926879317773
49,dflash2,DFlash2-GreedyPath,7,24,106,3.4166666666666665,4.375,0.125,12.02804486792785,83.13903140371944,,12.076001915981275,0.0,0.0,40.27801808418493,0.6258049176418959,0.14403991553990636
50,dflash2,DFlash2-GreedyPath,7,86,344,3.0,3.988372093023256,0.18604651162790697,13.37833114535728,74.74773864803257,False,12.511857651102325,0.0,0.0,40.24842869711033,0.6075172660043896,0.14552096721207247
51,dflash2,DFlash2-GreedyPath,7,112,428,2.8214285714285716,3.8125,0.16964285714285715,13.89299603739074,71.97871483650198,,12.410444937618845,0.0,0.0,39.928850616239025,0.6068262140875699,0.14497023208345386
52,dflash2,DFlash2-GreedyPath,7,13,62,3.769230769230769,4.6923076923076925,0.3076923076923077,11.193535338656323,89.3372799339409,True,11.810970923621566,0.0,0.0,40.8495959989243,0.5793534622241098,0.14463276882172346
53,dflash2,DFlash2-GreedyPath,7,77,383,3.9740259740259742,4.961038961038961,0.37662337662337664,10.714252227166542,93.33362504426097,,12.424184727201286,0.0,0.0,40.1622081691756,0.5603063374027525,0.14626963641237492
54,dflash2,DFlash2-GreedyPath,7,84,250,1.9761904761904763,2.9642857142857144,0.047619047619047616,18.00771065201843,55.531767436962504,True,12.496590369101753,0.0,0.0,40.309833988084435,0.6414444171587959,0.1465081661860625
55,dflash2,DFlash2-GreedyPath,7,49,161,2.2653061224489797,3.2653061224489797,0.04081632653061224,16.197776503115097,61.736868625621774,,12.350452550222423,0.0,0.0,40.08656979552755,0.6395933275914047,0.144649979751091
56,dflash2,DFlash2-GreedyPath,7,205,776,2.7853658536585364,3.7804878048780486,0.14634146341463414,14.177607123707913,70.5337643563131,False,12.608369936522028,0.0,0.0,40.29480042468427,0.6180427705147872,0.14621676094886824
57,dflash2,DFlash2-GreedyPath,7,115,555,3.8260869565217392,4.817391304347826,0.23478260869565218,11.153341754958943,89.65922698059396,,12.59332127779287,0.0,0.0,40.49245587818365,0.5965855741321676,0.14463443512795493
58,dflash2,DFlash2-GreedyPath,7,85,253,1.9764705882352942,2.9647058823529413,0.03529411764705882,18.177666513840787,55.01256166398382,False,12.609313012131572,0.0,0.0,40.70285764755681,0.6462465642150218,0.1468725172932917
59,dflash2,DFlash2-GreedyPath,7,251,722,1.8764940239043826,2.8725099601593627,0.0398406374501992,18.734829963983515,53.37651859784341,,12.645807792322453,0.0,0.0,40.45139432690418,0.6459502547511374,0.14747405628556853
60,dflash2,DFlash2-GreedyPath,7,60,386,5.433333333333334,6.416666666666667,0.5666666666666667,8.380203132129786,119.32884969888016,True,12.574406816323366,0.0,0.0,40.67643753332959,0.517169083589882,0.1446267167921178
61,dflash2,DFlash2-GreedyPath,7,103,629,5.106796116504855,6.097087378640777,0.5048543689320388,8.890485729728749,112.4797936130887,,12.712733067831508,0.0,0.0,40.89609321323506,0.5376434272372173,0.14591401984555719
62,dflash2,DFlash2-GreedyPath,7,16,74,3.5625,4.5625,0.125,11.675304351327313,85.6508721236303,True,12.080948812581482,0.0,0.0,41.140131811971514,0.6345649380818941,0.14263706225392525
63,dflash2,DFlash2-GreedyPath,7,16,86,4.3125,5.3125,0.3125,9.993602290748195,100.06401804940475,,12.097057000119094,0.0,0.0,40.89000006115384,0.583486625146179,0.1450686263524334
64,dflash2,DFlash2-GreedyPath,7,58,318,4.482758620689655,5.4655172413793105,0.3275862068965517,9.840262534596361,101.6233049153113,False,12.556109586575044,0.0,0.0,40.674518620954615,0.5749496894764136,0.14620634440156022
65,dflash2,DFlash2-GreedyPath,7,59,243,3.1016949152542375,4.101694915254237,0.22033898305084745,13.047847892981745,76.64099154143926,,12.50076615259,0.0,0.0,40.49064733864447,0.6044401519120892,0.14358767879519108
66,dflash2,DFlash2-GreedyPath,7,81,378,3.6666666666666665,4.654320987654321,0.20987654320987653,11.597228023799804,86.22750177437248,False,12.62531297519964,0.0,0.0,40.741076259884586,0.6075244438963838,0.14648376541847455
67,dflash2,DFlash2-GreedyPath,7,173,907,4.236994219653179,5.236994219653179,0.42196531791907516,10.374954475193936,96.38596510384275,,12.786072329449807,0.0,0.0,40.903048295002144,0.5569805835176533,0.147446242902654
68,dflash2,DFlash2-GreedyPath,7,74,382,4.162162162162162,5.148648648648648,0.3108108108108108,10.42305680628164,95.9411445783671,False,12.551913148412053,0.0,0.0,40.52444689187797,0.5825032295998991,0.14664618956393916
69,dflash2,DFlash2-GreedyPath,7,18,91,4.055555555555555,5.0,0.2777777777777778,10.491053241731695,95.3193141773567,,11.962552055289658,0.0,0.0,40.350024278369446,0.5827585001598992,0.14276766604679222
70,dflash2,DFlash2-GreedyPath,7,49,235,3.795918367346939,4.775510204081633,0.3469387755102041,11.227923936174658,89.0636600038011,False,12.506299367208955,0.0,0.0,40.62307677579193,0.5710238772883954,0.14780661238509477
71,dflash2,DFlash2-GreedyPath,7,84,456,4.428571428571429,5.416666666666667,0.4166666666666667,9.919001519735678,100.81659913150693,,12.564943416648367,0.0,0.0,40.58545907121567,0.5508027850391088,0.1448029770905296
72,dflash2,DFlash2-GreedyPath,7,67,323,3.8208955223880596,4.8059701492537314,0.208955223880597,11.196032099082673,89.3173573593035,False,12.568291895258337,0.0,0.0,40.65598019452178,0.6038724925236971,0.1467564326768338
73,dflash2,DFlash2-GreedyPath,7,41,254,5.195121951219512,6.170731707317073,0.5609756097560976,8.5796595905533,116.55474083156605,,12.31341999966123,0.0,0.0,40.17056524416392,0.5239142930538325,0.1441379265487762
74,dflash2,DFlash2-GreedyPath,7,53,282,4.320754716981132,5.30188679245283,0.37735849056603776,10.103495989346973,98.97564180303434,False,12.461242528345638,0.0,0.0,40.57133282968041,0.5779476798708411,0.1477009054209668
75,dflash2,DFlash2-GreedyPath,7,41,270,5.585365853658536,6.560975609756097,0.6097560975609756,8.043048625916493,124.33096534786293,,12.31290875520932,0.0,0.0,40.00484856096148,0.5042852437061189,0.14437522054877042
76,dflash2,DFlash2-GreedyPath,7,34,166,3.8823529411764706,4.852941176470588,0.29411764705882354,10.937248204809514,91.43067627927314,True,12.277779529754566,0.0,0.0,40.398426382821256,0.5777085872764206,0.14559144127655171
77,dflash2,DFlash2-GreedyPath,7,79,392,3.962025316455696,4.949367088607595,0.3291139240506329,10.833546880107582,92.30587277341155,,12.515470417510405,0.0,0.0,40.47588726595527,0.6153154176957552,0.14966078494200954
78,dflash2,DFlash2-GreedyPath,7,36,212,4.888888888888889,5.861111111111111,0.4166666666666667,9.161851268868734,109.14824642459796,False,12.433465916021508,0.0,0.0,40.7950754999749,0.576781860622254,0.14780086227498637
79,dflash2,DFlash2-GreedyPath,7,139,767,4.510791366906475,5.510791366906475,0.4460431654676259,9.71087610821171,102.97732036292587,,12.555896050674445,0.0,0.0,40.33027415745054,0.5507423235069987,0.1475621086441436
80,dflash2,DFlash2-GreedyPath,7,180,574,2.188888888888889,3.183333333333333,0.05,16.98223947212885,58.88504879707968,False,12.66962892805168,0.0,0.0,40.693182749843494,0.6439380054265106,0.1477250778003104
81,dflash2,DFlash2-GreedyPath,7,180,669,2.716666666666667,3.7111111111111112,0.1388888888888889,14.738653183859297,67.84880460414982,,12.840500160988691,0.0,0.0,41.161320049812076,0.6287377334552325,0.1481030557543919
82,dflash2,DFlash2-GreedyPath,7,89,367,3.1235955056179776,4.112359550561798,0.15730337078651685,13.193565629430118,75.79452197284397,True,12.681354123303075,0.0,0.0,40.95059723574982,0.6226056293496768,0.15037094419128838
83,dflash2,DFlash2-GreedyPath,7,110,594,4.390909090909091,5.390909090909091,0.4,10.133226296296288,98.68525292536907,,12.776003608583283,0.0,0.0,41.235284736864166,0.5605191275456243,0.14761452700688757
84,dflash2,DFlash2-GreedyPath,7,138,498,2.601449275362319,3.601449275362319,0.14492753623188406,14.950188813256764,66.8887873250986,True,12.619884688161699,0.0,0.0,40.56220868844083,0.6205647973663451,0.1480231956098789
85,dflash2,DFlash2-GreedyPath,7,71,319,3.492957746478873,4.47887323943662,0.2535211267605634,12.358835570533909,80.9137717135919,,12.956548732021679,0.0,0.0,41.75173166260438,0.6656714508672323,0.15377416859567822
86,dflash2,DFlash2-GreedyPath,7,78,319,3.08974358974359,4.076923076923077,0.1794871794871795,13.328125420059143,75.02930595888424,False,12.709048012486445,0.0,0.0,41.0144664103707,0.6356441666960168,0.1494569104323044
87,dflash2,DFlash2-GreedyPath,7,149,655,3.389261744966443,4.389261744966443,0.2953020134228188,12.170996357249594,82.16254205058199,,12.516924261786247,0.0,0.0,40.24494791959315,0.5942142345171403,0.147286832415436
88,dflash2,DFlash2-GreedyPath,7,181,670,2.701657458563536,3.696132596685083,0.1270718232044199,14.566708525378646,68.64968831206885,False,12.638635712386963,0.0,0.0,40.512442707191205,0.6223158676592757,0.14757097245146422
89,dflash2,DFlash2-GreedyPath,7,204,739,2.622549019607843,3.6176470588235294,0.11274509803921569,14.882302583216614,67.1939032557866,,12.655597157016231,0.0,0.0,40.480787097954355,0.6287024314623718,0.146783945905661
90,dflash2,DFlash2-GreedyPath,7,242,921,2.8057851239669422,3.8016528925619837,0.1322314049586777,14.367680944618705,69.60065468147396,False,12.828929520765087,0.0,0.0,41.07461522701571,0.627764850975859,0.1489968061765121
91,dflash2,DFlash2-GreedyPath,7,173,558,2.2254335260115607,3.2196531791907512,0.09826589595375723,16.651879317206653,60.053281731791316,,12.577374589791308,0.0,0.0,40.35649539347142,0.6304739477234688,0.14518588983064862
92,dflash2,DFlash2-GreedyPath,7,96,329,2.4270833333333335,3.4166666666666665,0.09375,15.698769583575935,63.699259657024385,False,12.561904614130981,0.0,0.0,40.46384001048864,0.6295413747163062,0.14570559437743213
93,dflash2,DFlash2-GreedyPath,7,115,417,2.626086956521739,3.617391304347826,0.06086956521739131,14.76238768345233,67.73971944395787,,12.532231139029255,0.0,0.0,40.21466875641161,0.6376782348050493,0.1451232958377501
94,dflash2,DFlash2-GreedyPath,7,275,1105,3.0145454545454546,4.014545454545455,0.16,13.605169013574006,73.50147572604872,False,12.837949603536716,0.0,0.0,41.06046841437505,0.6205612474745563,0.14906349824741483
95,dflash2,DFlash2-GreedyPath,7,371,1748,3.711590296495957,4.708894878706199,0.30727762803234504,11.52919612242374,86.73631616475389,,12.801465178023072,0.0,0.0,40.78842132314873,0.5833242021327226,0.14763787350597896
96,dflash2,DFlash2-GreedyPath,7,181,656,2.6243093922651934,3.6187845303867405,0.09944751381215469,15.25412554421076,65.55603578203927,False,12.97135932047984,0.0,0.0,41.52070847488663,0.6436733365765109,0.1499293487324786
97,dflash2,DFlash2-GreedyPath,7,209,844,3.0382775119617227,4.033492822966507,0.19138755980861244,13.282999164691805,75.28420258115722,,12.585780803794007,0.0,0.0,40.29749348379073,0.610622415940431,0.14654011465609074
98,dflash2,DFlash2-GreedyPath,7,136,504,2.7058823529411766,3.698529411764706,0.09558823529411764,14.65462595834175,68.2378385393574,False,12.718155426548893,0.0,0.0,40.80816705187745,0.6342428382327746,0.14775441131325137
99,dflash2,DFlash2-GreedyPath,7,119,475,2.991596638655462,3.9831932773109244,0.20168067226890757,13.493300667369592,74.11085135146119,,12.617762496097193,0.0,0.0,40.48970293312602,0.6058758064544908,0.14647235256226482
100,dflash2,DFlash2-GreedyPath,7,4,14,2.5,3.25,0.0,14.472442571526958,69.0968366298718,True,9.539057748042978,0.0,0.0,40.30922450147045,0.6698809993395116,0.13538575149141252
101,dflash2,DFlash2-GreedyPath,7,36,218,5.055555555555555,6.027777777777778,0.4444444444444444,8.813764399062809,113.45889845958813,,12.324787777995677,0.0,0.0,40.35786236090644,0.5453114992835455,0.14427833391690414
102,dflash2,DFlash2-GreedyPath,7,4,16,2.75,3.75,0.0,12.713033374893712,78.65943323761317,True,9.542995250740205,0.0,0.0,40.51497449836461,0.6672630006505642,0.12690074981946964
103,dflash2,DFlash2-GreedyPath,7,7,30,3.142857142857143,4.142857142857143,0.14285714285714285,12.114089433210514,82.54850729915545,,10.844713000031854,0.0,0.0,40.31699814160155,0.6219262858004575,0.13388871489691415
104,dflash2,DFlash2-GreedyPath,7,13,80,5.153846153846154,6.076923076923077,0.3076923076923077,8.594567862473923,116.3525631540191,True,11.758028460742654,0.0,0.0,40.41014877013647,0.581091614619184,0.14037953895659974
105,dflash2,DFlash2-GreedyPath,7,28,173,5.142857142857143,6.142857142857143,0.5714285714285714,8.586551109825145,116.46119462979169,,12.176322750227493,0.0,0.0,40.22266457078721,0.5100702855997952,0.14356175051943865
106,dflash2,DFlash2-GreedyPath,7,35,165,3.7142857142857144,4.685714285714286,0.22857142857142856,11.38574331518171,87.82913616773737,False,12.45593071424602,0.0,0.0,40.47099631425226,0.6063103139500267,0.14240971483689333
107,dflash2,DFlash2-GreedyPath,7,93,575,5.182795698924731,6.172043010752688,0.5483870967741935,8.69711912000481,114.98060291020217,,12.534485882184448,0.0,0.0,40.54944481697842,0.5214450428993391,0.16713494613956942
108,dflash2,DFlash2-GreedyPath,7,16,103,5.4375,6.375,0.5,8.153753446624727,122.64290385355635,True,11.817958374649606,0.0,0.0,39.996678499846894,0.5313793130881095,0.14377162506206548
109,dflash2,DFlash2-GreedyPath,7,14,60,3.2857142857142856,4.214285714285714,0.14285714285714285,12.268294733318422,81.51092077077222,,11.694249712620929,0.0,0.0,40.118896071882254,0.6238065720286353,0.14145364340427996
110,dflash2,DFlash2-GreedyPath,7,6,15,1.3333333333333333,2.3333333333333335,0.0,21.207718866935465,47.1526431614048,True,10.809811334183905,0.0,0.0,41.34213983343216,0.7200523347516233,0.14729366497097848
111,dflash2,DFlash2-GreedyPath,7,5,18,2.4,3.4,0.0,14.341639778043222,69.7270336918503,,10.156735799682792,0.0,0.0,40.66188059950946,0.6793977998313494,0.13188900193199515
112,dflash2,DFlash2-GreedyPath,7,16,73,3.5625,4.5,0.25,11.65561923280371,85.79552746417697,True,11.896359687852964,0.0,0.0,40.53182587631454,0.6067930003155197,0.1437841851839039
113,dflash2,DFlash2-GreedyPath,7,9,33,2.6666666666666665,3.5555555555555554,0.2222222222222222,14.32747506072646,69.79596863798666,,11.311356221590863,0.0,0.0,40.449848666159795,0.6303504447310438,0.14251989018197897
114,dflash2,DFlash2-GreedyPath,7,14,41,1.9285714285714286,2.857142857142857,0.0,18.2173372925651,54.89276418064247,True,11.865905642480357,0.0,0.0,40.64438192861936,0.6936627136643178,0.146823214890901
115,dflash2,DFlash2-GreedyPath,7,8,31,2.875,3.75,0.125,13.794438967682167,72.49298085575036,,11.39620412595832,0.0,0.0,41.19198550051806,0.717966000593151,0.1472953726988635
116,dflash2,DFlash2-GreedyPath,7,16,55,2.4375,3.375,0.0,15.783439145492263,63.35754779309927,True,12.171592124559538,0.0,0.0,41.20552987433257,0.7273836886270146,0.15106637511053816
117,dflash2,DFlash2-GreedyPath,7,18,55,2.0555555555555554,3.0,0.0,17.664233163602397,56.611571571673174,,12.136360832098742,0.0,0.0,40.99260805620967,0.6965041680410246,0.1485727213245506
118,dflash2,DFlash2-GreedyPath,7,11,75,5.818181818181818,6.7272727272727275,0.36363636363636365,7.699084746612546,129.88556859826505,True,11.49938800054687,0.0,0.0,40.28643127292691,0.5681044554380192,0.1398359070828354
119,dflash2,DFlash2-GreedyPath,7,21,123,4.857142857142857,5.809523809523809,0.5238095238095238,8.99614399999174,111.15873645429845,,11.992609334508112,0.0,0.0,40.033431285077576,0.5238884287315332,0.1417715230629602
120,dflash2,DFlash2-GreedyPath,7,229,737,2.2183406113537116,3.2139737991266375,0.039301310043668124,16.636155295791752,60.11004238779605,False,12.554137008593827,0.0,0.0,40.19681201348189,0.6433115764299924,0.14655360672800846
121,dflash2,DFlash2-GreedyPath,7,314,1194,2.8025477707006368,3.799363057324841,0.1464968152866242,14.06162994304941,71.11551107873485,,12.561623410921088,0.0,0.0,40.140825204124305,0.621214901054668,0.14635607625979183
122,dflash2,DFlash2-GreedyPath,7,217,791,2.6451612903225805,3.640552995391705,0.09216589861751152,14.825045508218123,67.45341857100267,False,12.675635751217715,0.0,0.0,40.579330521035665,0.6362384838086429,0.14847725776532741
123,dflash2,DFlash2-GreedyPath,7,505,1636,2.237623762376238,3.237623762376238,0.06534653465346535,16.618298517726462,60.17463213416925,,12.656035465444784,0.0,0.0,40.39349547330299,0.6403562532291784,0.14681850109333047
124,dflash2,DFlash2-GreedyPath,7,181,551,2.044198895027624,3.0386740331491713,0.04419889502762431,17.769805843912923,56.275235012911054,False,12.687351558169668,0.0,0.0,40.61347613818956,0.6466868066760192,0.14730881185988634
125,dflash2,DFlash2-GreedyPath,7,413,1364,2.3026634382566584,3.3002421307506054,0.09685230024213075,16.319017578447678,61.27819859209463,,12.66393627602222,0.0,0.0,40.453952375310216,0.6310907582399778,0.14724329503444214
126,dflash2,DFlash2-GreedyPath,7,220,585,1.6590909090909092,2.6545454545454548,0.03636363636363636,20.166955143586396,49.586067548626716,False,12.572168090958836,0.0,0.0,40.261754759095226,0.644858590947644,0.14698564535302402
127,dflash2,DFlash2-GreedyPath,7,118,630,4.338983050847458,5.330508474576271,0.4067796610169492,9.97924341904258,100.2079975413548,,12.494174407408336,0.0,0.0,40.08731334767417,0.551555465975425,0.14596825349143885
128,dflash2,DFlash2-GreedyPath,7,157,572,2.643312101910828,3.6369426751592355,0.14012738853503184,14.856505174822967,67.31058134013111,True,12.69139713378976,0.0,0.0,40.655614796152435,0.6320629554176347,0.14781021017352844
129,dflash2,DFlash2-GreedyPath,7,167,634,2.7964071856287425,3.7904191616766467,0.16766467065868262,14.185781105676165,70.49312213057266,,12.648266293085808,0.0,0.0,40.43784559896762,0.6222320535125401,0.14665737777946986
130,dflash2,DFlash2-GreedyPath,7,258,902,2.496124031007752,3.492248062015504,0.09689922480620156,15.399025348114831,64.939174875923,True,12.645573147469698,0.0,0.0,40.414238631942574,0.6303058800640852,0.14678491416541578
131,dflash2,DFlash2-GreedyPath,7,121,390,2.2231404958677685,3.2148760330578514,0.08264462809917356,16.64285313846239,60.08585136697233,,12.569872098929183,0.0,0.0,40.29276261130427,0.6330048264084145,0.14661438071625
132,dflash2,DFlash2-GreedyPath,7,388,969,1.4974226804123711,2.4948453608247423,0.030927835051546393,21.355393325080826,46.826578409377774,False,12.528516234486176,0.0,0.0,40.015245719259084,0.6428344304274021,0.14684725501115514
133,dflash2,DFlash2-GreedyPath,7,480,1519,2.1645833333333333,3.1625,0.08541666666666667,16.831172364055575,59.413567775919546,,12.536261727215484,0.0,0.0,39.953460414608344,0.6280248749741683,0.14590052695287645
134,dflash2,DFlash2-GreedyPath,7,313,810,1.5878594249201279,2.584664536741214,0.04153354632587859,20.655079290116664,48.41424164750092,False,12.551364073379764,0.0,0.0,40.11072919488019,0.6428712619763886,0.14747708316460198
135,dflash2,DFlash2-GreedyPath,7,246,822,2.341463414634146,3.33739837398374,0.07317073170731707,15.966096169101354,62.63271806763047,,12.542878902208239,0.0,0.0,40.02429278037057,0.6359215368002339,0.14703300420352203
136,dflash2,DFlash2-GreedyPath,7,320,868,1.7125,2.709375,0.046875,19.78158064746587,50.55207760296474,False,12.600219078080954,0.0,0.0,40.25568907209163,0.6533600562761421,0.1482692998024504
137,dflash2,DFlash2-GreedyPath,7,313,939,2.0,2.9968051118210863,0.04472843450479233,17.721821358887055,56.42760863846112,,12.49639287859424,0.0,0.0,39.88390952416959,0.6394249069732807,0.1457367669240521
138,dflash2,DFlash2-GreedyPath,7,131,302,1.3053435114503817,2.2977099236641223,0.03816793893129771,23.26338930131728,42.98599774295895,False,12.53811267210359,0.0,0.0,40.299605847339016,0.6452919620392268,0.14709309865418424
139,dflash2,DFlash2-GreedyPath,7,209,558,1.6698564593301435,2.665071770334928,0.014354066985645933,19.96102478674842,50.09762828729478,,12.50107009097506,0.0,0.0,39.99840784707228,0.6479989333369582,0.1455940903650717
140,dflash2,DFlash2-GreedyPath,7,347,1117,2.2190201729106627,3.2161383285302594,0.07492795389048991,16.580123921218238,60.31318009151069,False,12.536017066490956,0.0,0.0,40.054631801100676,0.6347072274848196,0.1463972766837038
141,dflash2,DFlash2-GreedyPath,7,157,450,1.8662420382165605,2.859872611464968,0.05732484076433121,18.558374346660763,53.88402999748367,,12.472759758166385,0.0,0.0,39.93766724223206,0.6359168852955269,0.14644882766489878
142,dflash2,DFlash2-GreedyPath,7,314,845,1.6910828025477707,2.6878980891719744,0.04777070063694268,20.110859678105516,49.72437856988727,False,12.71711173553074,0.0,0.0,40.60913669123855,0.6457652961199429,0.1479749013119226
143,dflash2,DFlash2-GreedyPath,7,228,524,1.2982456140350878,2.293859649122807,0.0043859649122807015,23.456448522908588,42.632199798846635,,12.64528385096734,0.0,0.0,40.464341504494975,0.6533572766209929,0.145697306531171
144,dflash2,DFlash2-GreedyPath,7,534,1358,1.5430711610486891,2.541198501872659,0.035580524344569285,21.355527790133163,46.82628356588908,False,12.793388818471875,0.0,0.0,40.716583046774716,0.6509024680869859,0.14775251872791326
145,dflash2,DFlash2-GreedyPath,7,357,932,1.6106442577030813,2.607843137254902,0.03081232492997199,20.474580966732855,48.841048401664594,,12.563763618857616,0.0,0.0,40.090095257994406,0.6512633080695983,0.14672504475631123
146,dflash2,DFlash2-GreedyPath,7,465,1374,1.9548387096774194,2.9526881720430107,0.05161290322580645,18.347170891560424,54.504316001111285,False,12.754413165557024,0.0,0.0,40.663138660367565,0.647125260276039,0.14825367724887703
147,dflash2,DFlash2-GreedyPath,7,315,1014,2.219047619047619,3.215873015873016,0.07936507936507936,16.732653358976354,59.763384715284424,,12.68771309839813,0.0,0.0,40.391391409687614,0.6371580984070158,0.14694534906921614
148,dflash2,DFlash2-GreedyPath,7,240,557,1.3166666666666667,2.316666666666667,0.025,23.388041416522746,42.756893670178755,False,12.755650745930325,0.0,0.0,40.72130654600793,0.654436225098228,0.14835260381005355
149,dflash2,DFlash2-GreedyPath,7,310,834,1.6903225806451614,2.6870967741935483,0.01935483870967742,19.937890655872284,50.15575705875742,,12.621772016263417,0.0,0.0,40.222239957872645,0.6491431195172481,0.14620234827405862
150,dflash2,DFlash2-GreedyPath,7,263,716,1.7224334600760456,2.7186311787072244,0.03802281368821293,19.945935840788685,50.13552675503136,False,12.758633383948572,0.0,0.0,40.742799783063106,0.652031631006668,0.1480183274748101
151,dflash2,DFlash2-GreedyPath,7,480,1320,1.75,2.747916666666667,0.022916666666666665,19.627171062876933,50.949777570921164,,12.71257034595692,0.0,0.0,40.46204497487148,0.6534309772329531,0.14667412485020273
152,dflash2,DFlash2-GreedyPath,7,134,316,1.3582089552238805,2.3507462686567164,0.029850746268656716,22.934388348092604,43.60264528629418,False,12.674808089531012,0.0,0.0,40.60972099228929,0.6514039325420119,0.1481469706918825
153,dflash2,DFlash2-GreedyPath,7,437,1492,2.414187643020595,3.411899313501144,0.09153318077803203,15.871643203081234,63.005448598155574,,12.766183839884594,0.0,0.0,40.63610004123809,0.6380767187174757,0.14840749855161
154,dflash2,DFlash2-GreedyPath,7,333,786,1.3603603603603605,2.3573573573573574,0.024024024024024024,23.00043687531422,43.477435033996,False,12.787421780806902,0.0,0.0,40.68504326125396,0.6669945554944474,0.1498598739070966
155,dflash2,DFlash2-GreedyPath,7,439,1066,1.4259681093394077,2.425968109339408,0.022779043280182234,21.921200272039364,45.617940057575524,,12.528812291725393,0.0,0.0,39.909368189011175,0.6452104601672806,0.14667623448103417
156,dflash2,DFlash2-GreedyPath,7,450,1122,1.4933333333333334,2.491111111111111,0.015555555555555555,21.63034762210739,46.23134206950727,False,12.688272564329155,0.0,0.0,40.441184799969456,0.6545041244923292,0.14770524899682236
157,dflash2,DFlash2-GreedyPath,7,320,925,1.890625,2.8875,0.08125,18.657993197832823,53.59633211336752,,12.690047403316385,0.0,0.0,40.458095031181074,0.6376721220021864,0.14744703098585887
158,dflash2,DFlash2-GreedyPath,7,266,755,1.8383458646616542,2.8345864661654137,0.06015037593984962,18.919183238407918,52.856404391173484,False,12.631420124266594,0.0,0.0,40.279605022762446,0.640751454745913,0.14740890573624424
159,dflash2,DFlash2-GreedyPath,7,88,224,1.5454545454545454,2.534090909090909,0.011363636363636364,21.262698647303427,47.03071875247697,,12.653425885963026,0.0,0.0,40.66493523879961,0.6586607954556133,0.146211000190471
0,dflash2_unary_k16_tb8,Unary-FullMass,8,322,766,1.3788819875776397,2.375776397515528,0.0,23.84812084073216,41.9320250294949,False,14.033378183389601,0.7570881989183662,0.2347345900760171,39.530615195527496,2.0162903511501207,0.15975858653105235
1,dflash2_unary_k16_tb8,Unary-FullMass,8,128,345,1.6875,2.6875,0.0078125,20.55233514783786,48.65627155292871,,13.870351226671573,0.7572642655304662,0.23133628951654828,38.38921057803191,1.987962718885683,0.15884074952055016
2,dflash2_unary_k16_tb8,Unary-FullMass,8,20,84,3.15,4.15,0.05,13.49886811901039,74.08028519011197,True,13.508867099881172,0.7943674492707942,0.2421820507152006,39.960351500849356,2.0256034498743247,0.163874549252796
3,dflash2_unary_k16_tb8,Unary-FullMass,8,107,356,2.3271028037383177,3.317757009345794,0.08411214953271028,18.10320003932339,55.238852679516384,,14.856564831674081,0.888785906639233,0.25639801919101257,41.92451807500568,2.1370300750719236,0.16791069988654445
4,dflash2_unary_k16_tb8,Unary-FullMass,8,85,224,1.6352941176470588,2.623529411764706,0.0,21.450244383946224,46.619515475004064,False,13.89590967035688,0.7393025295802064,0.2333128116922179,39.51187792956583,1.9898335999802357,0.15746630592997568
5,dflash2_unary_k16_tb8,Unary-FullMass,8,17,44,1.588235294117647,2.5294117647058822,0.0,21.37578018168411,46.781918203708535,,13.118757941650555,0.7745884714120834,0.2368444111198187,39.05892658804078,1.9817172942566685,0.15471399905543556
6,dflash2_unary_k16_tb8,Unary-FullMass,8,82,221,1.6829268292682926,2.682926829268293,0.0,20.69619026242353,48.3180714576065,False,13.711520999605433,0.7357791714084891,0.23018319517155406,38.96272876821657,1.9794167194227268,0.15912782904839642
7,dflash2_unary_k16_tb8,Unary-FullMass,8,72,306,3.25,4.236111111111111,0.2361111111111111,13.344112993460536,74.93941339451064,,13.941119417015418,0.7416310136250104,0.23391431922290293,39.638127346936216,1.9996101105385202,0.15807801486921058
8,dflash2_unary_k16_tb8,Unary-FullMass,8,64,153,1.390625,2.375,0.0,23.499650758191994,42.55382389678278,False,13.773639671512683,0.7438806402433329,0.23239150016252097,39.285134953161105,1.9847561400183622,0.15904968870472658
9,dflash2_unary_k16_tb8,Unary-FullMass,8,51,186,2.6470588235294117,3.627450980392157,0.13725490196078433,15.239323284937024,65.61971166977133,,13.598285294303388,0.7360673919845117,0.2294508035536673,38.88622413754039,1.9698821758057046,0.1587986477591353
10,dflash2_unary_k16_tb8,Unary-FullMass,8,96,216,1.25,2.2395833333333335,0.0,24.845084523163948,40.249410263332564,False,13.754451343932791,0.7408319383254517,0.23338620803770027,39.046634406001125,1.9679618126247078,0.15817446819710312
11,dflash2_unary_k16_tb8,Unary-FullMass,8,96,279,1.8958333333333333,2.8958333333333335,0.03125,19.32442209678769,51.74798992649983,,13.814047520781969,0.7511385933867132,0.23562363541410983,39.21574548977939,1.9850581563787273,0.15998832304831936
12,dflash2_unary_k16_tb8,Unary-FullMass,8,220,600,1.7227272727272727,2.7227272727272727,0.00909090909090909,20.688785040001676,48.33536614482215,False,13.937376640983116,0.768552709070553,0.24099102305296005,39.314339404352886,2.001987172744438,0.16071224980061577
13,dflash2_unary_k16_tb8,Unary-FullMass,8,145,624,3.296551724137931,4.296551724137931,0.06896551724137931,13.015811261224233,76.82963281582977,,13.852603689382045,0.758200289745783,0.237837916888409,39.00334058612473,2.0011051035594547,0.15978294536110077
14,dflash2_unary_k16_tb8,Unary-FullMass,8,53,126,1.3773584905660377,2.358490566037736,0.0,23.922963166634354,41.80084185368442,False,13.901492510071103,0.820265905514254,0.2540556975049494,39.700207660850005,2.0341585094563857,0.1632793203000647
15,dflash2_unary_k16_tb8,Unary-FullMass,8,6,13,1.1666666666666667,2.0,0.0,25.473656692506317,39.25624075377344,,11.904039832491739,0.8626449998700991,0.25168249824976857,39.96105416566328,2.051238997713275,0.16226233977552815
16,dflash2_unary_k16_tb8,Unary-FullMass,8,85,273,2.211764705882353,3.2,0.03529411764705882,17.940982384617858,55.73830788983855,False,14.194245506095125,0.8349340938901364,0.2589281293159515,40.09730717636344,2.069793658430332,0.16700544767766534
17,dflash2_unary_k16_tb8,Unary-FullMass,8,19,55,1.894736842105263,2.8421052631578947,0.0,19.11872970906023,52.30473024188982,,13.215908158025215,0.7533954742125628,0.2297173689983442,39.00810626318592,1.9756180002954544,0.16094599835157983
18,dflash2_unary_k16_tb8,Unary-FullMass,8,19,87,3.5789473684210527,4.526315789473684,0.05263157894736842,12.066115885046337,82.87671107479669,True,13.179035841236136,0.7526697380327325,0.2344364218419957,38.96098289375291,1.9678701053061032,0.15511457872650536
19,dflash2_unary_k16_tb8,Unary-FullMass,8,11,87,6.909090909090909,7.818181818181818,0.9090909090909091,7.180319022990752,139.2695779669521,,13.141168271514205,0.8699177256362005,0.2670658174214292,40.245193271072246,2.1025597280558115,0.1638910954087888
20,dflash2_unary_k16_tb8,Unary-FullMass,8,142,388,1.732394366197183,2.7253521126760565,0.0,20.636466389181262,48.45790849756397,False,13.904650190506544,0.758592386953008,0.23658113402657172,39.324647739652995,2.002413260720139,0.16007978815714907
21,dflash2_unary_k16_tb8,Unary-FullMass,8,111,317,1.8468468468468469,2.8468468468468466,0.0,20.060306460568526,49.849687090556,,14.13286591900737,0.855672549716457,0.2582111981380647,39.7969620904192,2.0785209733173713,0.16711094507922394
22,dflash2_unary_k16_tb8,Unary-FullMass,8,66,163,1.4545454545454546,2.4545454545454546,0.0,22.912381687142638,43.64452432988027,False,13.868864075144907,0.788739439678576,0.24558489332610572,39.51999609037585,2.004004362926494,0.1594507598245841
23,dflash2_unary_k16_tb8,Unary-FullMass,8,73,172,1.356164383561644,2.3424657534246576,0.0,23.677272296523835,42.234594740324646,,13.712427945554811,0.750364026864863,0.2300946572388854,38.96566460214871,1.9732618215852673,0.15573263156773165
24,dflash2_unary_k16_tb8,Unary-FullMass,8,601,1745,1.9034941763727122,2.901830282861897,0.008319467554076539,19.29841278681937,51.81773294242055,False,13.897026667285001,0.7458438983564993,0.23370889011524873,39.019271071419446,1.9778576754224362,0.15912093716809533
25,dflash2_unary_k16_tb8,Unary-FullMass,8,399,1288,2.225563909774436,3.225563909774436,0.017543859649122806,17.38566062577656,57.51866561327941,,14.140381764289094,0.7989713131999515,0.24824269427168055,38.7355669150374,2.034844857000718,0.16412500256758863
26,dflash2_unary_k16_tb8,Unary-FullMass,8,286,867,2.027972027972028,3.027972027972028,0.02097902097902098,18.195690211079043,54.958069103150436,False,13.868883671478159,0.7458033951797598,0.23101634599640478,38.178108479311504,1.977050307699743,0.1588000835705457
27,dflash2_unary_k16_tb8,Unary-FullMass,8,269,790,1.936802973977695,2.933085501858736,0.0037174721189591076,19.16990941266059,52.16508740200719,,13.95096649852024,0.7748516175534998,0.24079647232526497,39.16946722297985,2.0009936283054315,0.16117153430035594
28,dflash2_unary_k16_tb8,Unary-FullMass,8,39,95,1.4102564102564104,2.41025641025641,0.0,22.87704343156963,43.711942191796965,False,13.560277590071424,0.7585641282135979,0.2306530012178999,39.04422205176581,1.96955402591415,0.1628606386918527
29,dflash2_unary_k16_tb8,Unary-FullMass,8,29,83,1.8620689655172413,2.8275862068965516,0.0,19.65205540962262,50.885262592448754,,13.571325896793558,0.8067087576913262,0.2409556207190878,39.46535803497054,2.0027947592035193,0.1583948271280829
30,dflash2_unary_k16_tb8,Unary-FullMass,8,164,432,1.6341463414634145,2.6280487804878048,0.0,21.40374228703742,46.720801745292086,False,13.911174335367921,0.7554353354995639,0.23652214626852627,39.31691229884497,1.9910752014810695,0.16947012156334695
31,dflash2_unary_k16_tb8,Unary-FullMass,8,282,939,2.3297872340425534,3.326241134751773,0.05319148936170213,16.828806580402194,59.42192010005863,,13.888946539130606,0.7404105924658151,0.2325587088920437,39.03348096105058,1.9820467303180902,0.15890178373740488
32,dflash2_unary_k16_tb8,Unary-FullMass,8,258,881,2.4147286821705425,3.4108527131782944,0.03875968992248062,16.41818870034198,60.90805863250742,False,13.863826620121994,0.7380617521836353,0.2324973525097702,39.09523515489296,1.975515747889326,0.15852323674837585
33,dflash2_unary_k16_tb8,Unary-FullMass,8,245,883,2.6,3.6,0.07346938775510205,15.732273253680644,63.56360481890594,,14.018789387981608,0.7794429101430032,0.24153481220365597,39.489916579831124,2.009914400250822,0.16079898305920806
34,dflash2_unary_k16_tb8,Unary-FullMass,8,58,137,1.3448275862068966,2.3448275862068964,0.0,23.961312591255876,41.73394075101407,False,13.83454613773963,0.8108661890658149,0.24352308562434888,39.543107482664894,2.0036734131281264,0.16255653664020114
35,dflash2_unary_k16_tb8,Unary-FullMass,8,113,292,1.575221238938053,2.575221238938053,0.0,21.72250332876825,46.035209886498095,,14.013586849807679,0.7936351416700528,0.24713966365753204,38.90009631836257,2.01511304437665,0.1629154600045413
36,dflash2_unary_k16_tb8,Unary-FullMass,8,24,51,1.0833333333333333,2.0833333333333335,0.0,26.888183039166808,37.19105893259299,True,13.701984832853972,0.8713291660266501,0.25926354283001274,40.09605416589087,2.0460664166724505,0.16269083395551812
37,dflash2_unary_k16_tb8,Unary-FullMass,8,38,80,1.105263157894737,2.0789473684210527,0.0,27.28777978754806,36.646440560045825,,13.994625500153665,0.8396103684821068,0.2599287637215304,40.1326996047589,2.0561934997156066,0.16489971063779912
38,dflash2_unary_k16_tb8,Unary-FullMass,8,147,352,1.3877551020408163,2.3877551020408165,0.0,23.365309059644545,42.798492305293436,False,14.008127517064125,0.7428154900221021,0.2349498161022887,38.812867741256504,1.9914482312445643,0.15937480291503728
39,dflash2_unary_k16_tb8,Unary-FullMass,8,205,600,1.9268292682926829,2.921951219512195,0.014634146341463415,19.55635579834052,51.13427114497765,,14.176465214582205,0.8209406242779705,0.25308756090320145,39.77143116587796,2.051455736488229,0.16473422959878495
40,dflash2_unary_k16_tb8,Unary-FullMass,8,31,106,2.4193548387096775,3.3870967741935485,0.06451612903225806,16.800037169851525,59.52367782819839,True,13.906616387342389,0.8692262577354878,0.25925864493699685,40.16767612929764,2.0741708391259666,0.16834012879576954
41,dflash2_unary_k16_tb8,Unary-FullMass,8,47,173,2.6808510638297873,3.6595744680851063,0.06382978723404255,15.536122971111398,64.3661228647229,,13.98691544686989,0.811777553339043,0.2543919997170885,39.90968393624458,2.059101935957826,0.16428389387735304
42,dflash2_unary_k16_tb8,Unary-FullMass,8,42,129,2.0714285714285716,3.0476190476190474,0.023809523809523808,18.56886424807166,53.85358989329938,True,13.904115571979977,0.8221070241970232,0.2532886194655605,39.849411071329435,2.0398816911135023,0.16413621242030613
43,dflash2_unary_k16_tb8,Unary-FullMass,8,91,352,2.868131868131868,3.857142857142857,0.10989010989010989,14.841620789783601,67.3780858683818,,14.142652506112366,0.8134271650175963,0.25711206583034985,39.98082889014328,2.0512805823562923,0.1640451422305317
44,dflash2_unary_k16_tb8,Unary-FullMass,8,249,769,2.0843373493975905,3.0843373493975905,0.008032128514056224,18.819351507155442,53.13679377420538,False,14.425911972017296,0.8501481083310565,0.2660770885586499,40.30628733750223,2.102213867209023,0.17017009627143198
45,dflash2_unary_k16_tb8,Unary-FullMass,8,170,572,2.364705882352941,3.3588235294117648,0.041176470588235294,16.822892076923928,59.442811344650224,,13.98891108273186,0.793846670550171,0.24256490000612652,39.406404123206705,2.0111118940215365,0.16124525889822774
46,dflash2_unary_k16_tb8,Unary-FullMass,8,64,241,2.765625,3.75,0.03125,14.67403889214306,68.14756369055497,False,13.770580640652952,0.7574005782089444,0.23188146883512673,38.35817053152368,1.9802156405148708,0.15867884349063388
47,dflash2_unary_k16_tb8,Unary-FullMass,8,43,205,3.744186046511628,4.744186046511628,0.16279069767441862,11.729341658526497,85.25627687493122,,13.63586437168293,0.7381234416158783,0.2316696284038318,39.174425348857426,1.98051925588854,0.15835237210795153
48,dflash2_unary_k16_tb8,Unary-FullMass,8,243,1049,3.316872427983539,4.31275720164609,0.17695473251028807,12.977892766448123,77.05411178811016,False,13.877621847489914,0.7356370656359212,0.2311766047307114,39.04017693428524,1.9806561069172586,0.15863889774787643
49,dflash2_unary_k16_tb8,Unary-FullMass,8,23,102,3.391304347826087,4.391304347826087,0.08695652173913043,12.541171509784524,79.73736737591123,,13.351897695152413,0.7611437828492617,0.23233804392436033,39.13363552134757,1.9835823920363074,0.15477186895188186
50,dflash2_unary_k16_tb8,Unary-FullMass,8,63,311,3.9206349206349205,4.920634920634921,0.2222222222222222,11.360175408354818,88.02680980300286,True,13.763302666669164,0.7485017145333427,0.23439612726048967,39.19982474522724,1.9775319205585955,0.1560388892170134
51,dflash2_unary_k16_tb8,Unary-FullMass,8,83,388,3.674698795180723,4.662650602409639,0.21686746987951808,11.938860314443183,83.76008879090726,,13.756960482267854,0.7523873495499054,0.23167573475890446,38.9366030368003,1.97583983136139,0.1571094930201421
52,dflash2_unary_k16_tb8,Unary-FullMass,8,12,62,4.166666666666667,5.083333333333333,0.25,10.774086548354393,92.81529301922467,True,12.94518424947455,0.7627794172246164,0.23429458330307776,39.57908925015848,1.9921545008401154,0.15261183216352947
53,dflash2_unary_k16_tb8,Unary-FullMass,8,73,383,4.2465753424657535,5.232876712328767,0.4246575342465753,10.648703524799089,93.90814550063898,,13.736531589031124,0.7307999585962485,0.23059856155743721,39.03310217769826,1.9795238627447773,0.15866919281120628
54,dflash2_unary_k16_tb8,Unary-FullMass,8,74,250,2.3783783783783785,3.364864864864865,0.02702702702702703,16.567777584015857,60.358125580148595,True,13.764454337187754,0.7373206754965469,0.2308826213364326,39.10739876930067,1.976479703149085,0.1556854611506522
55,dflash2_unary_k16_tb8,Unary-FullMass,8,42,161,2.8095238095238093,3.8095238095238093,0.023809523809523808,14.565326509299842,68.65620206738986,,13.60214854693844,0.7554805481396172,0.23077902386874138,39.112789761150324,1.9760647380843737,0.15648900080122985
56,dflash2_unary_k16_tb8,Unary-FullMass,8,192,776,3.0416666666666665,4.036458333333333,0.078125,14.030700627577954,71.2722783090715,False,14.033597161414946,0.7430154322491944,0.23391379712241664,39.54033476039361,1.9974528438145474,0.15910104146617718
57,dflash2_unary_k16_tb8,Unary-FullMass,8,114,604,4.2894736842105265,5.2894736842105265,0.2894736842105263,10.664745178805095,93.76689111966597,,13.956407105484814,0.7583474469260851,0.23243849998260357,39.39822657022823,2.0009449562757364,0.15807478950847054
58,dflash2_unary_k16_tb8,Unary-FullMass,8,85,274,2.223529411764706,3.211764705882353,0.03529411764705882,17.586765503663788,56.860938970936616,False,13.95157117607168,0.7637076944400392,0.2343761530937627,39.58304158766302,1.99858610636404,0.16017314123660875
59,dflash2_unary_k16_tb8,Unary-FullMass,8,224,671,1.9955357142857142,2.9910714285714284,0.026785714285714284,18.902416746638682,52.90328815641126,,14.014924834944916,0.7467342634299712,0.2347697855579359,39.46927268303365,1.9976414242981784,0.15952145960389835
60,dflash2_unary_k16_tb8,Unary-FullMass,8,62,386,5.225806451612903,6.209677419354839,0.5,8.969338562173968,111.49094139642135,True,13.899008161270983,0.7542080163529458,0.2342086292863373,38.792829177010944,2.002584853823552,0.15852704933833242
61,dflash2_unary_k16_tb8,Unary-FullMass,8,105,629,4.9904761904761905,5.980952380952381,0.42857142857142855,9.442885756752746,105.89983038658339,,13.943443219094272,0.741717219006248,0.23391558109627417,39.483824266894125,2.0051549046738293,0.1593271044493165
62,dflash2_unary_k16_tb8,Unary-FullMass,8,18,74,3.111111111111111,4.055555555555555,0.16666666666666666,13.693319918938624,73.02830912589316,True,13.351833832631302,0.765279999743345,0.23177161064167093,39.78073516635858,2.0047934999133252,0.16034555745944898
63,dflash2_unary_k16_tb8,Unary-FullMass,8,16,75,3.625,4.625,0.1875,11.9658872000097,83.57090312527677,,13.266107187064335,0.7607691245539172,0.23523137633674196,39.665037436861894,2.002059063215711,0.16089206201286982
64,dflash2_unary_k16_tb8,Unary-FullMass,8,56,312,4.571428571428571,5.553571428571429,0.35714285714285715,10.157493445522285,98.44948513757878,True,13.85931087510731,0.7416273577161648,0.23292580421444395,39.59469587542636,2.0058662850195623,0.1573229989974556
65,dflash2_unary_k16_tb8,Unary-FullMass,8,69,354,4.130434782608695,5.115942028985507,0.2463768115942029,10.871640692099485,91.98243653570235,,13.906716464101708,0.739343739173753,0.23584933301933325,38.732685145447064,2.0016162024399238,0.16003266658948406
66,dflash2_unary_k16_tb8,Unary-FullMass,8,101,483,3.782178217821782,4.772277227722772,0.13861386138613863,11.87345512837025,84.22148306356215,True,13.994397901475203,0.7484559800924208,0.23615594077590243,39.64228439663472,1.9998328215938228,0.15985144460447004
67,dflash2_unary_k16_tb8,Unary-FullMass,8,170,924,4.429411764705883,5.429411764705883,0.3764705882352941,10.492941501078038,95.30216097147408,,14.095688464551452,0.7405233881881406,0.23493548219181215,39.77388268810019,2.026881005739971,0.1603121888525921
68,dflash2_unary_k16_tb8,Unary-FullMass,8,70,382,4.457142857142857,5.442857142857143,0.2714285714285714,10.393467159696923,96.21428389919119,False,14.041079428924215,0.759681714407634,0.233122400303338,39.53394994210352,1.9921827716253964,0.15861881412482554
69,dflash2_unary_k16_tb8,Unary-FullMass,8,18,91,4.055555555555555,5.0,0.16666666666666666,11.041732351689031,90.56549897689125,,13.26521950007494,0.7615583340844346,0.2308134422087783,39.41840033278115,1.990141889109509,0.15595783528018123
70,dflash2_unary_k16_tb8,Unary-FullMass,8,43,234,4.441860465116279,5.4186046511627906,0.2558139534883721,10.406044547015236,96.09799338085956,False,13.806528418404755,0.7580546039524813,0.2333645348106836,39.6759561164884,1.9973601161456278,0.15697862883910624
71,dflash2_unary_k16_tb8,Unary-FullMass,8,38,219,4.7631578947368425,5.7368421052631575,0.3684210526315789,9.812710141525477,101.90864558081614,,13.744266973892655,0.7431364205043983,0.23734563135229492,39.66651597473078,1.9995530008025908,0.16137991961410367
72,dflash2_unary_k16_tb8,Unary-FullMass,8,66,338,4.121212121212121,5.106060606060606,0.19696969696969696,11.077004547345249,90.27711379243438,False,13.889253439353496,0.7447596664970854,0.23385048464688502,39.703798045317825,1.9975905302227617,0.1584377885482161
73,dflash2_unary_k16_tb8,Unary-FullMass,8,42,259,5.166666666666667,6.142857142857143,0.5476190476190477,9.042428513503639,110.58976009670808,,13.752825619165032,0.7959676662548667,0.24516838121122592,38.790596690974084,2.0148417385089923,0.16224240382490235
74,dflash2_unary_k16_tb8,Unary-FullMass,8,53,282,4.320754716981132,5.30188679245283,0.24528301886792453,10.62875277658343,94.08441620762261,False,13.808117226427333,0.7890109992794745,0.23938577379460252,39.55710233976616,1.9987970567253452,0.16057307563967305
75,dflash2_unary_k16_tb8,Unary-FullMass,8,42,270,5.428571428571429,6.404761904761905,0.5476190476190477,8.707348644465027,114.8455219644463,,13.617968190547323,0.7522528330376926,0.23146771456508541,39.23705376222469,1.9808867863113326,0.15618342773190566
76,dflash2_unary_k16_tb8,Unary-FullMass,8,34,166,3.8823529411764706,4.852941176470588,0.29411764705882354,11.483705656629978,87.0799052066144,True,13.56815688268398,0.7540284114999368,0.2319660889043007,39.382974823692,1.9725037649657358,0.15787411650629057
77,dflash2_unary_k16_tb8,Unary-FullMass,8,77,399,4.181818181818182,5.1688311688311686,0.36363636363636365,10.900387764409595,91.7398556467008,,13.837245818909391,0.7589086885495995,0.24086940245908478,39.485245545065126,2.001608286204887,0.1599497652980015
78,dflash2_unary_k16_tb8,Unary-FullMass,8,37,212,4.72972972972973,5.702702702702703,0.35135135135135137,9.897342580205866,101.03722205190152,False,13.766454946685494,0.7992597568994136,0.24292048663089708,39.71920821562447,2.02044948693239,0.16080513435283778
79,dflash2_unary_k16_tb8,Unary-FullMass,8,139,772,4.553956834532374,5.546762589928058,0.37410071942446044,10.247348018141084,97.58622408741073,,14.035384373914404,0.7750607120156248,0.24362630226520365,39.68607174795206,2.0116834681738243,0.16150195686532912
80,dflash2_unary_k16_tb8,Unary-FullMass,8,157,560,2.56687898089172,3.5605095541401273,0.03184713375796178,15.713321698214193,63.64026774260272,False,14.016579720284344,0.7455759364955875,0.2320987325544309,38.89769624197036,1.9970827260567023,0.15848352798856913
81,dflash2_unary_k16_tb8,Unary-FullMass,8,175,697,2.9828571428571427,3.9771428571428573,0.14285714285714285,14.335304691542776,69.75784760193885,,14.08868517710029,0.7479808457927513,0.23517155441887944,39.8442220454204,2.0188738452270627,0.1605372177852717
82,dflash2_unary_k16_tb8,Unary-FullMass,8,83,374,3.5060240963855422,4.493975903614458,0.10843373493975904,12.646442395712768,79.07362155375863,False,13.980208205235197,0.7626951688967915,0.2347495415106315,39.83232378310956,2.0148797471431106,0.1603177227381426
83,dflash2_unary_k16_tb8,Unary-FullMass,8,106,543,4.122641509433962,5.113207547169812,0.3018867924528302,11.06112115653802,90.4067486331545,,13.935174678717543,0.7631125941461848,0.23930753706976385,39.55258106608834,2.013380405257504,0.15860209608052964
84,dflash2_unary_k16_tb8,Unary-FullMass,8,128,499,2.8984375,3.890625,0.109375,14.278065082158676,70.03750117721215,False,13.901901367148639,0.7484056175712794,0.2365058438158485,38.62679657015633,1.9895451640081774,0.15898978102768524
85,dflash2_unary_k16_tb8,Unary-FullMass,8,70,310,3.4285714285714284,4.414285714285715,0.22857142857142856,12.639738848402857,79.11555863564055,,13.72543351493992,0.7510318287781307,0.23296218569157645,39.12425747080955,1.9830761858819252,0.1592251425401108
86,dflash2_unary_k16_tb8,Unary-FullMass,8,81,319,2.9382716049382718,3.925925925925926,0.1111111111111111,14.202121971786346,70.41201321792477,False,13.937726951284006,0.80563235840398,0.24266290136348503,38.762014728423246,2.0210764817836018,0.16270027009778898
87,dflash2_unary_k16_tb8,Unary-FullMass,8,152,699,3.598684210526316,4.592105263157895,0.24342105263157895,12.196756111586101,81.98901337791506,,13.82343412521885,0.7423259279388922,0.2310735592944088,39.16038334835704,1.974565368503758,0.15724742067839925
88,dflash2_unary_k16_tb8,Unary-FullMass,8,199,760,2.819095477386935,3.814070351758794,0.11557788944723618,14.747650963162366,67.80740895603405,False,13.903239603093228,0.7488179493630562,0.23251895512127782,39.293289743356546,1.986409517750378,0.15841132680997813
89,dflash2_unary_k16_tb8,Unary-FullMass,8,185,756,3.0864864864864865,4.081081081081081,0.11351351351351352,13.900713748678937,71.93875207271537,,14.026809627358563,0.7472737622289994,0.23505520008699465,39.63558729187384,2.000476745809932,0.15987625913505718
90,dflash2_unary_k16_tb8,Unary-FullMass,8,228,930,3.0789473684210527,4.074561403508772,0.10964912280701754,13.953040573116635,71.66896668577765,False,14.079405438870277,0.7511925481307308,0.23396714433992952,39.68959071978149,1.9993327760746245,0.16022949998921576
91,dflash2_unary_k16_tb8,Unary-FullMass,8,179,627,2.5027932960893855,3.4972067039106145,0.0335195530726257,15.981634885168424,62.571821167560195,,13.854902883018978,0.741002899222271,0.23430738554696431,39.00097658094012,1.9888437263080303,0.16033006127984553
92,dflash2_unary_k16_tb8,Unary-FullMass,8,116,430,2.706896551724138,3.6982758620689653,0.06896551724137931,15.295011046505667,65.38079619291692,False,13.991507422831312,0.7627438012448317,0.23345229306743995,39.552802319027755,1.9971931726794192,0.1593246980237068
93,dflash2_unary_k16_tb8,Unary-FullMass,8,119,444,2.73109243697479,3.722689075630252,0.04201680672268908,14.992991231993729,66.6978313084108,,13.811692638587335,0.7542001092420038,0.23314941203918213,39.00162712615835,1.980764269334765,0.15880263795950958
94,dflash2_unary_k16_tb8,Unary-FullMass,8,181,744,3.110497237569061,4.104972375690608,0.07734806629834254,13.825916756720671,72.32793438553777,False,14.073604005691209,0.7441818008816142,0.23326577928408632,39.61925203362846,2.000825900868423,0.1602631150063086
95,dflash2_unary_k16_tb8,Unary-FullMass,8,269,1155,3.2936802973977697,4.289962825278811,0.1449814126394052,13.211906628573093,75.68930269589724,,14.073101632066805,0.7471713010746671,0.23546733471069858,39.51208788462738,2.0007610259753768,0.15911400370835585
96,dflash2_unary_k16_tb8,Unary-FullMass,8,168,651,2.869047619047619,3.869047619047619,0.08333333333333333,14.566801932411746,68.64924810812165,False,13.96721548817801,0.7479963216090775,0.2329245352527886,39.343809321291616,1.9968205774386574,0.15759124432536606
97,dflash2_unary_k16_tb8,Unary-FullMass,8,224,947,3.2276785714285716,4.223214285714286,0.12053571428571429,13.263703636743827,75.39372315510323,,13.888671312445565,0.7511299778083672,0.23186785269250063,39.05932468770906,1.9853940940005745,0.15828771818503032
98,dflash2_unary_k16_tb8,Unary-FullMass,8,168,687,3.0892857142857144,4.083333333333333,0.13690476190476192,13.781199339156858,72.56262502195115,False,13.939485101131833,0.7489999402640111,0.23416067887453773,39.2881382084462,1.9858630178402694,0.1586146367810129
99,dflash2_unary_k16_tb8,Unary-FullMass,8,153,654,3.2745098039215685,4.26797385620915,0.16993464052287582,13.151129623842536,76.03909539352689,,13.917466653866642,0.748231228736984,0.232802725804504,39.16615318327007,1.9910999409130812,0.15887877716701113
100,dflash2_unary_k16_tb8,Unary-FullMass,8,4,14,2.5,3.25,0.0,15.11781564269248,66.1471222850486,True,10.525881252760882,0.784938501965371,0.23170550048234873,39.240741749381414,1.979394501177012,0.1496932436566567
101,dflash2_unary_k16_tb8,Unary-FullMass,8,34,218,5.411764705882353,6.382352941176471,0.5588235294117647,8.609471036717476,116.15115443622759,,13.599302587809849,0.7461673530462363,0.23442808742402121,38.47429599965621,1.9918041768559145,0.15590432474923813
102,dflash2_unary_k16_tb8,Unary-FullMass,8,3,16,4.0,5.0,0.0,9.70155481263646,103.07626141507555,True,9.331054000843627,0.775425331084989,0.23354233417194337,39.25509033433627,1.998723668900008,0.1477899980576088
103,dflash2_unary_k16_tb8,Unary-FullMass,8,7,30,3.2857142857142856,4.142857142857143,0.0,12.65909229987301,78.99460532490403,,11.988631712613694,0.7513478579182576,0.23467757169523143,39.14138628585663,1.987072142323346,0.1501371433343073
104,dflash2_unary_k16_tb8,Unary-FullMass,8,14,80,4.714285714285714,5.642857142857143,0.2857142857142857,9.699556449959346,103.09749782467541,True,13.032615856250882,0.755921214087201,0.23156678538985684,39.25938735795041,1.9910236437031668,0.1555219995290307
105,dflash2_unary_k16_tb8,Unary-FullMass,8,27,173,5.37037037037037,6.37037037037037,0.6296296296296297,8.716013757199066,114.73134713377907,,13.469916221327837,0.7554217782281166,0.22986062847646987,39.24597774015705,1.9919288892264444,0.15394585352623835
106,dflash2_unary_k16_tb8,Unary-FullMass,8,34,165,3.823529411764706,4.823529411764706,0.29411764705882354,11.675806412125839,85.64718912789236,False,13.699306882164606,0.7613636763006284,0.2351638521598515,39.798020353319934,2.011547059630496,0.1565998823292937
107,dflash2_unary_k16_tb8,Unary-FullMass,8,92,575,5.239130434782608,6.239130434782608,0.532608695652174,9.030288257383054,110.73843619359683,,13.87929568480341,0.7324381411150249,0.23382964117563856,39.427303869319,2.008332727516814,0.15810154471419874
108,dflash2_unary_k16_tb8,Unary-FullMass,8,17,103,5.0,6.0,0.47058823529411764,9.113049009719917,109.73275782160357,True,13.092602116932326,0.7509524713147103,0.23074182365021176,39.00512123500983,1.9778284708188627,0.15710964704767855
109,dflash2_unary_k16_tb8,Unary-FullMass,8,14,60,3.2857142857142856,4.214285714285714,0.07142857142857142,12.862249099998735,77.74690042351133,,12.934459072442094,0.7459328563917162,0.23351421415489831,39.07081085760313,1.9811944278314644,0.15801328585699334
110,dflash2_unary_k16_tb8,Unary-FullMass,8,5,15,2.0,2.8,0.0,17.841422666970175,56.04934195361562,True,11.18771039909916,0.788046199886594,0.23287939984584227,39.16172099998221,1.9991932014818303,0.1547178006148897
111,dflash2_unary_k16_tb8,Unary-FullMass,8,5,18,2.4,3.4,0.0,14.858904277692394,67.29971344531073,,11.199130599561613,0.7803961998433806,0.2295155980391428,39.14467220020015,1.9861484004650265,0.1521924015833065
112,dflash2_unary_k16_tb8,Unary-FullMass,8,15,73,3.8666666666666667,4.8,0.13333333333333333,11.525565493123906,86.76363867756379,True,13.192874734522775,0.8161569329483124,0.24633726716274396,39.65588926754814,2.020350267412141,0.15947693027555943
113,dflash2_unary_k16_tb8,Unary-FullMass,8,8,33,3.125,4.0,0.125,13.370960939386295,74.78894034117927,,12.357282001175918,0.8013677479539183,0.23735187551210402,39.57016574895533,2.035414124293311,0.15363237707788358
114,dflash2_unary_k16_tb8,Unary-FullMass,8,14,41,1.9285714285714286,2.857142857142857,0.0,18.93688017067999,52.807008915243706,True,13.015791072185882,0.7846108575384798,0.23492849920460554,39.27946899992613,1.9888434981112368,0.154363287167923
115,dflash2_unary_k16_tb8,Unary-FullMass,8,8,31,2.875,3.75,0.125,14.077378290230332,71.03595423687646,,12.234348999299982,0.7647546262887772,0.2343331252632197,39.17349625044153,1.989400749152992,0.1535071241960395
116,dflash2_unary_k16_tb8,Unary-FullMass,8,16,55,2.4375,3.375,0.0,16.525527345418762,60.51244109176473,True,13.476247124799556,0.8530881873412,0.25710168802106637,39.99724106233771,2.059813063169713,0.16300912420774694
117,dflash2_unary_k16_tb8,Unary-FullMass,8,14,55,2.9285714285714284,3.857142857142857,0.0,14.311183800005397,69.87542148676917,,13.19346785749076,0.8332795717121501,0.2489667151946508,39.753942928135594,2.0336613576676297,0.15918935553470095
118,dflash2_unary_k16_tb8,Unary-FullMass,8,11,75,5.818181818181818,6.7272727272727275,0.45454545454545453,8.065007133409381,123.9924507763284,True,12.714252817783166,0.7503131815941412,0.23211645351363008,39.15993245358219,1.9789059085517444,0.15316418549363417
119,dflash2_unary_k16_tb8,Unary-FullMass,8,20,123,5.15,6.1,0.55,9.030397170697947,110.73710060558847,,13.24602324893931,0.7429780009260867,0.22792405034124386,39.182004551184946,1.9843028010654962,0.15370994733530097
120,dflash2_unary_k16_tb8,Unary-FullMass,8,183,633,2.459016393442623,3.453551912568306,0.03278688524590164,16.180264843604085,61.80368551849082,False,13.839367469928552,0.7389828143196048,0.23317296708243151,39.020453022019694,1.9769896717348945,0.15883539918469153
121,dflash2_unary_k16_tb8,Unary-FullMass,8,295,1037,2.5152542372881355,3.511864406779661,0.07796610169491526,15.995282070397934,62.51843484840288,,13.936835905029913,0.7605898136547293,0.23591518305908984,39.13942632875583,1.9951340883735458,0.1595817557121706
122,dflash2_unary_k16_tb8,Unary-FullMass,8,225,834,2.7022222222222223,3.7022222222222223,0.08,15.09334517865357,66.25436496438803,False,14.037222239939082,0.7451594264259458,0.23458243551431224,38.77071291120956,1.9993043109813395,0.15901813813899127
123,dflash2_unary_k16_tb8,Unary-FullMass,8,406,1469,2.6182266009852215,3.6157635467980294,0.07389162561576355,15.640481292715142,63.93665139101374,,14.053856610951186,0.7466330962012444,0.23461193096261412,39.399600869307456,1.9967593300687332,0.15934362802241603
124,dflash2_unary_k16_tb8,Unary-FullMass,8,173,551,2.184971098265896,3.179190751445087,0.04046242774566474,17.803914323048758,56.167423739251014,False,14.027708236841724,0.7531745663377715,0.23512348518040666,39.53743750290714,1.9919893408185436,0.1595194228269386
125,dflash2_unary_k16_tb8,Unary-FullMass,8,505,2048,3.0554455445544555,4.0534653465346535,0.1405940594059406,13.96194465478473,71.623260564731,,14.051830511001898,0.7412239328248076,0.23374660999576405,39.437607101206254,1.9984037228076175,0.15909436572628963
126,dflash2_unary_k16_tb8,Unary-FullMass,8,198,589,1.9747474747474747,2.9696969696969697,0.025252525252525252,18.70501553480415,53.4615968716687,False,13.995908131398734,0.7467511716484553,0.2340226969725777,38.50644500525592,2.000814414107784,0.1587563078874614
127,dflash2_unary_k16_tb8,Unary-FullMass,8,102,551,4.401960784313726,5.392156862745098,0.35294117647058826,10.385062998192307,96.29214576493823,,13.861961647147409,0.7423488630093725,0.23166861808253908,39.11711354956816,1.9881799705092584,0.15843041054562063
128,dflash2_unary_k16_tb8,Unary-FullMass,8,150,572,2.8133333333333335,3.8066666666666666,0.11333333333333333,14.880074618882976,67.20396406688641,True,14.015179059982378,0.7548499002101986,0.23644514697177024,39.57948151316183,1.9965017534559593,0.16022717289160937
129,dflash2_unary_k16_tb8,Unary-FullMass,8,147,646,3.3945578231292517,4.387755102040816,0.19047619047619047,12.900025383906291,77.5192273069146,,14.016395156815424,0.7639068500954519,0.2392050067218635,39.500539768738655,2.0085043402259606,0.1613563468139682
130,dflash2_unary_k16_tb8,Unary-FullMass,8,240,902,2.7583333333333333,3.754166666666667,0.11666666666666667,15.032712349224747,66.52159482394214,False,13.99798690387494,0.7426757749271928,0.2337902958970517,39.36716342523141,1.9974719416495645,0.15885557092284822
131,dflash2_unary_k16_tb8,Unary-FullMass,8,107,375,2.5046728971962615,3.4953271028037385,0.09345794392523364,16.086722778660867,62.163065389956614,,13.9175129999411,0.755684981277652,0.231994046635434,39.32750571960318,1.9884203734321337,0.1575832061929776
132,dflash2_unary_k16_tb8,Unary-FullMass,8,312,886,1.8397435897435896,2.8365384615384617,0.009615384615384616,19.712088323931045,50.73029217234031,False,13.865383503285463,0.7454436152515999,0.23082201616302767,38.99856780730587,1.978437134522,0.15862238181468385
133,dflash2_unary_k16_tb8,Unary-FullMass,8,466,1653,2.5472103004291844,3.5450643776824036,0.07510729613733906,15.821151313369773,63.2065252517333,,13.937897954840995,0.7513545946096412,0.23604167813671026,39.04796072131444,1.9884741586207586,0.15922179591143504
134,dflash2_unary_k16_tb8,Unary-FullMass,8,279,835,1.992831541218638,2.989247311827957,0.03225806451612903,18.726749738919185,53.3995495182879,False,13.894349469912386,0.7521274086665012,0.23345736170535586,39.02779062729522,1.9792226988600656,0.15905971670570018
135,dflash2_unary_k16_tb8,Unary-FullMass,8,271,1129,3.1660516605166054,4.162361623616236,0.14760147601476015,13.455518039859935,74.31895204908881,,13.90547350929007,0.7466432622947895,0.23446023244366937,39.025670834020126,1.9856068895319117,0.1585285454890536
136,dflash2_unary_k16_tb8,Unary-FullMass,8,317,977,2.082018927444795,3.078864353312303,0.03785488958990536,18.276477726714965,54.71513794686418,False,13.96295613243758,0.762176384912673,0.23620514837585754,39.215218690951126,1.9922881007860327,0.15960582329547152
137,dflash2_unary_k16_tb8,Unary-FullMass,8,243,847,2.48559670781893,3.4814814814814814,0.00823045267489712,15.804173357732793,63.27442615090728,,13.871438852190366,0.7547780659041126,0.23175885180086128,38.08906838282753,1.9819682922179298,0.15796218057226524
138,dflash2_unary_k16_tb8,Unary-FullMass,8,105,281,1.6666666666666667,2.6666666666666665,0.02857142857142857,21.000332480417256,47.6182937071352,False,13.875346590967162,0.7637499903683507,0.23273152342188128,39.1859846473034,1.9855791142964292,0.15749791456896456
139,dflash2_unary_k16_tb8,Unary-FullMass,8,187,570,2.0481283422459895,3.0427807486631018,0.0053475935828877,18.351383584210947,54.49180414169829,,13.842876802212908,0.7480828397014592,0.2306417325812885,38.979825556102675,1.9788600535992344,0.157085438263615
140,dflash2_unary_k16_tb8,Unary-FullMass,8,327,1105,2.379204892966361,3.376146788990826,0.03363914373088685,16.574715025338705,60.33286234310776,False,13.885304972308507,0.7491234981612266,0.23191678604760438,39.00660507940165,1.9783719387113698,0.1580358385172493
141,dflash2_unary_k16_tb8,Unary-FullMass,8,168,516,2.0714285714285716,3.0654761904761907,0.017857142857142856,18.24452387404034,54.81096721975157,,13.878678535591115,0.7479776129565878,0.23192124371278278,39.04049195266236,1.980202475828091,0.1574800780872465
142,dflash2_unary_k16_tb8,Unary-FullMass,8,291,915,2.1443298969072164,3.140893470790378,0.03436426116838488,18.06175323934619,55.36561078808087,False,14.079690192456244,0.7541146322345134,0.23643601041877663,39.560860635708146,2.0011999827163147,0.15980924750298992
143,dflash2_unary_k16_tb8,Unary-FullMass,8,161,416,1.5838509316770186,2.577639751552795,0.0,21.927993069714198,45.603808648642264,,14.0425327268949,0.7552934594680873,0.23376952165517934,39.469907018733835,1.9991012237335537,0.15806137250269248
144,dflash2_unary_k16_tb8,Unary-FullMass,8,440,1216,1.7613636363636365,2.7613636363636362,0.015909090909090907,20.623134254109527,48.48923484075812,False,14.148180725285123,0.760566743007406,0.2347276499428765,39.68735921577966,2.004612161346648,0.15939726145006716
145,dflash2_unary_k16_tb8,Unary-FullMass,8,313,993,2.1725239616613417,3.169329073482428,0.025559105431309903,17.653296375628134,56.646644270958056,,13.901737392987883,0.7605436804528444,0.23357515008904384,38.97184731941146,1.979271376916667,0.1585308341316867
146,dflash2_unary_k16_tb8,Unary-FullMass,8,396,1280,2.2323232323232323,3.2297979797979797,0.030303030303030304,17.539386884379837,57.01453571849631,False,14.081610239887283,0.760737570365591,0.23560753786546,39.447330283027526,2.0066392072946813,0.16104286864580414
147,dflash2_unary_k16_tb8,Unary-FullMass,8,279,1028,2.684587813620072,3.6810035842293907,0.08602150537634409,15.415604973733036,64.86933219318479,,14.097314777943234,0.7615115659240063,0.23483358770354373,39.535746372978316,2.0113525448277705,0.1593913764208405
148,dflash2_unary_k16_tb8,Unary-FullMass,8,199,546,1.7386934673366834,2.7386934673366836,0.02512562814070352,20.840116485341085,47.98437670458315,False,14.193705517325396,0.7708882961256065,0.2376090504267679,39.79034099490066,2.025407904612214,0.16146331699243302
149,dflash2_unary_k16_tb8,Unary-FullMass,8,326,1081,2.315950920245399,3.312883435582822,0.04294478527607362,17.082086385757965,58.5408583833027,,14.083749901721514,0.7640616992378516,0.2338172791072559,39.3932598959576,2.0099335520925,0.15853774244879212
150,dflash2_unary_k16_tb8,Unary-FullMass,8,194,560,1.8865979381443299,2.881443298969072,0.015463917525773196,19.715034769641147,50.72271044329495,False,14.092905990071007,0.7628380154744366,0.23579133480826883,39.650152608186374,2.0059879432890213,0.1617028246607905
151,dflash2_unary_k16_tb8,Unary-FullMass,8,352,1026,1.9147727272727273,2.9119318181818183,0.014204545454545454,19.257676673485857,51.92734393431836,,14.162933136421172,0.766438448656779,0.23564898031674436,38.788900457265385,2.0179880910043058,0.1598416448483807
152,dflash2_unary_k16_tb8,Unary-FullMass,8,129,362,1.806201550387597,2.798449612403101,0.007751937984496124,20.01282460497546,49.96795903319846,False,13.895536340692336,0.7654594959914071,0.2319127671617307,39.1288797211244,1.9796618214531354,0.15856928769417156
153,dflash2_unary_k16_tb8,Unary-FullMass,8,313,1094,2.4952076677316293,3.4920127795527156,0.051118210862619806,16.191509042045183,61.76076593004749,,14.069386833947496,0.7612952012366008,0.23468020751465338,39.36585929396227,2.0005070416464323,0.16095797759488212
154,dflash2_unary_k16_tb8,Unary-FullMass,8,277,776,1.8014440433212997,2.7978339350180503,0.007220216606498195,20.37324939819601,49.08397185225382,False,14.158400989317046,0.7702353754415369,0.23524917314683896,39.73815531383936,2.0116577005034415,0.16081961742724168
155,dflash2_unary_k16_tb8,Unary-FullMass,8,303,848,1.7986798679867986,2.7953795379537953,0.0,19.962953384432662,50.09278841375301,,13.887253339736063,0.7551884258580133,0.232022442336643,38.86292831344636,1.9732694786893767,0.15925374250415644
156,dflash2_unary_k16_tb8,Unary-FullMass,8,398,1144,1.8743718592964824,2.871859296482412,0.017587939698492462,19.709656114510498,50.73655238783123,False,14.080908050195076,0.7638564198330541,0.23459056769272468,39.410735009908386,2.002081557585923,0.160709286744656
157,dflash2_unary_k16_tb8,Unary-FullMass,8,313,1121,2.5814696485623,3.5782747603833864,0.0926517571884984,15.692220940233339,63.7258424928301,,13.974217920487497,0.7594745590981206,0.23278231983509706,39.08590431292222,1.9905211466450852,0.15831275699145425
158,dflash2_unary_k16_tb8,Unary-FullMass,8,242,706,1.9173553719008265,2.9132231404958677,0.028925619834710745,19.31645300567423,51.76933879663357,False,13.980882669709313,0.7672687767379944,0.23358048782044105,39.22394852477827,1.9883533429440057,0.15892414018354947
159,dflash2_unary_k16_tb8,Unary-FullMass,8,98,258,1.6326530612244898,2.622448979591837,0.030612244897959183,22.039538732547783,45.37300041235479,,14.340036347100384,0.777834908037722,0.23945571332920476,40.44793308172042,2.0560745913974885,0.161124470632414
0,dflash2_unary_k16_tb16,Unary-FullMass,16,341,915,1.683284457478006,2.6803519061583576,0.0,21.147785227323688,47.286275572156114,False,14.052978319578866,1.027754671507907,0.23420790030366312,39.24532019400671,2.022106897454952,0.16315542770852812
1,dflash2_unary_k16_tb16,Unary-FullMass,16,141,407,1.8865248226950355,2.879432624113475,0.014184397163120567,19.622311405404197,50.962395782007064,,13.960726503689413,1.0468090424815306,0.24111017750754477,39.22346328367217,2.0057144325580745,0.1624655104423906
2,dflash2_unary_k16_tb16,Unary-FullMass,16,20,84,3.2,4.15,0.05,13.458708011880628,74.30133703155262,True,13.510189401131356,1.0577463490335504,0.24202004933613352,39.523021699278615,2.031669050484197,0.16192710063478444
3,dflash2_unary_k16_tb16,Unary-FullMass,16,92,338,2.6630434782608696,3.6630434782608696,0.07608695652173914,16.110152068037983,62.07266050479855,,14.598811641838477,1.15610170660543,0.2677829018901558,40.88213979388377,2.109195652377346,0.1732661185878501
4,dflash2_unary_k16_tb16,Unary-FullMass,16,77,217,1.8181818181818181,2.8051948051948052,0.0,20.075390576045642,49.81223135918561,False,13.918691013135355,1.0004961169014879,0.23202677941488029,39.273056584427756,1.9914070135791326,0.16042320685182976
5,dflash2_unary_k16_tb16,Unary-FullMass,16,15,44,1.9333333333333333,2.8666666666666667,0.0,18.787392408987877,53.227184392103325,,13.01274659927003,1.0063213330189076,0.22581199979564795,38.73147333409482,1.9760598671079304,0.15727126641043773
6,dflash2_unary_k16_tb16,Unary-FullMass,16,72,202,1.8055555555555556,2.7916666666666665,0.0,19.89046348020259,50.27534933991466,False,13.704030653267788,0.9939309445851703,0.23057572222266268,38.747093985875836,1.9678294033332753,0.16033961017253912
7,dflash2_unary_k16_tb16,Unary-FullMass,16,69,305,3.4057971014492754,4.405797101449275,0.2608695652173913,12.879268360657226,77.64416207482225,,13.986697159176085,1.0030116520837233,0.23707627522104513,39.5248962466713,2.016914347473505,0.1615035947432434
8,dflash2_unary_k16_tb16,Unary-FullMass,16,51,134,1.607843137254902,2.607843137254902,0.0,21.349388507451973,46.83974904718941,False,13.727018764007417,1.0042813726114201,0.23314415696350968,38.97124576449677,1.9970182746000515,0.16176343199856325
9,dflash2_unary_k16_tb16,Unary-FullMass,16,68,235,2.4558823529411766,3.4411764705882355,0.10294117647058823,16.12761465531026,62.005449743972825,,13.692886146814358,0.9918670147111269,0.23355757377216566,38.6824959260754,1.9737399414974361,0.1605922794517414
10,dflash2_unary_k16_tb16,Unary-FullMass,16,86,216,1.5,2.5,0.0,22.263934101829363,44.9156916934026,False,13.755282383837852,0.9972442090910654,0.2316055699423508,38.804288442279784,1.9695520461746763,0.16074555792011927
11,dflash2_unary_k16_tb16,Unary-FullMass,16,69,204,1.9420289855072463,2.9420289855072466,0.0,19.159222024480936,52.1941861064211,,13.905169666058088,1.0596884349597266,0.24292757913919058,39.254943419992756,2.0175313773612236,0.16439594269352223
12,dflash2_unary_k16_tb16,Unary-FullMass,16,263,751,1.855513307984791,2.8517110266159698,0.0076045627376425855,19.77667974700473,50.56460501927552,False,13.98245907579407,1.0411230610535718,0.2426943915089178,39.03651678286331,2.0063912964121884,0.1633875976932416
13,dflash2_unary_k16_tb16,Unary-FullMass,16,149,840,4.6375838926174495,5.630872483221476,0.28859060402684567,10.084732457142396,99.15979469457928,,14.088157879172249,1.0495488860526423,0.24999626797909894,39.25382669777969,2.0444860267601346,0.16750950399854989
14,dflash2_unary_k16_tb16,Unary-FullMass,16,52,128,1.4615384615384615,2.4423076923076925,0.0,23.37383975782359,42.78287223498588,False,14.097873864487225,1.132911077897566,0.2635964032938668,39.79399525059517,2.076427807528839,0.17080115391693723
15,dflash2_unary_k16_tb16,Unary-FullMass,16,5,10,0.8,1.8,0.0,27.486956599750556,36.380892019492435,,11.469233201933093,1.1387381979147904,0.25618999934522435,39.88443220005138,2.0612476000678726,0.164072000188753
16,dflash2_unary_k16_tb16,Unary-FullMass,16,74,245,2.310810810810811,3.2972972972972974,0.05405405405405406,17.095676763250484,58.49432074836827,False,13.909523054010336,1.04690985107162,0.2446553242751523,39.23089582393594,2.0037797437760525,0.16478764882776886
17,dflash2_unary_k16_tb16,Unary-FullMass,16,19,58,2.0526315789473686,3.0,0.10526315789473684,18.116761500001807,55.197503151978914,,13.164390315834776,0.980468947474085,0.23125936729085975,38.79837794719558,1.9724735263336792,0.15682815903442374
18,dflash2_unary_k16_tb16,Unary-FullMass,16,18,87,3.8333333333333335,4.777777777777778,0.1111111111111111,11.444688183871023,87.3767798592624,True,13.165654444795413,0.9976919443741079,0.23286705456687035,38.78656444471239,1.9768536104594305,0.15636138980173403
19,dflash2_unary_k16_tb16,Unary-FullMass,16,11,87,6.909090909090909,7.818181818181818,0.9090909090909091,7.198473678141747,138.91833806887593,,13.165783909657462,1.1028509999794716,0.26352154501099984,40.13091763640246,2.103560998379676,0.1667476376910186
20,dflash2_unary_k16_tb16,Unary-FullMass,16,100,266,1.66,2.65,0.01,21.202281071431145,47.16473650316062,False,13.884826870053075,1.0353999106155243,0.2402545102086151,39.073761860563536,2.001758509868523,0.16206598869757727
21,dflash2_unary_k16_tb16,Unary-FullMass,16,98,248,1.530612244897959,2.520408163265306,0.0,22.617706725800563,44.21314734173628,,14.101520000288158,1.1179414281546738,0.2586026122877897,39.525941847387,2.064097979330524,0.16854172437368625
22,dflash2_unary_k16_tb16,Unary-FullMass,16,62,171,1.7419354838709677,2.7419354838709675,0.0,20.839902391796453,47.984869660121156,False,14.112362467130879,1.1039922260791966,0.2579890808133754,39.775090403347875,2.0596116290459663,0.16874949998905045
23,dflash2_unary_k16_tb16,Unary-FullMass,16,95,249,1.6210526315789473,2.610526315789474,0.0,21.341278562245115,46.85754872105467,,13.789770537052965,1.001626568138722,0.2316487162668062,38.78001012612673,1.973909084795435,0.15964930445127384
24,dflash2_unary_k16_tb16,Unary-FullMass,16,350,1215,2.4714285714285715,3.4685714285714284,0.037142857142857144,16.16609856378409,61.857843811508,False,13.91763476873166,1.0175005714492207,0.23440314876747184,38.80422292275138,1.9842634056736383,0.161431625477115
25,dflash2_unary_k16_tb16,Unary-FullMass,16,330,1142,2.4606060606060605,3.4575757575757575,0.021212121212121213,16.412471410684194,60.92927597418508,,14.088865515077487,1.0585280212222696,0.24447120603960656,39.2130366668315,2.0269503303235537,0.16524629384300418
26,dflash2_unary_k16_tb16,Unary-FullMass,16,332,1083,2.2620481927710845,3.2590361445783134,0.030120481927710843,16.95768024469086,58.970329996231754,False,13.922403376487768,1.0101516924246918,0.23437996965349814,37.99679907519547,1.9910710842554817,0.1619649977668354
27,dflash2_unary_k16_tb16,Unary-FullMass,16,334,1284,2.844311377245509,3.841317365269461,0.09880239520958084,14.770693116826516,67.70162998382368,,14.074339281452518,1.069845032780975,0.249983343962527,39.19541388341838,2.0274393685098633,0.1661226886938379
28,dflash2_unary_k16_tb16,Unary-FullMass,16,73,226,2.095890410958904,3.0821917808219177,0.0136986301369863,18.09068842478348,55.27705615835173,True,13.764226753328455,1.0186484794583721,0.2304544106838676,38.85934767090039,1.9742592199217555,0.15985228763957035
29,dflash2_unary_k16_tb16,Unary-FullMass,16,38,111,1.9210526315789473,2.8947368421052633,0.0,19.328632801802627,51.736716727669325,,13.72319236811324,1.067832472855164,0.24218489507850455,39.24446376320128,2.018652526442709,0.16362768483783216
30,dflash2_unary_k16_tb16,Unary-FullMass,16,141,424,2.0,3.0,0.014184397163120567,18.65541425471541,53.603741323902064,False,13.848999517755946,0.999392177102549,0.23160604291499745,38.8795435319738,1.979750623915787,0.1592587729988633
31,dflash2_unary_k16_tb16,Unary-FullMass,16,273,900,2.293040293040293,3.293040293040293,0.018315018315018316,17.049294286666232,58.65345410701671,,13.940599809474083,1.018297585834418,0.23438281321752263,38.859705856975445,1.9921841463496253,0.16129446946614978
32,dflash2_unary_k16_tb16,Unary-FullMass,16,272,1088,2.9963235294117645,3.9963235294117645,0.12867647058823528,14.096812725182751,70.93802120344448,False,13.959077173159827,1.0146912500471552,0.23728883123861605,39.017175003530554,1.9965030334306528,0.16251560932419928
33,dflash2_unary_k16_tb16,Unary-FullMass,16,250,1009,3.036,4.032,0.108,14.095484514371318,70.94470565949196,,14.06477041990729,1.0538148562482093,0.2447297717735637,39.336073608050356,2.0267363160382956,0.16325052798492834
34,dflash2_unary_k16_tb16,Unary-FullMass,16,54,148,1.7222222222222223,2.7222222222222223,0.0,20.868407668908855,47.91932455344289,False,13.966309110670679,1.1226915555232186,0.2522955368880907,39.65686381478143,2.0312940186057755,0.16544105609581392
35,dflash2_unary_k16_tb16,Unary-FullMass,16,118,347,1.9322033898305084,2.9322033898305087,0.0,19.30499610087082,51.80006226237422,,13.970799288148617,1.0574994321667857,0.2420529065494844,39.32478356777426,2.010831000161026,0.16381047470977772
36,dflash2_unary_k16_tb16,Unary-FullMass,16,21,51,1.380952380952381,2.380952380952381,0.0,23.412406843157903,42.712396324696634,True,13.582790952308901,1.1318846663925797,0.25336357135702636,39.67915828633566,2.046517570090059,0.164987286899261
37,dflash2_unary_k16_tb16,Unary-FullMass,16,36,81,1.25,2.2222222222222223,0.0,25.39478171604936,39.37816875850544,,13.868501389273055,1.103471028626599,0.25274397234574686,39.70713088872597,2.0392594164554287,0.167152165684254
38,dflash2_unary_k16_tb16,Unary-FullMass,16,163,414,1.5337423312883436,2.5337423312883436,0.0,22.063148852658053,45.324446056099795,False,14.03573748469567,1.0107685335532568,0.2381136196581904,38.59630333715186,1.993895803672473,0.1628721721914591
39,dflash2_unary_k16_tb16,Unary-FullMass,16,230,665,1.891304347826087,2.8869565217391306,0.004347826086956522,19.703636243606784,50.75205346040982,,14.099799756513676,1.074643052118557,0.24779736511687667,39.3504008257878,2.0309476087593636,0.16562053082768968
40,dflash2_unary_k16_tb16,Unary-FullMass,16,30,106,2.533333333333333,3.5,0.03333333333333333,16.221715396208104,61.645761596443386,True,13.863664599436257,1.1461640994336146,0.25695716564465937,39.82063309983156,2.060681299675101,0.1686274692474473
41,dflash2_unary_k16_tb16,Unary-FullMass,16,58,232,2.9827586206896552,3.9827586206896552,0.08620689655172414,14.305396711216448,69.9036888096874,,14.00426827553772,1.084722414189259,0.2512480003070809,39.67254939674729,2.0425029136370947,0.16629584444734943
42,dflash2_unary_k16_tb16,Unary-FullMass,16,42,145,2.4523809523809526,3.4285714285714284,0.0,16.4794891172466,60.6814927869002,False,13.860839643408932,1.0600937384879217,0.24599457122219195,39.5350607375024,2.0276017153048,0.16388392742511512
43,dflash2_unary_k16_tb16,Unary-FullMass,16,86,377,3.383720930232558,4.372093023255814,0.11627906976744186,13.173400618053945,75.910543449921,,14.226646976715339,1.121495163313866,0.2621777098812704,39.89021248784157,2.0783034767170414,0.16967619723250527
44,dflash2_unary_k16_tb16,Unary-FullMass,16,224,768,2.4285714285714284,3.424107142857143,0.03125,16.95000164714126,58.997044414367785,False,14.397310308173214,1.1347171473192117,0.26584444659809897,40.04781602260924,2.095312593707734,0.17329084321967717
45,dflash2_unary_k16_tb16,Unary-FullMass,16,204,707,2.465686274509804,3.4607843137254903,0.04411764705882353,16.453862302689455,60.77600393170579,,14.110768935971269,1.0855380979930986,0.25128875955381186,39.37352262223345,2.0368817840433477,0.16592454531015463
46,dflash2_unary_k16_tb16,Unary-FullMass,16,61,247,3.0491803278688523,4.032786885245901,0.06557377049180328,13.652978101222086,73.24409316312384,True,13.765473589806849,1.0377507373885266,0.23471780221997074,38.092098606642544,1.9931742457718757,0.16015536246294554
47,dflash2_unary_k16_tb16,Unary-FullMass,16,41,210,4.121951219512195,5.097560975609756,0.21951219512195122,10.756659190485065,92.96566734070763,,13.65026085344342,1.0027621222146015,0.22962456089927155,38.06395060968409,1.9868312441891558,0.16165426815150125
48,dflash2_unary_k16_tb16,Unary-FullMass,16,204,943,3.6176470588235294,4.617647058823529,0.1568627450980392,12.136693729581149,82.39476271553828,False,13.89281798030567,0.9877831075844405,0.23439818616287655,38.842655274600155,1.9841211860515542,0.1606859662512993
49,dflash2_unary_k16_tb16,Unary-FullMass,16,22,100,3.5454545454545454,4.5,0.13636363636363635,12.20005258997844,81.96685978398452,,13.300172818245217,1.000240091591629,0.22873536429621957,38.78854177210914,1.9780194551541088,0.1590749985056887
50,dflash2_unary_k16_tb16,Unary-FullMass,16,56,310,4.517857142857143,5.517857142857143,0.2857142857142857,10.148437283867445,98.53733851118724,False,13.758101732491923,0.9785266785391806,0.23259033852290095,39.06980330313153,1.9826521958228633,0.15717500147210167
51,dflash2_unary_k16_tb16,Unary-FullMass,16,122,592,3.8442622950819674,4.844262295081967,0.22131147540983606,11.490735810811374,87.02662879596645,,13.78172304922358,0.9800264667065959,0.2332360001942181,38.62801378719999,1.974159795072857,0.16116549176942618
52,dflash2_unary_k16_tb16,Unary-FullMass,16,12,62,4.166666666666667,5.083333333333333,0.25,10.772964274139904,92.82496205807185,True,12.946454666841115,0.9914969984189762,0.23593891576941436,39.32510816594004,2.003288250610543,0.15802841880940832
53,dflash2_unary_k16_tb16,Unary-FullMass,16,76,430,4.644736842105263,5.644736842105263,0.4342105263157895,9.880744065120844,101.2069529793827,,13.768967867547058,0.9753818549621716,0.23237989463316472,38.78875740826372,1.9779700533514475,0.16075276337352606
54,dflash2_unary_k16_tb16,Unary-FullMass,16,56,211,2.767857142857143,3.75,0.05357142857142857,14.83950151660357,67.3877083324614,False,13.7027898391742,0.9929155535896176,0.23086698183760745,38.853400893068674,1.9740038396776072,0.15914467842646576
55,dflash2_unary_k16_tb16,Unary-FullMass,16,59,229,2.864406779661017,3.864406779661017,0.05084745762711865,14.204360908320565,70.40091465250116,,13.714752982689218,0.9904552032328526,0.23169998339499678,38.05787996556689,1.9776304576780757,0.15976188210592904
56,dflash2_unary_k16_tb16,Unary-FullMass,16,343,2048,4.967930029154519,5.967930029154519,0.4489795918367347,9.487332600588871,105.40370429702557,False,14.058930463567933,0.9829685893261048,0.23523983377172494,39.20584062975,2.00260876395462,0.16180870506987818
57,dflash2_unary_k16_tb16,Unary-FullMass,16,185,1152,5.227027027027027,6.221621621621622,0.5297297297297298,9.05867426735717,110.39142930698908,,13.999235789280549,0.9835862699735632,0.23471973498188262,39.02871601057012,2.0006450328101226,0.16170665425110003
58,dflash2_unary_k16_tb16,Unary-FullMass,16,69,250,2.6231884057971016,3.608695652173913,0.057971014492753624,15.654149904003136,63.88082432660725,False,13.933064304802574,1.0239649419563122,0.23424169531621822,39.36651031941385,1.9999521879809976,0.16020098532402208
59,dflash2_unary_k16_tb16,Unary-FullMass,16,177,680,2.84180790960452,3.8361581920903953,0.12429378531073447,14.736541157349969,67.85852862774668,,14.022037627370791,0.998148180425659,0.2333269718282009,39.201393695247276,1.9988575029054705,0.161196400742257
60,dflash2_unary_k16_tb16,Unary-FullMass,16,58,386,5.655172413793103,6.637931034482759,0.6206896551724138,8.391049163207326,119.17460862757812,True,13.900754879206692,0.9697727932532495,0.23361129231112687,38.58179186274105,1.99932572399246,0.1586223622545243
61,dflash2_unary_k16_tb16,Unary-FullMass,16,99,629,5.353535353535354,6.343434343434343,0.494949494949495,8.909492244834688,112.23984179118106,,13.965088545654623,0.9679733636651442,0.23443895983603794,39.27476763658548,2.0032298489975875,0.1612756048673717
62,dflash2_unary_k16_tb16,Unary-FullMass,16,16,74,3.625,4.5625,0.25,12.128631229692523,82.4495345815994,True,13.241709124940826,1.002831437290297,0.23052037477100384,39.45170693759792,2.0022453113597294,0.16590625136814197
63,dflash2_unary_k16_tb16,Unary-FullMass,16,15,86,4.733333333333333,5.666666666666667,0.3333333333333333,9.763534151208532,102.42192883365085,,13.209992400758589,0.99675233407955,0.23377726708228388,39.37794259933677,1.9995491330822308,0.159582065922829
64,dflash2_unary_k16_tb16,Unary-FullMass,16,54,312,4.777777777777778,5.7592592592592595,0.4444444444444444,9.796745041664204,102.07471928146931,True,13.871360888987072,0.9675559076303789,0.2334783147725156,39.366571814887855,2.0042967778324425,0.16015209217180704
65,dflash2_unary_k16_tb16,Unary-FullMass,16,47,243,4.148936170212766,5.148936170212766,0.23404255319148937,10.730315423860414,93.19390535122153,,13.786784531746774,0.9880034261360824,0.2326379365106906,38.30954368072042,1.999968212677483,0.16107599940175746
66,dflash2_unary_k16_tb16,Unary-FullMass,16,94,483,4.138297872340425,5.127659574468085,0.23404255319148937,11.045500407864674,90.53460351040093,True,13.984551223365223,0.989420829508627,0.23401534077067404,39.38480813822218,2.001537330060989,0.16073838273865826
67,dflash2_unary_k16_tb16,Unary-FullMass,16,150,881,4.873333333333333,5.866666666666666,0.47333333333333333,9.581818071504653,104.3643275772369,,13.910141380135125,0.9839058135306308,0.23368531998130493,38.99010801324039,1.9983638202150662,0.16100712620148747
68,dflash2_unary_k16_tb16,Unary-FullMass,16,67,372,4.552238805970149,5.537313432835821,0.3582089552238806,10.246328209666567,97.59593676265243,False,14.140490403311125,1.0064915523025095,0.2332786421739816,39.348569209513656,1.9993536716627667,0.16187762545331366
69,dflash2_unary_k16_tb16,Unary-FullMass,16,15,79,4.266666666666667,5.2,0.3333333333333333,10.596507113969212,94.37071944978128,,13.145641533386273,0.9868318666121922,0.2303947311399194,39.296903666399885,1.9911986668982233,0.15730033580136174
70,dflash2_unary_k16_tb16,Unary-FullMass,16,41,237,4.780487804878049,5.7560975609756095,0.34146341463414637,9.780202877625747,102.24736771950901,False,13.776933024041128,0.9837875360262398,0.23312085320911846,39.3865514880617,1.994637317427366,0.1593132445832896
71,dflash2_unary_k16_tb16,Unary-FullMass,16,138,791,4.731884057971015,5.72463768115942,0.3695652173913043,9.88637748672446,101.14928358165682,,14.007322420461012,0.9924080001930132,0.23513328241002138,39.270084412830485,2.0003263553139665,0.16229503603097037
72,dflash2_unary_k16_tb16,Unary-FullMass,16,56,314,4.607142857142857,5.589285714285714,0.2857142857142857,10.13624841400354,98.65582996352667,False,13.894597553319597,0.9743459638359907,0.233181535544905,39.565374285692606,2.0055233755036688,0.1623701789087836
73,dflash2_unary_k16_tb16,Unary-FullMass,16,40,259,5.475,6.45,0.575,8.58278489189243,116.51229904930177,,13.749453425043612,1.0254921746309265,0.24652742540638428,38.37504445036757,2.0150973250565585,0.16191737449844368
74,dflash2_unary_k16_tb16,Unary-FullMass,16,47,282,4.9787234042553195,5.9787234042553195,0.3829787234042553,9.414687400691191,106.2170157584397,False,13.782135765606963,1.0262938086909459,0.23899600033628496,39.27899168124992,1.9999093398082743,0.16179780845475839
75,dflash2_unary_k16_tb16,Unary-FullMass,16,40,270,5.75,6.725,0.6,8.282641514799453,120.73442973635845,,13.620060399989597,0.9882730741082923,0.23579115004395135,38.920480299748306,1.98049602440733,0.16272927659883862
76,dflash2_unary_k16_tb16,Unary-FullMass,16,33,166,4.03030303030303,5.0,0.3333333333333333,11.139398765068568,89.77145186110451,True,13.569738576541457,1.0034017285568442,0.23206160624271654,39.08716509106329,1.981644091508563,0.16054026976538874
77,dflash2_unary_k16_tb16,Unary-FullMass,16,73,407,4.575342465753424,5.561643835616438,0.410958904109589,10.125482614251958,98.7607246090637,,13.865820178642473,1.0016040545800535,0.24151406809049722,39.18373606874199,1.9984963557910977,0.16186247964083433
78,dflash2_unary_k16_tb16,Unary-FullMass,16,34,212,5.235294117647059,6.205882352941177,0.4411764705882353,9.03528779246081,110.67716081323012,False,13.680889058484942,0.9947389709636542,0.23907664709601223,39.267634117790934,1.9956195888773758,0.15971844036624497
79,dflash2_unary_k16_tb16,Unary-FullMass,16,132,772,4.848484848484849,5.840909090909091,0.42424242424242425,9.802508455963709,102.01470414357195,,14.159602341268593,1.0463682648895138,0.25252984855659166,39.661747014895695,2.0439327803835496,0.165641931854411
80,dflash2_unary_k16_tb16,Unary-FullMass,16,122,518,3.2459016393442623,4.237704918032787,0.06557377049180328,13.198347330122262,75.7670619652299,False,14.024456131277265,1.0008142213694957,0.2329921471308077,38.619057778648354,2.0001902870359625,0.16137400013919476
81,dflash2_unary_k16_tb16,Unary-FullMass,16,189,764,3.0423280423280423,4.037037037037037,0.14285714285714285,14.106492984293915,70.88934160413889,,14.098224793670134,1.0008555820036837,0.23430323276130444,39.50848299986097,2.019325777794057,0.16187978322493288
82,dflash2_unary_k16_tb16,Unary-FullMass,16,81,374,3.617283950617284,4.604938271604938,0.14814814814814814,12.231720927821032,81.7546448207056,False,13.872777740345308,1.0097904690795716,0.23235129646994288,39.20912444462172,1.9917486302510052,0.1615361476900562
83,dflash2_unary_k16_tb16,Unary-FullMass,16,93,557,4.978494623655914,5.978494623655914,0.4731182795698925,9.635478479350784,103.78311799907395,,14.174953623257341,1.0838599139211138,0.26211890383243,39.92850430081636,2.0896852903176972,0.1701415484828714
84,dflash2_unary_k16_tb16,Unary-FullMass,16,118,498,3.2203389830508473,4.211864406779661,0.16101694915254236,13.360959022084062,74.8449268010717,True,14.092595177671528,1.0699018387995085,0.2540059661333868,38.7641640002785,2.041022762630561,0.16608646633281074
85,dflash2_unary_k16_tb16,Unary-FullMass,16,68,319,3.6911764705882355,4.676470588235294,0.2647058823529412,12.285232978062243,81.39853772294765,,14.35506033778759,1.17337522084092,0.26562705790959573,39.54038492627339,2.1240469993833413,0.17370134018539615
86,dflash2_unary_k16_tb16,Unary-FullMass,16,125,523,3.184,4.176,0.152,13.222560697898713,75.62831609152052,False,13.821376624167897,1.0043665359844454,0.2307481840834953,38.12851613602834,1.9785726080299355,0.15961387171410024
87,dflash2_unary_k16_tb16,Unary-FullMass,16,136,679,3.9926470588235294,4.985294117647059,0.3235294117647059,11.242410842411903,88.94889308150064,,13.85247355162445,1.0004901325159796,0.23126159591329803,38.90499801496737,1.9811380370811094,0.15902809435133616
88,dflash2_unary_k16_tb16,Unary-FullMass,16,151,670,3.4304635761589406,4.430463576158941,0.15894039735099338,12.715049583580843,78.64696031475306,False,13.918901052763871,1.0071871318913757,0.23570612566553314,39.10058331144827,1.9928873776819014,0.1625046760402003
89,dflash2_unary_k16_tb16,Unary-FullMass,16,171,771,3.508771929824561,4.502923976608187,0.1695906432748538,12.586563333324124,79.44980480512936,,14.028151251407332,0.9977255845939392,0.23471455549111872,39.32764316958883,2.000196228176219,0.16151266099343195
90,dflash2_unary_k16_tb16,Unary-FullMass,16,182,832,3.5714285714285716,4.565934065934066,0.16483516483516483,12.464250925474447,80.22945028779861,False,14.102008675703534,1.0031644781190483,0.23474523082508572,39.467585494244155,2.009275373863632,0.16265354941344493
91,dflash2_unary_k16_tb16,Unary-FullMass,16,159,605,2.8050314465408803,3.79874213836478,0.0440251572327044,14.723289257862167,67.91960563200949,,13.85775452789795,1.0056087483451321,0.2319862453432449,38.783365862228784,1.9846600695453152,0.15920316932266051
92,dflash2_unary_k16_tb16,Unary-FullMass,16,84,339,3.0357142857142856,4.023809523809524,0.047619047619047616,14.362682162229094,69.62487846662755,False,14.279318988147203,1.0300106069258792,0.23843670229931982,40.21003366653444,2.043910595256464,0.16197102411838604
93,dflash2_unary_k16_tb16,Unary-FullMass,16,82,360,3.3902439024390243,4.378048780487805,0.13414634146341464,12.729230175015498,78.55934618597487,,13.765674012197783,0.9994135366358068,0.23327689046798297,38.74327431682415,1.9844173781698706,0.15836902430902872
94,dflash2_unary_k16_tb16,Unary-FullMass,16,277,1357,3.898916967509025,4.8953068592057765,0.23465703971119134,11.611604315399736,86.12074376955502,False,14.116714953052785,0.9993683648014539,0.23586522396010876,39.36744976502659,2.0028553684929213,0.16203172537893232
95,dflash2_unary_k16_tb16,Unary-FullMass,16,325,1594,3.9046153846153846,4.901538461538461,0.23692307692307693,11.557059678792942,86.52719876795196,,14.098063141707545,0.9972636707019634,0.2343765813902092,39.1901391016794,2.0012702985192075,0.16181990752766767
96,dflash2_unary_k16_tb16,Unary-FullMass,16,169,728,3.3076923076923075,4.3017751479289945,0.11834319526627218,13.363722710162438,74.82944847692404,False,14.210659313462013,1.0223912189080182,0.238293615433652,39.89828413622915,2.0336247393351665,0.16355249733173635
97,dflash2_unary_k16_tb16,Unary-FullMass,16,79,437,4.531645569620253,5.518987341772152,0.4177215189873418,10.111129272310118,98.90092125896905,,13.791735468231897,1.0071407340996004,0.2338037213835205,38.7473927594904,1.9923660126286322,0.15874474719785672
98,dflash2_unary_k16_tb16,Unary-FullMass,16,119,492,3.134453781512605,4.126050420168068,0.15966386554621848,13.649620390246927,73.2621106968316,False,13.934406815434242,1.009630789919639,0.23360857950374797,39.10493270569616,1.9898549158946892,0.16129083221948495
99,dflash2_unary_k16_tb16,Unary-FullMass,16,107,506,3.7289719626168223,4.719626168224299,0.2523364485981308,11.69540589326924,85.5036592253292,,13.87072497191099,0.9977221027915323,0.23408246699342,38.05276879439104,1.9929311308268867,0.15901709377991957
100,dflash2_unary_k16_tb16,Unary-FullMass,16,3,14,3.6666666666666665,4.333333333333333,0.0,11.093143357097038,90.14577453920958,True,9.356154335061243,1.004973996411233,0.2298219988006167,39.03702866227832,1.9960140004210796,0.14400934014702216
101,dflash2_unary_k16_tb16,Unary-FullMass,16,33,218,5.575757575757576,6.575757575757576,0.6060606060606061,8.35715089908613,119.65800451315911,,13.619637696882075,0.9764359395679397,0.23369178829439494,38.22775927233813,1.991008515522646,0.15931212075167533
102,dflash2_unary_k16_tb16,Unary-FullMass,16,3,16,4.0,5.0,0.0,9.802718437640578,102.01251891110019,True,9.601723664673045,1.007326665179183,0.22522233484778553,39.30847533532263,1.9967506644510042,0.1416663362761028
103,dflash2_unary_k16_tb16,Unary-FullMass,16,6,30,3.8333333333333335,4.833333333333333,0.16666666666666666,10.810100633292071,92.50607685559199,,11.66994900025505,0.9461706673998075,0.23012566695494266,39.0522893309632,1.9898203330133886,0.16214816787396558
104,dflash2_unary_k16_tb16,Unary-FullMass,16,14,80,4.714285714285714,5.642857142857143,0.42857142857142855,9.711292224983481,102.97290791305593,True,13.03516771440627,0.974992428382393,0.22998435607795337,39.09703842873569,1.9988030721184,0.15711242875633097
105,dflash2_unary_k16_tb16,Unary-FullMass,16,26,173,5.615384615384615,6.615384615384615,0.6538461538461539,8.367581774587972,119.50884101748035,,13.454904577744086,1.0026124238300747,0.23156961581732433,38.83283253890113,1.9953897309068662,0.1592929206358784
106,dflash2_unary_k16_tb16,Unary-FullMass,16,30,159,4.3,5.266666666666667,0.36666666666666664,10.616921308187186,94.18926362662734,False,13.627663266621918,1.0131207985978108,0.2305095336244752,39.23340953382043,2.002735566929914,0.16224423379753716
107,dflash2_unary_k16_tb16,Unary-FullMass,16,84,574,5.833333333333333,6.821428571428571,0.6071428571428571,8.256360372826165,121.11874419765648,,13.874117880775538,0.9784276311880343,0.23275798810659798,39.16611042811945,2.005737118798563,0.1613115006572722
108,dflash2_unary_k16_tb16,Unary-FullMass,16,17,103,5.0588235294117645,6.0,0.35294117647058826,9.125036767003516,109.5885995348576,True,13.126558882718468,0.985273353067254,0.23343200069468686,38.81060135395006,1.9749407647930852,0.15618111544481092
109,dflash2_unary_k16_tb16,Unary-FullMass,16,14,60,3.2857142857142856,4.214285714285714,0.07142857142857142,12.865530350003004,77.72707170208234,,12.947898427747921,0.9665401427940067,0.23036364291328937,38.856562000416616,1.9821981430660733,0.15442485736067674
110,dflash2_unary_k16_tb16,Unary-FullMass,16,5,15,2.0,2.8,0.0,17.97328579996247,55.63812933982768,False,11.226876999717206,1.0206003978964873,0.23001119843684137,39.250947000982706,2.034120002645068,0.15730180020909756
111,dflash2_unary_k16_tb16,Unary-FullMass,16,4,18,3.25,4.25,0.0,11.822946388646313,84.58128516596416,,10.518675999264815,1.0005905005527893,0.23561224952572957,39.2446289970394,2.0522357499430655,0.15151525258261245
112,dflash2_unary_k16_tb16,Unary-FullMass,16,15,73,3.8666666666666667,4.8,0.3333333333333333,11.60276689038816,86.18633895234156,True,13.331536667828914,1.092967333291502,0.24893920053727925,39.58484473162874,2.046008200462287,0.16250273280699426
113,dflash2_unary_k16_tb16,Unary-FullMass,16,7,33,3.7142857142857144,4.571428571428571,0.2857142857142857,11.636674818212422,85.9352019044918,,12.084329429074257,1.0868074283020437,0.24659914197400212,39.27380899923654,2.010293285171169,0.15677157352911308
114,dflash2_unary_k16_tb16,Unary-FullMass,16,13,41,2.1538461538461537,3.076923076923077,0.0,17.785274682931384,56.226289322351874,True,13.084511460664753,1.0981982301857967,0.25175577096748525,39.453146307026216,2.0394410010060082,0.1649673840102668
115,dflash2_unary_k16_tb16,Unary-FullMass,16,7,31,3.2857142857142856,4.285714285714286,0.14285714285714285,12.619987741814956,79.23937966172572,,12.38121071427096,1.0995742850354873,0.2502618559187145,39.91249714558113,2.079722000676806,0.16525114084028505
116,dflash2_unary_k16_tb16,Unary-FullMass,16,14,55,2.9285714285714284,3.857142857142857,0.0,14.436553854532328,69.26860870512057,True,13.345590142957267,1.1437205014642262,0.2577209275581741,39.72292307090746,2.079187714116415,0.16589064294488967
117,dflash2_unary_k16_tb16,Unary-FullMass,16,13,55,3.230769230769231,4.153846153846154,0.0,13.182928072770169,75.85568202147272,,13.08694069134967,1.047871770144691,0.23697938461107418,39.23732815299165,2.002244230915004,0.16256223170785233
118,dflash2_unary_k16_tb16,Unary-FullMass,16,11,75,5.818181818181818,6.7272727272727275,0.45454545454545453,8.064152573351748,124.00559028415859,True,12.705366272712126,0.9747048183767633,0.22775572671724315,38.93082118288889,1.9830394534933888,0.16117100048259916
119,dflash2_unary_k16_tb16,Unary-FullMass,16,20,123,5.15,6.1,0.6,9.010609552856701,110.98028320214613,,13.246965451253345,0.9738824006490177,0.2301558000908699,38.82619100113516,1.97958630087669,0.1584677960636327
120,dflash2_unary_k16_tb16,Unary-FullMass,16,175,673,2.8457142857142856,3.84,0.045714285714285714,14.576151939079994,68.60521241679079,False,13.856100313964166,0.9942738973352659,0.2336218916960726,38.82618997686742,1.9839500681596942,0.16157959483929776
121,dflash2_unary_k16_tb16,Unary-FullMass,16,228,1019,3.469298245614035,4.464912280701754,0.16228070175438597,12.564703869483202,79.58802773129989,,13.913791508904277,1.003995394823601,0.236650342342552,38.8443075831642,1.9941119867884514,0.162552144518071
122,dflash2_unary_k16_tb16,Unary-FullMass,16,178,780,3.3820224719101124,4.376404494382022,0.11797752808988764,12.76474455256763,78.3407764943365,False,14.041661140448452,0.9985194717935454,0.2351525059627798,38.501877713468765,1.9967615223189508,0.16142512355104424
123,dflash2_unary_k16_tb16,Unary-FullMass,16,377,1393,2.6949602122015914,3.6923076923076925,0.05570291777188329,15.334141926058093,65.21395229169288,,14.072455381878852,1.0075735412130444,0.23434149316451525,39.18741200261225,1.995598572834064,0.16166331333420747
124,dflash2_unary_k16_tb16,Unary-FullMass,16,162,552,2.4074074074074074,3.4012345679012346,0.06172839506172839,16.66208332609539,60.01650456481908,False,14.046949759277696,1.0004880923700927,0.23359891987818202,39.33809693204059,1.992633555840448,0.16273888876987908
125,dflash2_unary_k16_tb16,Unary-FullMass,16,306,1192,2.895424836601307,3.892156862745098,0.08823529411764706,14.308952122482635,69.88631951802896,,14.044358875871456,0.9992944150463088,0.23387249993724182,38.30609963085937,1.9937807841879298,0.1620412777555388
126,dflash2_unary_k16_tb16,Unary-FullMass,16,183,584,2.191256830601093,3.185792349726776,0.0273224043715847,17.362942893831207,57.59392322572719,False,13.918984634173547,0.9978508306466821,0.23253007650870292,38.10823421308719,1.9899650871365004,0.16204526772292566
127,dflash2_unary_k16_tb16,Unary-FullMass,16,94,471,4.01063829787234,5.0,0.2127659574468085,11.195300080681358,89.32319748405877,,13.839407564212687,0.9965921914393201,0.23206453152716736,38.87569635140182,1.9920195956458089,0.15981910620850728
128,dflash2_unary_k16_tb16,Unary-FullMass,16,143,570,2.986013986013986,3.979020979020979,0.14685314685314685,14.241967552631028,70.21501743382798,False,14.026490944173917,1.0077473148825689,0.23576754517364804,39.33932683923138,1.997347727480631,0.1620014822025054
129,dflash2_unary_k16_tb16,Unary-FullMass,16,156,692,3.4294871794871793,4.42948717948718,0.20512820512820512,12.590691049130633,79.42375808427515,,14.015401474935993,1.0191866406388819,0.23809400017153864,38.40180596774026,2.0129302562194287,0.1635958013092675
130,dflash2_unary_k16_tb16,Unary-FullMass,16,218,902,3.1376146788990824,4.13302752293578,0.15137614678899083,13.689400211753306,73.04921943486102,False,14.04168138039136,0.9967128760830196,0.23529061465123627,39.206752100804025,1.9993479909650862,0.1616782985799604
131,dflash2_unary_k16_tb16,Unary-FullMass,16,107,410,2.8317757009345796,3.822429906542056,0.1308411214953271,14.714790917077618,67.9588317384398,,13.93859502790054,1.0190136173346176,0.23327426178158897,39.036803401962565,1.996433467424157,0.1596585039874086
132,dflash2_unary_k16_tb16,Unary-FullMass,16,284,879,2.0950704225352115,3.091549295774648,0.017605633802816902,18.099728060296375,55.249448868439266,False,13.876703281811656,1.0071382429756135,0.2316322532633293,38.764965211311406,1.9783829332699894,0.16111105272192872
133,dflash2_unary_k16_tb16,Unary-FullMass,16,319,1355,3.2476489028213167,4.244514106583072,0.13479623824451412,12.989162757196524,76.98725612210528,,13.893009254263296,0.9985940877040177,0.23232963957351582,37.90348846096123,1.9861146238868614,0.15986686778440196
134,dflash2_unary_k16_tb16,Unary-FullMass,16,236,747,2.1610169491525424,3.1610169491525424,0.046610169491525424,17.70204052208791,56.4906626867247,False,13.879378525462787,1.006463203262005,0.23313019097505444,38.765678639704724,1.9856022457950808,0.16120596598538814
135,dflash2_unary_k16_tb16,Unary-FullMass,16,200,902,3.505,4.505,0.21,12.438961872507036,80.3925609105877,,13.915278369713633,1.0082848950696643,0.23441566470864927,38.785967615112895,1.9929028450496844,0.16286865535221295
136,dflash2_unary_k16_tb16,Unary-FullMass,16,287,980,2.4146341463414633,3.4111498257839723,0.059233449477351915,16.53936616632415,60.4618091131027,False,14.00390679056968,1.0416332542760791,0.23865409439611363,39.02399114271032,2.004750602605237,0.16294858581771854
137,dflash2_unary_k16_tb16,Unary-FullMass,16,272,979,2.599264705882353,3.5955882352941178,0.025735294117647058,15.51286330133207,64.4626321121602,,13.853801092115164,1.0065148717063386,0.23353552572135575,38.601245746255756,1.9797321984590193,0.16007193340449113
138,dflash2_unary_k16_tb16,Unary-FullMass,16,107,295,1.7570093457943925,2.7476635514018692,0.028037383177570093,20.571442894929607,48.611077264127026,False,13.961080233737823,1.0256549625257116,0.23358369166701684,39.333407822740696,1.9997284392974226,0.1622051678279145
139,dflash2_unary_k16_tb16,Unary-FullMass,16,170,569,2.347058823529412,3.3411764705882354,0.011764705882352941,16.449963217929557,60.79040948310783,,13.82779668805169,1.0065177705495016,0.23199833552044927,37.853427988439385,1.9801769415019355,0.15907681124243775
140,dflash2_unary_k16_tb16,Unary-FullMass,16,311,1105,2.54983922829582,3.54983922829582,0.06109324758842444,15.762661269683404,63.441063846453204,False,13.883046456659438,1.0072230452409994,0.23218445350540282,38.74293788082799,1.9791447845037946,0.16106049501852931
141,dflash2_unary_k16_tb16,Unary-FullMass,16,138,501,2.630434782608696,3.6231884057971016,0.057971014492753624,15.421528532933662,64.84441525134399,,13.83850912300303,1.0110346593664608,0.23178581919848407,38.756929963552544,1.9887614496679895,0.15983257216630856
142,dflash2_unary_k16_tb16,Unary-FullMass,16,243,839,2.448559670781893,3.448559670781893,0.0411522633744856,16.44425419070708,60.81151436865507,False,14.077099099076916,1.0126036912628733,0.233741543304133,39.289671756989954,2.001273802606391,0.1622737528636013
143,dflash2_unary_k16_tb16,Unary-FullMass,16,146,401,1.7465753424657535,2.73972602739726,0.0,20.61545192019795,48.50730432061263,,14.014221486645075,1.0189634656305553,0.23393178747788276,39.19300123300062,2.0004732809679373,0.16130066408188887
144,dflash2_unary_k16_tb16,Unary-FullMass,16,397,1222,2.075566750629723,3.075566750629723,0.017632241813602016,18.52394892962522,53.98416956336492,False,14.17817307801601,1.0250209647171278,0.23677883892521256,39.40114000495036,2.0146423904093274,0.1625459622817527
145,dflash2_unary_k16_tb16,Unary-FullMass,16,253,890,2.5177865612648223,3.513833992094862,0.05928853754940711,15.647315978652372,63.90872411372658,,13.86953303933221,1.0148369407903848,0.23336820181306422,37.785690185700666,1.980792407309701,0.1596970946216113
146,dflash2_unary_k16_tb16,Unary-FullMass,16,399,1408,2.5288220551378444,3.526315789473684,0.05263157894736842,16.165361419744137,61.86066454280537,False,14.174951742060236,1.0248341177179383,0.23620199999071187,39.42433286717635,2.022157042386637,0.16220613793565666
147,dflash2_unary_k16_tb16,Unary-FullMass,16,333,1252,2.75975975975976,3.7567567567567566,0.11411411411411411,15.054797470446546,66.42400882264002,,14.085068231363405,1.0181483422175635,0.23449613209223016,39.089380756501065,2.013756147319767,0.161572111223918
148,dflash2_unary_k16_tb16,Unary-FullMass,16,185,548,1.9567567567567568,2.9567567567567568,0.032432432432432434,19.2506021040127,51.94642716092265,False,14.131317124544719,1.0281162213760655,0.23718690291216998,39.440852983593565,2.022536032529535,0.1633958863896771
149,dflash2_unary_k16_tb16,Unary-FullMass,16,366,1373,2.751366120218579,3.748633879781421,0.1092896174863388,15.052974926440408,66.43205113186693,,14.035691751362476,1.0141965983956518,0.23347650798701788,39.022018218546904,2.00217180880842,0.16166526244783422
150,dflash2_unary_k16_tb16,Unary-FullMass,16,204,666,2.264705882352941,3.2598039215686274,0.029411764705882353,17.3455421531539,57.65170042944851,False,14.04388722075251,1.0227875097246164,0.2339949852980413,39.16359577413138,2.0019958186215567,0.16183219147433214
151,dflash2_unary_k16_tb16,Unary-FullMass,16,343,1152,2.358600583090379,3.3556851311953353,0.023323615160349854,16.964311737846554,58.94727799472398,,14.167789361548595,1.029084390521446,0.23553016622355288,39.35994159449527,2.0221560699761705,0.16184571169336454
152,dflash2_unary_k16_tb16,Unary-FullMass,16,91,285,2.120879120879121,3.120879120879121,0.03296703296703297,17.89473102804837,55.88237109753651,False,13.837842131449309,1.017657900724821,0.23161415383283684,38.823035692605494,1.9737019117730976,0.16008604471098406
153,dflash2_unary_k16_tb16,Unary-FullMass,16,323,1265,2.91640866873065,3.913312693498452,0.11455108359133127,14.624625686163832,68.37781844536966,,14.250352216577957,1.0333549566570548,0.23789641468720107,39.55611268419919,2.0340140651256977,0.16428047698585824
154,dflash2_unary_k16_tb16,Unary-FullMass,16,252,753,1.9880952380952381,2.984126984126984,0.031746031746031744,19.096146470114263,52.36658618873782,False,14.14332941630929,1.0387070077350862,0.23755288087173423,39.45928676959796,2.017972142846067,0.16425611595747222
155,dflash2_unary_k16_tb16,Unary-FullMass,16,263,800,2.038022813688213,3.038022813688213,0.026615969581749048,18.380925654992097,54.4042241816265,,13.884224011508541,1.0161652701307964,0.23240505676418224,38.641717612252926,1.9757525323717076,0.16129644470446045
156,dflash2_unary_k16_tb16,Unary-FullMass,16,296,899,2.0371621621621623,3.0337837837837838,0.030405405405405407,18.725591107900694,53.4028535728349,False,14.133477337890252,1.0343423076158835,0.2374240643434491,39.291242597976854,2.012660412293445,0.16351005691634585
157,dflash2_unary_k16_tb16,Unary-FullMass,16,269,989,2.676579925650558,3.6728624535315983,0.07806691449814127,15.237421112237342,65.62790334624859,,13.917524457289655,1.013438810264825,0.23217072490114565,38.7060080669417,1.991472267570644,0.1609822529678399
158,dflash2_unary_k16_tb16,Unary-FullMass,16,232,729,2.1422413793103448,3.1379310344827585,0.03879310344827586,17.9322070096068,55.765584206354035,False,13.974314366444968,1.0436242501813906,0.23814555609940977,38.93853362936578,1.9905541204683812,0.16215096538558257
159,dflash2_unary_k16_tb16,Unary-FullMass,16,62,185,1.9838709677419355,2.967741935483871,0.0,18.763656778390068,53.29451565921259,,13.769632226138773,1.0227294194684815,0.23397948450198577,38.819159983705184,1.9829114032965605,0.15991819260131923
0,dflash2_unary_k16_tb32,Unary-FullMass,32,305,906,1.9704918032786884,2.9672131147540983,0.003278688524590164,19.285576730683495,51.85222168694559,False,14.083895875955932,1.5758714887702867,0.2346490425120688,39.19532970156994,2.030159868791386,0.1677416223979204
1,dflash2_unary_k16_tb32,Unary-FullMass,32,94,326,2.4680851063829787,3.4574468085106385,0.02127659574468085,16.320733092007504,61.27175748555769,,13.86593522306128,1.5357760957100408,0.2336142449379661,38.802123244246836,1.999022787361916,0.16521976632499533
2,dflash2_unary_k16_tb32,Unary-FullMass,32,18,84,3.6666666666666665,4.611111111111111,0.05555555555555555,12.057199190426868,82.93800112334351,True,13.341346499348422,1.510188000085893,0.23614822364632143,39.01591977854777,1.9978636668788061,0.16546338681817158
3,dflash2_unary_k16_tb32,Unary-FullMass,32,98,379,2.86734693877551,3.857142857142857,0.08163265306122448,14.801375712395528,67.56128750671076,,14.016666734853654,1.5473325510523568,0.24043560269816153,39.25382727494271,2.0181804793537594,0.16561240809838934
4,dflash2_unary_k16_tb32,Unary-FullMass,32,73,217,1.9726027397260273,2.958904109589041,0.0,19.426641815677577,51.47570071493189,False,14.121683424877718,1.5953371376245704,0.24707578058826596,39.57651408155184,2.038732821908014,0.1683454384089588
5,dflash2_unary_k16_tb32,Unary-FullMass,32,16,44,1.75,2.6875,0.0,20.233238181886424,49.42362616455722,,13.06859318719944,1.5447676246367337,0.23157268742579618,38.65658712447839,1.9795720627371338,0.16031231371016474
6,dflash2_unary_k16_tb32,Unary-FullMass,32,66,204,2.090909090909091,3.0757575757575757,0.0,18.1852113676666,54.989737528044635,False,13.710311772725122,1.5183354394552722,0.23244018214454903,38.613790151871264,1.9721517575927656,0.1618058326350751
7,dflash2_unary_k16_tb32,Unary-FullMass,32,82,335,3.073170731707317,4.073170731707317,0.2073170731707317,14.001769961184586,71.41954215589737,,13.987996707306237,1.49939490261093,0.23898091470672203,39.29988500004117,2.010231524586632,0.16586384095362297
8,dflash2_unary_k16_tb32,Unary-FullMass,32,48,140,1.8958333333333333,2.8958333333333335,0.0,19.377519264266343,51.60619305093805,False,13.725017853782143,1.5349566037912155,0.2323353123756533,38.8750720412645,1.9867134995668796,0.16366920999644208
9,dflash2_unary_k16_tb32,Unary-FullMass,32,47,201,3.276595744680851,4.25531914893617,0.2978723404255319,13.112099502488752,76.26543711098243,,13.606782446855659,1.46269021361343,0.23159806330519866,38.63292200022694,1.9778232339415402,0.16333297823253584
10,dflash2_unary_k16_tb32,Unary-FullMass,32,66,180,1.7272727272727273,2.712121212121212,0.0,20.63946634997491,48.450865106849804,False,13.728524848292265,1.5310003789526299,0.23399748445654317,38.65376931825074,1.9773566369126043,0.16480501488496718
11,dflash2_unary_k16_tb32,Unary-FullMass,32,75,204,1.72,2.7066666666666666,0.0,20.85732369610638,47.94478978080389,,13.826451813802123,1.5616345203792055,0.2373654667947752,38.93648324010428,2.005020626626598,0.16496478570237136
12,dflash2_unary_k16_tb32,Unary-FullMass,32,212,679,2.202830188679245,3.19811320754717,0.014150943396226415,18.003349432986454,55.545219722712275,False,14.181101150996874,1.65454391067472,0.2557060755484513,39.3458507074203,2.050157693101594,0.17431152356845625
13,dflash2_unary_k16_tb32,Unary-FullMass,32,73,256,2.493150684931507,3.493150684931507,0.0136986301369863,16.51978123439335,60.53348926425554,,14.151809328436622,1.6804518221362417,0.2612626577339977,39.5812167400735,2.082201698974368,0.17544125955893136
14,dflash2_unary_k16_tb32,Unary-FullMass,32,52,127,1.4423076923076923,2.423076923076923,0.0,23.79304755904884,42.02908423219982,False,14.130968250565974,1.7347479232949599,0.2622395762815498,39.7303538270185,2.0767330967758495,0.17490040297091652
15,dflash2_unary_k16_tb32,Unary-FullMass,32,10,30,1.9,2.9,0.0,18.928182999904188,52.83127281710357,,12.939284100866644,1.6901043003599625,0.2566199989814777,39.637005501572276,2.0895062982162926,0.17202879971591756
16,dflash2_unary_k16_tb32,Unary-FullMass,32,70,244,2.4857142857142858,3.4714285714285715,0.08571428571428572,16.132638680335464,61.98614001185861,False,13.740736799705441,1.5073322718048334,0.2322324428990084,38.61109242924223,1.976374456717167,0.1660007139435038
17,dflash2_unary_k16_tb32,Unary-FullMass,32,17,56,2.2941176470588234,3.235294117647059,0.11764705882352941,16.882159839302144,59.23412700263457,,13.104193294352358,1.4835781762753066,0.23161788318675997,38.65051911741509,1.9792731776867774,0.16263899819665206
18,dflash2_unary_k16_tb32,Unary-FullMass,32,17,87,4.117647058823529,5.0588235294117645,0.11764705882352941,10.871028034441338,91.98762038252714,True,13.138221294759527,1.4693764708628057,0.23168123580570169,38.65084146972924,1.982743529986371,0.16122064570320446
19,dflash2_unary_k16_tb32,Unary-FullMass,32,11,87,6.909090909090909,7.818181818181818,0.9090909090909091,7.2586556667249225,137.76655704777303,,13.195566636568401,1.5908840908774768,0.26985881810436363,40.06564554517602,2.114006179908756,0.17340627528028563
20,dflash2_unary_k16_tb32,Unary-FullMass,32,105,303,1.8761904761904762,2.876190476190476,0.009523809523809525,19.59029422441775,51.045685610662204,False,13.832063199688925,1.5483187706974735,0.23707823794601218,38.760545180758484,1.988766466508553,0.1652200491489133
21,dflash2_unary_k16_tb32,Unary-FullMass,32,81,239,1.9382716049382716,2.9382716049382718,0.0,18.915089205019207,52.867844775199124,,13.830333394982944,1.571802370215013,0.23828449344296973,38.00586981477538,1.9985382842369963,0.1663607781441066
22,dflash2_unary_k16_tb32,Unary-FullMass,32,111,295,1.6576576576576576,2.6486486486486487,0.0,22.048413372890614,45.35473746285704,False,14.362808387411384,1.7392594500461611,0.26625311685157604,39.946945702844836,2.100528594497633,0.18133938801265112
23,dflash2_unary_k16_tb32,Unary-FullMass,32,114,300,1.6228070175438596,2.6228070175438596,0.0,21.387847173342987,46.755523914831535,,13.79615896509852,1.5307916055781676,0.23276176280137806,38.57858381576207,1.9802107453870121,0.16530145627545287
24,dflash2_unary_k16_tb32,Unary-FullMass,32,341,1239,2.63049853372434,3.63049853372434,0.07331378299120235,15.555818308317411,64.28462843804998,False,13.910132167166811,1.5294482464041108,0.2354181291529693,38.692110606998035,1.988457158246983,0.1654274867679596
25,dflash2_unary_k16_tb32,Unary-FullMass,32,341,1337,2.9178885630498534,3.9178885630498534,0.08797653958944282,14.415266611066738,69.37089871319414,,13.94406831943204,1.5255394602099521,0.23452784445155903,38.66028263934057,1.9898860029085224,0.1653774315935131
26,dflash2_unary_k16_tb32,Unary-FullMass,32,283,998,2.5265017667844525,3.522968197879859,0.028268551236749116,15.760799336672273,63.44855858123878,False,13.890099469732737,1.5292227211245417,0.23311303174468712,37.77577194710515,1.9863455864031512,0.16593395059972724
27,dflash2_unary_k16_tb32,Unary-FullMass,32,257,953,2.7042801556420235,3.7042801556420235,0.042801556420233464,15.420912917105005,64.84700389500233,,14.069837486582712,1.6273100506980878,0.24855456455743868,39.03884536567224,2.0286477472001674,0.1701900382118086
28,dflash2_unary_k16_tb32,Unary-FullMass,32,68,223,2.2794117647058822,3.264705882352941,0.014705882352941176,17.18186894617035,58.20088624426908,False,13.74571707299979,1.536699235015583,0.23216227953739957,38.687014897625296,1.9800009556681342,0.16482872085950528
29,dflash2_unary_k16_tb32,Unary-FullMass,32,39,145,2.717948717948718,3.6923076923076925,0.02564102564102564,15.313635524141539,65.30127992295014,,13.745077307155439,1.6033929229403536,0.24621305111885214,39.14910833331165,2.0245285637569257,0.1669913858327513
30,dflash2_unary_k16_tb32,Unary-FullMass,32,118,376,2.1864406779661016,3.1779661016949152,0.0,17.726420151604465,56.412969536293396,False,13.841752499779508,1.5245680337164045,0.23245724576369511,38.73994212711804,1.9808718302633448,0.16459450914950693
31,dflash2_unary_k16_tb32,Unary-FullMass,32,234,813,2.47008547008547,3.47008547008547,0.029914529914529916,16.361700001230073,61.118343443824294,,13.977582064336842,1.573709940249757,0.23949949567566395,38.881182957278426,2.0071040729755283,0.167340704526722
32,dflash2_unary_k16_tb32,Unary-FullMass,32,251,1095,3.362549800796813,4.3585657370517925,0.1394422310756972,13.050349729683688,76.62629896618394,False,14.008889697337676,1.5507817328492444,0.24144072123303215,38.95376484065508,2.0088669241603605,0.1690566973249146
33,dflash2_unary_k16_tb32,Unary-FullMass,32,227,976,3.299559471365639,4.295154185022026,0.15859030837004406,13.284909084013336,75.27337926635646,,14.056549308178454,1.5624632862358587,0.2437780438709516,39.062654401013106,2.0250077972225515,0.16880384188002828
34,dflash2_unary_k16_tb32,Unary-FullMass,32,49,137,1.7755102040816326,2.7755102040816326,0.0,20.3998992408636,49.019849960673945,False,13.827226326500341,1.6208994076100216,0.24511379531907793,39.1713101017391,2.0032582854452943,0.16864506294356887
35,dflash2_unary_k16_tb32,Unary-FullMass,32,118,367,2.1016949152542375,3.1016949152542375,0.0,18.20191286646774,54.939280686385345,,14.04680238168004,1.6290761946115477,0.24832042377596025,38.47631983099144,2.0409859239638752,0.1695293296691768
36,dflash2_unary_k16_tb32,Unary-FullMass,32,19,51,1.6842105263157894,2.6315789473684212,0.0,21.30392988228956,46.93969636237503,True,13.520773736098292,1.7033590533844147,0.25571052537998185,39.49212247282144,2.0417259989986443,0.1705410552523589
37,dflash2_unary_k16_tb32,Unary-FullMass,32,32,80,1.5,2.46875,0.0,23.027509487474163,43.426320182126126,,13.85563725011707,1.6617379999388504,0.25430856271668745,39.5868171881375,2.041268656057582,0.16900406171771465
38,dflash2_unary_k16_tb32,Unary-FullMass,32,120,349,1.9,2.9,0.0,19.40017045845553,51.545938843241025,False,14.028831225186877,1.538963450245016,0.23582763375695018,38.44931244972637,1.9982734253062517,0.1709542324533686
39,dflash2_unary_k16_tb32,Unary-FullMass,32,163,504,2.0920245398773005,3.085889570552147,0.012269938650306749,18.46821907142767,54.14707266209053,,14.025704889707168,1.592087938332076,0.24434318422287005,39.05721288352942,2.0175651721070675,0.16727250878573424
40,dflash2_unary_k16_tb32,Unary-FullMass,32,26,106,3.076923076923077,4.038461538461538,0.038461538461538464,14.068910650956171,71.07870856597107,True,13.733783001113737,1.6575211912612968,0.25552080786348175,39.496425921802604,2.0478697305616853,0.16674584744927975
41,dflash2_unary_k16_tb32,Unary-FullMass,32,55,231,3.1818181818181817,4.181818181818182,0.12727272727272726,13.773047580062189,72.60557216455102,,14.057857655015225,1.6497223274200223,0.25654261791549454,39.648020145118196,2.063605563572227,0.17105152722003616
42,dflash2_unary_k16_tb32,Unary-FullMass,32,39,145,2.717948717948718,3.6923076923076925,0.05128205128205128,15.461288917215606,64.67766079233762,False,13.913030898085054,1.6297019744972483,0.25259482152670476,39.4740779231189,2.0446847179883685,0.1701889723802033
43,dflash2_unary_k16_tb32,Unary-FullMass,32,82,383,3.6707317073170733,4.658536585365853,0.15853658536585366,12.477918595289744,80.14157107720573,,14.265109475140557,1.681484000029031,0.2634752930068161,39.805942829932576,2.0892954636088334,0.17570296262331284
44,dflash2_unary_k16_tb32,Unary-FullMass,32,210,764,2.638095238095238,3.6333333333333333,0.0380952380952381,15.97587314398503,62.594387861454905,False,14.284935528814371,1.6779335047647779,0.26047803822577753,39.65013877158136,2.073478128122155,0.17478403803709494
45,dflash2_unary_k16_tb32,Unary-FullMass,32,181,735,3.0607734806629834,4.05524861878453,0.06629834254143646,14.185909081632937,70.49248618791304,,14.154335613308142,1.6487423095463656,0.25361166847773275,39.322703303585925,2.053189115784998,0.17318138708804287
46,dflash2_unary_k16_tb32,Unary-FullMass,32,61,259,3.2295081967213113,4.229508196721311,0.06557377049180328,13.10102964477689,76.329878422852,False,13.772550557256242,1.5175709184583612,0.2323781474365578,37.956849869066794,1.981703803199916,0.16462995043810702
47,dflash2_unary_k16_tb32,Unary-FullMass,32,39,225,4.769230769230769,5.743589743589744,0.3076923076923077,9.76131071556463,102.44525854560469,,13.637972564305155,1.4820292562944815,0.23218030792822203,38.81005415333232,1.9892906672724235,0.16372717912487972
48,dflash2_unary_k16_tb32,Unary-FullMass,32,144,729,4.0625,5.055555555555555,0.25,11.14967065843829,89.68874782352252,False,13.873873138689103,1.4650586384858697,0.2341276108887137,38.720587082985325,1.9879793330801476,0.1635819042146775
49,dflash2_unary_k16_tb32,Unary-FullMass,32,21,105,4.0,4.9523809523809526,0.23809523809523808,11.14871142857564,89.69646460100009,,13.27864628547104,1.482225047809715,0.23329838032146827,38.59804709541744,1.9883343809938414,0.16300595286468575
50,dflash2_unary_k16_tb32,Unary-FullMass,32,67,361,4.388059701492537,5.373134328358209,0.26865671641791045,10.50359991134723,95.2054541719246,False,13.814809342929676,1.466969029961411,0.23502198518375492,38.92932856762121,1.9852201498431543,0.16267432739138046
51,dflash2_unary_k16_tb32,Unary-FullMass,32,90,473,4.2444444444444445,5.2444444444444445,0.2777777777777778,10.735322915430595,93.15043505236655,,13.823317688689308,1.518991155171534,0.23647633343999688,38.68178381097904,1.9945400885868974,0.16497691200735667
52,dflash2_unary_k16_tb32,Unary-FullMass,32,11,62,4.636363636363637,5.545454545454546,0.36363636363636365,9.91307187101601,100.87690405269987,True,12.873369999314574,1.4453069981589743,0.23332745463862506,39.16104163760213,1.997810180579439,0.1628215481601232
53,dflash2_unary_k16_tb32,Unary-FullMass,32,63,383,5.079365079365079,6.063492063492063,0.5396825396825397,9.335830242820776,107.11420130726957,,13.868503507558398,1.4975748253784822,0.23954128615543366,38.971496142963474,2.01032879299924,0.168475810030017
54,dflash2_unary_k16_tb32,Unary-FullMass,32,52,212,3.076923076923077,4.0576923076923075,0.038461538461538464,13.839352009422585,72.25771837576973,False,13.703674576950457,1.517092615288745,0.23415103854718977,38.82245150005194,1.980912807574406,0.16369103846395425
55,dflash2_unary_k16_tb32,Unary-FullMass,32,48,192,3.0,3.9791666666666665,0.041666666666666664,14.0849366614475,70.99783435570171,,13.686234312444867,1.5083353543256333,0.23184941589230826,38.76772897895838,1.9814967915105324,0.16410179265828143
56,dflash2_unary_k16_tb32,Unary-FullMass,32,129,613,3.751937984496124,4.744186046511628,0.15503875968992248,12.031980407836189,83.11183746182964,False,14.04538388379133,1.5063051468477937,0.23645786831359372,39.211571279303136,2.00959526376019,0.16591128669390381
57,dflash2_unary_k16_tb32,Unary-FullMass,32,115,624,4.426086956521739,5.417391304347826,0.24347826086956523,10.487417312502565,95.35236085321512,,13.965291808468148,1.4841556873643245,0.23472928650849295,39.04716779949882,2.0076688611879945,0.16662484394264934
58,dflash2_unary_k16_tb32,Unary-FullMass,32,72,273,2.7916666666666665,3.7777777777777777,0.06944444444444445,15.08397321611103,66.29553007505415,False,13.969796153004507,1.5412547083744559,0.23582080565473815,39.276206417424774,2.005322999947465,0.1649973600150487
59,dflash2_unary_k16_tb32,Unary-FullMass,32,187,688,2.6737967914438503,3.6737967914438503,0.08021390374331551,15.265508161339609,65.50715439218278,,14.020487550843102,1.5210319947520454,0.23584859885361276,38.21620198378662,2.004733047954536,0.16570546018254798
60,dflash2_unary_k16_tb32,Unary-FullMass,32,57,386,5.771929824561403,6.754385964912281,0.631578947368421,8.292534049233021,120.59040023989895,True,13.900332806530825,1.419988298342408,0.2353535091970116,38.43030049207747,2.0058614037432627,0.16462213930106118
61,dflash2_unary_k16_tb32,Unary-FullMass,32,98,632,5.448979591836735,6.438775510204081,0.5204081632653061,8.82428650632541,113.32360970863554,,13.968517857188553,1.4258253778484222,0.2342360509216206,39.10379070405224,2.0091991015705184,0.16607450023150946
62,dflash2_unary_k16_tb32,Unary-FullMass,32,13,74,4.6923076923076925,5.615384615384615,0.3076923076923077,9.85765805406216,101.44397325568808,True,13.03496815447803,1.4537846923653537,0.23639484592982066,39.226577307719985,2.0000177694153254,0.16107999936838707
63,dflash2_unary_k16_tb32,Unary-FullMass,32,13,75,4.6923076923076925,5.6923076923076925,0.3076923076923077,9.780809479998425,102.24102637363315,,13.129049076479323,1.4619978464907035,0.2348738456091199,39.42238930679965,2.0162984622472253,0.16313846236488855
64,dflash2_unary_k16_tb32,Unary-FullMass,32,51,312,5.117647058823529,6.098039215686274,0.5294117647058824,9.311180326921413,107.3977696585577,True,13.878877921681623,1.4302526272812803,0.23435009757568145,39.24383413729682,2.010329195935115,0.16487096139575927
65,dflash2_unary_k16_tb32,Unary-FullMass,32,46,243,4.260869565217392,5.260869565217392,0.2608695652173913,10.589975069986977,94.42892862270259,,13.817643478788618,1.4828068908726615,0.23346110838642548,38.237991151539106,2.0076614137392226,0.16313034812692026
66,dflash2_unary_k16_tb32,Unary-FullMass,32,68,378,4.5588235294117645,5.544117647058823,0.23529411764705882,10.273202285716444,97.34063169284327,False,13.951750073615317,1.4808260880004929,0.23541833862135023,39.26387451471836,2.00959647030258,0.16545310298919075
67,dflash2_unary_k16_tb32,Unary-FullMass,32,148,922,5.222972972972973,6.222972972972973,0.5472972972972973,9.276582972888876,107.79831355171763,,14.232793581057292,1.4602861827714495,0.2380000202990502,39.64867248656889,2.044059783902658,0.16679268191109184
68,dflash2_unary_k16_tb32,Unary-FullMass,32,68,390,4.720588235294118,5.720588235294118,0.4117647058823529,9.976052687181015,100.24004797859334,False,14.096408853113056,1.4632246616469382,0.23603527905138702,39.250434631706895,2.0040257938543458,0.16546707475379877
69,dflash2_unary_k16_tb32,Unary-FullMass,32,14,79,4.642857142857143,5.571428571428571,0.21428571428571427,9.907796227776952,100.93061837469517,,13.151262714278086,1.505614498455543,0.2353668559018323,38.8461704990602,2.009848071403602,0.16001607478496485
70,dflash2_unary_k16_tb32,Unary-FullMass,32,37,234,5.324324324324325,6.297297297297297,0.5135135135135135,8.990739307692921,111.2255584081223,False,13.75041645951569,1.4216752702801336,0.2350500533892144,39.2896113252563,1.9991723781237631,0.16442581073607546
71,dflash2_unary_k16_tb32,Unary-FullMass,32,49,341,5.959183673469388,6.938775510204081,0.6122448979591837,8.193736425221998,122.04444323127058,,13.84275132681514,1.4190561625434144,0.23427249047648618,39.35719465294007,2.004769265595871,0.16367285674537665
72,dflash2_unary_k16_tb32,Unary-FullMass,32,57,328,4.754385964912281,5.7368421052631575,0.3157894736842105,9.912078499992942,100.88701375808435,True,13.892691544146816,1.4475474389129024,0.23496398238134325,39.29985786064144,2.0000624562064266,0.16280212117923518
73,dflash2_unary_k16_tb32,Unary-FullMass,32,38,262,5.868421052631579,6.868421052631579,0.6052631578947368,8.257377629770627,121.10382313080406,,13.75808934167971,1.493705736624849,0.24892597502912395,39.23791947397005,2.0275663411762492,0.16623889467538042
74,dflash2_unary_k16_tb32,Unary-FullMass,32,51,298,4.8431372549019605,5.823529411764706,0.35294117647058826,9.6668631644414,103.44617307488132,False,13.7205413923891,1.4541560981431794,0.23294313766254002,38.92578050941023,1.985715783780952,0.16567137280100153
75,dflash2_unary_k16_tb32,Unary-FullMass,32,40,286,6.15,7.125,0.725,7.8585443706243545,127.25002911964864,,13.598278526114882,1.4156136001474806,0.23317905088333646,38.790180300566135,1.9863374247506727,0.16500334750162438
76,dflash2_unary_k16_tb32,Unary-FullMass,32,29,166,4.724137931034483,5.689655172413793,0.41379310344827586,9.82748513855636,101.75543243272695,True,13.509477414180733,1.4481918978131505,0.23180024060099547,38.918502621527296,1.9825310002237655,0.16337727394219936
77,dflash2_unary_k16_tb32,Unary-FullMass,32,69,407,4.898550724637682,5.884057971014493,0.4927536231884058,9.718460636367164,102.8969543034346,,13.983127043014763,1.5334716379689728,0.24863824628350878,39.350745985744204,2.0366300726680597,0.1722200433268026
78,dflash2_unary_k16_tb32,Unary-FullMass,32,32,205,5.40625,6.375,0.46875,8.7838996780281,113.84465176684375,False,13.582581843138541,1.4076379061407351,0.23517734325650963,38.902979812519334,1.979372906134813,0.16410750117757528
79,dflash2_unary_k16_tb32,Unary-FullMass,32,127,776,5.110236220472441,6.102362204724409,0.4881889763779528,9.301981481961043,107.50397664618657,,13.932389149893309,1.4549045592402547,0.2369038822192618,39.047536472563074,1.998952448821359,0.16661766050502613
80,dflash2_unary_k16_tb32,Unary-FullMass,32,114,501,3.3947368421052633,4.385964912280702,0.08771929824561403,12.845017628740992,77.85119716476522,False,14.037187280528565,1.5105571145428704,0.23370795641216988,38.49565692131332,2.0085214737423884,0.1648414639803058
81,dflash2_unary_k16_tb32,Unary-FullMass,32,152,698,3.5921052631578947,4.5855263157894735,0.21052631578947367,12.38423449713525,80.74782500535841,,13.946663256367748,1.490611716929523,0.234114341860971,39.02770218471568,2.004443315854587,0.16617359874783832
82,dflash2_unary_k16_tb32,Unary-FullMass,32,74,374,4.054054054054054,5.04054054054054,0.20270270270270271,11.394539497323324,87.76133517593306,False,14.058824486415393,1.4991818641499628,0.23606947296365113,39.608337364247625,2.01930132400751,0.16690402874185048
83,dflash2_unary_k16_tb32,Unary-FullMass,32,80,486,5.075,6.0625,0.4625,9.357624858029837,106.86472424056343,,13.891695462916687,1.492523812703439,0.2424803128633357,39.04197198762631,2.0119671624343027,0.1669322739871859
84,dflash2_unary_k16_tb32,Unary-FullMass,32,107,494,3.616822429906542,4.607476635514018,0.22429906542056074,12.330754696361359,81.09803695106243,False,14.134673392601425,1.5973259626738683,0.2545956444706785,38.71017864513076,2.059991093323605,0.17214012163621592
85,dflash2_unary_k16_tb32,Unary-FullMass,32,61,312,4.114754098360656,5.098360655737705,0.29508196721311475,11.104082310899125,90.05696932005428,,13.845219130968468,1.529047885178741,0.24002855696112346,38.989219393606916,2.0210176388318954,0.1701179026582156
86,dflash2_unary_k16_tb32,Unary-FullMass,32,81,414,4.111111111111111,5.098765432098766,0.2962962962962963,10.989603661837991,90.99509234100549,False,13.913954987659919,1.5319244943115067,0.2415695430331484,38.29882738231121,2.0147409016283713,0.1680680737833573
87,dflash2_unary_k16_tb32,Unary-FullMass,32,137,732,4.343065693430657,5.335766423357664,0.3795620437956204,10.864814441258522,92.04022815176265,,14.230536343168678,1.640279839538891,0.2587250587135302,39.67084164947253,2.075826386788547,0.17520802889620224
88,dflash2_unary_k16_tb32,Unary-FullMass,32,170,775,3.5588235294117645,4.552941176470588,0.16470588235294117,12.415693966444628,80.54322236861329,False,13.886630470712108,1.4938565589117763,0.23266137059716344,38.82861435323481,1.994059935446678,0.16513509930090925
89,dflash2_unary_k16_tb32,Unary-FullMass,32,161,759,3.7142857142857144,4.708074534161491,0.16149068322981366,12.126733843217682,82.4624348920865,,14.035629515730637,1.4997151739402206,0.23588159625738084,39.224024285397476,2.008097614877516,0.16553993182298757
90,dflash2_unary_k16_tb32,Unary-FullMass,32,186,918,3.935483870967742,4.93010752688172,0.23118279569892472,11.615363055559115,86.09287503255439,False,14.107148300989978,1.498554112444136,0.23494795713822797,39.3056005588185,2.0136192524073375,0.16756683434841663
91,dflash2_unary_k16_tb32,Unary-FullMass,32,139,589,3.237410071942446,4.23021582733813,0.1223021582733813,13.300589589132882,75.18463698910313,,13.84080090578235,1.5134430863549464,0.23303811554378234,38.62070241737181,1.9872558271037515,0.16481193560786989
92,dflash2_unary_k16_tb32,Unary-FullMass,32,77,342,3.4415584415584415,4.428571428571429,0.12987012987012986,12.841436356716763,77.87290862341472,False,13.965036285086384,1.499437091190991,0.2343110005407558,39.16777590914877,2.0040453514825045,0.1653844144614111
93,dflash2_unary_k16_tb32,Unary-FullMass,32,108,486,3.5,4.4907407407407405,0.1388888888888889,12.510739522638785,79.9313260571409,,13.799282120089629,1.507277213224572,0.2318784447399796,38.606059287404705,1.9882925733125174,0.16553821310312575
94,dflash2_unary_k16_tb32,Unary-FullMass,32,166,773,3.6506024096385543,4.650602409638554,0.18072289156626506,12.29408458343812,81.33993167308627,False,14.091855945666628,1.4951109338018072,0.23595482549813845,39.247944674658704,2.012514204503225,0.1655795544116612
95,dflash2_unary_k16_tb32,Unary-FullMass,32,199,1020,4.1206030150753765,5.1206030150753765,0.2613065326633166,11.144761292156295,89.72825651311186,,14.079093708391722,1.4853329749031452,0.23713987942225764,39.14712772343569,2.010003749119415,0.16520406522737796
96,dflash2_unary_k16_tb32,Unary-FullMass,32,196,832,3.2448979591836733,4.239795918367347,0.08673469387755102,13.599481439900256,73.53221550536816,False,14.213357749788567,1.5349257291931355,0.23738435221294282,39.541939280232846,2.0335680254698225,0.16723587329152553
97,dflash2_unary_k16_tb32,Unary-FullMass,32,84,450,4.357142857142857,5.345238095238095,0.39285714285714285,10.497926437771335,95.25690677370528,,13.77807272651158,1.4735540241547693,0.23388045173349037,38.59612176165683,1.992669773504271,0.16459289335692856
98,dflash2_unary_k16_tb32,Unary-FullMass,32,114,492,3.3157894736842106,4.307017543859649,0.18421052631578946,13.161658884141579,75.97826450318473,False,13.93725983315993,1.4957439914787916,0.23545616664035296,38.97236391244326,1.9971643774433208,0.16496058723484902
99,dflash2_unary_k16_tb32,Unary-FullMass,32,101,507,4.01980198019802,5.00990099009901,0.2376237623762376,11.082055587770993,90.23596679153064,,13.87189087108709,1.4907569903419307,0.23310229729452991,37.87316973257745,1.9975198618087937,0.16328483104756525
100,dflash2_unary_k16_tb32,Unary-FullMass,32,3,14,3.6666666666666665,4.333333333333333,0.0,11.182865428314212,89.42251933641907,True,9.393588666474292,1.4719976655518014,0.2362213320642089,38.92313500061088,2.0124739967286587,0.14928867070314786
101,dflash2_unary_k16_tb32,Unary-FullMass,32,32,218,5.78125,6.78125,0.6875,8.147646045889555,122.73483584924443,,13.606969156171544,1.3890738746340503,0.2325359691894846,38.122186624832466,1.9938464686219959,0.1612265941730584
102,dflash2_unary_k16_tb32,Unary-FullMass,32,3,16,4.0,5.0,0.0,9.764590000031603,102.41085391160955,True,9.367027666788394,1.4918383337014045,0.23057199966084832,38.84566099926209,1.9944670008650671,0.1482473332240867
103,dflash2_unary_k16_tb32,Unary-FullMass,32,5,30,4.8,5.8,0.4,8.971730233315611,111.46122029913487,,11.207842400472146,1.3392717999522574,0.23131140042096376,38.89392040146049,1.997336998465471,0.16069839912233874
104,dflash2_unary_k16_tb32,Unary-FullMass,32,14,80,4.714285714285714,5.642857142857143,0.42857142857142855,9.771908762468229,102.3341523450139,True,13.028029070743028,1.3926634980764772,0.23232100024220667,39.02299242898672,2.0019894997988428,0.16148314482831796
105,dflash2_unary_k16_tb32,Unary-FullMass,32,26,173,5.615384615384615,6.615384615384615,0.6538461538461539,8.404484959511016,118.98409061561118,,13.46639480806726,1.4220702695848348,0.23274111579387233,38.63693250101418,1.9958905778856626,0.16812065055441613
106,dflash2_unary_k16_tb32,Unary-FullMass,32,30,162,4.4,5.366666666666666,0.3333333333333333,10.597253413576299,94.36407349841093,True,13.629401900349572,1.4858369664580096,0.23369456685031764,39.68917823319013,2.0233768006922523,0.16367996577173471
107,dflash2_unary_k16_tb32,Unary-FullMass,32,82,577,6.036585365853658,7.024390243902439,0.6585365853658537,7.99535960658884,125.07254822858961,,13.798383999972252,1.435189951291427,0.23282465820268886,38.63261491455998,1.996082475138459,0.16493440329569634
108,dflash2_unary_k16_tb32,Unary-FullMass,32,17,103,5.0588235294117645,6.0,0.5294117647058824,9.187535621359768,108.8431154133581,True,13.166145647119265,1.4285760001204086,0.23016817602397435,38.69558105918045,1.9821276471381732,0.16305847042103244
109,dflash2_unary_k16_tb32,Unary-FullMass,32,13,60,3.6153846153846154,4.538461538461538,0.07692307692307693,12.011326333352674,83.2547524100841,,12.883766692539211,1.4528246930030246,0.23038207683174944,38.721887076322815,1.9861874629546388,0.16184276766860142
110,dflash2_unary_k16_tb32,Unary-FullMass,32,3,15,3.6666666666666665,4.666666666666667,0.0,10.843273999732142,92.22306842238817,True,9.757817000111876,1.7613450011898142,0.2665763337669584,40.11237366891388,2.146736665357215,0.1715213293209672
111,dflash2_unary_k16_tb32,Unary-FullMass,32,4,18,3.5,4.25,0.25,12.253683277877927,81.60811548029324,,10.85660874923633,1.7215302486874862,0.2609642488096142,40.035257748968434,2.098885252053151,0.16832850269565824
112,dflash2_unary_k16_tb32,Unary-FullMass,32,15,73,3.8666666666666667,4.8,0.3333333333333333,11.645579561694806,85.86949191341645,True,13.27220533421496,1.5768142004768986,0.24726193320627013,39.371511200927976,2.0399079337948933,0.16745326429373394
113,dflash2_unary_k16_tb32,Unary-FullMass,32,7,33,3.7142857142857144,4.571428571428571,0.14285714285714285,11.585417000098845,86.31540841313422,,12.00399342945145,1.489298285118171,0.23004228673276625,38.738644000009764,1.994120427947824,0.16086742834886536
114,dflash2_unary_k16_tb32,Unary-FullMass,32,12,41,2.4166666666666665,3.3333333333333335,0.0,16.545930536600146,60.437821722263784,True,13.088666833330839,1.6289777504425729,0.2520561659669814,39.33589408370608,2.05835600051311,0.16797849942425577
115,dflash2_unary_k16_tb32,Unary-FullMass,32,7,31,3.4285714285714284,4.285714285714286,0.14285714285714285,12.353724967631992,80.9472448690659,,12.059346286280613,1.4585532875831373,0.23549243009516171,38.80344299977878,1.9943115704726162,0.1582068538742273
116,dflash2_unary_k16_tb32,Unary-FullMass,32,12,55,3.5833333333333335,4.5,0.0,12.20176998176612,81.95532299775881,True,12.921057333490657,1.5339125008419312,0.2388881669806627,39.06693266556734,2.0019264162935237,0.1620619999206004
117,dflash2_unary_k16_tb32,Unary-FullMass,32,12,55,3.5833333333333335,4.5,0.08333333333333333,12.134688199942255,82.40838029977223,,12.859775000833906,1.5055414987728,0.2302364997982901,38.875942749048896,1.986290166314575,0.1595350016335336
118,dflash2_unary_k16_tb32,Unary-FullMass,32,10,75,6.5,7.4,0.8,7.357899773245057,135.90834760161047,True,12.580878200242296,1.407866398949409,0.23061469983076677,38.819713000702905,1.9858003994158935,0.15937560019665398
119,dflash2_unary_k16_tb32,Unary-FullMass,32,20,123,5.15,6.1,0.65,9.091904642305533,109.98795514714276,,13.274631549938931,1.4205913510522805,0.2307208997081034,38.8331226495211,1.9940859510825248,0.16206114887609147
120,dflash2_unary_k16_tb32,Unary-FullMass,32,183,732,3.0,3.9945355191256833,0.07650273224043716,14.118178754095007,70.83066572662199,False,13.87548780848356,1.512812508059897,0.2338981914780576,38.69894251394845,1.9855772568449845,0.1659967375650768
121,dflash2_unary_k16_tb32,Unary-FullMass,32,250,1075,3.3,4.296,0.144,13.102763787908263,76.31977620804236,,13.873160764283966,1.5012232160370331,0.23306138813495636,38.57761055583251,1.991089123825077,0.16573923989199102
122,dflash2_unary_k16_tb32,Unary-FullMass,32,211,929,3.4028436018957344,4.398104265402844,0.11848341232227488,12.796415459630065,78.14688442671971,False,14.073910720489689,1.5071543414693025,0.2349695209477216,38.35746773936007,2.0010999810933776,0.166013630271737
123,dflash2_unary_k16_tb32,Unary-FullMass,32,361,1454,3.027700831024931,4.024930747922438,0.07756232686980609,14.153024028888453,70.65627797697859,,14.067182665050012,1.5174730582042775,0.23671492523548562,39.01504850118399,2.001729503997448,0.16599798899861776
124,dflash2_unary_k16_tb32,Unary-FullMass,32,148,552,2.72972972972973,3.722972972972973,0.08783783783783784,15.333370507255166,65.21723319258724,False,14.064393162157472,1.511650412302933,0.23491349300555256,39.2131022700424,1.999508060524366,0.16576043983789263
125,dflash2_unary_k16_tb32,Unary-FullMass,32,299,1301,3.351170568561873,4.3478260869565215,0.13043478260869565,12.909102701000563,77.46471797164428,,14.056213956426893,1.4978769363749407,0.23594675547179353,38.213208451571006,2.001245244075996,0.1652163952156079
126,dflash2_unary_k16_tb32,Unary-FullMass,32,137,457,2.335766423357664,3.3284671532846715,0.043795620437956206,16.74811871116,59.70819870853056,False,13.909958467241394,1.5200554523561796,0.23396879562684914,38.04642581044192,1.9902527881136172,0.16715073731581742
127,dflash2_unary_k16_tb32,Unary-FullMass,32,107,638,4.962616822429907,5.953271028037383,0.4672897196261682,9.461165553290575,105.69522268344643,,13.858192616561753,1.4496709068608253,0.2325436546577132,38.71067412138838,1.9986432152593543,0.16358037311670798
128,dflash2_unary_k16_tb32,Unary-FullMass,32,127,556,3.37007874015748,4.3700787401574805,0.16535433070866143,13.061643998207074,76.56004099769267,False,14.044267834289325,1.5162729765206033,0.23790943296763709,39.21262982636452,2.0058328978690745,0.16634737059618823
129,dflash2_unary_k16_tb32,Unary-FullMass,32,135,613,3.5407407407407407,4.533333333333333,0.2222222222222222,12.58596959379287,79.45355282704469,,14.043256607449925,1.539417274654153,0.23985064407396647,39.138817711015385,2.0219659478580407,0.16631671120800698
130,dflash2_unary_k16_tb32,Unary-FullMass,32,203,902,3.4433497536945814,4.438423645320197,0.15763546798029557,12.82568081596704,77.9685705849683,False,14.03389445803096,1.4958355272646988,0.23478648281659648,39.05805739415138,2.001196778302822,0.16521505402599512
131,dflash2_unary_k16_tb32,Unary-FullMass,32,96,407,3.2395833333333335,4.229166666666667,0.14583333333333334,13.38696182802427,74.69954817579293,,13.923645479356614,1.5144016980836266,0.23626060434859633,38.910552343547046,2.0038112703938773,0.16646885433146963
132,dflash2_unary_k16_tb32,Unary-FullMass,32,300,955,2.183333333333333,3.18,0.02,17.73457570156602,56.38702706102502,False,13.911186549958074,1.5244241135951597,0.23268050344389243,38.63811920639515,1.9837441799609223,0.16491142996528652
133,dflash2_unary_k16_tb32,Unary-FullMass,32,380,1561,3.107894736842105,4.105263157894737,0.10263157894736842,13.960946953231913,71.62837903115901,,13.912602450115006,1.5189847814709585,0.23418915248169614,39.52698267886789,1.9921903418818194,0.16515110569583302
134,dflash2_unary_k16_tb32,Unary-FullMass,32,239,837,2.502092050209205,3.497907949790795,0.04602510460251046,16.274471866189316,61.44592636996896,False,14.027485021086319,1.5739762550853116,0.238885510545789,38.97072954814994,2.01515696652255,0.16846524254506356
135,dflash2_unary_k16_tb32,Unary-FullMass,32,222,906,3.081081081081081,4.076576576576577,0.11711711711711711,13.87960074172498,72.04818197643041,,13.959002707656714,1.5386849006825138,0.23630858583953693,38.74243934232918,2.0005322880974785,0.16680817540733958
136,dflash2_unary_k16_tb32,Unary-FullMass,32,268,975,2.638059701492537,3.6343283582089554,0.05223880597014925,15.64565600615401,63.91550470026078,False,14.018058290913807,1.5767941043109273,0.2392602908736053,38.911491231225064,2.0067213434557023,0.16750535862447155
137,dflash2_unary_k16_tb32,Unary-FullMass,32,192,764,2.9739583333333335,3.9739583333333335,0.052083333333333336,14.15674392015212,70.63771200780855,,13.87243715631333,1.5237094532191502,0.23239746868360575,38.55086827074198,1.9886085521723846,0.1640226144748643
138,dflash2_unary_k16_tb32,Unary-FullMass,32,99,303,2.0606060606060606,3.0505050505050506,0.030303030303030304,18.63229612541491,53.67025047632081,False,13.96841303027362,1.5470697668720874,0.23682081827604579,39.102315636218826,2.004555181507256,0.1669440113038596
139,dflash2_unary_k16_tb32,Unary-FullMass,32,161,564,2.4968944099378882,3.4968944099378882,0.024844720496894408,15.901581088662253,62.886828323819636,,13.904769937947076,1.5394884284212607,0.23254501888772866,37.86208381964384,2.0012155715527986,0.16481482606599546
140,dflash2_unary_k16_tb32,Unary-FullMass,32,283,1138,3.021201413427562,4.017667844522968,0.1166077738515901,14.036179007030153,71.2444604403478,False,13.907356819783974,1.517205745749572,0.2326880140594526,38.634120851451556,1.9860617669540714,0.16486966419329888
141,dflash2_unary_k16_tb32,Unary-FullMass,32,123,480,2.902439024390244,3.894308943089431,0.10569105691056911,14.468220906246643,69.11699831513153,,13.876835617619639,1.529705975778738,0.23366021959213312,38.66397382092153,1.9933441788127562,0.16383006531088348
142,dflash2_unary_k16_tb32,Unary-FullMass,32,240,864,2.6,3.595833333333333,0.05416666666666667,15.887230585652407,62.94363228435103,False,14.091582108540024,1.5307901001506252,0.2346058126022399,39.165126833268005,2.007038200038854,0.16488705374891519
143,dflash2_unary_k16_tb32,Unary-FullMass,32,201,625,2.109452736318408,3.1044776119402986,0.009950248756218905,18.341594583995175,54.52088668847785,,14.033595238686585,1.543028079995837,0.23437564195955024,39.04997470140844,2.0067288405788988,0.1646189650173753
144,dflash2_unary_k16_tb32,Unary-FullMass,32,350,1136,2.2457142857142856,3.242857142857143,0.03142857142857143,17.673581164614568,56.58162828947001,False,14.148120148456655,1.544350259937346,0.2370265916189445,39.25736662836113,2.0102773944589507,0.1662538428874021
145,dflash2_unary_k16_tb32,Unary-FullMass,32,289,1050,2.629757785467128,3.629757785467128,0.08304498269896193,15.53771486571696,64.3595283246213,,13.908952930663224,1.5389982696137614,0.23512521819702983,38.61346314892324,1.990368820122237,0.1649968339435218
146,dflash2_unary_k16_tb32,Unary-FullMass,32,421,1536,2.648456057007126,3.646080760095012,0.05938242280285035,15.68594231705826,63.751350080671465,False,14.123366465519688,1.5459342232777853,0.2371546246144299,39.132650928769394,2.023820610378339,0.1665444039759578
147,dflash2_unary_k16_tb32,Unary-FullMass,32,279,1156,3.14336917562724,4.139784946236559,0.12903225806451613,13.7112143589944,72.93300023013727,,14.019337602086551,1.5223397207344167,0.2337776950494166,38.85734055546887,2.0120624086110666,0.1657649535246821
148,dflash2_unary_k16_tb32,Unary-FullMass,32,172,547,2.1744186046511627,3.1744186046511627,0.046511627906976744,18.08782378062108,55.28581061649768,False,14.175126598951634,1.5599597793266713,0.2371660175836147,39.35941980789933,2.024766040681983,0.16704784857845584
149,dflash2_unary_k16_tb32,Unary-FullMass,32,262,932,2.5572519083969465,3.553435114503817,0.015267175572519083,15.869704857291858,63.01314416320207,,13.928239610614229,1.5257865495762952,0.2332032634387902,38.60698228607862,1.9938978661757714,0.16442831341404934
150,dflash2_unary_k16_tb32,Unary-FullMass,32,191,672,2.518324607329843,3.513089005235602,0.041884816753926704,16.42915068601897,60.86741908399374,False,14.232306937247952,1.5519322356311556,0.2366190104098035,39.579716146168124,2.0350514816184875,0.1674593250749935
151,dflash2_unary_k16_tb32,Unary-FullMass,32,263,950,2.612167300380228,3.6083650190114067,0.045627376425855515,15.601252232629218,64.09741891798605,,14.080592060745818,1.5472456463557285,0.23523544477800815,38.30394609156795,2.0209044336913218,0.16640948254846127
152,dflash2_unary_k16_tb32,Unary-FullMass,32,94,325,2.4574468085106385,3.4468085106382977,0.0425531914893617,16.337538295371743,61.20873181263114,False,13.857790063527919,1.527649723705489,0.23239331920272077,38.724508872156605,1.978422915271949,0.16540474438867975
153,dflash2_unary_k16_tb32,Unary-FullMass,32,286,1190,3.160839160839161,4.1573426573426575,0.0979020979020979,13.726282842015111,72.85293560606779,,14.110363017442234,1.5345537520935304,0.23561694740294967,39.05259142273636,2.0124190210684696,0.16731102106758147
154,dflash2_unary_k16_tb32,Unary-FullMass,32,204,635,2.1127450980392157,3.107843137254902,0.0196078431372549,18.402130708662614,54.341533370875375,False,14.076120039224442,1.564722543822855,0.2376468972072996,39.227437485297905,2.00711583341877,0.1680993578951993
155,dflash2_unary_k16_tb32,Unary-FullMass,32,296,956,2.22972972972973,3.2263513513513513,0.02027027027027027,17.445560708156677,57.321172803144684,,13.909677010127092,1.5383191047648497,0.23356645957588823,38.51681606428846,1.9808946352084702,0.16517279697369747
156,dflash2_unary_k16_tb32,Unary-FullMass,32,325,1041,2.203076923076923,3.2,0.033846153846153845,17.863706550427814,55.97942382097915,False,14.11477223374487,1.5539472029419044,0.2361310520567573,39.13586894782314,2.0106563693619908,0.16745040636473837
157,dflash2_unary_k16_tb32,Unary-FullMass,32,257,1038,3.0389105058365757,4.035019455252918,0.12062256809338522,14.127372646437,70.78457014101666,,14.106982517776855,1.5300289145784076,0.23533568901788074,39.008257603292044,2.011064357938044,0.16752471895942805
158,dflash2_unary_k16_tb32,Unary-FullMass,32,207,723,2.4927536231884058,3.4879227053140096,0.057971014492753624,16.243940273857817,61.56141817446534,False,13.988181869294111,1.5619770532495292,0.2380547628024872,38.78770322707068,1.9919740293494983,0.16819030460665355
159,dflash2_unary_k16_tb32,Unary-FullMass,32,57,198,2.473684210526316,3.456140350877193,0.017543859649122806,16.230948601011246,61.610693532582346,,13.78346378981389,1.5434569297787293,0.23400098181905618,38.66606298221373,1.9911559298123935,0.1630492637591567
0,dflash2_unary_k16_tb64,Unary-FullMass,64,310,973,2.138709677419355,3.1354838709677417,0.0032258064516129032,18.61885983144787,53.708981594617676,False,13.994162974455731,2.613148638709155,0.23745138413130096,39.401313922491916,2.017853735601567,0.17526488009025343
1,dflash2_unary_k16_tb64,Unary-FullMass,64,135,460,2.4074074074074074,3.4,0.007407407407407408,17.232186050007485,58.030942626664924,,14.055117614797954,2.5877843035872234,0.23721828151287305,39.62670548903083,2.034545185408745,0.17570751828046655
2,dflash2_unary_k16_tb64,Unary-FullMass,64,17,84,3.9411764705882355,4.882352941176471,0.058823529411764705,11.69368404762714,85.51624927842292,True,13.27000517759349,2.5146617053371085,0.23339805878041422,39.57277994178345,2.02012864739278,0.16958293974098257
3,dflash2_unary_k16_tb64,Unary-FullMass,64,81,351,3.3209876543209877,4.320987654320987,0.12345679012345678,13.563106481479734,73.72942189648725,,14.004149308383614,2.587632543172394,0.24037413544490083,39.74006025946662,2.0249313456588425,0.17631382761914052
4,dflash2_unary_k16_tb64,Unary-FullMass,64,69,217,2.1449275362318843,3.130434782608696,0.0,18.668105225833852,53.56730037155299,False,13.962466840208778,2.572449072444663,0.23695900017628446,39.74745044926775,2.018058333213549,0.17245447868818714
5,dflash2_unary_k16_tb64,Unary-FullMass,64,14,44,2.142857142857143,3.0714285714285716,0.0,18.170104295429404,55.035457350211516,,12.910741641202808,2.5865665707637424,0.2317595000412049,39.21305142804548,1.9877894285725364,0.1761335027237822
6,dflash2_unary_k16_tb64,Unary-FullMass,64,64,204,2.1875,3.171875,0.0,18.14212199019048,55.120343724990065,False,13.731589703070313,2.5860984687824384,0.23246684429523157,39.11428082869861,1.9923648907251845,0.17121310816037294
7,dflash2_unary_k16_tb64,Unary-FullMass,64,78,335,3.282051282051282,4.282051282051282,0.24358974358974358,13.650997164168347,73.25472183269056,,13.96685693581299,2.491341320516464,0.2367146155917838,39.74543306405674,2.014026653341716,0.17491010294179432
8,dflash2_unary_k16_tb64,Unary-FullMass,64,46,140,2.0217391304347827,3.0217391304347827,0.0,19.361157892853953,51.64980346392877,False,13.89827713105858,2.7355868040341074,0.25167097887985973,39.813897892125404,2.04712599984107,0.17870434622518191
9,dflash2_unary_k16_tb64,Unary-FullMass,64,36,181,4.027777777777778,5.0,0.4166666666666667,11.455505707155519,87.29426928532402,,13.541209805933047,2.465080055723471,0.23274180542406006,39.191685944388155,1.9940328327518526,0.17098658342244258
10,dflash2_unary_k16_tb64,Unary-FullMass,64,79,218,1.7468354430379747,2.7468354430379747,0.0,20.963806706443837,47.701260272191924,False,13.759732379852883,2.5744251395712747,0.2381167341579235,39.11903089907424,1.986200076397479,0.17198669505703462
11,dflash2_unary_k16_tb64,Unary-FullMass,64,60,238,2.95,3.95,0.05,14.574379054633821,68.61355782303858,,13.719379283308323,2.5177043171424884,0.23451368300205408,39.17722338325499,1.9920874002612738,0.17079551641169624
12,dflash2_unary_k16_tb64,Unary-FullMass,64,182,581,2.1923076923076925,3.1868131868131866,0.016483516483516484,18.522271912215558,53.989057321877105,False,14.117218928531857,2.730873054903126,0.2535134061782718,39.80153483540302,2.0451647033441587,0.18048617601999759
13,dflash2_unary_k16_tb64,Unary-FullMass,64,78,338,3.3205128205128207,4.32051282051282,0.07692307692307693,13.540334387562863,73.85341981794224,,13.972084461177777,2.6686839099476436,0.2521263077841678,39.560007179832795,2.0428884228563104,0.17899206450704533
14,dflash2_unary_k16_tb64,Unary-FullMass,64,40,115,1.85,2.85,0.0,20.806877808670677,48.061031030002894,False,14.05543222444976,2.9243670751384343,0.2663224000571063,40.30081827495451,2.0858173000306124,0.18701642529777018
15,dflash2_unary_k16_tb64,Unary-FullMass,64,5,12,1.4,2.2,0.0,23.799745333235478,42.01725631927399,,11.635552599909715,2.786614198703319,0.2682025995454751,40.15823260269826,2.0935965978424065,0.17719020106596872
16,dflash2_unary_k16_tb64,Unary-FullMass,64,65,242,2.723076923076923,3.707692307692308,0.09230769230769231,15.541737499998735,64.3428702871916,False,13.744021553989464,2.545089799633178,0.2334100308451945,39.18077920019501,1.988329230628621,0.1714544154730482
17,dflash2_unary_k16_tb64,Unary-FullMass,64,16,66,3.125,4.0625,0.0625,13.881247333329434,72.03963563122744,,13.072274000023754,2.5394388130735024,0.23567212429043138,39.24905368739928,1.9966903123531665,0.16701631284377072
18,dflash2_unary_k16_tb64,Unary-FullMass,64,17,87,4.117647058823529,5.0588235294117645,0.11764705882352941,11.250498183921312,88.88495279517075,True,13.246799000412198,2.502702530096833,0.23758999904042438,39.39211358888048,2.0228887065861594,0.1739851162282695
19,dflash2_unary_k16_tb64,Unary-FullMass,64,11,87,6.909090909090909,7.818181818181818,0.9090909090909091,7.442243344798797,134.36808683484875,,13.245144454148514,2.556113455449866,0.26707090860740706,40.48388563585997,2.124695637162817,0.18446909036191012
20,dflash2_unary_k16_tb64,Unary-FullMass,64,97,303,2.1237113402061856,3.11340206185567,0.010309278350515464,18.612805617167908,53.726451592962924,False,13.83654542302427,2.6131241543178887,0.2373938348813981,39.28395800011055,1.996394020211811,0.17361654685486166
21,dflash2_unary_k16_tb64,Unary-FullMass,64,100,330,2.3,3.29,0.0,17.40241068788843,57.46330309834435,,13.896173700195504,2.6404683297732845,0.24017484007345047,38.46283334962209,2.0137663005152717,0.17453874985221773
22,dflash2_unary_k16_tb64,Unary-FullMass,64,105,295,1.8095238095238095,2.8,0.0,21.416705647449923,46.692522018159664,False,14.331904580398085,2.8978578097719168,0.2666406190006195,40.38335506671241,2.1014389902813404,0.1895473719092219
23,dflash2_unary_k16_tb64,Unary-FullMass,64,102,294,1.8725490196078431,2.872549019607843,0.0,20.266944132648252,49.341429741698875,,13.909904666683824,2.672710225834082,0.24502665709245347,39.39637849001812,2.019009813760503,0.17345617600892416
24,dflash2_unary_k16_tb64,Unary-FullMass,64,399,1464,2.669172932330827,3.6666666666666665,0.03759398496240601,15.939098495218389,62.73880547886649,False,14.02339257887739,2.6384016365731338,0.24340743645249555,39.380344024832816,2.019972694327414,0.177790393347077
25,dflash2_unary_k16_tb64,Unary-FullMass,64,367,1465,2.991825613079019,3.989100817438692,0.09264305177111716,14.496995775427775,68.97980902325897,,13.920111585806863,2.5552311089500144,0.23759413332607324,38.98408605735124,1.998933806717402,0.17352235689933718
26,dflash2_unary_k16_tb64,Unary-FullMass,64,300,1136,2.7866666666666666,3.783333333333333,0.05,15.162215649646717,65.95342152538902,False,13.957994513499822,2.600636263280952,0.23836525004298892,38.4365746435166,2.0076043400816466,0.1730815829068888
27,dflash2_unary_k16_tb64,Unary-FullMass,64,244,936,2.8360655737704916,3.831967213114754,0.036885245901639344,15.13779020512404,66.05984007239753,,13.927461364741635,2.603009516130188,0.24639789348913807,39.110300746020194,2.0081040535141716,0.1742822949411481
28,dflash2_unary_k16_tb64,Unary-FullMass,64,34,95,1.7941176470588236,2.764705882352941,0.0,20.66607752632607,48.388476174354885,False,13.562639822981403,2.587386264648932,0.2347906477499397,39.19597570647431,1.9892890873854734,0.17337038255337736
29,dflash2_unary_k16_tb64,Unary-FullMass,64,22,83,2.772727272727273,3.727272727272727,0.045454545454545456,15.427382578298376,64.8198095123858,,13.466731544957094,2.6691942727087405,0.2447337736322714,39.61689899932191,2.03192899954791,0.17381940977594984
30,dflash2_unary_k16_tb64,Unary-FullMass,64,132,432,2.272727272727273,3.265151515151515,0.030303030303030304,17.738351354165825,56.375024940812864,False,13.846760545041462,2.567715462150359,0.23587973511453267,39.237917598449826,1.9921775909813622,0.1723353182597047
31,dflash2_unary_k16_tb64,Unary-FullMass,64,217,802,2.695852534562212,3.6912442396313363,0.013824884792626729,15.733271700742248,63.55957101743962,,13.938872465243657,2.5967377007492036,0.23609636850925464,39.19305161745738,2.0113274652091357,0.17176647497553482
32,dflash2_unary_k16_tb64,Unary-FullMass,64,248,1077,3.342741935483871,4.338709677419355,0.13709677419354838,13.494852644383197,74.10232822484491,False,14.046663842970203,2.573923314406373,0.2434006410699259,39.535868439616614,2.0288139192475243,0.17599233462768157
33,dflash2_unary_k16_tb64,Unary-FullMass,64,210,958,3.5619047619047617,4.557142857142857,0.12857142857142856,12.74620342798218,78.45473404297513,,13.954553580905278,2.5245383333683655,0.23845365739405333,39.23714543308874,2.01103630461148,0.18123880495078906
34,dflash2_unary_k16_tb64,Unary-FullMass,64,45,136,2.0,3.0,0.0,19.510350176460634,51.254846322876695,False,13.879592999809473,2.7577032218687236,0.25016895637640524,39.862036622879614,2.0373151330406674,0.17779693266169894
35,dflash2_unary_k16_tb64,Unary-FullMass,64,85,281,2.2941176470588234,3.2941176470588234,0.0,17.890035576518297,55.89703808708786,,14.046664941312937,2.7385316590559396,0.2530836232301012,39.878844482796815,2.0455705053309963,0.17965769417487026
36,dflash2_unary_k16_tb64,Unary-FullMass,64,18,51,1.8333333333333333,2.7777777777777777,0.0,20.828407254942015,48.011352368901235,True,13.51253611129424,2.838610499262965,0.2589627777827748,40.16045038992565,2.064149054705114,0.17911172269830583
37,dflash2_unary_k16_tb64,Unary-FullMass,64,29,78,1.6896551724137931,2.6551724137931036,0.0,21.983101807657082,45.48948591284253,,13.793454379804738,2.770127310088418,0.25437230992949855,40.07022186124232,2.0596610684778764,0.17912655312103054
38,dflash2_unary_k16_tb64,Unary-FullMass,64,136,412,2.0220588235294117,3.0220588235294117,0.0,19.15109520874484,52.21633484143384,False,14.048384286765854,2.5868092059895655,0.23626705147120552,38.9601040221939,2.0116639119912767,0.17332465396226754
39,dflash2_unary_k16_tb64,Unary-FullMass,64,146,497,2.404109589041096,3.3972602739726026,0.02054794520547945,17.300960718298292,57.800258395035485,,14.088563445025788,2.6720701095892103,0.24625600631785746,39.67173488390846,2.040011034184056,0.1757308017571731
40,dflash2_unary_k16_tb64,Unary-FullMass,64,25,106,3.24,4.2,0.08,14.061755018873264,71.11487852389905,True,13.893614079861436,2.8286272793775424,0.26339964009821415,40.36731387983309,2.085178279376123,0.18370812147622928
41,dflash2_unary_k16_tb64,Unary-FullMass,64,37,175,3.72972972972973,4.702702702702703,0.13513513513513514,12.528738085696075,79.81649813094019,,13.939464189673812,2.6714564869384834,0.25916618933724994,40.13101272937854,2.0730515412602424,0.18339386332553584
42,dflash2_unary_k16_tb64,Unary-FullMass,64,34,129,2.7941176470588234,3.764705882352941,0.058823529411764705,15.517754379845796,64.44231397932059,True,13.80231455914327,2.677502617563518,0.25196708798723516,39.93124946945874,2.0396245283122614,0.17352747283225387
43,dflash2_unary_k16_tb64,Unary-FullMass,64,111,529,3.7567567567567566,4.756756756756757,0.16216216216216217,12.536159625713974,79.76924591394128,,14.258467342622204,2.7850892339457616,0.26326873908679393,40.16443612662287,2.088885549636797,0.1842533864882179
44,dflash2_unary_k16_tb64,Unary-FullMass,64,193,720,2.7305699481865284,3.7253886010362693,0.05181347150259067,15.95724836527855,62.66744598497975,False,14.231293409098594,2.751996124315877,0.2587646581630652,40.03490523319514,2.070900145035968,0.18177163744812175
45,dflash2_unary_k16_tb64,Unary-FullMass,64,144,551,2.826388888888889,3.8194444444444446,0.0625,15.513475455527326,64.4600884480536,,14.19070659732016,2.7401394102323846,0.26008960432793377,39.915960527802476,2.0716668819760446,0.18202708942125254
46,dflash2_unary_k16_tb64,Unary-FullMass,64,54,241,3.462962962962963,4.444444444444445,0.037037037037037035,12.863612390060268,77.73866078028762,False,13.848263092465155,2.550792074341896,0.23371512927244315,38.577028963320316,2.0290485741430464,0.17097783320760182
47,dflash2_unary_k16_tb64,Unary-FullMass,64,37,211,4.702702702702703,5.675675675675675,0.2702702702702703,10.127739246427886,98.73871904361143,,13.608392297150253,2.4595887294413545,0.2334582429800837,39.28152748680126,2.0017373508135035,0.1707818656860901
48,dflash2_unary_k16_tb64,Unary-FullMass,64,183,896,3.8961748633879782,4.890710382513661,0.22404371584699453,11.85822261049095,84.32967003969901,False,13.933276934089594,2.478087224388149,0.23539971613994407,39.24261086868171,1.999490704764981,0.17106602188038175
49,dflash2_unary_k16_tb64,Unary-FullMass,64,21,104,3.9047619047619047,4.904761904761905,0.23809523809523808,11.403426499992538,87.69294036320174,,13.308710665677651,2.4918161427541192,0.23818109461682893,38.26945042757351,1.9972599052596793,0.16869395455744648
50,dflash2_unary_k16_tb64,Unary-FullMass,64,52,311,4.980769230769231,5.961538461538462,0.36538461538461536,9.704152382647287,103.0486703597291,True,13.760408596191645,2.3930326727937565,0.25078546115345,39.461714461559986,2.003431519719575,0.16892326941440564
51,dflash2_unary_k16_tb64,Unary-FullMass,64,70,393,4.614285714285714,5.6,0.38571428571428573,10.355110946567564,96.57066980354013,,13.84508000025692,2.4938121720749353,0.24263689992949367,39.36232547150991,2.0187666576280856,0.17393025575854285
52,dflash2_unary_k16_tb64,Unary-FullMass,64,11,62,4.636363636363637,5.545454545454546,0.36363636363636365,10.183667838704892,98.19644707963835,True,12.855422456182582,2.3509100918255914,0.2389301814466969,39.768355271503836,2.0143371822831053,0.1708999076403085
53,dflash2_unary_k16_tb64,Unary-FullMass,64,63,383,5.079365079365079,6.063492063492063,0.5079365079365079,9.554783660575307,104.65961716393154,,13.826466031512984,2.45936490497866,0.24137538137091769,39.368410730232775,2.0178176984902367,0.17358338040399499
54,dflash2_unary_k16_tb64,Unary-FullMass,64,56,233,3.1607142857142856,4.142857142857143,0.10714285714285714,13.91192328324991,71.88078741089736,False,13.725118179016656,2.5346360714268354,0.23547296469977091,39.21512946375775,2.0007914104748385,0.1723898570032491
55,dflash2_unary_k16_tb64,Unary-FullMass,64,38,164,3.3157894736842106,4.2894736842105265,0.13157894736842105,13.375600536608367,74.76299828654786,,13.599922289263064,2.480388184362949,0.23468852592295184,39.24642513064962,1.9951025518055663,0.16974931809512017
56,dflash2_unary_k16_tb64,Unary-FullMass,64,136,690,4.073529411764706,5.0661764705882355,0.19117647058823528,11.573488205792366,86.40437370468086,False,14.058566264526128,2.489236485309769,0.23881650748294572,39.735752809011665,2.0214437137089107,0.17461702876008692
57,dflash2_unary_k16_tb64,Unary-FullMass,64,84,520,5.190476190476191,6.178571428571429,0.5,9.411220601927758,106.25614277867038,,13.944141868272535,2.390915106973677,0.23654132123088598,39.49711746385479,2.0182126187310567,0.17300868048984003
58,dflash2_unary_k16_tb64,Unary-FullMass,64,59,251,3.2542372881355934,4.237288135593221,0.06779661016949153,13.805512290843808,72.43483464668148,False,13.922384339389668,2.564223627244138,0.24149913569691323,39.81353684725098,2.0162517971199367,0.17402942282033262
59,dflash2_unary_k16_tb64,Unary-FullMass,64,159,679,3.270440251572327,4.264150943396227,0.11949685534591195,13.720321229748862,72.88459091116368,,14.046261371005365,2.5381824210247337,0.2365152262507809,39.57657259760817,2.021455647979948,0.17282478015287048
60,dflash2_unary_k16_tb64,Unary-FullMass,64,57,386,5.771929824561403,6.754385964912281,0.6491228070175439,8.511236829007162,117.49173711062747,True,13.907833526134613,2.344796368433571,0.23532071900901205,38.96272028073885,2.0148180178295116,0.17200961411346502
61,dflash2_unary_k16_tb64,Unary-FullMass,64,94,629,5.691489361702128,6.680851063829787,0.5851063829787234,8.734692395872504,114.48600072883397,,14.013949446884812,2.321767425684734,0.2377086915503048,39.67665418097935,2.024238606069009,0.1737828935531186
62,dflash2_unary_k16_tb64,Unary-FullMass,64,13,74,4.6923076923076925,5.615384615384615,0.3076923076923077,10.116715297339692,98.84631232658704,True,13.051957306743134,2.3765060770808932,0.23473084561723787,39.74425861479876,2.0110596154923908,0.168943848201217
63,dflash2_unary_k16_tb64,Unary-FullMass,64,13,75,4.6923076923076925,5.6923076923076925,0.38461538461538464,9.98906591994455,100.10946048552566,,13.088117307723643,2.409659769350233,0.23252330888331366,39.70514269223293,2.0249962309697787,0.16878715205865985
64,dflash2_unary_k16_tb64,Unary-FullMass,64,50,312,5.24,6.22,0.52,9.360542858979525,106.83141085569676,True,13.881166720384499,2.3447578003106173,0.2340121405723039,39.760062000132166,2.017395040165866,0.17239373846678063
65,dflash2_unary_k16_tb64,Unary-FullMass,64,58,354,5.103448275862069,6.086206896551724,0.4482758620689655,9.409348299429393,106.27728596895946,,13.883892292832225,2.3812569654245603,0.23664656867461825,38.740355776349915,2.0146063966265126,0.17271265523018445
66,dflash2_unary_k16_tb64,Unary-FullMass,64,65,379,4.8307692307692305,5.815384615384615,0.3230769230769231,9.935485509233912,100.64933405323906,False,13.787894153546613,2.423087507710219,0.2352732763168975,39.31057147710817,2.0012218467085265,0.17347493860422164
67,dflash2_unary_k16_tb64,Unary-FullMass,64,139,912,5.553956834532374,6.553956834532374,0.6115107913669064,8.828189073459438,113.27351415777248,,13.913243992581608,2.339106230354171,0.23576405756560778,39.24740427328615,2.0155162302288896,0.17204748213470397
68,dflash2_unary_k16_tb64,Unary-FullMass,64,61,372,5.081967213114754,6.081967213114754,0.4098360655737705,9.588399309152049,104.292694511117,False,13.94514872102815,2.4071430983537137,0.23618365647977402,39.69295913130274,2.020412705100111,0.1716697861709571
69,dflash2_unary_k16_tb64,Unary-FullMass,64,13,79,5.076923076923077,6.0,0.46153846153846156,9.657559632891022,103.54582710463127,,13.23574884624507,2.4335996920574243,0.23498707741964608,40.58687823103705,2.0267549222738195,0.17027823084320587
70,dflash2_unary_k16_tb64,Unary-FullMass,64,37,237,5.405405405405405,6.378378378378378,0.5135135135135135,9.110318890277627,109.76564180065996,False,13.778083432486243,2.3537364326625108,0.23546443156413482,39.80168532497545,2.014789162392451,0.17152708067048997
71,dflash2_unary_k16_tb64,Unary-FullMass,64,91,608,5.670329670329671,6.670329670329671,0.5934065934065934,8.745396518083668,114.34587304671746,,13.985834428819874,2.3153483627618616,0.23702879124167528,39.70386437356285,2.0176146040634753,0.17109057136202374
72,dflash2_unary_k16_tb64,Unary-FullMass,64,57,323,4.666666666666667,5.649122807017544,0.3333333333333333,10.326349572747104,96.83964240753197,False,13.890422596504274,2.398435473431866,0.23501843858404053,39.80847119275591,2.0126564206867967,0.17097679027070276
73,dflash2_unary_k16_tb64,Unary-FullMass,64,37,257,5.918918918918919,6.918918918918919,0.6486486486486487,8.340141128386048,119.90204777188418,,13.654071567076686,2.3687957027750843,0.23916899895207402,39.47571916226455,2.0182741079495186,0.1741399203121939
74,dflash2_unary_k16_tb64,Unary-FullMass,64,49,298,5.081632653061225,6.061224489795919,0.3673469387755102,9.522581815426808,105.01353722999538,False,13.7189369795996,2.3589889396858705,0.23514097981150167,39.42956675389872,1.9982290811770196,0.17198177597399952
75,dflash2_unary_k16_tb64,Unary-FullMass,64,40,286,6.15,7.125,0.75,8.057203412587572,124.11254237887607,,13.609833024929685,2.309894900099607,0.23439380020136014,39.28274570025678,1.999361050366133,0.17277592414757237
76,dflash2_unary_k16_tb64,Unary-FullMass,64,29,169,4.827586206896552,5.793103448275862,0.4827586206896552,9.889158485231704,101.12083869354329,False,13.521604034457564,2.353360102680544,0.23667406916000142,39.3507051728726,1.9972718620355692,0.170308345143996
77,dflash2_unary_k16_tb64,Unary-FullMass,64,63,398,5.301587301587301,6.301587301587301,0.5873015873015873,9.24964814823315,108.11222048386976,,13.90270150746108,2.436629032008424,0.24420158724607308,39.64650141336726,2.0268170634471248,0.17743452340327498
78,dflash2_unary_k16_tb64,Unary-FullMass,64,33,212,5.424242424242424,6.393939393939394,0.48484848484848486,8.975324231148576,111.41658777401399,False,13.575854636049675,2.311973000442694,0.236052212130744,39.37222442310127,1.992491758066921,0.171062667284394
79,dflash2_unary_k16_tb64,Unary-FullMass,64,123,817,5.642276422764228,6.634146341463414,0.5853658536585366,8.777279678089236,113.93051568087827,,13.959025138171818,2.3883497233623716,0.23995126022368563,39.523051740276074,2.016186227570515,0.17455377217526055
80,dflash2_unary_k16_tb64,Unary-FullMass,64,117,531,3.5384615384615383,4.52991452991453,0.1282051282051282,12.78030373258126,78.24540174664756,False,14.043607819938842,2.510622393242362,0.23797115347841674,39.0185204871361,2.019839222258371,0.17235586412239057
81,dflash2_unary_k16_tb64,Unary-FullMass,64,139,662,3.762589928057554,4.755395683453237,0.2158273381294964,12.45778004833477,80.27112343612696,,14.229068301796909,2.514318604344291,0.23898894236114868,40.11100830932997,2.0641422587222413,0.17377136760096487
82,dflash2_unary_k16_tb64,Unary-FullMass,64,74,390,4.27027027027027,5.256756756756757,0.24324324324324326,11.246164502573755,88.9192043892959,False,14.100928365223808,2.47268474275778,0.23724089250380703,40.2433493912434,2.0407900941594366,0.17533294659507512
83,dflash2_unary_k16_tb64,Unary-FullMass,64,88,564,5.409090909090909,6.3977272727272725,0.5227272727272727,9.127618145386599,109.55760682269921,,13.992610794875047,2.413610443247969,0.2418565565511182,39.645504067845074,2.0320632617189074,0.17408935301236025
84,dflash2_unary_k16_tb64,Unary-FullMass,64,105,499,3.7523809523809524,4.742857142857143,0.23809523809523808,12.32466630461273,81.13809942470668,False,14.15083287609464,2.6505753239256418,0.2592970668393675,39.26173749510088,2.068871247562735,0.1801953809696161
85,dflash2_unary_k16_tb64,Unary-FullMass,64,104,599,4.759615384615385,5.75,0.4807692307692308,10.296247651080837,97.12276101818765,,14.173356952177038,2.5670777502874933,0.25418281697616646,40.05560162498183,2.07241186497133,0.17979536558134265
86,dflash2_unary_k16_tb64,Unary-FullMass,64,71,347,3.887323943661972,4.873239436619718,0.19718309859154928,11.853568896248511,84.36277789016657,False,13.94198323898411,2.58797226808998,0.24784059168665973,38.94406956369237,2.03338840926758,0.17697701276145533
87,dflash2_unary_k16_tb64,Unary-FullMass,64,116,598,4.146551724137931,5.146551724137931,0.3017241379310345,11.303791058534776,88.46589562932193,,13.922860060182725,2.520580543205142,0.2393174142118118,39.39965831931,2.01715203447434,0.17342346485559668
88,dflash2_unary_k16_tb64,Unary-FullMass,64,129,628,3.868217054263566,4.8604651162790695,0.1937984496124031,11.995744528663218,83.3628957011006,False,13.943885387730958,2.5203759997926087,0.24242305415438833,39.49735031781092,2.0186382404175705,0.17521509312069794
89,dflash2_unary_k16_tb64,Unary-FullMass,64,184,891,3.842391304347826,4.836956521739131,0.22282608695652173,12.117578894506885,82.52473606368001,,14.07190428796204,2.480036967624429,0.23719839685762292,39.695666902488206,2.019155396698372,0.17409671687820935
90,dflash2_unary_k16_tb64,Unary-FullMass,64,161,837,4.198757763975156,5.192546583850931,0.2422360248447205,11.323123250898737,88.3148560553404,False,14.109331024826941,2.479033484418301,0.23588247881748176,39.84313400588628,2.0254418134681376,0.17335210564027118
91,dflash2_unary_k16_tb64,Unary-FullMass,64,115,529,3.6,4.591304347826087,0.1565217391304348,12.662925274104838,78.97069423958135,,13.935117322050601,2.5317808603690737,0.2349595911294708,39.36642013039723,2.0094647301290105,0.1717136268068672
92,dflash2_unary_k16_tb64,Unary-FullMass,64,89,438,3.9213483146067416,4.910112359550562,0.21348314606741572,11.903404317346117,84.00958022930969,False,14.028851291769069,2.5006535621144117,0.23627983139019482,39.62553140518957,2.016432426694592,0.173050258096093
93,dflash2_unary_k16_tb64,Unary-FullMass,64,83,433,4.204819277108434,5.204819277108434,0.24096385542168675,11.094486639732372,90.13485999602075,,13.817770783112705,2.4766958555689147,0.2366018796084359,39.17196614491397,2.0031184340260517,0.17231334860265501
94,dflash2_unary_k16_tb64,Unary-FullMass,64,211,1036,3.909952606635071,4.9052132701421804,0.1943127962085308,11.973850556949182,83.5153232658008,False,14.106373436467875,2.4893171657693367,0.23841418452661317,39.76095608511159,2.0214751282040915,0.17450275347194022
95,dflash2_unary_k16_tb64,Unary-FullMass,64,184,959,4.211956521739131,5.206521739130435,0.30434782608695654,11.073769117831834,90.30349010886665,,14.07633167942233,2.4683546902768128,0.2374371467300554,38.74072791313665,2.019687548691645,0.17346419565950308
96,dflash2_unary_k16_tb64,Unary-FullMass,64,143,676,3.727272727272727,4.72027972027972,0.18181818181818182,12.616849538466147,79.25908896283563,False,14.268053860260723,2.5481766368522165,0.23916246161073237,40.35244330818158,2.0577871959417946,0.17766526444746716
97,dflash2_unary_k16_tb64,Unary-FullMass,64,193,973,4.041450777202073,5.036269430051814,0.23834196891191708,11.486312575537312,87.06014166197471,,13.895837113579706,2.497749191814722,0.23661347659825893,39.09991892212863,2.0046925282366983,0.1728682287705102
98,dflash2_unary_k16_tb64,Unary-FullMass,64,136,681,4.007352941176471,5.0,0.27205882352941174,11.637751409692417,85.92725216377772,False,13.96126516171053,2.465430440786483,0.23530486027191408,39.43285673502781,2.0074606248218676,0.17201092738533214
99,dflash2_unary_k16_tb64,Unary-FullMass,64,116,633,4.456896551724138,5.448275862068965,0.3448275862068966,10.622758127961474,94.13751004720483,,13.907751973953243,2.4454959220747696,0.2355900688316665,39.191430801832304,2.0153464569814568,0.1716769745990891
100,dflash2_unary_k16_tb64,Unary-FullMass,64,2,14,5.5,6.5,0.5,7.3229122858070435,136.55769193605627,True,7.045881502563134,2.431027496641036,0.23146050079958513,39.396595500875264,2.0058624977536965,0.14955850201658905
101,dflash2_unary_k16_tb64,Unary-FullMass,64,31,218,6.0,7.0,0.7419354838709677,8.107235000018616,123.34661570778493,,13.597476032079994,2.2980823221939404,0.23318816120961622,38.70574435436978,2.007876612732352,0.1698012272226474
102,dflash2_unary_k16_tb64,Unary-FullMass,64,3,16,4.0,5.0,0.0,10.06535706210343,99.35067318824184,True,9.371667666224917,2.4287813333406425,0.23354566170989224,39.477355666652635,2.0100143325786726,0.16053967071153843
103,dflash2_unary_k16_tb64,Unary-FullMass,64,5,30,4.8,5.8,0.4,9.207515099842567,108.60693565597283,,11.23507360171061,2.187861400307156,0.23668959911447018,39.40510060201632,2.0163633977063,0.16400199820054695
104,dflash2_unary_k16_tb64,Unary-FullMass,64,13,80,5.153846153846154,6.076923076923077,0.46153846153846156,9.266679237498465,107.91352267308537,True,12.934759384594285,2.234608385501465,0.2308503837691835,39.44904930876174,2.006396539330196,0.17005438264907122
105,dflash2_unary_k16_tb64,Unary-FullMass,64,25,173,5.88,6.88,0.72,8.303362572268917,120.43313673182733,,13.450510601396672,2.332593119936064,0.2356119194882922,39.26253151963465,2.006622319750022,0.1713995198952034
106,dflash2_unary_k16_tb64,Unary-FullMass,64,27,162,5.0,5.962962962962963,0.37037037037037035,9.663040246924078,103.48709872323239,True,13.53269962877406,2.416074628989143,0.23773374090928379,39.59888448244547,2.0241129995729015,0.1687360008536079
107,dflash2_unary_k16_tb64,Unary-FullMass,64,82,577,6.036585365853658,7.024390243902439,0.6707317073170732,8.193331440204842,122.05047571894625,,13.815787523770535,2.3299859758259207,0.2338279021986215,39.09779237783812,2.004463365975847,0.17121896412501839
108,dflash2_unary_k16_tb64,Unary-FullMass,64,16,103,5.4375,6.375,0.5,8.87209322324443,112.71297255759792,True,13.109470062772743,2.332336062409013,0.23041425038172747,39.27537112531354,1.9960525619353575,0.1704560618236428
109,dflash2_unary_k16_tb64,Unary-FullMass,64,13,60,3.6153846153846154,4.538461538461538,0.15384615384615385,12.340246766689233,81.03565665310356,,12.886694152817094,2.3923249234660315,0.23863953818083525,39.27446138494326,1.995909615988449,0.16695546163156486
110,dflash2_unary_k16_tb64,Unary-FullMass,64,3,15,3.6666666666666665,4.666666666666667,0.0,11.329943599897282,88.26169267153864,True,9.912517331637597,2.804370002801685,0.26945999707095325,41.31115900236182,2.169618666812312,0.18259299880204102
111,dflash2_unary_k16_tb64,Unary-FullMass,64,3,18,4.666666666666667,5.666666666666667,0.0,8.972800833160163,111.44792117800819,,9.333663668561107,2.5085756666764305,0.2269923328033959,39.58598833560245,2.020841001164323,0.16074399415325993
112,dflash2_unary_k16_tb64,Unary-FullMass,64,15,73,3.8666666666666667,4.8,0.3333333333333333,11.948439438328185,83.69293790720499,True,13.285246467178998,2.5957601334084757,0.24705306665661433,39.8023492001812,2.0451002007272714,0.1735628650446112
113,dflash2_unary_k16_tb64,Unary-FullMass,64,6,33,4.5,5.333333333333333,0.3333333333333333,10.543022939325029,94.84945691145586,,12.08417366918487,2.769727335059239,0.25981433524672565,40.59109683415348,2.1029580008568396,0.17885599178650105
114,dflash2_unary_k16_tb64,Unary-FullMass,64,11,41,2.727272727272727,3.6363636363636362,0.09090909090909091,15.518229682972404,64.44034019532937,True,12.914731455649333,2.5640885446178303,0.24438309099588712,39.87847200187389,2.063044271463613,0.17595490829659288
115,dflash2_unary_k16_tb64,Unary-FullMass,64,7,31,3.4285714285714284,4.285714285714286,0.14285714285714285,12.965841709604232,77.12572946646931,,12.260184000686943,2.4847287131706253,0.25104614074475,40.18316000084659,2.067935855718263,0.17310143136585662
116,dflash2_unary_k16_tb64,Unary-FullMass,64,26,91,2.5,3.4615384615384617,0.07692307692307693,16.921409736224323,59.09673104004219,False,13.881468962398895,2.733693308423076,0.2582313460991897,40.08883330719142,2.079772653814871,0.18293449885767096
117,dflash2_unary_k16_tb64,Unary-FullMass,64,17,76,3.4705882352941178,4.411764705882353,0.11764705882352941,12.84525851310479,77.84973723804745,,13.167756587362794,2.4341979998793892,0.23608094189137988,39.412933175352755,2.0039401176344493,0.17095276587711208
118,dflash2_unary_k16_tb64,Unary-FullMass,64,10,75,6.5,7.4,0.8,7.565985880016039,132.1704819250707,True,12.677431000338402,2.305258600972593,0.23040029918774962,39.36512130021583,1.9989829022961203,0.16769999710959382
119,dflash2_unary_k16_tb64,Unary-FullMass,64,19,123,5.421052631578948,6.421052631578948,0.6842105263157895,8.856252821153353,112.91457235858017,,13.292169367655573,2.3362435791855924,0.23502326382042252,39.29294789505595,2.0072669469396045,0.16893300007244474
120,dflash2_unary_k16_tb64,Unary-FullMass,64,149,611,3.1006711409395975,4.093959731543624,0.06711409395973154,14.1861077479562,70.49149899091036,False,13.948314341873903,2.5356083825322795,0.23445224155235922,39.28247452321917,1.999149697671813,0.17256345745408908
121,dflash2_unary_k16_tb64,Unary-FullMass,64,225,1025,3.5555555555555554,4.551111111111111,0.1688888888888889,12.618264009758672,79.25020424573644,,13.997622675475819,2.57290167947455,0.24176225771144447,38.468185600164965,2.027176924133932,0.17555357416212145
122,dflash2_unary_k16_tb64,Unary-FullMass,64,146,663,3.541095890410959,4.534246575342466,0.1095890410958904,12.751514435901434,78.42205763297696,False,14.057353691647247,2.5151458493918692,0.2354805891291232,38.91210215801512,2.011467451965261,0.17430006123940486
123,dflash2_unary_k16_tb64,Unary-FullMass,64,310,1381,3.4548387096774196,4.451612903225806,0.12258064516129032,13.148180385224785,76.0561515511109,,14.085717387253329,2.536467986881748,0.23694939356515063,39.52764969346331,2.012632919415351,0.17360556134184252
124,dflash2_unary_k16_tb64,Unary-FullMass,64,146,561,2.8424657534246576,3.835616438356164,0.1095890410958904,15.283049402857879,65.43196803466482,False,14.05273190439776,2.5302278972210916,0.23721749347129084,39.721122205302066,2.0092702736840455,0.1740241643023033
125,dflash2_unary_k16_tb64,Unary-FullMass,64,275,1339,3.869090909090909,4.865454545454545,0.19272727272727272,12.00827185063337,83.27592949582129,,14.071571218056222,2.4865116180047733,0.2364959601386958,39.49169645075347,2.0103217670376496,0.17277028782039203
126,dflash2_unary_k16_tb64,Unary-FullMass,64,127,457,2.5984251968503935,3.590551181102362,0.047244094488188976,15.969577713352265,62.61906344360588,False,13.919947236534814,2.5645055355298823,0.2351615747059219,38.56829251930407,2.004637669494163,0.1727862912184291
127,dflash2_unary_k16_tb64,Unary-FullMass,64,99,606,5.121212121212121,6.111111111111111,0.5050505050505051,9.443089981846168,105.89754009783304,,13.853579201994846,2.3902748383474632,0.23480831287363826,39.144614949673084,2.0080790300106846,0.17180052567379211
128,dflash2_unary_k16_tb64,Unary-FullMass,64,130,572,3.3923076923076922,4.392307692307693,0.18461538461538463,13.354466232520828,74.88131555305428,True,14.054829646416833,2.510559699966017,0.23828940818650432,39.76490107631365,2.0166230999725836,0.1744484922360593
129,dflash2_unary_k16_tb64,Unary-FullMass,64,137,695,4.072992700729927,5.065693430656935,0.2773722627737226,11.625473804320896,86.01799950969097,,14.145226277023074,2.5858036932313686,0.2492137593076986,39.76948486859222,2.0476497370277253,0.17856541666479264
130,dflash2_unary_k16_tb64,Unary-FullMass,64,189,905,3.7883597883597884,4.783068783068783,0.21164021164021163,12.228553882865647,81.77581826753658,False,14.057655603291957,2.4917745873733628,0.23715758754560112,39.58137516385356,2.0138939946754983,0.17285874576483995
131,dflash2_unary_k16_tb64,Unary-FullMass,64,118,488,3.1271186440677967,4.127118644067797,0.1016949152542373,14.121068204926292,70.81617236655927,,13.987637033821201,2.5418674399665857,0.2366241014126483,39.443356194570406,2.016933898414856,0.17257526405185256
132,dflash2_unary_k16_tb64,Unary-FullMass,64,269,916,2.4052044609665426,3.4014869888475836,0.03345724907063197,17.045074259820616,58.66797555451214,False,13.912448639469481,2.5561591299799473,0.23434687002049587,39.167232386388974,1.999118219665944,0.17265766152231138
133,dflash2_unary_k16_tb64,Unary-FullMass,64,329,1484,3.5106382978723403,4.507598784194529,0.1702127659574468,12.83108111186136,77.93575547391528,,13.930909197436403,2.5129916534212766,0.23510273555534295,39.02355837668869,1.9999122676624645,0.17389163550408415
134,dflash2_unary_k16_tb64,Unary-FullMass,64,191,710,2.717277486910995,3.712041884816754,0.07329842931937172,15.84552460421626,63.109302151720165,False,14.113491785483061,2.708051329884247,0.2470688798165568,39.60787853433602,2.047440942359481,0.1782804076679914
135,dflash2_unary_k16_tb64,Unary-FullMass,64,179,796,3.446927374301676,4.441340782122905,0.12290502793296089,13.051669927130087,76.61854809255728,,13.94419631841573,2.538803982941561,0.23860830201327737,39.13491459738323,2.009879972279402,0.17342510627154728
136,dflash2_unary_k16_tb64,Unary-FullMass,64,260,959,2.6884615384615387,3.6846153846153844,0.06153846153846154,15.825632588113137,63.18862733810177,False,14.006826077065153,2.6041576307202026,0.2399668576589857,39.334246469269814,2.012496403991603,0.17454368437308349
137,dflash2_unary_k16_tb64,Unary-FullMass,64,202,833,3.123762376237624,4.118811881188119,0.06435643564356436,14.047165356541084,71.18873983599462,,13.898349376195076,2.5559315147595294,0.23506376752572244,39.06813195030871,1.9966682224963228,0.1730271588073292
138,dflash2_unary_k16_tb64,Unary-FullMass,64,84,291,2.4642857142857144,3.4523809523809526,0.05952380952380952,16.76810760483269,59.63702187310587,True,13.827858761855861,2.556311725995675,0.23386404739410085,39.28474026196498,2.0150293809516975,0.1717114528652192
139,dflash2_unary_k16_tb64,Unary-FullMass,64,160,604,2.775,3.76875,0.03125,15.342620334436015,65.17791473699785,,13.879425106233612,2.5535063061397523,0.2337335815809638,39.07700118716093,2.0007289379464055,0.17399664343429322
140,dflash2_unary_k16_tb64,Unary-FullMass,64,285,1206,3.231578947368421,4.228070175438597,0.14385964912280702,13.697186339968795,73.00769480531709,False,13.925993357878996,2.5199517964593774,0.23271722812001316,39.11431039986813,1.9949355964822564,0.17281697558549544
141,dflash2_unary_k16_tb64,Unary-FullMass,64,94,348,2.702127659574468,3.6914893617021276,0.0425531914893617,15.63617501724575,63.954259842772345,,13.835595787315198,2.5575366383604208,0.23331806353761497,39.09000081887612,2.0005984043428784,0.17006630886053825
142,dflash2_unary_k16_tb64,Unary-FullMass,64,256,995,2.88671875,3.8828125,0.07421875,15.127349616080727,66.10543323048319,False,14.123687875212454,2.5493360937218768,0.236679593996314,39.69347626571107,2.0199749961022917,0.17259856588225375
143,dflash2_unary_k16_tb64,Unary-FullMass,64,124,397,2.2016129032258065,3.193548387096774,0.0,18.309523181357715,54.61638678926244,,14.041117531955786,2.6055527092877684,0.23631585534002947,39.54749330624773,2.0161099759383023,0.17341629057726446
144,dflash2_unary_k16_tb64,Unary-FullMass,64,288,1025,2.5590277777777777,3.5555555555555554,0.03819444444444445,16.54399557268423,60.444890450230695,False,14.148798083447723,2.574276600499717,0.23855301022498074,39.726638426954096,2.0181324999965806,0.1741411774926544
145,dflash2_unary_k16_tb64,Unary-FullMass,64,302,1223,3.0496688741721854,4.046357615894039,0.10596026490066225,14.317461819295545,69.84478203059057,,13.948759619195348,2.5614433444503293,0.23596231449420088,39.060532873858186,2.0020117517319793,0.17226958301979184
146,dflash2_unary_k16_tb64,Unary-FullMass,64,351,1378,2.925925925925926,3.923076923076923,0.08262108262108261,14.958590433959412,66.85121866360964,False,14.119343515662138,2.5599248376207298,0.23654258978387946,39.60452664973038,2.0322579801312455,0.17372242706042432
147,dflash2_unary_k16_tb64,Unary-FullMass,64,288,1222,3.2430555555555554,4.239583333333333,0.1423611111111111,13.673103332237353,73.1362863061438,,13.974129649366457,2.5141385068915647,0.23497543035470395,39.11193916671133,2.0085710728431474,0.17198322936767202
148,dflash2_unary_k16_tb64,Unary-FullMass,64,165,565,2.418181818181818,3.418181818181818,0.05454545454545454,17.005585189378177,58.804209844222704,False,13.933405036214301,2.5681850363264056,0.23418796988676838,39.31851584872647,2.004689455012946,0.17226290837050218
149,dflash2_unary_k16_tb64,Unary-FullMass,64,229,928,3.0480349344978164,4.048034934497816,0.048034934497816595,14.315454238150213,69.8545769742348,,13.951313558844676,2.537690755570822,0.23584734041860944,39.104499567906814,2.0109345720799774,0.17168596501926806
150,dflash2_unary_k16_tb64,Unary-FullMass,64,190,731,2.8473684210526318,3.8421052631578947,0.07894736842105263,15.260286588231663,65.52956880712674,False,14.085576279122554,2.5687622374358683,0.23551477352157235,39.62240044715336,2.0256541105673502,0.17403686797479168
151,dflash2_unary_k16_tb64,Unary-FullMass,64,281,1055,2.7544483985765122,3.7508896797153026,0.042704626334519574,15.611533053081109,64.0552081976753,,14.103022996500695,2.5721572737666873,0.2351614411349004,39.50519476135512,2.0235250709169077,0.17363372679035016
152,dflash2_unary_k16_tb64,Unary-FullMass,64,79,285,2.607594936708861,3.5949367088607596,0.06329113924050633,16.086791049109017,62.162801577222325,False,13.836812266186204,2.550144658108607,0.2335335185664376,39.243039367348395,1.999456594592031,0.17163953185743483
153,dflash2_unary_k16_tb64,Unary-FullMass,64,282,1295,3.5921985815602837,4.588652482269503,0.1453900709219858,12.774736014671012,78.27950408145894,,14.135315815413682,2.5361166917718947,0.23814705308342637,39.543070226938895,2.0374791275178157,0.1739956916535706
154,dflash2_unary_k16_tb64,Unary-FullMass,64,204,720,2.5294117647058822,3.5245098039215685,0.058823529411764705,16.498968708330924,60.609848874679294,False,13.983431838128395,2.5631507497546764,0.23586347564488797,39.258684529497756,2.016953647113291,0.1735700245583704
155,dflash2_unary_k16_tb64,Unary-FullMass,64,233,790,2.390557939914163,3.3862660944206007,0.030042918454935622,16.805930267094745,59.50280550419485,,13.894692116105718,2.5571221973191918,0.23508924460528186,38.12140714174937,2.001525253156658,0.17164435180562623
156,dflash2_unary_k16_tb64,Unary-FullMass,64,340,1231,2.6205882352941177,3.6176470588235294,0.03235294117647059,16.20856199675047,61.6957877077857,False,14.111827643864672,2.581397452869329,0.2360042560587103,39.5512512205374,2.0298628262132885,0.17418547692667583
157,dflash2_unary_k16_tb64,Unary-FullMass,64,236,916,2.8813559322033897,3.8771186440677967,0.07203389830508475,14.957730849346262,66.85506044145096,,14.155451724360256,2.573797868782264,0.23796644902978512,38.868516754272434,2.0468863052174435,0.1736582627495794
158,dflash2_unary_k16_tb64,Unary-FullMass,64,193,669,2.466321243523316,3.461139896373057,0.08290155440414508,16.8355831524715,59.398001895360416,False,13.982420709705549,2.5864922951763964,0.2393643525950828,39.354557787469915,2.0204563627418834,0.174248020826366
159,dflash2_unary_k16_tb64,Unary-FullMass,64,71,242,2.408450704225352,3.3943661971830985,0.04225352112676056,17.19217428098474,58.16599946325821,,13.963587662454326,2.5829184088367367,0.23576245009062916,39.60038563416956,2.0439205912571454,0.17210378837902887
0,dflash2_pairwise_k16_tb8,Pairwise-MassPreserving,8,359,943,1.626740947075209,2.6239554317548746,0.002785515320334262,21.418342516430833,46.688953602869205,False,13.888512830103068,0.9290297466602947,0.23545937030657238,39.06319306414765,1.9828632645933852,0.1613790305797659
1,dflash2_pairwise_k16_tb8,Pairwise-MassPreserving,8,112,324,1.8928571428571428,2.8839285714285716,0.0,19.92290423455685,50.19348525831246,,14.131889634297425,0.9786575447573601,0.24236544686573325,40.0887644726546,2.028806267649738,0.1636324551717345
2,dflash2_pairwise_k16_tb8,Pairwise-MassPreserving,8,21,84,3.0,3.9523809523809526,0.047619047619047616,14.459355583312572,69.15937534270836,True,13.721551619320442,0.9373039512346233,0.23664061847652884,40.7391030942866,2.041612857456563,0.16121019247553445
3,dflash2_pairwise_k16_tb8,Pairwise-MassPreserving,8,112,383,2.419642857142857,3.4107142857142856,0.0625,16.696149999992077,59.89404743012458,,13.992276776467147,0.9451605711287162,0.23738191034031583,39.75179592823354,2.007662740782377,0.16059216230651652
4,dflash2_pairwise_k16_tb8,Pairwise-MassPreserving,8,81,219,1.7037037037037037,2.691358024691358,0.012345679012345678,21.037181547943124,47.534884733538526,False,13.945969555618236,0.9333421853457198,0.23559195086155893,39.607761345838234,1.9967456424233712,0.15889498657391718
5,dflash2_pairwise_k16_tb8,Pairwise-MassPreserving,8,19,44,1.263157894736842,2.263157894736842,0.0,23.640395727356502,42.30047633436216,,13.172624893884763,0.910628421192278,0.23047047388421274,38.299799946559546,1.9769912626208297,0.15566458099975103
6,dflash2_pairwise_k16_tb8,Pairwise-MassPreserving,8,77,215,1.7922077922077921,2.779220779220779,0.0,20.187274730245875,49.53615648286272,False,13.812527896298924,0.9420843638650553,0.23614629933401918,39.235730453937876,1.9821758570441335,0.1584009347519801
7,dflash2_pairwise_k16_tb8,Pairwise-MassPreserving,8,73,308,3.219178082191781,4.205479452054795,0.2602739726027397,13.45992021752308,74.29464542428185,,13.91744293196347,0.9140149454589397,0.23620790446716144,39.56308530167954,1.9982585345382151,0.16079075171609014
8,dflash2_pairwise_k16_tb8,Pairwise-MassPreserving,8,68,161,1.3676470588235294,2.3529411764705883,0.0,23.81722798134614,41.98641423692164,False,13.785651956448632,0.9177822057073868,0.23206420658371987,39.29982254436147,1.9971784264164265,0.15829043984601465
9,dflash2_pairwise_k16_tb8,Pairwise-MassPreserving,8,59,220,2.7288135593220337,3.711864406779661,0.15254237288135594,15.17047777729617,65.91750205102832,,13.812683609766113,0.9746765592076295,0.24163286434486508,39.367224406860416,2.0122208985967673,0.15944489859975874
10,dflash2_pairwise_k16_tb8,Pairwise-MassPreserving,8,78,190,1.435897435897436,2.423076923076923,0.0,22.95280061577949,43.56766813512615,False,13.699407871638705,0.9100456537943011,0.23265775645342776,38.94728380831881,1.9631332436872002,0.1581398327499091
11,dflash2_pairwise_k16_tb8,Pairwise-MassPreserving,8,72,220,2.0555555555555554,3.0416666666666665,0.027777777777777776,18.319075722750064,54.5879068974054,,13.906592194467116,0.9866020695375887,0.24491550013610525,38.66628079221199,2.0107340140182512,0.15982902692081147
12,dflash2_pairwise_k16_tb8,Pairwise-MassPreserving,8,243,682,1.8065843621399178,2.802469135802469,0.00823045267489712,20.264261269792907,49.34796224181429,False,14.033175933983468,0.9871199462968098,0.24617388485782346,39.43299076089577,2.0109535268711025,0.16294473721339894
13,dflash2_pairwise_k16_tb8,Pairwise-MassPreserving,8,102,374,2.6666666666666665,3.656862745098039,0.0196078431372549,15.47936684760389,64.60212551618633,,13.975310901764269,1.0015349407873217,0.2469103132812854,39.351458303666305,2.0215570198785167,0.16090696183656453
14,dflash2_pairwise_k16_tb8,Pairwise-MassPreserving,8,53,127,1.3962264150943395,2.3773584905660377,0.0,24.09636684253172,41.50003220547474,False,14.081232566035018,1.108584377913569,0.26508177386790094,40.06407703772705,2.056038226517146,0.1653367538172049
15,dflash2_pairwise_k16_tb8,Pairwise-MassPreserving,8,13,30,1.3076923076923077,2.230769230769231,0.0,24.635465633521864,40.59188549045667,,13.20152530892161,1.1162778447704533,0.2678913845626924,40.055679922471214,2.050247307544431,0.15945277062620825
16,dflash2_pairwise_k16_tb8,Pairwise-MassPreserving,8,79,264,2.3417721518987342,3.329113924050633,0.05063291139240506,16.837349882569633,59.391769308970666,False,13.797285810648612,0.9359343036717465,0.23683653171822616,39.157902658419665,1.9793143799665525,0.15931326492182626
17,dflash2_pairwise_k16_tb8,Pairwise-MassPreserving,8,20,55,1.75,2.7,0.0,19.89254323641283,50.27009307535517,,13.211339400004363,0.9111029001360293,0.23037279934214894,38.18956050017732,2.0061913492099848,0.15592695126542822
18,dflash2_pairwise_k16_tb8,Pairwise-MassPreserving,8,20,87,3.35,4.3,0.05,13.266188011490659,75.3796040832407,True,13.7587107008585,1.1378098493878497,0.2653277504578,40.281124849570915,2.0980123001208995,0.16693239958840422
19,dflash2_pairwise_k16_tb8,Pairwise-MassPreserving,8,11,87,6.909090909090909,7.818181818181818,0.9090909090909091,7.209184620698015,138.71194214238017,,13.165620817744639,1.136723544649695,0.26447745370784437,40.16398581866683,2.1209119083571504,0.16637700239450418
20,dflash2_pairwise_k16_tb8,Pairwise-MassPreserving,8,115,329,1.8521739130434782,2.8521739130434782,0.0,19.650431389061982,50.88946803257612,False,13.825796086419597,0.9230805912090506,0.23418660857714713,39.10230409553902,1.9734175389875537,0.15853618362756527
21,dflash2_pairwise_k16_tb8,Pairwise-MassPreserving,8,110,289,1.6272727272727272,2.618181818181818,0.0,21.37375805191321,46.78634415020375,,13.810858000083085,0.9299003358385314,0.23501131833075883,39.03846819944606,1.9829187644724946,0.15753499094650827
22,dflash2_pairwise_k16_tb8,Pairwise-MassPreserving,8,96,238,1.4791666666666667,2.46875,0.0,23.10720341593886,43.27654809626254,False,14.079802750226614,1.0398322187938902,0.25298026002928964,39.71148223960578,2.037336333614803,0.1651746664113792
23,dflash2_pairwise_k16_tb8,Pairwise-MassPreserving,8,88,203,1.2954545454545454,2.2954545454545454,0.0,24.73309666008386,40.43165373682769,,13.983226954554663,1.0257398408529381,0.2510356018154363,39.587984647699734,2.0421615219509643,0.1646085012742498
24,dflash2_pairwise_k16_tb8,Pairwise-MassPreserving,8,349,1135,2.2521489971346704,3.2492836676217767,0.017191977077363897,17.561118257265857,56.94398188943652,False,14.090030418261438,1.0366604986492503,0.25219013436629373,39.53152373348053,2.033904627323942,0.167063716849056
25,dflash2_pairwise_k16_tb8,Pairwise-MassPreserving,8,405,1329,2.2814814814814817,3.2790123456790123,0.022222222222222223,17.104764568099416,58.46324256722081,,13.889978797427224,0.9250821528653039,0.23301963201784356,38.942811064358175,1.9795270593920262,0.15854946925825106
26,dflash2_pairwise_k16_tb8,Pairwise-MassPreserving,8,270,851,2.151851851851852,3.1481481481481484,0.03333333333333333,17.66307646769209,56.61527887449966,False,13.948020662576676,0.9487335295826024,0.23758398892823607,38.38487475201233,1.9886734001004327,0.16351394089589896
27,dflash2_pairwise_k16_tb8,Pairwise-MassPreserving,8,257,800,2.11284046692607,3.1089494163424125,0.0038910505836575876,18.17072783625008,55.03356877125355,,13.957381984251796,0.9771503306742294,0.24203005400151087,39.22188247481868,2.0027035528353183,0.16142852559770868
28,dflash2_pairwise_k16_tb8,Pairwise-MassPreserving,8,42,100,1.380952380952381,2.357142857142857,0.0,23.507735730017885,42.53918843927889,False,13.592253381093975,0.9255600955276306,0.2348760719455424,39.09453083404168,1.96714330914325,0.1564356654333616
29,dflash2_pairwise_k16_tb8,Pairwise-MassPreserving,8,29,91,2.1379310344827585,3.103448275862069,0.0,18.03890737362083,55.43573007433635,,13.569169827829244,0.9967775173396964,0.24315789703215504,39.60245044837738,2.033008275561613,0.160283309704592
30,dflash2_pairwise_k16_tb8,Pairwise-MassPreserving,8,137,386,1.8102189781021898,2.81021897810219,0.0,20.06453838342031,49.839173017123485,False,13.907153124168573,0.9500274376690483,0.23704745978190067,39.291593956497216,1.9870471094784252,0.15933394890293226
31,dflash2_pairwise_k16_tb8,Pairwise-MassPreserving,8,257,903,2.509727626459144,3.509727626459144,0.027237354085603113,15.829341981175745,63.17381993447359,,13.938664883188993,0.9335946612563328,0.2344793694207974,38.36061364974159,1.9892619768801283,0.16165708986896235
32,dflash2_pairwise_k16_tb8,Pairwise-MassPreserving,8,281,1100,2.911032028469751,3.911032028469751,0.11387900355871886,14.540749345456293,68.77224661825844,False,14.031150636881105,0.9907132811466103,0.24223166214032066,39.487619024920576,2.008018608309007,0.1613496335843094
33,dflash2_pairwise_k16_tb8,Pairwise-MassPreserving,8,227,903,2.9779735682819384,3.973568281938326,0.09691629955947137,14.212287891473931,70.36164814814286,,13.95014295182555,0.9614413122773183,0.2427716871660966,39.2153560440556,2.0053720838028224,0.16102149796934742
34,dflash2_pairwise_k16_tb8,Pairwise-MassPreserving,8,53,136,1.5471698113207548,2.547169811320755,0.0,22.174926852986733,45.09597739057752,False,13.875371660655013,1.0056612644682832,0.2439512827550061,39.60726998212642,2.008052094441944,0.16139281000985922
35,dflash2_pairwise_k16_tb8,Pairwise-MassPreserving,8,107,295,1.7570093457943925,2.7476635514018692,0.0,20.736968715258843,48.22305582513475,,14.031246990628027,1.0182223179123024,0.24849449513669378,39.68788891561247,2.0241235979483463,0.16204023417672925
36,dflash2_pairwise_k16_tb8,Pairwise-MassPreserving,8,37,79,1.135135135135135,2.108108108108108,0.0,27.090827050645355,36.91286346225366,False,13.969635730137345,1.1180720273940195,0.26245810865500085,40.25870935151328,2.064845054347471,0.16885640365512086
37,dflash2_pairwise_k16_tb8,Pairwise-MassPreserving,8,35,91,1.6,2.5714285714285716,0.0,21.97595031867712,45.504289257066205,,13.81918197210845,1.0416501997886891,0.24793294225154178,39.82673820012548,2.03977671460182,0.16219079968452985
38,dflash2_pairwise_k16_tb8,Pairwise-MassPreserving,8,169,419,1.4792899408284024,2.473372781065089,0.0,22.538626326978353,44.36827628678581,False,13.977400562622634,0.9246118287156342,0.23356939681644479,38.59991030168262,1.9852762603832645,0.1590211823470367
39,dflash2_pairwise_k16_tb8,Pairwise-MassPreserving,8,183,507,1.7704918032786885,2.7650273224043715,0.0,20.097146998024687,49.75830649486159,,13.941974633939811,0.9394813439671378,0.2363234698101929,38.40690780877291,1.9958151640453823,0.15847860677886622
40,dflash2_pairwise_k16_tb8,Pairwise-MassPreserving,8,29,106,2.6206896551724137,3.6206896551724137,0.034482758620689655,15.771121509389113,63.407031605498965,True,13.88784220762318,1.0917533446476666,0.25935417291074025,40.177250482946846,2.066647172263213,0.16332089530649305
41,dflash2_pairwise_k16_tb8,Pairwise-MassPreserving,8,44,175,2.977272727272727,3.9545454545454546,0.06818181818181818,14.411001331463922,69.39143068543568,,13.941146704878934,1.0448032502278115,0.2541432265636765,39.86083731847016,2.0506314318812326,0.1649206363006008
42,dflash2_pairwise_k16_tb8,Pairwise-MassPreserving,8,39,129,2.3076923076923075,3.282051282051282,0.02564102564102564,17.141696217049333,58.3372839734138,True,13.737455999757795,0.9823941542820719,0.24144779513918388,39.57819638479776,2.0023172559703175,0.1576451279852802
43,dflash2_pairwise_k16_tb8,Pairwise-MassPreserving,8,85,353,3.152941176470588,4.141176470588236,0.1411764705882353,13.923812773371038,71.819408683265,,14.185293423960342,1.0976186591399122,0.26065551775151535,40.04220976451453,2.0723872586934116,0.16661077594001064
44,dflash2_pairwise_k16_tb8,Pairwise-MassPreserving,8,239,764,2.196652719665272,3.192468619246862,0.02092050209205021,18.063460488219935,55.36037796590243,False,14.23782145613746,1.0701843682178744,0.2568369580856057,39.95306089961396,2.0583024517660786,0.16640396241345856
45,dflash2_pairwise_k16_tb8,Pairwise-MassPreserving,8,233,776,2.3304721030042916,3.3261802575107295,0.04721030042918455,17.282020568299483,57.86360431917933,,14.212251214572586,1.0495319786504542,0.2552595238357207,39.8221379656546,2.0533885062402892,0.164718197314151
46,dflash2_pairwise_k16_tb8,Pairwise-MassPreserving,8,63,247,2.9206349206349205,3.9047619047619047,0.031746031746031744,14.159611518200682,70.6234064906799,True,13.78145519080886,0.9211823020854758,0.23479111081946435,38.438067761908606,1.9825729999981363,0.15659801526150355
47,dflash2_pairwise_k16_tb8,Pairwise-MassPreserving,8,41,210,4.097560975609756,5.097560975609756,0.14634146341463414,10.796657009528385,92.62126222195157,,13.656259364790635,0.9116196097016743,0.23189517023416645,38.361401170443905,1.9831220247064398,0.1556531967319798
48,dflash2_pairwise_k16_tb8,Pairwise-MassPreserving,8,166,810,3.8795180722891565,4.873493975903615,0.18072289156626506,11.611924871608664,86.1183663395046,False,13.982743818869713,0.9239510664960414,0.23308210210777897,39.362462560643785,1.999654686921739,0.15870303003936556
49,dflash2_pairwise_k16_tb8,Pairwise-MassPreserving,8,24,107,3.4583333333333335,4.416666666666667,0.08333333333333333,12.499958869161206,80.00026323823445,,13.389075791868285,0.9253087088533599,0.23144254131087413,39.04650941694854,1.9810237081401283,0.15562312455585925
50,dflash2_pairwise_k16_tb8,Pairwise-MassPreserving,8,66,317,3.803030303030303,4.787878787878788,0.15151515151515152,11.729171280757406,85.2575153063521,False,13.793801817938043,0.9141305601973947,0.23243784843626517,39.259057954702506,1.9804875149874892,0.15564939464886926
51,dflash2_pairwise_k16_tb8,Pairwise-MassPreserving,8,94,473,4.0212765957446805,5.0212765957446805,0.1595744680851064,11.048247989425366,90.51208851911473,,13.85326693599246,0.9573590323270764,0.2385131281582599,38.392110936408066,1.9953574465421782,0.15723612693576836
52,dflash2_pairwise_k16_tb8,Pairwise-MassPreserving,8,12,62,4.166666666666667,5.083333333333333,0.3333333333333333,10.802419806432521,92.57185129988464,True,12.945502666601291,0.9158545841880065,0.2275335840143574,39.575598251152165,1.994313666727976,0.15369958055089228
53,dflash2_pairwise_k16_tb8,Pairwise-MassPreserving,8,69,383,4.550724637681159,5.536231884057971,0.36231884057971014,10.096173216708857,99.04742901449339,,13.73424011567756,0.9100441742887504,0.23212191286881495,39.030169260618955,1.9760635364893486,0.15843842033907582
54,dflash2_pairwise_k16_tb8,Pairwise-MassPreserving,8,72,250,2.4722222222222223,3.4583333333333335,0.027777777777777776,16.163239456014708,61.868785816192144,True,13.754266971975287,0.9111815422026363,0.23246612464491692,39.09598090275621,1.9708255135305484,0.15763816716369344
55,dflash2_pairwise_k16_tb8,Pairwise-MassPreserving,8,72,249,2.4583333333333335,3.4444444444444446,0.041666666666666664,16.253328036130487,61.525860905350626,,13.767575083066832,0.9215290135923877,0.23306555552456606,39.14864988847613,1.9811345696830864,0.15747201460827556
56,dflash2_pairwise_k16_tb8,Pairwise-MassPreserving,8,154,674,3.3766233766233764,4.37012987012987,0.11688311688311688,13.00328944659077,76.90361766592699,False,14.027507259251925,0.9198886365591935,0.23478523418178793,39.57083361064025,1.9987324544140923,0.15875336990197333
57,dflash2_pairwise_k16_tb8,Pairwise-MassPreserving,8,110,609,4.527272727272727,5.527272727272727,0.3,10.243270034479433,97.62507447660198,,13.954718336489433,0.9180231276497414,0.2339025545965838,39.43984376363171,2.00495413664612,0.1590258173316463
58,dflash2_pairwise_k16_tb8,Pairwise-MassPreserving,8,75,253,2.3733333333333335,3.36,0.05333333333333334,16.96379941105571,58.94905827218614,False,14.032041306588022,0.9368280928659564,0.23438457312295213,39.851676333249394,2.0085989468498155,0.16102076061846068
59,dflash2_pairwise_k16_tb8,Pairwise-MassPreserving,8,222,686,2.09009009009009,3.0855855855855854,0.009009009009009009,18.41245797959478,54.31105402158848,,14.046424617025968,0.925609518031575,0.23472300882850824,39.529650292401506,1.9995917927362088,0.1601547079222688
60,dflash2_pairwise_k16_tb8,Pairwise-MassPreserving,8,59,386,5.5423728813559325,6.52542372881356,0.6101694915254238,8.559311443011348,116.83182773031317,True,13.890377728769682,0.9130283559266067,0.23279927083452912,38.801950695445974,2.0012012031718585,0.15884981368830176
61,dflash2_pairwise_k16_tb8,Pairwise-MassPreserving,8,100,629,5.29,6.28,0.47,9.02999571383622,110.74202377170002,,13.961598129753838,0.9132822793617379,0.2362920496670995,39.52469465031754,2.004447419894859,0.15835851103474852
62,dflash2_pairwise_k16_tb8,Pairwise-MassPreserving,8,16,74,3.625,4.5625,0.125,12.185966648708877,82.06160650422851,True,13.267782188904675,0.9183046872749401,0.2350617492083984,39.78371143875847,1.9996233745587233,0.15561231157334987
63,dflash2_pairwise_k16_tb8,Pairwise-MassPreserving,8,16,75,3.6875,4.625,0.1875,11.983397613318326,83.44878741973828,,13.26427781214079,0.9208315000250877,0.23078037611412583,39.59873137591785,1.9948484364249452,0.16270681180685642
64,dflash2_pairwise_k16_tb8,Pairwise-MassPreserving,8,53,318,5.0,5.981132075471698,0.37735849056603776,9.468839295590465,105.60956509903902,False,13.874430848721564,0.9150847365403161,0.23300869814295955,39.62751788708803,2.0023292653484464,0.1606643377014717
65,dflash2_pairwise_k16_tb8,Pairwise-MassPreserving,8,66,354,4.363636363636363,5.348484848484849,0.2878787878787879,10.563341776850583,94.66701173973999,,13.871376211957823,0.91702815133789,0.23546575737947767,39.47439996960439,2.0009295455538174,0.1587244400015443
66,dflash2_pairwise_k16_tb8,Pairwise-MassPreserving,8,76,383,4.0394736842105265,5.026315789473684,0.15789473684210525,11.13350880417399,89.81894365818407,False,13.76480457934361,0.909475315558283,0.2327933551369872,39.06642847323383,1.9757156980248463,0.15780721026347141
67,dflash2_pairwise_k16_tb8,Pairwise-MassPreserving,8,159,884,4.553459119496855,5.553459119496855,0.41509433962264153,10.285514306560305,97.22411249403252,,14.090842087628648,0.9152232451930367,0.23578291182492642,39.75805935221827,2.0245960755723984,0.16036832126907408
68,dflash2_pairwise_k16_tb8,Pairwise-MassPreserving,8,67,370,4.522388059701493,5.507462686567164,0.2835820895522388,10.30014178647213,97.0860421856879,False,13.93833797040166,0.9164230601771721,0.2327693586972709,39.63781007432636,1.996039000575243,0.16000055066838081
69,dflash2_pairwise_k16_tb8,Pairwise-MassPreserving,8,15,79,4.266666666666667,5.2,0.2,10.457035493679621,95.62939712736119,,13.125969398727952,0.90909320084999,0.23049519950291142,38.65028106568692,2.0048865330560752,0.15299486888883015
70,dflash2_pairwise_k16_tb8,Pairwise-MassPreserving,8,42,237,4.642857142857143,5.619047619047619,0.35714285714285715,10.06536964978065,99.35054894102102,False,13.796197214452107,0.9124895950662903,0.2302399287665529,39.7096647383088,1.9905615244213204,0.15829002274715873
71,dflash2_pairwise_k16_tb8,Pairwise-MassPreserving,8,100,597,4.97,5.96,0.44,9.540296934677738,104.81854043401209,,13.978517039940925,0.9143563098768936,0.23382012004731223,39.670983639734914,2.0000530693505425,0.15784252107550856
72,dflash2_pairwise_k16_tb8,Pairwise-MassPreserving,8,62,325,4.241935483870968,5.225806451612903,0.24193548387096775,10.859026812316957,92.08928362399293,False,13.887333984096204,0.9149819353854494,0.23325661377091292,39.7341349349928,1.9944115488361869,0.1581989507089489
73,dflash2_pairwise_k16_tb8,Pairwise-MassPreserving,8,43,283,5.5813953488372094,6.558139534883721,0.5581395348837209,8.523560851585495,117.32185848288826,,13.606687557618242,0.9059745589606897,0.2331675111849489,39.211362256156825,1.9816490687865786,0.15808279144843002
74,dflash2_pairwise_k16_tb8,Pairwise-MassPreserving,8,54,299,4.537037037037037,5.518518518518518,0.2777777777777778,10.185834581938995,98.17555861089177,False,13.768147425623654,0.9221643337729836,0.23492694419002402,39.33475370366877,1.9796551672765486,0.15969575879690065
75,dflash2_pairwise_k16_tb8,Pairwise-MassPreserving,8,41,283,5.902439024390244,6.878048780487805,0.5609756097560976,8.131143780900931,122.98392783914097,,13.601313219135967,0.9126939513385524,0.23337931758383426,39.239736926946335,1.97691790242793,0.16068282878599924
76,dflash2_pairwise_k16_tb8,Pairwise-MassPreserving,8,33,166,4.03030303030303,5.0,0.2727272727272727,11.148628493985202,89.69713185254224,True,13.533788423845897,0.9117263627668956,0.23328403040068224,39.26501254450572,1.9792486969946008,0.15791963850267293
77,dflash2_pairwise_k16_tb8,Pairwise-MassPreserving,8,67,387,4.776119402985074,5.7611940298507465,0.417910447761194,9.79824897932287,102.0590517867313,,13.828898536900594,0.9485657165937279,0.23617719472976706,39.40663383541709,2.015005433132677,0.16057532797167912
78,dflash2_pairwise_k16_tb8,Pairwise-MassPreserving,8,33,212,5.424242424242424,6.393939393939394,0.42424242424242425,8.734851537739369,114.483914887328,False,13.547156151616946,0.904489756397776,0.23373300020025592,39.29752348410671,1.9748492424806692,0.15705218340206722
79,dflash2_pairwise_k16_tb8,Pairwise-MassPreserving,8,130,772,4.930769230769231,5.930769230769231,0.46923076923076923,9.658885738338732,103.5316109011135,,14.093875653578344,0.9949893306699008,0.24750513839535415,39.8291486234834,2.0309902695701636,0.1624124458220859
80,dflash2_pairwise_k16_tb8,Pairwise-MassPreserving,8,145,549,2.786206896551724,3.779310344827586,0.041379310344827586,14.862521602918491,67.28333365743497,False,14.046506137850068,0.9228324831728342,0.23462048301208316,38.90474887548721,2.005068641577462,0.158805172019317
81,dflash2_pairwise_k16_tb8,Pairwise-MassPreserving,8,158,653,3.132911392405063,4.1265822784810124,0.1518987341772152,13.855929477795923,72.17126801940616,,14.107674101195917,0.9258079428289858,0.2358398101196029,39.81448893655052,2.022070468459028,0.15944753198986106
82,dflash2_pairwise_k16_tb8,Pairwise-MassPreserving,8,79,374,3.7341772151898733,4.7215189873417724,0.12658227848101267,12.074538812838602,82.81889813768466,False,13.995407227941795,0.9233007588625674,0.2347750124511238,39.84234574675646,2.006314405040444,0.16086338061391364
83,dflash2_pairwise_k16_tb8,Pairwise-MassPreserving,8,86,489,4.686046511627907,5.674418604651163,0.4069767441860465,10.261951437625168,97.44735258963777,,14.267503697801446,1.1345520230628778,0.26326150031689943,40.423875813863816,2.0942788953191687,0.16646124403937287
84,dflash2_pairwise_k16_tb8,Pairwise-MassPreserving,8,120,498,3.15,4.141666666666667,0.16666666666666666,13.766212226902686,72.6416230926431,True,14.215769458375386,1.0724041671589173,0.2589249415298885,39.3498998748934,2.066383541750838,0.16639875793771353
85,dflash2_pairwise_k16_tb8,Pairwise-MassPreserving,8,64,311,3.859375,4.84375,0.25,11.599714810288267,86.20901602796809,,13.964018421802393,1.0184018282188845,0.24693554644272808,38.93935212465749,2.03673940598037,0.16191682914268313
86,dflash2_pairwise_k16_tb8,Pairwise-MassPreserving,8,80,414,4.175,5.1625,0.275,10.719337628031367,93.28934629178693,False,13.77793132505758,0.910658925295138,0.23204107510537142,38.41502971254158,1.9795444122792105,0.15736677478344063
87,dflash2_pairwise_k16_tb8,Pairwise-MassPreserving,8,215,1087,4.055813953488372,5.051162790697674,0.3302325581395349,11.353878226314766,88.07563196180054,,14.146190530486502,1.023501381521698,0.2500938555512707,39.782025325477534,2.0383817302117255,0.16290313956127395
88,dflash2_pairwise_k16_tb8,Pairwise-MassPreserving,8,199,791,2.9748743718592965,3.969849246231156,0.09045226130653267,14.249494227554013,70.17792940793059,False,13.951257713772028,0.9438194268767431,0.2452213418141742,39.3423388542677,1.9967366582447845,0.16057542208599712
89,dflash2_pairwise_k16_tb8,Pairwise-MassPreserving,8,200,787,2.935,3.93,0.085,14.483876271919112,69.04229097418961,,14.048792454996146,0.9225633299138281,0.23327077014982933,39.62744554999517,2.0027586796641117,0.1592223452826147
90,dflash2_pairwise_k16_tb8,Pairwise-MassPreserving,8,220,964,3.381818181818182,4.377272727272727,0.11818181818181818,13.042235228212993,76.67397363274033,False,14.097414709249279,0.9276495364081877,0.23642933612625877,39.723771791184184,2.00366420467617,0.1597738768892172
91,dflash2_pairwise_k16_tb8,Pairwise-MassPreserving,8,168,611,2.636904761904762,3.630952380952381,0.05357142857142857,15.608639584286172,64.06708250261215,,14.01715789879312,0.9198529343761731,0.23410476158113896,39.43933233339131,1.996924708302166,0.15976299450163164
92,dflash2_pairwise_k16_tb8,Pairwise-MassPreserving,8,124,563,3.5403225806451615,4.532258064516129,0.1774193548387097,12.386563946713187,80.73263935841975,False,13.834264290703539,0.9149323229188843,0.23166257256713335,39.11419500828713,1.985895242415286,0.15804654697515821
93,dflash2_pairwise_k16_tb8,Pairwise-MassPreserving,8,186,795,3.274193548387097,4.268817204301075,0.13978494623655913,13.140203115719212,76.1023243852092,,13.87122655354668,0.9205615161170166,0.233282666471574,38.99545515612831,1.9839269515741567,0.1593185378653523
94,dflash2_pairwise_k16_tb8,Pairwise-MassPreserving,8,291,1333,3.5807560137457046,4.577319587628866,0.140893470790378,12.444993656410777,80.35359660347204,False,14.100523075569722,0.9216463818479669,0.23500672880603365,39.584606855531035,2.005919309243355,0.15977718163268878
95,dflash2_pairwise_k16_tb8,Pairwise-MassPreserving,8,257,1091,3.245136186770428,4.2412451361867705,0.13229571984435798,13.404669857006239,74.60086750867113,,14.072716750952203,0.9190890702098727,0.23584362234492653,39.517298957130485,1.9998943072708382,0.15980637377963297
96,dflash2_pairwise_k16_tb8,Pairwise-MassPreserving,8,153,668,3.366013071895425,4.359477124183006,0.10457516339869281,13.129101699104613,76.1666733123256,False,14.136246986952733,0.9344935682438636,0.23669026815066163,39.837149496628136,2.0169576666994304,0.16029165386035124
97,dflash2_pairwise_k16_tb8,Pairwise-MassPreserving,8,234,1005,3.2948717948717947,4.2905982905982905,0.1452991452991453,13.144283281589699,76.0787011795943,,13.97703820074616,0.9474490554846573,0.23838545744999862,39.125913260677486,2.00311614140897,0.16110941413720337
98,dflash2_pairwise_k16_tb8,Pairwise-MassPreserving,8,144,642,3.4583333333333335,4.451388888888889,0.16666666666666666,12.6717027227432,78.91599273436219,False,13.923524389459393,0.9146854793774158,0.233591326782011,39.27424676354955,1.9899661739752144,0.1586605057531819
99,dflash2_pairwise_k16_tb8,Pairwise-MassPreserving,8,147,673,3.578231292517007,4.571428571428571,0.25170068027210885,12.296097780090294,81.32661417341598,,13.887393829853474,0.9127845849582868,0.23300193182270354,39.11045297941107,1.992870972837879,0.1578753337748729
100,dflash2_pairwise_k16_tb8,Pairwise-MassPreserving,8,4,14,2.5,3.25,0.0,15.148239856768798,66.0142702687113,True,10.504930998649797,0.9351342487207148,0.22864774655317888,39.22316624993982,1.9820639990939526,0.14489625573332887
101,dflash2_pairwise_k16_tb8,Pairwise-MassPreserving,8,35,218,5.228571428571429,6.2,0.5428571428571428,8.90373683946689,112.31239400151397,,13.637490743297219,0.906917114999877,0.23209511377249978,38.53704591497912,1.9867715425789356,0.1572404561946897
102,dflash2_pairwise_k16_tb8,Pairwise-MassPreserving,8,4,16,3.0,3.75,0.0,13.259693062536826,75.41652701036817,True,10.50691550153715,0.922131999686826,0.2345610009797383,39.236353752130526,1.9903795000573155,0.14843049575574696
103,dflash2_pairwise_k16_tb8,Pairwise-MassPreserving,8,7,30,3.142857142857143,4.142857142857143,0.14285714285714285,12.726969233335694,78.57330222663731,,11.989264571249285,0.9103082858408535,0.23470643022197432,39.26831857305452,1.9855601411628803,0.15599585562345705
104,dflash2_pairwise_k16_tb8,Pairwise-MassPreserving,8,13,80,5.153846153846154,6.076923076923077,0.23076923076923078,9.005979437552014,111.03733990667625,True,12.933234309737319,0.9129533063969575,0.23194876736782205,39.19407169283099,1.9942982298044416,0.15490561725947863
105,dflash2_pairwise_k16_tb8,Pairwise-MassPreserving,8,28,173,5.142857142857143,6.142857142857143,0.6071428571428571,9.057314132947226,110.4080067580258,,13.487469214721516,0.9075717150283579,0.23423853651495716,39.186687642671004,1.987744677275519,0.1575505352125869
106,dflash2_pairwise_k16_tb8,Pairwise-MassPreserving,8,32,162,4.0625,5.03125,0.28125,11.150109074038976,89.68522131575557,True,13.622047157014094,0.9113575008541375,0.23347953197117022,39.477553406641164,2.0435388130408683,0.15945077780088468
107,dflash2_pairwise_k16_tb8,Pairwise-MassPreserving,8,85,577,5.788235294117647,6.776470588235294,0.5764705882352941,8.252710863084136,121.17230526919104,,13.766871152877096,0.9059830697986078,0.23312807110521724,38.97894442309146,1.9787973648122072,0.15761907125124708
108,dflash2_pairwise_k16_tb8,Pairwise-MassPreserving,8,16,103,5.4375,6.375,0.5,8.60872854367328,116.16117234117218,True,13.085608938581572,0.8994476252155437,0.22959981242820504,39.077017250292556,1.972290999674442,0.15472537370441602
109,dflash2_pairwise_k16_tb8,Pairwise-MassPreserving,8,13,60,3.6153846153846154,4.538461538461538,0.07692307692307693,11.986345416638263,83.42826484975967,,12.895173846538036,0.9115619994610404,0.23194600082486153,39.14431223025671,1.986669230973348,0.15193092258414254
110,dflash2_pairwise_k16_tb8,Pairwise-MassPreserving,8,5,15,2.0,2.8,0.0,18.89064146671444,52.93626485696704,True,11.827005200029816,1.2089865995221771,0.2740845986409113,41.05500360165024,2.1432768015074544,0.1635675987927243
111,dflash2_pairwise_k16_tb8,Pairwise-MassPreserving,8,5,18,2.4,3.4,0.0,14.903749722482948,67.0972083281469,,11.189978598849848,0.9189240008709021,0.22930080158403143,39.18068740022136,1.9817331995000131,0.15287499991245568
112,dflash2_pairwise_k16_tb8,Pairwise-MassPreserving,8,15,73,3.8666666666666667,4.8,0.2,11.572551397265459,86.41136821706365,True,13.261377134282762,1.0055230663662467,0.2469177333599267,39.61990906682331,2.0250457998675606,0.16097733265875527
113,dflash2_pairwise_k16_tb8,Pairwise-MassPreserving,8,8,33,3.125,4.0,0.25,13.255048818378285,75.44295111259703,,12.213386001349136,0.9222897524523432,0.22903862645762274,39.18021899971791,1.9819272520180675,0.15021574381535174
114,dflash2_pairwise_k16_tb8,Pairwise-MassPreserving,8,13,41,2.1538461538461537,3.076923076923077,0.0,17.702407829347067,56.48949056196746,True,12.992232229757624,1.0012446929557393,0.2399859233544423,39.42818469211208,2.012260692516485,0.15676261570591193
115,dflash2_pairwise_k16_tb8,Pairwise-MassPreserving,8,7,31,3.4285714285714284,4.285714285714286,0.14285714285714285,12.373629645275463,80.81703014133957,,12.02892142984118,0.9732917117487107,0.2385502864074494,39.40590685773974,1.9996767129798951,0.15115571607436454
116,dflash2_pairwise_k16_tb8,Pairwise-MassPreserving,8,15,55,2.6666666666666665,3.6,0.0,15.508975545394193,64.47879146324252,True,13.343598533053106,1.0467705331393518,0.24827320012263954,40.01086913437272,2.0556666000629775,0.1610656656945745
117,dflash2_pairwise_k16_tb8,Pairwise-MassPreserving,8,14,55,2.9285714285714284,3.857142857142857,0.0,14.13046609099679,70.76907396827829,,12.978778855800297,0.9209642859267271,0.23142692901144205,39.24142957267967,1.9847647152866037,0.15518099878266053
118,dflash2_pairwise_k16_tb8,Pairwise-MassPreserving,8,11,75,5.818181818181818,6.7272727272727275,0.45454545454545453,8.079171079928832,123.77507421328288,True,12.674096726352053,0.9063819088623859,0.22943190825489265,39.138837183682796,1.9843350918646054,0.15217454413438894
119,dflash2_pairwise_k16_tb8,Pairwise-MassPreserving,8,21,123,4.857142857142857,5.809523809523809,0.47619047619047616,10.395738032501669,96.19326659382511,,14.631368000534296,0.9816076188664218,0.24832199969317853,42.674289666701085,2.1816672863982,0.17206818960230089
120,dflash2_pairwise_k16_tb8,Pairwise-MassPreserving,8,187,690,2.6898395721925135,3.6844919786096257,0.0481283422459893,15.24196219855356,65.60835061609708,False,13.878364663167712,0.9147826152094789,0.23298603768135487,39.076818791445326,1.9787994167411993,0.15864375384025187
121,dflash2_pairwise_k16_tb8,Pairwise-MassPreserving,8,256,988,2.859375,3.85546875,0.1328125,14.717942825911804,67.94427807121531,,14.037064605759042,0.9859834374594811,0.24434867583522646,39.35065781206504,2.0213692034474207,0.16263685918715964
122,dflash2_pairwise_k16_tb8,Pairwise-MassPreserving,8,172,658,2.8255813953488373,3.8197674418604652,0.09302325581395349,14.678483276592926,68.12692981669653,False,14.039548708963192,0.919444145670981,0.2334853950657795,38.80687554082278,1.9949801628045376,0.15939858154567002
123,dflash2_pairwise_k16_tb8,Pairwise-MassPreserving,8,384,1388,2.6145833333333335,3.6119791666666665,0.046875,15.713339739911738,63.64019467230185,,14.061371265389274,0.9215460861279704,0.23456462766565286,39.42314700282168,1.997535450736147,0.15901150214858717
124,dflash2_pairwise_k16_tb8,Pairwise-MassPreserving,8,193,647,2.3523316062176165,3.3471502590673574,0.031088082901554404,16.994912693973514,58.8411378161775,False,14.062227010383111,0.920733139871914,0.2358930622824043,39.601506036374516,1.992848870403874,0.15937484960057266
125,dflash2_pairwise_k16_tb8,Pairwise-MassPreserving,8,314,1226,2.9044585987261144,3.9012738853503186,0.06050955414012739,14.544974863787248,68.75226732015253,,14.047284602273958,0.9203469426616593,0.23465135055416186,39.43341740416874,1.994460127479545,0.16009174803124332
126,dflash2_pairwise_k16_tb8,Pairwise-MassPreserving,8,189,580,2.068783068783069,3.0634920634920637,0.021164021164021163,18.130834255172324,55.1546600628552,True,13.916212634987902,0.9240158303842816,0.24342766107385239,38.40929523332749,1.987245153277255,0.1594006721341273
127,dflash2_pairwise_k16_tb8,Pairwise-MassPreserving,8,72,323,3.486111111111111,4.472222222222222,0.25,12.497440458197167,80.01638442246727,,13.756806998875012,0.9174147086620602,0.23217006916335473,39.014994153047965,1.9856253881395485,0.1578951820799072
128,dflash2_pairwise_k16_tb8,Pairwise-MassPreserving,8,146,572,2.9178082191780823,3.910958904109589,0.1095890410958904,14.55997022552307,68.68145913149179,True,14.05704570504596,0.9617032604818296,0.2390196848814599,39.61679241811372,2.0072006988052076,0.16140925321426586
129,dflash2_pairwise_k16_tb8,Pairwise-MassPreserving,8,137,610,3.4525547445255476,4.445255474452555,0.18248175182481752,12.826638013116355,77.96275212393246,,14.097647685937865,0.980619510818854,0.24389566384794625,39.5938022189432,2.03391557681947,0.1614272852456299
130,dflash2_pairwise_k16_tb8,Pairwise-MassPreserving,8,231,901,2.9004329004329006,3.896103896103896,0.11255411255411256,14.575706537179252,68.60730884291829,False,14.05314156254935,0.9360184331219925,0.23524227265613273,39.46621300029852,2.0007023507692887,0.1602477052735842
131,dflash2_pairwise_k16_tb8,Pairwise-MassPreserving,8,108,384,2.5555555555555554,3.5462962962962963,0.10185185185185185,15.9076221328102,62.86294655801851,,13.929475370214615,0.9249186201756217,0.2356905558068926,39.32132476856404,1.9926232870164784,0.15640164821417313
132,dflash2_pairwise_k16_tb8,Pairwise-MassPreserving,8,326,954,1.9263803680981595,2.923312883435583,0.012269938650306749,19.19018755869876,52.10996489436123,False,13.881491245201072,0.9164933835340526,0.23213393850615563,38.99257689228059,1.9766966045390961,0.15839606783662757
133,dflash2_pairwise_k16_tb8,Pairwise-MassPreserving,8,430,1447,2.3651162790697673,3.3627906976744186,0.04883720930232558,16.66531383828988,60.00487057749976,,13.890477995182453,0.9316513370681923,0.2334027769731704,38.88879543932447,1.9772868231040437,0.15910452138360975
134,dflash2_pairwise_k16_tb8,Pairwise-MassPreserving,8,254,797,2.1377952755905514,3.1338582677165356,0.03937007874015748,18.123979112925433,55.17552154354628,False,14.051586440931658,1.0005022045584693,0.24131490949446915,39.40464648031758,2.0091957048002875,0.1620902953367849
135,dflash2_pairwise_k16_tb8,Pairwise-MassPreserving,8,207,823,2.975845410628019,3.971014492753623,0.06763285024154589,14.192786394894778,70.45832806725714,,13.936897685883762,0.9446459177924783,0.23771383079609065,39.151958173560146,1.995786951949307,0.16132209218441226
136,dflash2_pairwise_k16_tb8,Pairwise-MassPreserving,8,306,963,2.1437908496732025,3.1437908496732025,0.032679738562091505,17.844556298031414,56.03949929034204,False,13.886867722046897,0.9240583168362493,0.2336612159720686,38.977861574904615,1.9758026240856899,0.15961689584157307
137,dflash2_pairwise_k16_tb8,Pairwise-MassPreserving,8,234,831,2.547008547008547,3.547008547008547,0.021367521367521368,15.778733541512084,63.37644256233314,,13.86789540573283,0.9158574873728291,0.23375634620419872,38.87840701263019,1.9790274915051582,0.1597894744887355
138,dflash2_pairwise_k16_tb8,Pairwise-MassPreserving,8,99,280,1.8282828282828283,2.8181818181818183,0.030303030303030304,19.91991759641678,50.201010880681615,False,13.846145303110884,0.9319092626383556,0.23356095937402882,39.18790658637517,1.9818847680598441,0.15775399919625166
139,dflash2_pairwise_k16_tb8,Pairwise-MassPreserving,8,170,560,2.2941176470588234,3.288235294117647,0.0,17.029850042854378,58.720423109045164,,13.835567093979883,0.91919708857484,0.23246060578351127,38.973195888256136,1.9798198353622438,0.15808904097545617
140,dflash2_pairwise_k16_tb8,Pairwise-MassPreserving,8,372,1372,2.6881720430107525,3.685483870967742,0.05913978494623656,15.258383833815836,65.5377404901682,False,13.914482201735447,0.9181054998427048,0.23283157022360096,39.06738581717554,1.983303472966767,0.15943611546273104
141,dflash2_pairwise_k16_tb8,Pairwise-MassPreserving,8,189,622,2.2857142857142856,3.2857142857142856,0.031746031746031744,16.849267680060017,59.34976041620095,,13.898034661511826,0.9163544813870753,0.2329944495204713,38.25815431720537,1.9863354704400067,0.1591557045772095
142,dflash2_pairwise_k16_tb8,Pairwise-MassPreserving,8,252,825,2.2738095238095237,3.2698412698412698,0.047619047619047616,17.400626055755172,57.46919661371925,False,14.091705130715763,0.9266375115932157,0.2337584760786581,39.556686765925924,1.997815631093256,0.15973178617261713
143,dflash2_pairwise_k16_tb8,Pairwise-MassPreserving,8,186,448,1.4086021505376345,2.403225806451613,0.0,23.562443225452107,42.44042056384891,,14.0234308388655,0.9253139031634126,0.2338599998213511,39.410468596601746,2.000616951502912,0.15886113478993666
144,dflash2_pairwise_k16_tb8,Pairwise-MassPreserving,8,354,1052,1.9717514124293785,2.968926553672316,0.011299435028248588,19.17631105607834,52.14767308872103,False,14.124892172458717,0.9273029264287252,0.23451754513790563,39.542101466102366,1.9981351494715132,0.16028020648668848
145,dflash2_pairwise_k16_tb8,Pairwise-MassPreserving,8,308,971,2.1525974025974026,3.1493506493506493,0.012987012987012988,17.854557575689554,56.00810861656869,,13.936413379718493,0.9367546331127592,0.23639938612555475,39.03171205177847,1.9873856982520883,0.15956668865730134
146,dflash2_pairwise_k16_tb8,Pairwise-MassPreserving,8,443,1448,2.2686230248306996,3.2663656884875847,0.045146726862302484,17.582359608421843,56.87518753290691,False,14.253187968656993,0.9406697135836487,0.23785245382231207,39.852308966191835,2.023813794489212,0.16227255019692507
147,dflash2_pairwise_k16_tb8,Pairwise-MassPreserving,8,324,1210,2.734567901234568,3.7314814814814814,0.06790123456790123,15.163966490079414,65.94580650479682,,14.044765493671559,0.9267914845420617,0.23360529934350016,39.268051768638905,1.9975533735159394,0.16009508953523177
148,dflash2_pairwise_k16_tb8,Pairwise-MassPreserving,8,193,545,1.8186528497409327,2.8186528497409324,0.025906735751295335,20.25765323486241,49.3640595189501,False,14.160709030700938,0.9342445182153193,0.23584624345551866,39.70487670471694,2.0066764767940994,0.16190097948513354
149,dflash2_pairwise_k16_tb8,Pairwise-MassPreserving,8,321,1106,2.445482866043614,3.4423676012461057,0.04672897196261682,16.669096267630792,59.99125471138285,,14.23887971662075,0.9367534547100914,0.23635405906301277,39.830948872172755,2.0287527973931194,0.16139668259371473
150,dflash2_pairwise_k16_tb8,Pairwise-MassPreserving,8,236,726,2.0762711864406778,3.0720338983050848,0.0211864406779661,18.5294271611606,53.9682091250016,False,14.097161538055675,0.9347538902055299,0.2361347206885003,39.56456605904396,2.007585203300242,0.1613414658357338
151,dflash2_pairwise_k16_tb8,Pairwise-MassPreserving,8,309,990,2.2006472491909386,3.2006472491909386,0.016181229773462782,17.831662456562913,56.080020717975835,,14.150585828382525,0.9324846893411829,0.23580375381328714,39.634758301080595,2.0163144499188195,0.1606220130535132
152,dflash2_pairwise_k16_tb8,Pairwise-MassPreserving,8,120,342,1.85,2.841666666666667,0.025,19.781969035089755,50.55108509300438,False,13.90278004182619,0.924286083621458,0.23502836678138314,39.184091300315536,1.9739399998798035,0.15848595758142606
153,dflash2_pairwise_k16_tb8,Pairwise-MassPreserving,8,342,1288,2.7660818713450293,3.763157894736842,0.10526315789473684,15.12180967934876,66.12965122591507,,14.108994698880563,0.9300597922601438,0.23481705569293165,39.50617147660395,2.0092210819371514,0.16070918995040817
154,dflash2_pairwise_k16_tb8,Pairwise-MassPreserving,8,240,666,1.775,2.7708333333333335,0.0125,20.43194506457128,48.94296636172866,False,14.038575883508505,0.9769254246445295,0.24061095843232275,39.2861808957908,1.9932934998905694,0.1630608919185761
155,dflash2_pairwise_k16_tb8,Pairwise-MassPreserving,8,302,855,1.8311258278145695,2.827814569536424,0.009933774834437087,19.783648366082325,50.54679407436445,,13.886023195765354,0.9178785792827939,0.23361037762655218,38.84137269198244,1.9713667584105166,0.15974625454951905
156,dflash2_pairwise_k16_tb8,Pairwise-MassPreserving,8,402,1158,1.8805970149253732,2.8781094527363185,0.01990049751243781,19.57758921416323,51.07881205703096,False,13.970758970169495,0.9238230276382841,0.23327476350939252,39.12586657223535,1.981781723675815,0.15963999252544545
157,dflash2_pairwise_k16_tb8,Pairwise-MassPreserving,8,281,991,2.526690391459075,3.5231316725978647,0.060498220640569395,16.112764009082063,62.06259828768941,,14.078133480367127,0.9283734518339446,0.23521460865452734,39.41707772204758,2.0057340637798124,0.16019668399432535
158,dflash2_pairwise_k16_tb8,Pairwise-MassPreserving,8,241,710,1.946058091286307,2.9419087136929463,0.03734439834024896,19.181397133797873,52.13384577904322,False,13.976746701078222,0.9528768715121169,0.23839734015861697,39.19365162244095,1.9868766017733006,0.16096109123798355
159,dflash2_pairwise_k16_tb8,Pairwise-MassPreserving,8,67,178,1.6567164179104477,2.6417910447761193,0.014925373134328358,21.11024597750943,47.37036229068039,,13.776164626574088,0.9469055368021172,0.23301168642034614,38.9840345224409,1.9870731791085217,0.15674752323130675
0,dflash2_pairwise_k16_tb16,Pairwise-MassPreserving,16,334,938,1.8083832335329342,2.805389221556886,0.0029940119760479044,20.106798484008316,49.73442195660026,False,13.923548640933204,1.2227859882689096,0.2370874130729625,38.92935919166284,1.9911998981311234,0.16361461044533157
1,dflash2_pairwise_k16_tb16,Pairwise-MassPreserving,16,101,319,2.1485148514851486,3.1485148514851486,0.0,18.072260633227963,55.333420665778974,,14.041952187950967,1.2072740895800422,0.23698815882856045,39.41494777224068,2.014873099169293,0.16367896945540802
2,dflash2_pairwise_k16_tb16,Pairwise-MassPreserving,16,18,84,3.6666666666666665,4.611111111111111,0.16666666666666666,12.778794726164918,78.25464149232116,True,14.107530889305053,1.2421861667664618,0.24769394440227188,41.75909705413182,2.1108115001374648,0.16705583402654156
3,dflash2_pairwise_k16_tb16,Pairwise-MassPreserving,16,84,356,3.238095238095238,4.226190476190476,0.09523809523809523,13.714872446614075,72.91354723804812,,14.26107539234744,1.2071904516882828,0.2385133457643124,40.21066142818849,2.041922047543007,0.165572941547171
4,dflash2_pairwise_k16_tb16,Pairwise-MassPreserving,16,75,217,1.8933333333333333,2.88,0.02666666666666667,19.661416165890927,50.86103623272177,False,13.92917694679151,1.2031491866218857,0.23768681334331632,39.35633143992163,1.9997878663707525,0.1608985202619806
5,dflash2_pairwise_k16_tb16,Pairwise-MassPreserving,16,17,44,1.5294117647058822,2.5294117647058822,0.0,21.450105749946403,46.619816781206254,,13.107555881587734,1.1804701750995317,0.23074511751902343,38.865642941399365,1.9766585302183075,0.15684811874320181
6,dflash2_pairwise_k16_tb16,Pairwise-MassPreserving,16,67,191,1.8507462686567164,2.8358208955223883,0.0,19.666072371731516,50.84899420168025,False,13.710990835045493,1.182810925212237,0.230891939336017,38.80845459717597,1.970579775476849,0.15925436059999934
7,dflash2_pairwise_k16_tb16,Pairwise-MassPreserving,16,62,259,3.1774193548387095,4.161290322580645,0.22580645161290322,13.61516825095719,73.44749485043616,,13.899351161648331,1.1791649194492493,0.2342974033625421,39.40465224173573,1.9980532092778314,0.1607484354603765
8,dflash2_pairwise_k16_tb16,Pairwise-MassPreserving,16,61,148,1.4262295081967213,2.4098360655737703,0.0,23.218807486439285,43.068534014248584,False,13.775310852444639,1.1925949667605236,0.23260836076319646,38.99079186891465,1.9835633439008056,0.1592864759541193
9,dflash2_pairwise_k16_tb16,Pairwise-MassPreserving,16,58,213,2.6724137931034484,3.6551724137931036,0.15517241379310345,15.253441427235039,65.55897597079297,,13.685123638173662,1.1753167413628725,0.23098832815745043,38.78806443164398,1.9759393795413478,0.16151617079419245
10,dflash2_pairwise_k16_tb16,Pairwise-MassPreserving,16,77,190,1.4675324675324675,2.4545454545454546,0.0,22.683939768428804,44.08405286773801,False,13.720581234019257,1.1857234417988507,0.23122206502276557,38.707978298601105,1.9671770649721738,0.16067576573484324
11,dflash2_pairwise_k16_tb16,Pairwise-MassPreserving,16,84,199,1.369047619047619,2.357142857142857,0.0,23.36653300504558,42.79625050854006,,13.778134106749869,1.2072306783790867,0.23466955973985715,37.99564411877197,1.9801342737732088,0.16061664358685016
12,dflash2_pairwise_k16_tb16,Pairwise-MassPreserving,16,242,736,2.041322314049587,3.0371900826446283,0.008264462809917356,18.714238179348325,53.435250231213125,False,14.03484559921723,1.2950718595344701,0.24736581025919338,39.150000235633705,2.0232178928779847,0.16552876776819356
13,dflash2_pairwise_k16_tb16,Pairwise-MassPreserving,16,133,793,4.962406015037594,5.954887218045113,0.39097744360902253,9.523893355612199,104.99907576251097,,13.99789990999918,1.2412533158881947,0.2480941508192905,39.095964661593236,2.037229458670153,0.16487753310868605
14,dflash2_pairwise_k16_tb16,Pairwise-MassPreserving,16,38,108,1.8157894736842106,2.8157894736842106,0.0,20.319697046269773,49.21333215366894,False,13.966949421285934,1.412005420685378,0.2591310786604146,39.88745805231462,2.057542289166074,0.16763165886483253
15,dflash2_pairwise_k16_tb16,Pairwise-MassPreserving,16,5,9,0.6,1.6,0.0,30.687146222691,32.58693371951837,,11.486269799934234,1.4239331998396665,0.2569942007539794,39.85868780000601,2.0531127986032516,0.1578654017066583
16,dflash2_pairwise_k16_tb16,Pairwise-MassPreserving,16,75,264,2.52,3.506666666666667,0.04,16.192224136389225,61.75803840021414,False,13.95938737327621,1.3037020932339753,0.24975834715102488,39.2971259605838,2.0220595603071465,0.1645956255379133
17,dflash2_pairwise_k16_tb16,Pairwise-MassPreserving,16,20,74,2.7,3.65,0.05,14.802141175636821,67.5577937093265,,13.234192050003912,1.1785203001636546,0.23166325081547257,37.98121770014404,1.9833524998830399,0.15897654884611256
18,dflash2_pairwise_k16_tb16,Pairwise-MassPreserving,16,17,87,4.117647058823529,5.0588235294117645,0.11764705882352941,11.28196718391023,88.63702435034108,True,13.64910970604636,1.4312281765502548,0.26696629399392646,40.122521941050174,2.0955353530178615,0.17176470582318656
19,dflash2_pairwise_k16_tb16,Pairwise-MassPreserving,16,11,87,6.909090909090909,7.818181818181818,0.9090909090909091,7.2242873793584295,138.42195741786887,,13.179544725227805,1.3800116337899289,0.26442799902394076,40.032700908671934,2.113528635659763,0.16733173437056725
20,dflash2_pairwise_k16_tb16,Pairwise-MassPreserving,16,119,356,1.9915966386554622,2.9831932773109244,0.0,19.108408179777193,52.332982977531316,False,14.036216756339702,1.3187503112121015,0.24910632758391552,39.359294756145914,2.0347440336119704,0.16653749578438715
21,dflash2_pairwise_k16_tb16,Pairwise-MassPreserving,16,89,249,1.797752808988764,2.7865168539325844,0.0,20.244870522080774,49.39522823370567,,13.895835494213827,1.2645430674382716,0.24417791060391772,39.06334130369124,2.0067728992932206,0.16547269552483046
22,dflash2_pairwise_k16_tb16,Pairwise-MassPreserving,16,68,196,1.8676470588235294,2.8676470588235294,0.0,19.490304943877963,51.30756049633317,False,13.758222073246383,1.205631058944752,0.23409820588473368,38.8462038092043,1.9736475590916063,0.16013507304117358
23,dflash2_pairwise_k16_tb16,Pairwise-MassPreserving,16,76,188,1.4736842105263157,2.460526315789474,0.0,23.101873377643333,43.28653281286454,,13.958458315947178,1.3187027894003365,0.25146802708102195,39.42790289492175,2.0251577495257247,0.1650496309785491
24,dflash2_pairwise_k16_tb16,Pairwise-MassPreserving,16,372,1361,2.6586021505376345,3.6559139784946235,0.07795698924731183,15.687464738422838,63.745163203505406,False,14.166269005473104,1.3604354948432544,0.2564795294181026,39.390629766159535,2.0514370780117415,0.16894135457137177
25,dflash2_pairwise_k16_tb16,Pairwise-MassPreserving,16,394,1521,2.8604060913705585,3.8578680203045685,0.09137055837563451,14.301410645627401,69.9231722505462,,13.881778259176452,1.184644637104782,0.2318601472680587,37.77219079436201,1.977975847768192,0.1608030858922686
26,dflash2_pairwise_k16_tb16,Pairwise-MassPreserving,16,266,927,2.4849624060150375,3.481203007518797,0.041353383458646614,15.893577264298855,62.91849741381145,False,13.884424879725522,1.19229771081521,0.23115457525661504,37.939039605582806,1.9795904736110286,0.16201201818566352
27,dflash2_pairwise_k16_tb16,Pairwise-MassPreserving,16,234,799,2.41025641025641,3.41025641025641,0.01282051282051282,16.39233298373482,61.00412924702317,,14.012277021494935,1.2745377862923997,0.24532730769242644,38.2552304357747,2.016720341921,0.1680184487224994
28,dflash2_pairwise_k16_tb16,Pairwise-MassPreserving,16,73,223,2.0547945205479454,3.041095890410959,0.0136986301369863,18.382265403602617,54.4002590564282,False,13.75010906834688,1.1912982600696436,0.23188838401924156,38.84529273955818,1.9753645891834,0.16009058900598488
29,dflash2_pairwise_k16_tb16,Pairwise-MassPreserving,16,38,147,2.8684210526315788,3.8421052631578947,0.05263157894736842,14.53788316323379,68.7858052490746,,13.62037850087386,1.2133909208626534,0.23527799950036415,39.00798386855872,2.001215789756603,0.16040620979957135
30,dflash2_pairwise_k16_tb16,Pairwise-MassPreserving,16,142,435,2.063380281690141,3.056338028169014,0.014084507042253521,18.468154719532283,54.14726133642255,False,13.919019457832073,1.2279368729394546,0.2370421125178068,39.03666498634676,1.9880940916420873,0.1662234857397213
31,dflash2_pairwise_k16_tb16,Pairwise-MassPreserving,16,237,797,2.3628691983122363,3.3586497890295357,0.02531645569620253,16.804580045171264,59.507586462260115,,13.946934911139499,1.22776859106382,0.2360816455283104,38.92386963292942,2.0150369661528607,0.1619128776649783
32,dflash2_pairwise_k16_tb16,Pairwise-MassPreserving,16,229,974,3.2489082969432315,4.248908296943231,0.13537117903930132,13.390484294661135,74.67989790322265,False,14.055567899383107,1.2779546510207052,0.24385455874807516,39.19233469847655,2.0188451745251488,0.16485656806451826
33,dflash2_pairwise_k16_tb16,Pairwise-MassPreserving,16,277,1122,3.050541516245487,4.046931407942238,0.12274368231046931,14.059227904638027,71.12766126154823,,14.057321248795427,1.2639796499018758,0.24392312653266088,39.19818523463487,2.0192557581681894,0.16482129606035664
34,dflash2_pairwise_k16_tb16,Pairwise-MassPreserving,16,49,136,1.7755102040816326,2.7551020408163267,0.0,20.56172656616314,48.634048156521224,False,13.890257978940154,1.3015499589156967,0.24817902098851735,39.449081652677776,2.0162307343098846,0.16398255209015605
35,dflash2_pairwise_k16_tb16,Pairwise-MassPreserving,16,94,281,1.9787234042553192,2.978723404255319,0.0,19.181909355874758,52.13245362843582,,14.053500170662796,1.3177547453062985,0.24950500014807753,39.521417638907415,2.03566122295439,0.1638264241572618
36,dflash2_pairwise_k16_tb16,Pairwise-MassPreserving,16,38,90,1.368421052631579,2.3421052631578947,0.0,24.335022666653256,41.093037540923234,False,13.940652394874059,1.392363946874148,0.2581399731800622,39.82576255178796,2.0503362636526092,0.16832486959940166
37,dflash2_pairwise_k16_tb16,Pairwise-MassPreserving,16,46,127,1.7391304347826086,2.739130434782609,0.021739130434782608,20.492136771696725,48.79920581933541,,13.953180565453215,1.3548617827599747,0.2507964998822781,38.80262834860807,2.0500688259072257,0.1645807166388967
38,dflash2_pairwise_k16_tb16,Pairwise-MassPreserving,16,140,386,1.7571428571428571,2.75,0.0,20.139846370464678,49.65281172484572,False,13.871733407203076,1.1998223640797991,0.23261078567884397,38.08953625754969,1.9741633142984938,0.16056743547128477
39,dflash2_pairwise_k16_tb16,Pairwise-MassPreserving,16,142,448,2.147887323943662,3.147887323943662,0.007042253521126761,17.889218647318167,55.89959068167091,,13.905722211040459,1.2060816549473856,0.23380637308869603,38.93927373894872,1.9941130914548282,0.16022795867863518
40,dflash2_pairwise_k16_tb16,Pairwise-MassPreserving,16,27,106,2.925925925925926,3.888888888888889,0.037037037037037035,14.64623796229442,68.27691879473902,True,13.81457118501809,1.3654047032576744,0.25762362875630734,39.84066855547199,2.0556957409738703,0.16608151997422316
41,dflash2_pairwise_k16_tb16,Pairwise-MassPreserving,16,40,175,3.375,4.35,0.125,13.167244891436503,75.94603185745893,,13.967857925490534,1.3447937242744956,0.2589767493191175,39.801947424894024,2.0660664997194544,0.16705407633708091
42,dflash2_pairwise_k16_tb16,Pairwise-MassPreserving,16,36,129,2.5833333333333335,3.5555555555555554,0.027777777777777776,16.07451703101162,62.210267224250586,True,13.94538155626732,1.3448881668915016,0.25776972183343283,39.820320249620835,2.0648162776018983,0.16717672224331181
43,dflash2_pairwise_k16_tb16,Pairwise-MassPreserving,16,73,347,3.7534246575342465,4.739726027397261,0.1917808219178082,12.152635959660271,82.28667453871095,,14.147754041167065,1.3668523426207535,0.25791919224876403,39.762786712556476,2.064296013710714,0.1670311223827175
44,dflash2_pairwise_k16_tb16,Pairwise-MassPreserving,16,199,724,2.6381909547738696,3.6331658291457285,0.04020100502512563,15.591538433703573,64.13735272193166,False,13.988830432058581,1.2533275978935148,0.24112906522993888,39.073849186326385,2.0034242160770406,0.16443360292401876
45,dflash2_pairwise_k16_tb16,Pairwise-MassPreserving,16,154,575,2.7337662337662336,3.727272727272727,0.05194805194805195,15.072598335657107,66.34556151040722,,13.882345227551474,1.2008475519409827,0.2338367401109706,38.809091084197924,1.9902705195830082,0.16116759741328077
46,dflash2_pairwise_k16_tb16,Pairwise-MassPreserving,16,58,247,3.2586206896551726,4.241379310344827,0.06896551724137931,13.022723591105017,76.78885242431434,True,13.784684258129785,1.183604465542634,0.2324314138667401,38.11894427630689,1.979610344027731,0.15956536286655043
47,dflash2_pairwise_k16_tb16,Pairwise-MassPreserving,16,36,210,4.833333333333333,5.805555555555555,0.3611111111111111,9.466196647623464,105.63904778494698,,13.590181999865713,1.1727276936047322,0.22978688927347926,38.08402049940519,1.983299694378123,0.1594636679429742
48,dflash2_pairwise_k16_tb16,Pairwise-MassPreserving,16,174,849,3.8793103448275863,4.873563218390805,0.20689655172413793,11.628790866901088,85.99346324528804,False,14.016482218261674,1.1874359192550128,0.23285351704836865,39.14815344836532,1.9942911092313034,0.16126336254535414
49,dflash2_pairwise_k16_tb16,Pairwise-MassPreserving,16,22,103,3.6818181818181817,4.636363636363637,0.13636363636363635,11.880865300925294,84.168953579679,,13.309766409789022,1.181503000473392,0.2330139551221774,38.72820095553338,1.9806291817406996,0.19093767894611863
50,dflash2_pairwise_k16_tb16,Pairwise-MassPreserving,16,53,311,4.867924528301887,5.849056603773585,0.37735849056603776,9.606700273319762,104.09401475522799,True,13.765937735887798,1.1655049621487774,0.23392698165240153,39.05953266062084,1.987738019313426,0.15875181023422452
51,dflash2_pairwise_k16_tb16,Pairwise-MassPreserving,16,141,783,4.553191489361702,5.546099290780142,0.3617021276595745,10.115861444443594,98.85465568029075,,13.848876262156718,1.1891986881027738,0.2396640845955059,38.74777215561856,1.987773269662181,0.16203122071059856
52,dflash2_pairwise_k16_tb16,Pairwise-MassPreserving,16,11,62,4.636363636363637,5.545454545454546,0.2727272727272727,9.88397103226875,101.17391043895661,True,12.843986000833949,1.1716711821711876,0.22919336400015958,39.31564672728366,1.994635090919804,0.15452254394238646
53,dflash2_pairwise_k16_tb16,Pairwise-MassPreserving,16,61,383,5.262295081967213,6.262295081967213,0.5409836065573771,8.940176292440816,111.85461754770202,,13.731187656063769,1.1698816071329332,0.2347348528898886,38.854919721207345,1.9821281473058825,0.1597303105613644
54,dflash2_pairwise_k16_tb16,Pairwise-MassPreserving,16,61,230,2.7704918032786887,3.7540983606557377,0.04918032786885246,14.881398991280507,67.19798323974328,False,13.727348918318519,1.1822614429010934,0.23195501662634282,38.83427154123936,1.9746234916726921,0.15973250718489596
55,dflash2_pairwise_k16_tb16,Pairwise-MassPreserving,16,41,156,2.8048780487804876,3.7804878048780486,0.0975609756097561,14.749735019228329,67.79782814378436,,13.616124024648764,1.1910322924760715,0.23336690196074636,38.939889926618115,1.9811740489009335,0.15935580538608496
56,dflash2_pairwise_k16_tb16,Pairwise-MassPreserving,16,170,861,4.064705882352941,5.0588235294117645,0.21176470588235294,11.239777147501806,88.9697355095927,False,14.054610041357057,1.179386012004483,0.23448407643145935,39.29213844115593,2.0038109997746205,0.16173586456502295
57,dflash2_pairwise_k16_tb16,Pairwise-MassPreserving,16,115,618,4.3652173913043475,5.3652173913043475,0.28695652173913044,10.53736030258486,94.90042774324569,,13.953542425841317,1.17388552183832,0.23459954751635212,39.09998233050472,2.003611443733857,0.16123670445623525
58,dflash2_pairwise_k16_tb16,Pairwise-MassPreserving,16,67,253,2.7761194029850746,3.7611940298507465,0.05970149253731343,15.255940581029769,65.54823641902914,False,14.1017485225144,1.2120615667924146,0.23797093992687957,39.87149558207732,2.0225267455940927,0.16244988190878962
59,dflash2_pairwise_k16_tb16,Pairwise-MassPreserving,16,206,704,2.412621359223301,3.412621359223301,0.024271844660194174,16.64466361079452,60.07931571242285,,14.039534315794935,1.2017093199088795,0.23424882502933667,39.240836587639016,2.0044376549564724,0.16196718987205191
60,dflash2_pairwise_k16_tb16,Pairwise-MassPreserving,16,54,386,6.148148148148148,7.12962962962963,0.7037037037037037,7.831082987051531,127.6962588256913,True,13.90666194385159,1.149345777607609,0.23515927710428108,38.52664905557672,2.0005581295495007,0.15936716819716687
61,dflash2_pairwise_k16_tb16,Pairwise-MassPreserving,16,93,629,5.763440860215054,6.752688172043011,0.6344086021505376,8.387543879172117,119.2244135357899,,13.955026097431084,1.156028677454038,0.23462817187718946,39.21916630121902,2.0033048602917622,0.16050288096628582
62,dflash2_pairwise_k16_tb16,Pairwise-MassPreserving,16,14,74,4.285714285714286,5.214285714285714,0.21428571428571427,10.617874621636252,94.18080695380225,True,13.119034856832254,1.1646990720432118,0.23301207017669054,39.4533579279336,1.9943580004369974,0.1585896440831466
63,dflash2_pairwise_k16_tb16,Pairwise-MassPreserving,16,14,75,4.285714285714286,5.285714285714286,0.2857142857142857,10.477301279994816,95.44442536069697,,13.170864713694234,1.1684901416759073,0.23392914174889615,39.39059350003455,2.0052097154673123,0.1593125016370402
64,dflash2_pairwise_k16_tb16,Pairwise-MassPreserving,16,47,312,5.617021276595745,6.617021276595745,0.5531914893617021,8.557356554471577,116.85851742118402,True,13.863717680462596,1.1656302347236829,0.23687334001767746,39.374197511240205,2.004001893665384,0.16186114829751921
65,dflash2_pairwise_k16_tb16,Pairwise-MassPreserving,16,60,354,4.9,5.883333333333334,0.43333333333333335,9.459509728810193,105.71372393162906,,13.871588151353839,1.1699785663950024,0.2635256999686438,38.341755650374886,2.0034859502629843,0.16077338162479027
66,dflash2_pairwise_k16_tb16,Pairwise-MassPreserving,16,83,483,4.819277108433735,5.807228915662651,0.3614457831325301,9.653841706007158,103.5857050958008,True,13.790688734832612,1.1628408435380075,0.23227963897789525,38.85655186709903,1.9783891088936578,0.15762985486913114
67,dflash2_pairwise_k16_tb16,Pairwise-MassPreserving,16,123,779,5.333333333333333,6.32520325203252,0.5284552845528455,8.879868842106427,112.61427592919111,,13.859864122556557,1.150568032081663,0.23397726021712736,38.839166089078425,1.9960820816156295,0.1595117477912997
68,dflash2_pairwise_k16_tb16,Pairwise-MassPreserving,16,63,384,5.095238095238095,6.079365079365079,0.47619047619047616,9.360467669277265,106.83226899892828,False,13.880796222356222,1.1742892701664778,0.23339679342276964,39.58969422253884,2.015903413213516,0.16019920532550988
69,dflash2_pairwise_k16_tb16,Pairwise-MassPreserving,16,17,91,4.352941176470588,5.294117647058823,0.35294117647058826,10.442874318719227,95.75907642663708,,13.230538763951593,1.1566010006765068,0.23178617651437355,39.13833905886242,1.9850750592441353,0.15775188213036231
70,dflash2_pairwise_k16_tb16,Pairwise-MassPreserving,16,38,234,5.157894736842105,6.131578947368421,0.47368421052631576,9.219138478616731,108.47000533937562,False,13.772827526209815,1.1627423421151961,0.23640594812796303,39.438713157371815,1.999994578478723,0.15980076338899762
71,dflash2_pairwise_k16_tb16,Pairwise-MassPreserving,16,88,606,5.886363636363637,6.875,0.625,8.25647376567047,121.11708077580194,,13.953195147802365,1.1546226136984346,0.23360751096003118,39.35241451092059,2.002272624436459,0.16096829668557885
72,dflash2_pairwise_k16_tb16,Pairwise-MassPreserving,16,58,323,4.568965517241379,5.551724137931035,0.3103448275862069,10.229490569660413,97.75657870646015,False,13.895001431780562,1.1643528448295346,0.23382125813253063,39.51772234484389,1.995201171792297,0.16158119000590057
73,dflash2_pairwise_k16_tb16,Pairwise-MassPreserving,16,36,257,6.138888888888889,7.111111111111111,0.7777777777777778,7.847683455245587,127.42613864370065,,13.570560110666621,1.1477221396489767,0.2327462779147835,38.926737166548264,1.9844358060557472,0.16153872133549563
74,dflash2_pairwise_k16_tb16,Pairwise-MassPreserving,16,45,282,5.266666666666667,6.2444444444444445,0.5111111111111111,9.03698195391029,110.65641218496638,False,13.759762110971174,1.1969005331694562,0.23517917822270343,39.28604026700163,1.9925516443133044,0.16131984415955636
75,dflash2_pairwise_k16_tb16,Pairwise-MassPreserving,16,37,270,6.297297297297297,7.27027027027027,0.7567567567567568,7.715901625919354,129.60248179432296,,13.646432216479003,1.1994221084121917,0.23961802720362824,39.063078946964126,1.9962273776449415,0.1604494043292377
76,dflash2_pairwise_k16_tb16,Pairwise-MassPreserving,16,29,166,4.724137931034483,5.689655172413793,0.3793103448275862,9.791990879541599,102.12427812706602,True,13.510345517715905,1.1662121727693313,0.23225717149185146,39.001934689716514,1.9819818272512277,0.15797503498294552
77,dflash2_pairwise_k16_tb16,Pairwise-MassPreserving,16,66,407,5.166666666666667,6.151515151515151,0.5,9.19204906633991,108.78967168069958,,13.872934924813418,1.211932181666436,0.24058025795084453,39.18237465217261,2.0109389245617697,0.16554163459769564
78,dflash2_pairwise_k16_tb16,Pairwise-MassPreserving,16,31,212,5.838709677419355,6.806451612903226,0.6129032258064516,8.279569783004469,120.77922237610788,True,13.689690612673369,1.186409451381018,0.2413239032443192,39.34853864460996,1.9959351925682578,0.15967619542460587
79,dflash2_pairwise_k16_tb16,Pairwise-MassPreserving,16,122,772,5.327868852459017,6.319672131147541,0.5245901639344263,9.037547615285341,110.64948618458008,,14.069202794744939,1.2422240328245995,0.24575332818279944,39.439003409810184,2.028179647614244,0.16405284420261507
80,dflash2_pairwise_k16_tb16,Pairwise-MassPreserving,16,115,518,3.5043478260869567,4.495652173913044,0.12173913043478261,12.49086182818678,80.05852708605005,False,14.029475182621315,1.1962796606341093,0.23397554810482846,38.6318663303467,2.009016756757932,0.16257284328079055
81,dflash2_pairwise_k16_tb16,Pairwise-MassPreserving,16,143,660,3.6153846153846154,4.608391608391608,0.1958041958041958,12.636250862124143,79.13739691551999,,14.375461153405185,1.204862496483879,0.2383368044104134,40.27728027284758,2.0609770418031603,0.16424005623814045
82,dflash2_pairwise_k16_tb16,Pairwise-MassPreserving,16,71,374,4.267605633802817,5.253521126760563,0.28169014084507044,10.969106013362762,91.16513221604222,False,14.12171273226653,1.1950801829659892,0.2372205352925525,40.02795877422101,2.0359555918487233,0.16299681717523334
83,dflash2_pairwise_k16_tb16,Pairwise-MassPreserving,16,78,486,5.230769230769231,6.217948717948718,0.48717948717948717,9.019498574083245,110.87090837548487,,13.766734218314433,1.1613675128617802,0.23271469194113684,38.89925455158123,1.9787394107529859,0.15960380691327514
84,dflash2_pairwise_k16_tb16,Pairwise-MassPreserving,16,111,498,3.4864864864864864,4.4774774774774775,0.21621621621621623,12.522464530117858,79.85648492713983,True,13.991203009379557,1.2497782973606173,0.24403419806034649,38.51132290085163,2.0201713241230874,0.16535816210487791
85,dflash2_pairwise_k16_tb16,Pairwise-MassPreserving,16,60,319,4.316666666666666,5.3,0.31666666666666665,10.433194865200736,95.847917432793,,13.755619582540627,1.1758078164954593,0.2331092837266624,38.15159623300133,1.9935766666700754,0.160109784216426
86,dflash2_pairwise_k16_tb16,Pairwise-MassPreserving,16,92,477,4.173913043478261,5.173913043478261,0.29347826086956524,10.695496815508397,93.49729304299422,False,13.823838641221062,1.1742465756707015,0.23251023910985247,38.082172260581736,1.9812665004397074,0.15979166338460662
87,dflash2_pairwise_k16_tb16,Pairwise-MassPreserving,16,153,707,3.6209150326797386,4.61437908496732,0.20915032679738563,12.522094951914735,79.85884181840447,,14.249469588523628,1.360111934689461,0.25930841846370256,39.75812904574768,2.067905843242306,0.16861197327908883
88,dflash2_pairwise_k16_tb16,Pairwise-MassPreserving,16,168,767,3.5654761904761907,4.559523809523809,0.19642857142857142,12.349671561927705,80.97381335086342,False,13.893647714125802,1.1740529523324637,0.23294948845259136,38.92823905334808,1.9915409823495014,0.1617012855734044
89,dflash2_pairwise_k16_tb16,Pairwise-MassPreserving,16,175,858,3.902857142857143,4.897142857142857,0.2,11.610793601392496,86.12675707886744,,14.046790891775995,1.1768465998466127,0.23760407443790296,39.29970825706342,2.0039067650213838,0.1612057546818895
90,dflash2_pairwise_k16_tb16,Pairwise-MassPreserving,16,191,962,4.036649214659686,5.031413612565445,0.24083769633507854,11.331463798338374,88.24985172230248,False,14.07748933505,1.1872927642946074,0.23432806792031458,39.404638633327025,2.006916146718102,0.16194329353558942
91,dflash2_pairwise_k16_tb16,Pairwise-MassPreserving,16,154,704,3.5714285714285716,4.564935064935065,0.11038961038961038,12.51610518039053,79.89705947555785,,14.112184727392476,1.1972468051066858,0.23592031177574793,39.481279870545094,2.0259289674206893,0.16392014240173247
92,dflash2_pairwise_k16_tb16,Pairwise-MassPreserving,16,113,557,3.9292035398230087,4.920353982300885,0.25663716814159293,11.411184382400663,87.63332240449014,False,13.848460512879651,1.1743233715332386,0.23178241601465188,38.851556796423445,1.980811309335193,0.16111604511620378
93,dflash2_pairwise_k16_tb16,Pairwise-MassPreserving,16,139,660,3.7482014388489207,4.741007194244604,0.14388489208633093,11.817809178793333,84.61805270933523,,13.844171517592246,1.1845518564369877,0.23322927337575355,38.70630165470534,1.9836129568640324,0.16147128781412
94,dflash2_pairwise_k16_tb16,Pairwise-MassPreserving,16,166,774,3.6626506024096384,4.656626506024097,0.1566265060240964,12.236145206719042,81.72508442045013,False,14.082693981951039,1.1823950058809363,0.2363057830669014,39.383960819325594,2.00532932544172,0.1621849036141557
95,dflash2_pairwise_k16_tb16,Pairwise-MassPreserving,16,190,1018,4.3578947368421055,5.352631578947369,0.28421052631578947,10.62257039882141,94.13917370798988,,14.068189220836901,1.1720761737562593,0.23486065830710637,39.27224608935495,2.004590979356037,0.1626509099687131
96,dflash2_pairwise_k16_tb16,Pairwise-MassPreserving,16,139,638,3.5899280575539567,4.58273381294964,0.1510791366906475,12.449544442013428,80.32422428448899,False,14.094631259539835,1.2003173020445548,0.2352817697729413,39.432650668851835,2.017502481753941,0.16212985619924386
97,dflash2_pairwise_k16_tb16,Pairwise-MassPreserving,16,125,624,3.992,4.984,0.272,11.24236696795122,88.94924021344568,,13.838139895931818,1.1693180320435204,0.23240873630857095,38.73215336003341,1.9888410402927548,0.16103483940241858
98,dflash2_pairwise_k16_tb16,Pairwise-MassPreserving,16,116,504,3.3448275862068964,4.336206896551724,0.13793103448275862,13.034514460308682,76.71939012727277,False,13.942235879422414,1.1840672670649806,0.23410511243253432,39.1100909053358,2.0016392067316637,0.16057962897446423
99,dflash2_pairwise_k16_tb16,Pairwise-MassPreserving,16,75,370,3.933333333333333,4.92,0.2,11.408959089178982,87.6504150977688,,13.818303773878142,1.1799836796126328,0.23355550734171024,38.89355446667954,1.998696093602727,0.16010465216822922
100,dflash2_pairwise_k16_tb16,Pairwise-MassPreserving,16,3,14,3.6666666666666665,4.333333333333333,0.0,11.12870921393291,89.85768077649303,True,9.33565033483319,1.1856476655035901,0.23124499906164905,39.03846166698107,1.9995206651704696,0.14345100013694415
101,dflash2_pairwise_k16_tb16,Pairwise-MassPreserving,16,32,218,5.78125,6.78125,0.6875,8.133730990825534,122.94480861586804,,13.603623812286969,1.137844999675508,0.2323085627722321,38.283489281411676,1.9901762193512695,0.16359949950128794
102,dflash2_pairwise_k16_tb16,Pairwise-MassPreserving,16,3,16,4.0,5.0,0.0,9.756851749898487,102.49207691511806,True,9.35333800104369,1.1891113317687996,0.23150199801117802,39.11187799773567,2.0012836660801745,0.14942967148575312
103,dflash2_pairwise_k16_tb16,Pairwise-MassPreserving,16,6,30,3.8333333333333335,4.833333333333333,0.16666666666666666,10.877880600067632,91.9296724027089,,11.709989833131354,1.160621000356817,0.22901566626387648,39.1321126674787,2.003273998222236,0.15438983488517502
104,dflash2_pairwise_k16_tb16,Pairwise-MassPreserving,16,12,80,5.666666666666667,6.583333333333333,0.5833333333333334,8.322427037455782,120.15725647090879,True,12.87980258287765,1.139390081637733,0.23557891715123938,39.08313716783596,1.990892416870338,0.1540457499989619
105,dflash2_pairwise_k16_tb16,Pairwise-MassPreserving,16,26,173,5.615384615384615,6.615384615384615,0.6923076923076923,8.39104481502214,119.17467038309002,,13.47884111489223,1.1352861161307932,0.2322718839702877,38.83725507610227,1.9892404228672744,0.15982665522292686
106,dflash2_pairwise_k16_tb16,Pairwise-MassPreserving,16,29,160,4.517241379310345,5.482758620689655,0.27586206896551724,10.316866774974187,96.92865303114297,False,13.61058944819198,1.173846103232916,0.23578348266490703,39.74114979365399,2.002324172594697,0.15695127538116327
107,dflash2_pairwise_k16_tb16,Pairwise-MassPreserving,16,86,600,5.976744186046512,6.965116279069767,0.6744186046511628,8.03204790832145,124.5012494215789,,13.786263314656491,1.1757542790376667,0.2319625002497179,38.69961389525913,1.9828489655696484,0.16110059165606969
108,dflash2_pairwise_k16_tb16,Pairwise-MassPreserving,16,15,103,5.866666666666666,6.8,0.7333333333333333,8.084816961166068,123.68863819716837,True,13.057819668514034,1.1526656681477714,0.23353766543247426,38.94002759964982,1.9740677322261035,0.1576247993701374
109,dflash2_pairwise_k16_tb16,Pairwise-MassPreserving,16,13,60,3.6153846153846154,4.538461538461538,0.07692307692307693,11.975473483350168,83.50400519781766,,12.870029999668567,1.1467559245200112,0.23098753780896703,38.878256768489685,1.9873838475457608,0.15800199896777764
110,dflash2_pairwise_k16_tb16,Pairwise-MassPreserving,16,4,15,2.5,3.5,0.0,14.45065253356006,69.2010272669424,False,10.685324999940349,1.3327012511581415,0.25492800159554463,39.69641275216418,2.0678809996752534,0.15269899631675798
111,dflash2_pairwise_k16_tb16,Pairwise-MassPreserving,16,4,18,3.5,4.25,0.25,12.088419388924699,82.72380100546404,,10.788569748910959,1.2804832513211295,0.23659825274080504,39.83734799840022,2.097689250149415,0.1571987486386206
112,dflash2_pairwise_k16_tb16,Pairwise-MassPreserving,16,15,73,3.8666666666666667,4.8,0.3333333333333333,11.60182071240118,86.19336781606188,True,13.275164333269155,1.2794575333828107,0.24350773407301554,39.465158464736305,2.035735001360687,0.16317106686377278
113,dflash2_pairwise_k16_tb16,Pairwise-MassPreserving,16,7,33,3.7142857142857144,4.571428571428571,0.2857142857142857,11.879413606066286,84.17923924202324,,12.410463286089778,1.3688895716248746,0.2566941423408155,39.7054324275814,2.1009498575170125,0.16052057201574957
114,dflash2_pairwise_k16_tb16,Pairwise-MassPreserving,16,11,41,2.727272727272727,3.6363636363636362,0.0,15.189691902444949,65.83412003498498,True,13.039344546665564,1.357004909633278,0.25549336384177546,39.74557881817666,2.056994273020378,0.16170845232078468
115,dflash2_pairwise_k16_tb16,Pairwise-MassPreserving,16,7,31,3.4285714285714284,4.285714285714286,0.14285714285714285,12.590632515991361,79.42412732083953,,12.26166371322636,1.3150455717030647,0.2487684281991928,39.61140114448166,2.1621039985413,0.15953257181016461
116,dflash2_pairwise_k16_tb16,Pairwise-MassPreserving,16,14,55,2.9285714285714284,3.857142857142857,0.0,14.391469527221158,69.48560729733133,True,13.233144642332004,1.3003292146355048,0.24502871435418325,39.558925857688465,2.039240856642469,0.16124671414477884
117,dflash2_pairwise_k16_tb16,Pairwise-MassPreserving,16,13,55,3.230769230769231,4.153846153846154,0.0,13.130040999914689,76.16122447801172,,12.91970823009391,1.191410385497595,0.23601976863574237,39.05946207781268,1.9865916927721208,0.1569813063654762
118,dflash2_pairwise_k16_tb16,Pairwise-MassPreserving,16,12,75,5.25,6.166666666666667,0.3333333333333333,8.856718640017789,112.90863361986528,True,12.826570332739115,1.1555350847629597,0.2300971664226381,38.99480558357027,1.9800863331814373,0.16739699943476202
119,dflash2_pairwise_k16_tb16,Pairwise-MassPreserving,16,20,123,5.15,6.1,0.6,9.041776317060542,110.59773709654182,,13.25296984941815,1.1477411004307214,0.2315458008524729,38.82936564987176,1.9863482000801014,0.15895374926913064
120,dflash2_pairwise_k16_tb16,Pairwise-MassPreserving,16,166,694,3.180722891566265,4.174698795180723,0.07228915662650602,13.49185184726043,74.11880973204237,False,13.89882125317032,1.19338371065629,0.23484115046308746,38.92718312044415,1.9899998792480111,0.16146475348042336
121,dflash2_pairwise_k16_tb16,Pairwise-MassPreserving,16,262,1130,3.312977099236641,4.309160305343512,0.15267175572519084,13.159562668146771,75.99036724985842,,14.035368454448198,1.2589038779802677,0.24335588919947934,39.036276618244024,2.018936347320342,0.1640512364941386
122,dflash2_pairwise_k16_tb16,Pairwise-MassPreserving,16,156,745,3.7756410256410255,4.769230769230769,0.17307692307692307,11.768347183894836,84.97369973657095,False,14.087560564057172,1.1938690131034655,0.2371145830506859,38.515378352689694,2.00577719270092,0.1617019097932662
123,dflash2_pairwise_k16_tb16,Pairwise-MassPreserving,16,298,1324,3.442953020134228,4.439597315436242,0.15771812080536912,12.796592006043145,78.14580628402886,,14.059487238160886,1.1893869970492306,0.23436686592961775,39.20816428195248,2.001581607079219,0.1616701105034882
124,dflash2_pairwise_k16_tb16,Pairwise-MassPreserving,16,176,655,2.721590909090909,3.715909090909091,0.0625,15.294404497704706,65.38338907867083,False,14.051105096603516,1.1918041195713158,0.23696880080850943,39.28238695483412,1.9959893071989592,0.16126245960053479
125,dflash2_pairwise_k16_tb16,Pairwise-MassPreserving,16,281,1157,3.113879003558719,4.1138790035587185,0.09608540925266904,13.777105581677567,72.5841864295443,,14.046971804360458,1.1846265159068825,0.23589517436076446,39.10169145188173,1.994997469892268,0.1621918113592737
126,dflash2_pairwise_k16_tb16,Pairwise-MassPreserving,16,179,603,2.368715083798883,3.363128491620112,0.0335195530726257,16.502888752906767,60.59545180075598,False,13.922958933189316,1.1968617650661384,0.2326702289091418,38.088740458084054,1.9916431175469416,0.16065576537635812
127,dflash2_pairwise_k16_tb16,Pairwise-MassPreserving,16,67,335,4.0,4.985074626865671,0.23880597014925373,11.045578862701147,90.53396045876897,,13.748657373179778,1.1746784926908187,0.23223438848386893,37.92257904482974,1.9913497165891467,0.15839529773237795
128,dflash2_pairwise_k16_tb16,Pairwise-MassPreserving,16,130,565,3.3461538461538463,4.338461538461538,0.16153846153846155,13.128768890260089,76.16860410589415,False,14.045144007440495,1.2199789539198929,0.23799053082117239,39.38604344646312,2.006344646360958,0.16414782266320588
129,dflash2_pairwise_k16_tb16,Pairwise-MassPreserving,16,158,697,3.411392405063291,4.405063291139241,0.189873417721519,12.955653743192984,77.18637899885283,,14.109667879501668,1.254998183683227,0.2437015695871691,39.34508384172429,2.0335654494086652,0.16545560144630697
130,dflash2_pairwise_k16_tb16,Pairwise-MassPreserving,16,206,918,3.4563106796116503,4.451456310679611,0.1553398058252427,12.74886048148581,78.43838290114032,False,14.043163408220687,1.1968349225426915,0.23514333012817853,39.178949034340775,1.9971211115915546,0.1616713097002538
131,dflash2_pairwise_k16_tb16,Pairwise-MassPreserving,16,118,471,2.9915254237288136,3.983050847457627,0.1016949152542373,14.165441564745477,70.59434013612183,,13.93254939842845,1.1876053137357456,0.2326029489113815,39.03238551652451,1.9960365931121673,0.16054037331417992
132,dflash2_pairwise_k16_tb16,Pairwise-MassPreserving,16,282,940,2.3333333333333335,3.3297872340425534,0.024822695035460994,16.87339461488901,59.2648973620047,False,13.905879801442865,1.1965672695088276,0.2324823050673866,38.76970343251303,1.9791358226294307,0.1608800851351542
133,dflash2_pairwise_k16_tb16,Pairwise-MassPreserving,16,408,1546,2.7892156862745097,3.786764705882353,0.09068627450980392,14.80509152134597,67.54433085119405,,13.901552051702668,1.2053402398640745,0.23302263973307039,38.609602443352294,1.9840732890645763,0.1660943656972057
134,dflash2_pairwise_k16_tb16,Pairwise-MassPreserving,16,238,832,2.495798319327731,3.491596638655462,0.05042016806722689,16.13562823677757,61.97465542250922,False,13.936361235569127,1.2357695418702999,0.2356218149642922,38.84923528153386,1.9871966639485215,0.16271753353800453
135,dflash2_pairwise_k16_tb16,Pairwise-MassPreserving,16,223,962,3.31390134529148,4.309417040358745,0.11210762331838565,13.08159223908528,76.44329388376687,,13.95313838136465,1.2238557083282156,0.237795197142073,38.856949152158954,1.9989042781578428,0.16205564159283942
136,dflash2_pairwise_k16_tb16,Pairwise-MassPreserving,16,274,991,2.616788321167883,3.613138686131387,0.06204379562043796,15.539049551962979,64.35400033032744,False,13.906193251612581,1.1979437333444154,0.232529941496752,38.72044840870603,1.983035084073233,0.1613025223557161
137,dflash2_pairwise_k16_tb16,Pairwise-MassPreserving,16,221,831,2.760180995475113,3.755656108597285,0.03167420814479638,14.897191861609224,67.12674504629612,,13.845795135836042,1.1890972807423457,0.2337331218632861,38.60570236653215,1.981102791667507,0.16070702732819853
138,dflash2_pairwise_k16_tb16,Pairwise-MassPreserving,16,82,256,2.1219512195121952,3.1097560975609757,0.024390243902439025,18.04161080860922,55.42742333865295,False,13.824418439049268,1.2075948905520617,0.23290648841350226,38.919213695097405,1.981273610176797,0.15962174261292647
139,dflash2_pairwise_k16_tb16,Pairwise-MassPreserving,16,141,525,2.7163120567375887,3.7163120567375887,0.0,15.074120710473618,66.33886109888931,,13.84974672335839,1.1938456381429219,0.23171321276520834,38.707935553376814,1.9829692197253546,0.16083485120329477
140,dflash2_pairwise_k16_tb16,Pairwise-MassPreserving,16,292,1099,2.7636986301369864,3.76027397260274,0.0547945205479452,14.961465520467693,66.83837212550955,False,13.923642270166143,1.190000119718144,0.23264817474689015,38.81976173285432,1.9826950924092273,0.16169989433128398
141,dflash2_pairwise_k16_tb16,Pairwise-MassPreserving,16,98,379,2.86734693877551,3.857142857142857,0.05102040816326531,14.517558751989336,68.88210456616684,,13.849207510080602,1.195614938909302,0.23321025530874198,38.718828694611,1.9878926228111782,0.15968237627874965
142,dflash2_pairwise_k16_tb16,Pairwise-MassPreserving,16,250,833,2.332,3.328,0.028,17.14153490996375,58.33783294509621,False,14.13182992025395,1.2046225998492446,0.23559277568710968,39.37310414377134,2.0080994199670386,0.162345460470533
143,dflash2_pairwise_k16_tb16,Pairwise-MassPreserving,16,153,417,1.7254901960784315,2.718954248366013,0.0,20.856524877702736,47.946626097288075,,14.039415457446488,1.2029400786321787,0.2332797058663191,39.208692836432924,1.9996195165683923,0.1603064834984062
144,dflash2_pairwise_k16_tb16,Pairwise-MassPreserving,16,322,1077,2.3447204968944098,3.341614906832298,0.031055900621118012,17.055107930361086,58.63346066663257,False,14.135726210997463,1.213342832145245,0.23566347504665885,39.29446612410909,2.001719192121075,0.16365123700559492
145,dflash2_pairwise_k16_tb16,Pairwise-MassPreserving,16,288,964,2.3472222222222223,3.34375,0.024305555555555556,16.773477255187892,59.61793042588761,,13.895078750263362,1.202421305530758,0.2325455452086721,38.67111387141146,1.9825933161175473,0.16080302397212007
146,dflash2_pairwise_k16_tb16,Pairwise-MassPreserving,16,393,1456,2.704834605597964,3.7022900763358777,0.06615776081424936,15.408747253431912,64.8982025308563,False,14.16812617289976,1.206743656730951,0.2357030177079248,39.306094170572166,2.006684328561516,0.16350870695481737
147,dflash2_pairwise_k16_tb16,Pairwise-MassPreserving,16,243,981,3.037037037037037,4.032921810699588,0.102880658436214,13.92322609480512,71.82243491493031,,13.94075464633094,1.1884930411316819,0.23251676920239925,38.697707065615376,1.9881821892879628,0.16092570820045293
148,dflash2_pairwise_k16_tb16,Pairwise-MassPreserving,16,170,546,2.2058823529411766,3.2058823529411766,0.047058823529411764,17.56383112087827,56.935186470296436,False,13.950899299807668,1.1992032058889677,0.23271273521994076,38.88499623524908,1.9817765883892529,0.1613048295600011
149,dflash2_pairwise_k16_tb16,Pairwise-MassPreserving,16,245,944,2.853061224489796,3.8489795918367347,0.08979591836734693,14.666311026480722,68.18347150789674,,14.015653351178079,1.1938733224250966,0.23387595114288662,38.90922357929913,1.9953552816759281,0.16221283671888048
150,dflash2_pairwise_k16_tb16,Pairwise-MassPreserving,16,188,663,2.526595744680851,3.521276595744681,0.03723404255319149,16.241634019609165,61.570159676831814,False,14.17684018088039,1.2174284520176328,0.23750798429821945,39.46314022400753,2.0181508033930826,0.16460977562057008
151,dflash2_pairwise_k16_tb16,Pairwise-MassPreserving,16,311,1067,2.4308681672025725,3.427652733118971,0.03858520900321544,16.645135611059267,60.07761206436706,,14.163908305388151,1.20614192936958,0.23628664662005153,39.32160278796286,2.016820649549416,0.16250558786312794
152,dflash2_pairwise_k16_tb16,Pairwise-MassPreserving,16,104,353,2.394230769230769,3.3846153846153846,0.019230769230769232,16.622194297442366,60.16052887517195,False,13.90278823062265,1.204929749781933,0.23382892287862397,38.93506904814085,1.981418086311001,0.16152929877604022
153,dflash2_pairwise_k16_tb16,Pairwise-MassPreserving,16,323,1276,2.9504643962848296,3.9473684210526314,0.08978328173374613,14.335117146550155,69.75876023731392,,14.0512991890907,1.1945108139898986,0.2343480187542477,38.98680880826166,2.0005435944317145,0.16285947949035184
154,dflash2_pairwise_k16_tb16,Pairwise-MassPreserving,16,216,706,2.2685185185185186,3.263888888888889,0.05092592592592592,17.298369532582207,57.80891650605902,False,13.954625958629347,1.1992920094767383,0.2327794860927194,39.00709877308583,1.984163782321115,0.16208114781572996
155,dflash2_pairwise_k16_tb16,Pairwise-MassPreserving,16,274,831,2.0328467153284673,3.0291970802919708,0.01824817518248175,18.51574916967777,54.0080766290378,,13.904371361518415,1.1941589961619963,0.2328902995224488,38.68406859498337,1.9779809814400675,0.1619588174767126
156,dflash2_pairwise_k16_tb16,Pairwise-MassPreserving,16,325,995,2.0584615384615383,3.0584615384615383,0.024615384615384615,18.58211458391854,53.815188550469216,False,14.100444477002243,1.2155350494028356,0.2354427725255776,39.16848058476507,2.006725957124637,0.16322965456101185
157,dflash2_pairwise_k16_tb16,Pairwise-MassPreserving,16,247,953,2.8582995951417005,3.854251012145749,0.11336032388663968,14.71983142287406,67.93556062374722,,14.064787558558244,1.1966808344169637,0.2356241658063198,39.12927076512258,2.0045350119683643,0.16262128355659294
158,dflash2_pairwise_k16_tb16,Pairwise-MassPreserving,16,204,676,2.3137254901960786,3.3088235294117645,0.049019607843137254,17.07445829734327,58.56701176608319,False,13.976260005031637,1.2391355048035335,0.23839041172965048,38.96819294609219,1.9949014462255554,0.16318737731375685
159,dflash2_pairwise_k16_tb16,Pairwise-MassPreserving,16,71,223,2.140845070422535,3.1267605633802815,0.028169014084507043,18.017525775796596,55.5015162705262,,14.118305886960359,1.2177855917375575,0.23684877505473478,38.81538031009128,2.0380960841963236,0.1638403660814527
0,dflash2_pairwise_k16_tb32,Pairwise-MassPreserving,32,254,775,2.0511811023622046,3.047244094488189,0.0,18.69238991871469,53.497707053436066,False,13.96275106300146,1.7523089525810953,0.23520036598696836,38.91755098029678,1.9968058032524043,0.16924971284933985
1,dflash2_pairwise_k16_tb32,Pairwise-MassPreserving,32,100,337,2.37,3.36,0.0,17.017308596452697,58.763698991064466,,14.003131929639494,1.7597510299674468,0.23617960956471507,39.16522995023115,2.016152140349732,0.16788531029304998
2,dflash2_pairwise_k16_tb32,Pairwise-MassPreserving,32,17,84,3.9411764705882355,4.882352941176471,0.17647058823529413,12.12454682137745,82.47730943946254,True,14.10051811741569,1.8105381185544984,0.24370552958263195,41.444613236201214,2.1374232370255735,0.17272723155602923
3,dflash2_pairwise_k16_tb32,Pairwise-MassPreserving,32,93,423,3.5483870967741935,4.537634408602151,0.12903225806451613,12.801979687944193,78.11291881221419,,14.207370827407626,1.7394762575721507,0.2395719462994396,39.84197116111435,2.032291602674416,0.16767743074270067
4,dflash2_pairwise_k16_tb32,Pairwise-MassPreserving,32,72,220,2.0555555555555554,3.0416666666666665,0.027777777777777776,18.534454886354403,53.9535695077943,False,13.791253888787955,1.746807847060457,0.23392461096389322,38.70423831964823,1.99248988954221,0.16434204119125045
5,dflash2_pairwise_k16_tb32,Pairwise-MassPreserving,32,15,44,1.9333333333333333,2.8666666666666667,0.0,19.05782640907009,52.47188102857708,,12.998012932560718,1.7350455333750385,0.2293466663104482,38.80174759979127,1.977991466022407,0.16081326854570457
6,dflash2_pairwise_k16_tb32,Pairwise-MassPreserving,32,62,204,2.2903225806451615,3.274193548387097,0.0,17.16078414706406,58.27239544709758,False,13.72424101599233,1.73657267688184,0.23299303223123594,38.630155500281795,1.977693919592815,0.16285943568237277
7,dflash2_pairwise_k16_tb32,Pairwise-MassPreserving,32,70,311,3.442857142857143,4.428571428571429,0.2571428571428571,12.892403762046976,77.56505446593508,,13.926624228146725,1.7052230571737579,0.23422757138697697,39.244924413755406,2.0027523858256506,0.16535648652019777
8,dflash2_pairwise_k16_tb32,Pairwise-MassPreserving,32,57,176,2.087719298245614,3.0701754385964914,0.0,18.382068392053373,54.400842096328134,False,13.75244075423229,1.740806859488019,0.2333701574427419,38.87779021029577,1.989256350881126,0.16500298347397657
9,dflash2_pairwise_k16_tb32,Pairwise-MassPreserving,32,50,215,3.3,4.28,0.28,13.116409004663204,76.24037948530544,,13.639566300116712,1.6891376800776925,0.23321223998209462,38.695369479682995,1.9780404004268348,0.16523261976544745
10,dflash2_pairwise_k16_tb32,Pairwise-MassPreserving,32,75,218,1.8933333333333333,2.8933333333333335,0.0,19.457591334843812,51.39382273946947,False,13.764978719797606,1.762581986646789,0.2331504265506131,38.65059934614692,1.9799551471563366,0.1654665203144153
11,dflash2_pairwise_k16_tb32,Pairwise-MassPreserving,32,62,238,2.838709677419355,3.8225806451612905,0.03225806451612903,14.810448840342191,67.51989833529551,,13.780623080932738,1.777628258423647,0.24012012879886183,38.884917338662255,2.0030202740012863,0.16670420952704584
12,dflash2_pairwise_k16_tb32,Pairwise-MassPreserving,32,178,607,2.4101123595505616,3.404494382022472,0.016853932584269662,17.02236910049274,58.7462293935956,False,14.181234152285183,1.9640694942169696,0.26139360112680926,39.40391379201378,2.0633642527397744,0.1742159660393503
13,dflash2_pairwise_k16_tb32,Pairwise-MassPreserving,32,52,206,2.9423076923076925,3.9423076923076925,0.0,14.43680225728386,69.26741685441219,,13.857426288198509,1.854176019780705,0.24919657614820886,39.02336817289044,2.0366542696417755,0.17112607719564737
14,dflash2_pairwise_k16_tb32,Pairwise-MassPreserving,32,40,122,2.05,3.025,0.0,19.111949852469746,52.323285050414405,False,14.029477650001354,2.0177069996861974,0.2635136997923837,39.73681372553983,2.07055745049729,0.17337752451567212
15,dflash2_pairwise_k16_tb32,Pairwise-MassPreserving,32,4,11,1.5,2.5,0.0,20.01082181827356,49.972960085368214,,10.746863748863689,1.9870712494594045,0.2566860002843896,39.800180500606075,2.070530750643229,0.1684277503954945
16,dflash2_pairwise_k16_tb32,Pairwise-MassPreserving,32,66,245,2.712121212121212,3.696969696969697,0.07575757575757576,15.304433220399934,65.3405445075259,False,13.798044242183536,1.7825779090564924,0.23832059146529486,38.83924407493782,1.989737212142879,0.16398716715312647
17,dflash2_pairwise_k16_tb32,Pairwise-MassPreserving,32,16,66,3.125,4.0625,0.0625,13.543923469776265,73.83384897526442,,13.063615875125834,1.7096162509915303,0.23020462458589463,38.72168675025023,1.9838245002574695,0.1597363116161432
18,dflash2_pairwise_k16_tb32,Pairwise-MassPreserving,32,17,87,4.117647058823529,5.0588235294117645,0.17647058823529413,11.353121011487167,88.08150630898702,True,13.657575352922054,2.0002284710405065,0.27172335231786265,39.88268152940744,2.1095992933089076,0.17945835390812992
19,dflash2_pairwise_k16_tb32,Pairwise-MassPreserving,32,11,87,6.909090909090909,7.818181818181818,0.9090909090909091,7.2739859080328815,137.47620804374532,,13.191589546543334,1.8635641807288101,0.269155454589054,39.90442072708075,2.1257740895221517,0.17611181961414826
20,dflash2_pairwise_k16_tb32,Pairwise-MassPreserving,32,122,366,2.0,2.9918032786885247,0.00819672131147541,19.29028702186054,51.839560441312216,False,14.093105860813578,1.9485837049719297,0.2552064099410152,39.36488354043295,2.0376454507879584,0.17143609863419665
21,dflash2_pairwise_k16_tb32,Pairwise-MassPreserving,32,79,264,2.329113924050633,3.329113924050633,0.0,17.108952227262662,58.44893285788282,,13.90713477211406,1.8559870878573437,0.24553884770883294,38.97772962043262,2.0199529617572427,0.16787681136209565
22,dflash2_pairwise_k16_tb32,Pairwise-MassPreserving,32,57,169,1.9649122807017543,2.9473684210526314,0.0,19.03565316566937,52.533001694078514,False,13.690395351053061,1.7469094733282793,0.23431366660811923,38.63019973594642,1.9741906839874246,0.16303293114903858
23,dflash2_pairwise_k16_tb32,Pairwise-MassPreserving,32,59,152,1.5593220338983051,2.559322033898305,0.0,22.358791789501037,44.725135839834046,,13.938242830513676,1.918466322931019,0.2523239151233318,39.29470579637613,2.028951694660078,0.16962049131368492
24,dflash2_pairwise_k16_tb32,Pairwise-MassPreserving,32,334,1307,2.913173652694611,3.910179640718563,0.09281437125748503,14.621679820201834,68.39159469340618,False,14.023493658809631,1.8267569937819927,0.2456034908064538,38.93959908694336,2.012556580938873,0.16916241926997816
25,dflash2_pairwise_k16_tb32,Pairwise-MassPreserving,32,405,1640,3.049382716049383,4.046913580246914,0.09382716049382717,13.974847096337394,71.55713354903794,,13.907351293658584,1.7394614446711336,0.23510390863880332,38.553644624613455,1.9877291947781441,0.16621382498142115
26,dflash2_pairwise_k16_tb32,Pairwise-MassPreserving,32,271,1004,2.7047970479704797,3.7011070110701105,0.04797047970479705,15.069538985061449,66.3590306904085,False,13.893504129249965,1.7351099667498049,0.2351499629940243,37.81131165295112,1.9883401473097906,0.16616768687701444
27,dflash2_pairwise_k16_tb32,Pairwise-MassPreserving,32,229,895,2.908296943231441,3.903930131004367,0.043668122270742356,14.58546323463543,68.56141515103516,,13.960226869110707,1.8064161878502134,0.24226937973241455,38.8208021267849,2.0074391881256632,0.16716762393632675
28,dflash2_pairwise_k16_tb32,Pairwise-MassPreserving,32,69,226,2.2753623188405796,3.260869565217391,0.043478260869565216,17.295456526534934,57.818653035598444,True,13.791049942391101,1.7520385362845643,0.23357959413998827,38.72609527541604,1.981968709910491,0.16415453601571178
29,dflash2_pairwise_k16_tb32,Pairwise-MassPreserving,32,33,111,2.3636363636363638,3.3333333333333335,0.030303030303030304,16.989244918862298,58.860767784314575,,13.721112848240105,1.8336459089010586,0.24166451542193748,39.166308272273675,2.01712990956642,0.16578054540635398
30,dflash2_pairwise_k16_tb32,Pairwise-MassPreserving,32,113,384,2.398230088495575,3.3893805309734515,0.035398230088495575,16.777715611965505,59.60286984998253,False,13.922417557368723,1.7838260792226703,0.23699349581327833,38.91194748640188,1.992750530949159,0.1666028590474187
31,dflash2_pairwise_k16_tb32,Pairwise-MassPreserving,32,200,808,3.04,4.035,0.075,14.188863571788636,70.47780782023129,,14.042377855002997,1.839815140265273,0.24456625524180708,39.00535165499605,2.022830300120404,0.16806762439955492
32,dflash2_pairwise_k16_tb32,Pairwise-MassPreserving,32,238,1113,3.676470588235294,4.6722689075630255,0.21008403361344538,12.290215179692224,81.36554042213623,False,14.075278756390922,1.8409961720702568,0.25390199574636013,39.111356794162305,2.023520201774551,0.16977589076923935
33,dflash2_pairwise_k16_tb32,Pairwise-MassPreserving,32,212,952,3.490566037735849,4.485849056603773,0.16981132075471697,12.869455383400489,77.70336585414779,,14.144387632150714,1.8579696978053588,0.25201865561407516,39.32081049537854,2.0446660518983952,0.17128673600794017
34,dflash2_pairwise_k16_tb32,Pairwise-MassPreserving,32,47,137,1.8936170212765957,2.893617021276596,0.0,19.70555979562422,50.74709931468468,False,13.873738106067709,1.8753859784486306,0.24714997809806324,39.25397644606493,2.019894552854276,0.1694654065625187
35,dflash2_pairwise_k16_tb32,Pairwise-MassPreserving,32,93,316,2.3978494623655915,3.3870967741935485,0.010752688172043012,16.837171541150774,59.39239839399134,,14.123475602333514,1.9390761072406926,0.2534831928837824,38.666770322359746,2.0553107847214265,0.1720582593172308
36,dflash2_pairwise_k16_tb32,Pairwise-MassPreserving,32,30,77,1.5666666666666667,2.533333333333333,0.0,22.289659973939234,44.86385172179326,False,13.66634219957632,1.8704076666229714,0.2458527339816404,39.23877646617863,2.0186742335984795,0.17007396648599146
37,dflash2_pairwise_k16_tb32,Pairwise-MassPreserving,32,31,77,1.4838709677419355,2.4516129032258065,0.0,23.280762259768288,42.95392001524408,,13.8403415480899,1.9439526766936686,0.25575232317468394,39.57118935490613,2.045925644896699,0.1692479361795009
38,dflash2_pairwise_k16_tb32,Pairwise-MassPreserving,32,128,391,2.046875,3.046875,0.0,18.343179636844642,54.51617548308642,False,13.89792142214219,1.7478075702683782,0.23436214866023874,38.00491164838604,1.9830394611517477,0.16463929631526514
39,dflash2_pairwise_k16_tb32,Pairwise-MassPreserving,32,149,508,2.4093959731543624,3.402684563758389,0.006711409395973154,16.661174761815,60.0197773743935,,13.906063362883776,1.75396223484551,0.23474596654089955,38.75298942294715,1.9933282212223764,0.16345293251344398
40,dflash2_pairwise_k16_tb32,Pairwise-MassPreserving,32,24,106,3.375,4.375,0.08333333333333333,13.054778830165851,76.60030192846214,True,13.710350374822156,1.9146944584160035,0.25633245938176213,39.554133499526266,2.0499795834136116,0.1731161243393823
41,dflash2_pairwise_k16_tb32,Pairwise-MassPreserving,32,54,231,3.2777777777777777,4.2592592592592595,0.14814814814814814,13.597921380943022,73.54065169118145,,14.073137130051489,1.9005516300644052,0.25636509248956657,39.70538877762953,2.062049833545677,0.17139344358670147
42,dflash2_pairwise_k16_tb32,Pairwise-MassPreserving,32,31,129,3.161290322580645,4.129032258064516,0.06451612903225806,13.993957581424041,71.45941340621377,True,13.97413106549779,1.9573011938313534,0.26231961307911983,39.786088160443825,2.0805249361963494,0.17255528913547977
43,dflash2_pairwise_k16_tb32,Pairwise-MassPreserving,32,68,334,3.911764705882353,4.897058823529412,0.20588235294117646,11.901316568849701,84.02431732783099,,14.218131117719595,1.9492832501889685,0.2617766760308501,39.770196191110536,2.083814808536451,0.1732646328224184
44,dflash2_pairwise_k16_tb32,Pairwise-MassPreserving,32,198,794,3.005050505050505,4.005050505050505,0.06565656565656566,14.228505716628046,70.28144907946003,False,13.9719753132882,1.7809622575698838,0.23934286380406572,38.89523864644515,2.00318191425388,0.16704415111694335
45,dflash2_pairwise_k16_tb32,Pairwise-MassPreserving,32,127,511,3.015748031496063,4.015748031496063,0.10236220472440945,13.85314594324049,72.18576950659647,,13.83570292899266,1.733235338465384,0.23299092881786673,37.78561068519787,1.9871053942107948,0.16517816522794843
46,dflash2_pairwise_k16_tb32,Pairwise-MassPreserving,32,53,247,3.660377358490566,4.6415094339622645,0.07547169811320754,12.004876983807296,83.29947914908614,True,13.769052641571692,1.706651716991679,0.23369573552012093,38.05665994383711,2.0178801882276223,0.1633166606518229
47,dflash2_pairwise_k16_tb32,Pairwise-MassPreserving,32,37,225,5.081081081081081,6.054054054054054,0.4594594594594595,9.146280551115826,109.33406147026643,,13.620627594866312,1.6667894323708843,0.23483840541794543,37.938512594878006,1.9939358914868806,0.16456970263027107
48,dflash2_pairwise_k16_tb32,Pairwise-MassPreserving,32,128,680,4.3125,5.3046875,0.25,10.74998875735807,93.02335310030233,False,13.981576914147809,1.6908587811599318,0.23508204691324863,39.03641968724969,1.9999535235228905,0.16542432047116779
49,dflash2_pairwise_k16_tb32,Pairwise-MassPreserving,32,23,133,4.782608695652174,5.739130434782608,0.34782608695652173,9.530653714307817,104.92459698737748,,13.33218091294048,1.6846988693704708,0.2327620437110612,37.70970760872486,1.9915657394449227,0.1611258694142832
50,dflash2_pairwise_k16_tb32,Pairwise-MassPreserving,32,63,349,4.5396825396825395,5.523809523809524,0.30158730158730157,10.252327131802772,97.53883066196695,False,13.837558745488797,1.6799085077807485,0.23449242848622065,38.890432332649766,1.9889027937010506,0.16334279505480526
51,dflash2_pairwise_k16_tb32,Pairwise-MassPreserving,32,102,593,4.813725490196078,5.803921568627451,0.3137254901960784,9.543414595278241,104.78429811639602,,13.764461068728684,1.672544852601063,0.23331267620247387,37.64568896097926,1.984328627669111,0.18245650989781864
52,dflash2_pairwise_k16_tb32,Pairwise-MassPreserving,32,11,62,4.636363636363637,5.545454545454546,0.36363636363636365,9.955236080713803,100.44965201149692,True,12.87260918285359,1.6457344536320306,0.23525490872667765,39.192984635354314,2.0028401823682627,0.16190727381564846
53,dflash2_pairwise_k16_tb32,Pairwise-MassPreserving,32,60,383,5.383333333333334,6.366666666666666,0.55,8.93524361881242,111.9163665436701,,13.84889753353491,1.745184799559259,0.24397908382525202,39.02447543308275,2.0060239664114,0.1680776170057167
54,dflash2_pairwise_k16_tb32,Pairwise-MassPreserving,32,57,250,3.3859649122807016,4.368421052631579,0.12280701754385964,12.883757631992921,77.61710741257674,True,13.744146157446187,1.714858316087262,0.2328991931311688,38.67411275413153,1.978462666126066,0.16322982532744246
55,dflash2_pairwise_k16_tb32,Pairwise-MassPreserving,32,37,160,3.2972972972972974,4.297297297297297,0.08108108108108109,13.072814675024347,76.49462069637559,,13.598128702338924,1.7103246474918608,0.23294426972751278,38.837516487055346,1.988209568505251,0.16396681147287726
56,dflash2_pairwise_k16_tb32,Pairwise-MassPreserving,32,314,2048,5.522292993630574,6.519108280254777,0.5605095541401274,8.782823641602988,113.85859955824935,False,14.085641783602078,1.6539057609766046,0.23528250314982663,39.1333462168497,2.009743487056987,0.1662293502849239
57,dflash2_pairwise_k16_tb32,Pairwise-MassPreserving,32,275,2048,6.443636363636363,7.443636363636363,0.8327272727272728,7.6417548227531995,130.85999527523657,,14.034872232931031,1.6151167052289979,0.23591133117654614,38.85120800355005,2.007739850775,0.16538415633311326
58,dflash2_pairwise_k16_tb32,Pairwise-MassPreserving,32,59,234,2.9661016949152543,3.9491525423728815,0.05084745762711865,14.477179076928799,69.07423018574285,False,13.927002033905394,1.7354231184966058,0.23596605098060475,39.34677491522931,2.0076110507697025,0.16518730521734837
59,dflash2_pairwise_k16_tb32,Pairwise-MassPreserving,32,167,639,2.8263473053892216,3.820359281437126,0.09580838323353294,14.964831837239611,66.82333693262926,,14.02336452069168,1.7404054489957788,0.23549204761257206,39.08829341861622,2.0076350123700992,0.16545352773827326
60,dflash2_pairwise_k16_tb32,Pairwise-MassPreserving,32,53,386,6.283018867924528,7.264150943396227,0.7169811320754716,7.746425471492528,129.09179900846925,True,13.90534324446838,1.6252392451860942,0.23669149122038363,38.47810303705046,2.007052509382121,0.164933340543802
61,dflash2_pairwise_k16_tb32,Pairwise-MassPreserving,32,89,629,6.067415730337078,7.056179775280899,0.6853932584269663,8.084937085853117,123.68680045139531,,13.977572190597538,1.6284595624435159,0.23667453933740035,39.119064764154345,2.0122834044087448,0.1655570784023848
62,dflash2_pairwise_k16_tb32,Pairwise-MassPreserving,32,14,74,4.285714285714286,5.214285714285714,0.2857142857142857,10.696112540490748,93.49191084278915,True,13.154625071495373,1.6640440007904544,0.23963778533340832,39.31374057200238,2.004492358537391,0.16005506872065636
63,dflash2_pairwise_k16_tb32,Pairwise-MassPreserving,32,14,86,5.142857142857143,6.071428571428571,0.5,9.209574418576288,108.58265046242934,,13.157051502016007,1.6763727840693068,0.2367952147324104,39.33322621482408,2.007456571196339,0.1621977129876281
64,dflash2_pairwise_k16_tb32,Pairwise-MassPreserving,32,49,318,5.489795918367347,6.469387755102041,0.6122448979591837,8.815130424535132,113.44131644572181,False,13.88194846961652,1.641323244999809,0.23728261220064584,39.2762141221153,2.0074388567638604,0.16419014332777992
65,dflash2_pairwise_k16_tb32,Pairwise-MassPreserving,32,47,243,4.148936170212766,5.148936170212766,0.23404255319148937,11.012342456779,90.80720145825268,,13.81778395706862,1.6747673608404783,0.234905680972201,39.0378404890145,2.005343084555476,0.16551298068271594
66,dflash2_pairwise_k16_tb32,Pairwise-MassPreserving,32,79,483,5.10126582278481,6.10126582278481,0.43037974683544306,9.247040867503115,108.14270363120174,True,13.789365987703823,1.6580475695045147,0.232692253190134,38.710054164789945,1.9817461642433736,0.16379941758092587
67,dflash2_pairwise_k16_tb32,Pairwise-MassPreserving,32,136,893,5.5661764705882355,6.5588235294117645,0.6102941176470589,8.772801329226109,113.98867505052857,,14.13787596346297,1.660605220582939,0.2376094334977097,39.36519616164493,2.0349215657166924,0.16755332420442476
68,dflash2_pairwise_k16_tb32,Pairwise-MassPreserving,32,58,372,5.413793103448276,6.396551724137931,0.5689655172413793,8.906806231196594,112.27368981009639,False,13.88218848296674,1.648635913593823,0.23417184400324034,39.192970155548615,2.0036786037711987,0.1647673795152263
69,dflash2_pairwise_k16_tb32,Pairwise-MassPreserving,32,13,79,5.076923076923077,6.0,0.38461538461538464,9.22747770887269,108.3719767795753,,12.996766231551122,1.6594765402260236,0.23045161483773532,39.01492061525529,2.009648231390971,0.16340899758058816
70,dflash2_pairwise_k16_tb32,Pairwise-MassPreserving,32,36,234,5.5,6.472222222222222,0.4722222222222222,8.791588034171612,113.74509316327685,False,13.787578583610916,1.6277684717351804,0.23370938854188555,39.324598443878735,2.006119860905326,0.16554747344343923
71,dflash2_pairwise_k16_tb32,Pairwise-MassPreserving,32,79,560,6.0886075949367084,7.075949367088608,0.6708860759493671,8.071682457141703,123.88990836913004,,13.950484633317535,1.6245143921843943,0.23779517717149604,39.234022354033684,2.004801923732562,0.16537108917240217
72,dflash2_pairwise_k16_tb32,Pairwise-MassPreserving,32,54,314,4.814814814814815,5.796296296296297,0.46296296296296297,9.848050445864708,101.54294045273801,False,13.890873204083483,1.6471285558105189,0.23689987035511337,39.32076114802772,2.0042937405243584,0.1646331108565425
73,dflash2_pairwise_k16_tb32,Pairwise-MassPreserving,32,35,257,6.3428571428571425,7.314285714285714,0.7428571428571429,8.62876805835263,115.8913987764455,,13.567478314299867,1.6228509989949609,0.236183541918373,45.77616671470293,1.9939636857348628,0.16316791568117747
74,dflash2_pairwise_k16_tb32,Pairwise-MassPreserving,32,39,282,6.230769230769231,7.205128205128205,0.7435897435897436,7.865629939712066,127.13539890189732,True,13.71007853762981,1.6685305131548562,0.23326199992040458,39.113169538606414,1.9842696669795072,0.16524469239625317
75,dflash2_pairwise_k16_tb32,Pairwise-MassPreserving,32,36,271,6.527777777777778,7.5,0.8055555555555556,7.551141092261623,132.43031586640538,,13.660606444116436,1.700246555628837,0.24115655529991878,39.06486647267431,2.0098645549700853,0.16657152850206736
76,dflash2_pairwise_k16_tb32,Pairwise-MassPreserving,32,28,166,4.928571428571429,5.892857142857143,0.4642857142857143,9.58724417472125,104.30526038303131,True,13.590700572032281,1.712816606803764,0.24220889203466608,39.11371632135082,2.012796714032967,0.16642278673576325
77,dflash2_pairwise_k16_tb32,Pairwise-MassPreserving,32,62,407,5.564516129032258,6.548387096774194,0.5806451612903226,8.678150439815978,115.23192723324179,,13.837979596803873,1.6850527900978998,0.23833437151023967,39.03218811284469,2.0080538868628097,0.1662497742208577
78,dflash2_pairwise_k16_tb32,Pairwise-MassPreserving,32,31,212,5.838709677419355,6.806451612903226,0.6451612903225806,8.31354901884141,120.285572110497,False,13.659268742260117,1.6494772576298866,0.23738648334044904,39.141460387092536,2.0014348711195074,0.16492038740844792
79,dflash2_pairwise_k16_tb32,Pairwise-MassPreserving,32,123,841,5.837398373983739,6.829268292682927,0.6504065040650406,8.371299804991105,119.45576234216145,,13.982735186608458,1.6826492601393237,0.2390110240094515,39.14669503250095,2.019714422470027,0.16710674904836983
80,dflash2_pairwise_k16_tb32,Pairwise-MassPreserving,32,114,525,3.6052631578947367,4.5964912280701755,0.12280701754385964,12.325401085725476,81.13326236159071,False,14.045681281124033,1.7121972634509133,0.23754171923971162,38.58423429878792,2.0159423681769497,0.16611859558779224
81,dflash2_pairwise_k16_tb32,Pairwise-MassPreserving,32,120,644,4.366666666666666,5.358333333333333,0.325,10.648315110256872,93.91157095236231,,13.91021011659177,1.7014758917866857,0.23542417487381803,39.11902996684754,2.0156485167414453,0.16416909153727696
82,dflash2_pairwise_k16_tb32,Pairwise-MassPreserving,32,67,374,4.582089552238806,5.567164179104478,0.3582089552238806,10.447365307470287,95.71791265736249,False,14.158586880240811,1.7154078807685273,0.24237420862547554,39.9822720298031,2.0510689559594186,0.16841877585471565
83,dflash2_pairwise_k16_tb32,Pairwise-MassPreserving,32,73,484,5.63013698630137,6.616438356164384,0.589041095890411,8.761659202478347,114.13363346946173,,14.104749890178288,1.8750297400800588,0.256729794447693,39.62049049274256,2.062934986634614,0.1710658356362367
84,dflash2_pairwise_k16_tb32,Pairwise-MassPreserving,32,106,498,3.69811320754717,4.688679245283019,0.2641509433962264,11.919365885532386,83.89708056649143,True,13.856574933839202,1.688620368063226,0.23408549998937403,38.05504658493929,2.000069198265061,0.16413370731071447
85,dflash2_pairwise_k16_tb32,Pairwise-MassPreserving,32,58,319,4.5,5.482758620689655,0.3448275862068966,10.424225250795319,95.9303905989277,,14.127660310899454,1.881446327952917,0.2575053099306011,38.82875484487158,2.0667971895881205,0.17107489613157795
86,dflash2_pairwise_k16_tb32,Pairwise-MassPreserving,32,70,414,4.914285714285715,5.9,0.38571428571428573,9.435303408215564,105.98493304722707,False,13.766868571630246,1.668988371758522,0.2354733996201373,37.983083785989685,1.9847768423330439,0.16388918582898832
87,dflash2_pairwise_k16_tb32,Pairwise-MassPreserving,32,167,1012,5.059880239520958,6.053892215568863,0.49101796407185627,9.542132381417328,104.79837839469025,,14.161223413178371,1.8037711798640743,0.2520314791946655,39.383853550815275,2.050867850294833,0.1724319876967037
88,dflash2_pairwise_k16_tb32,Pairwise-MassPreserving,32,127,688,4.417322834645669,5.409448818897638,0.2677165354330709,10.552528027621817,94.76402217387583,False,13.95513160642572,1.7347785589348443,0.23936363748104245,39.063912307315114,2.006225511922105,0.16703942519526443
89,dflash2_pairwise_k16_tb32,Pairwise-MassPreserving,32,147,817,4.557823129251701,5.551020408163265,0.3741496598639456,10.314675908195309,96.94924095535285,,14.039874543890445,1.6882338642885553,0.23555970053049122,39.18882027200303,2.008910673503371,0.16574527908727957
90,dflash2_pairwise_k16_tb32,Pairwise-MassPreserving,32,174,911,4.235632183908046,5.2298850574712645,0.25287356321839083,10.972682805711127,91.1354148941145,False,14.087553913909112,1.7099594140787282,0.23553599422829674,39.2363229827121,2.012926310355355,0.16663262611201526
91,dflash2_pairwise_k16_tb32,Pairwise-MassPreserving,32,111,463,3.171171171171171,4.162162162162162,0.09009009009009009,13.808859643632859,72.4172759957837,,14.093746314756572,1.733667630810282,0.23733340483001508,39.33773486452074,2.027654856089964,0.16898018126281583
92,dflash2_pairwise_k16_tb32,Pairwise-MassPreserving,32,70,348,3.9714285714285715,4.957142857142857,0.2,11.395602864938374,87.75314582756899,False,13.783494556992082,1.7013366576325748,0.23523152849520557,38.780797214193235,1.9861566718775845,0.1654090422172302
93,dflash2_pairwise_k16_tb32,Pairwise-MassPreserving,32,143,736,4.146853146853147,5.13986013986014,0.26573426573426573,10.984691077441234,91.03578725610728,,13.839235363635593,1.6909489647580564,0.23338251761030537,38.61849155911803,1.9891773282560044,0.1653561057601046
94,dflash2_pairwise_k16_tb32,Pairwise-MassPreserving,32,206,1096,4.320388349514563,5.315533980582524,0.2815533980582524,10.79588970072899,92.62784520042617,False,14.099669694101994,1.6902608156811165,0.23672279620795167,39.233572863911796,2.0107907573034134,0.1673088591965055
95,dflash2_pairwise_k16_tb32,Pairwise-MassPreserving,32,245,1413,4.7673469387755105,5.763265306122449,0.37142857142857144,9.923982482661353,100.76599810077718,,14.08535455141516,1.6854571917139431,0.23697730598077937,39.053456049129764,2.007810110125301,0.16599478347379756
96,dflash2_pairwise_k16_tb32,Pairwise-MassPreserving,32,154,779,4.0519480519480515,5.0519480519480515,0.19480519480519481,11.366559993575429,87.97736523321188,False,14.086139110147926,1.7156387211444226,0.23772548706506608,39.2686943118211,2.021600883404948,0.16728093443769515
97,dflash2_pairwise_k16_tb32,Pairwise-MassPreserving,32,68,423,5.220588235294118,6.205882352941177,0.47058823529411764,9.045837867607904,110.54807908738714,,13.729596191350378,1.6624200147549237,0.23411547066215838,38.49060198487731,1.9905165739627966,0.16318238201219668
98,dflash2_pairwise_k16_tb32,Pairwise-MassPreserving,32,119,641,4.38655462184874,5.378151260504202,0.33613445378151263,10.569474686421353,94.6120814580032,False,13.949132899050856,1.6832394460475408,0.23396920213209732,38.89986446222433,2.002553218433207,0.16429349476815897
99,dflash2_pairwise_k16_tb32,Pairwise-MassPreserving,32,110,584,4.3090909090909095,5.3,0.2727272727272727,10.665040366441408,93.76429583394712,,13.87389174507751,1.6844635087843265,0.23516369996782902,38.664333982028026,1.9984335634614003,0.16538235524256545
100,dflash2_pairwise_k16_tb32,Pairwise-MassPreserving,32,3,14,3.6666666666666665,4.333333333333333,0.0,11.229673714426879,89.04978233831403,True,9.367654667585157,1.7487413351773284,0.22613233159063384,38.91045833249033,2.0055833325992958,0.14657400121601918
101,dflash2_pairwise_k16_tb32,Pairwise-MassPreserving,32,31,218,6.0,7.0,0.7096774193548387,7.930839825665883,126.09005124070057,,13.607296129902675,1.5886328394352007,0.23363345051972917,38.18327790307399,1.9951682587552275,0.16370374073776933
102,dflash2_pairwise_k16_tb32,Pairwise-MassPreserving,32,3,16,4.0,5.0,0.0,9.833037187490845,101.69797804407328,True,9.3809680013995,1.6808066623828684,0.23090599764448902,38.9784406676578,1.990687667178766,0.18105600368774807
103,dflash2_pairwise_k16_tb32,Pairwise-MassPreserving,32,5,30,4.8,5.8,0.4,9.020619400204547,110.8571324910709,,11.212360802164767,1.6212058006203733,0.23770359985064715,38.89553259941749,1.999399601481855,0.15751399769214913
104,dflash2_pairwise_k16_tb32,Pairwise-MassPreserving,32,12,80,5.666666666666667,6.583333333333333,0.5833333333333334,8.35649336249844,119.66741988783416,True,12.847754333051853,1.5738055826659547,0.23303824794614533,38.89549149971572,1.9979916663335946,0.16187442027633855
105,dflash2_pairwise_k16_tb32,Pairwise-MassPreserving,32,25,173,5.88,6.88,0.72,8.113950184940743,123.24453283629607,,13.46429008000996,1.6071152800577693,0.23506431956775486,38.68162111961283,1.9968322402564809,0.16361224028514698
106,dflash2_pairwise_k16_tb32,Pairwise-MassPreserving,32,26,161,5.1923076923076925,6.153846153846154,0.5,9.149451857134093,109.29616501782793,False,13.550789308702896,1.6471423472327074,0.23189219259970392,39.05649365361359,2.0066630000096315,0.16324061317181288
107,dflash2_pairwise_k16_tb32,Pairwise-MassPreserving,32,80,577,6.2125,7.2,0.7125,7.811880766033688,128.01014633352221,,13.773422012764058,1.6201175131755008,0.23283756245291443,38.56521493717082,1.9883606876646809,0.16323731178999878
108,dflash2_pairwise_k16_tb32,Pairwise-MassPreserving,32,15,103,5.866666666666666,6.8,0.7333333333333333,8.12999452424724,123.00131285667632,True,13.067863533312144,1.628300933225546,0.233937798475381,38.74104233351924,1.9874151999829337,0.16740260131579512
109,dflash2_pairwise_k16_tb32,Pairwise-MassPreserving,32,13,60,3.6153846153846154,4.538461538461538,0.23076923076923078,12.063633233386403,82.89376679924878,,12.90654123015254,1.6278946143127262,0.2316510760395501,38.75894784589316,1.987002308641632,0.16627015597455633
110,dflash2_pairwise_k16_tb32,Pairwise-MassPreserving,32,4,15,2.5,3.5,0.0,14.712265333218966,67.97049790436354,True,10.84181625083147,2.0200702510919655,0.27157299882674124,39.79979175164772,2.072856750601204,0.16488699657202233
111,dflash2_pairwise_k16_tb32,Pairwise-MassPreserving,32,4,18,3.5,4.25,0.25,12.113777777509918,82.5506310555383,,10.695284749090206,1.9279552507214248,0.2562990011938382,39.416563500708435,2.051518498774385,0.16437899830634706
112,dflash2_pairwise_k16_tb32,Pairwise-MassPreserving,32,15,73,3.8666666666666667,4.8,0.3333333333333333,11.61248780817291,86.11419159434523,True,13.162864266875355,1.7721238667339396,0.24099353225513673,39.15171626528414,2.020254732633475,0.1661546693261092
113,dflash2_pairwise_k16_tb32,Pairwise-MassPreserving,32,6,33,4.5,5.333333333333333,0.3333333333333333,9.952187454583703,100.48042247630973,,11.688139335698603,1.7422961670187458,0.23023716615474163,38.92198933317559,1.9990203327324707,0.15534866543021053
114,dflash2_pairwise_k16_tb32,Pairwise-MassPreserving,32,10,41,3.1,4.0,0.0,13.751412829151377,72.71980067968853,True,12.79691009913222,1.8285384016053285,0.2441888012981508,39.29999729953124,2.0445214002393186,0.16663659771438688
115,dflash2_pairwise_k16_tb32,Pairwise-MassPreserving,32,5,31,5.2,6.0,0.4,9.113684258115809,109.72510915215128,,11.753117400803603,1.9788727993727662,0.26757479936350137,40.20196519995807,2.124582399846986,0.17872980097308755
116,dflash2_pairwise_k16_tb32,Pairwise-MassPreserving,32,12,55,3.5833333333333335,4.5,0.0,12.290191527228506,81.3656970100534,True,12.947457499952483,1.8347000010786967,0.24438999874594933,39.1349583351257,2.0037516672649267,0.1647869976295624
117,dflash2_pairwise_k16_tb32,Pairwise-MassPreserving,32,12,55,3.5833333333333335,4.5,0.0,12.173491127296902,82.14570409943263,,12.831425750240063,1.719651249004528,0.23954649986990262,38.84077300002294,1.9935530829873944,0.17021808465263652
118,dflash2_pairwise_k16_tb32,Pairwise-MassPreserving,32,11,75,5.818181818181818,6.7272727272727275,0.5454545454545454,8.157702266665487,122.58353728920245,True,12.712895635393744,1.6421461815215563,0.23450481702721762,38.878760183499914,1.9904034548248588,0.16198700045193123
119,dflash2_pairwise_k16_tb32,Pairwise-MassPreserving,32,20,123,5.15,6.1,0.6,9.123802959326962,109.6034191507537,,13.350858400735888,1.6288257997075561,0.2334844506549416,38.73593174939742,1.9991228997241706,0.16316489964083303
120,dflash2_pairwise_k16_tb32,Pairwise-MassPreserving,32,168,737,3.386904761904762,4.380952380952381,0.09523809523809523,12.932699295790712,77.32337829315156,False,13.88102667862681,1.7094262080025233,0.23372192832279584,38.759191886821924,1.9852961429153635,0.16585728029721872
121,dflash2_pairwise_k16_tb32,Pairwise-MassPreserving,32,231,1171,4.064935064935065,5.064935064935065,0.2597402597402597,11.301304035016095,88.48536389266124,,14.05841903912218,1.7968474065411728,0.24521142418584,38.98863966205839,2.030916320569753,0.1692606280588049
122,dflash2_pairwise_k16_tb32,Pairwise-MassPreserving,32,161,795,3.937888198757764,4.931677018633541,0.2236024844720497,11.453481748427043,87.30969516211385,False,14.03943659624364,1.7053243977191963,0.2349902672717718,38.40968719897257,2.0014278323412005,0.1651460676969561
123,dflash2_pairwise_k16_tb32,Pairwise-MassPreserving,32,307,1309,3.263843648208469,4.260586319218241,0.08794788273615635,13.4304834293325,74.45748362385645,,14.07471897063192,1.7292274074055973,0.23653354725276396,39.0578067230551,2.0006454559636504,0.16654935821944677
124,dflash2_pairwise_k16_tb32,Pairwise-MassPreserving,32,167,663,2.970059880239521,3.964071856287425,0.07784431137724551,14.441554924588791,69.2446211797705,False,14.064598910288863,1.7249913296096229,0.2349654072215976,39.14478550897562,1.9982824014296927,0.16621425686003974
125,dflash2_pairwise_k16_tb32,Pairwise-MassPreserving,32,255,1234,3.83921568627451,4.8352941176470585,0.21176470588235294,11.81512350647806,84.63728707124514,,14.048509863142481,1.7077554348575443,0.23437587090073994,39.01796436502813,2.0020309568887265,0.1652945170016941
126,dflash2_pairwise_k16_tb32,Pairwise-MassPreserving,32,139,546,2.9280575539568345,3.920863309352518,0.06474820143884892,14.267586772892994,70.08893766813469,False,13.918418381128648,1.7314039062073776,0.23483953989578224,37.99671994224057,1.9970880647561775,0.16543216576838277
127,dflash2_pairwise_k16_tb32,Pairwise-MassPreserving,32,110,722,5.5636363636363635,6.554545454545455,0.6090909090909091,8.614239416896543,116.08685939684162,,13.856021727538478,1.6439181911251084,0.23338232772816395,38.64248475510976,2.0015132820514157,0.16341479825893887
128,dflash2_pairwise_k16_tb32,Pairwise-MassPreserving,32,121,570,3.7107438016528924,4.702479338842975,0.23140495867768596,12.208435921051557,81.91057449674244,False,14.058089594877217,1.7510929170414835,0.2391560330639655,39.280672495295235,2.0153181402379268,0.16648466245430976
129,dflash2_pairwise_k16_tb32,Pairwise-MassPreserving,32,145,706,3.8620689655172415,4.862068965517241,0.25517241379310346,11.658709740797821,85.77278465906542,,14.130069089728279,1.7952610339150474,0.24648515852810493,38.38230189621441,2.0431073170741376,0.16863120801080467
130,dflash2_pairwise_k16_tb32,Pairwise-MassPreserving,32,185,901,3.8702702702702703,4.864864864864865,0.21081081081081082,11.765578226417292,84.99369778143982,False,14.050863913615938,1.7184051948149588,0.23663567007059935,39.12325731366149,2.006819983629661,0.16556377286670376
131,dflash2_pairwise_k16_tb32,Pairwise-MassPreserving,32,85,372,3.376470588235294,4.364705882352941,0.16470588235294117,13.002948451626693,76.90563441977639,,13.89599647064803,1.718794353056343,0.23599363562157927,38.88982669424663,2.001218835271977,0.16519147003932363
132,dflash2_pairwise_k16_tb32,Pairwise-MassPreserving,32,289,968,2.3494809688581313,3.3460207612456747,0.03460207612456748,16.93075632954051,59.06410679688397,False,13.915039135269446,1.7450525291990344,0.2340706887857982,38.659236533169526,1.9903567854869324,0.1654904422595546
133,dflash2_pairwise_k16_tb32,Pairwise-MassPreserving,32,448,2048,3.5714285714285716,4.569196428571429,0.16741071428571427,12.379126010742425,80.78114716113356,,13.933766087266772,1.735627888511512,0.2349070669457173,38.52960526580773,1.9909218775312962,0.16546214875948603
134,dflash2_pairwise_k16_tb32,Pairwise-MassPreserving,32,196,765,2.8979591836734695,3.8979591836734695,0.08673469387755102,14.561215526790715,68.67558536992547,False,13.939610183727808,1.7876589540997996,0.2368579387584017,38.71135945931256,1.991711551380256,0.16611761677676423
135,dflash2_pairwise_k16_tb32,Pairwise-MassPreserving,32,166,822,3.9518072289156625,4.945783132530121,0.2469879518072289,11.438353897806769,87.42516702440406,,13.90329963243244,1.7301772231255736,0.23664285547867225,38.605540042062124,1.998635035887268,0.16622872906912353
136,dflash2_pairwise_k16_tb32,Pairwise-MassPreserving,32,239,923,2.8619246861924688,3.8577405857740588,0.07112970711297072,14.663321712895076,68.19737161741392,False,13.896942109050508,1.736956414236652,0.23431076604758963,38.6056042764086,1.9908181005208676,0.16401243834730986
137,dflash2_pairwise_k16_tb32,Pairwise-MassPreserving,32,192,809,3.2135416666666665,4.208333333333333,0.08333333333333333,13.409932939430966,74.57158842752824,,13.855411453467545,1.7272982654503721,0.2339675780831385,38.53373483877931,1.988884026369912,0.1640150253479078
138,dflash2_pairwise_k16_tb32,Pairwise-MassPreserving,32,96,304,2.1666666666666665,3.15625,0.041666666666666664,17.921411381561676,55.799176678062494,False,13.863230687244746,1.7421111250920756,0.23603041677233705,38.7561689069571,1.9888266670022858,0.16476823854342607
139,dflash2_pairwise_k16_tb32,Pairwise-MassPreserving,32,143,550,2.8461538461538463,3.839160839160839,0.04195804195804196,14.698883107273353,68.03237992315051,,13.842160125957864,1.7344629153600322,0.2336662722233735,38.57432979001734,1.985889664623997,0.16365702902259943
140,dflash2_pairwise_k16_tb32,Pairwise-MassPreserving,32,271,1215,3.4833948339483394,4.479704797047971,0.1033210332103321,12.661983818103225,78.9765659446089,False,13.940451439278677,1.7229902989055352,0.2348509371378184,38.714732369118046,1.989274911627146,0.166372881554251
141,dflash2_pairwise_k16_tb32,Pairwise-MassPreserving,32,103,463,3.495145631067961,4.485436893203883,0.11650485436893204,12.580310416838595,79.48929452976867,,13.835023699180807,1.729545660514172,0.2335420581093962,38.59616493252705,1.9919743984078682,0.16407665899147741
142,dflash2_pairwise_k16_tb32,Pairwise-MassPreserving,32,208,825,2.9663461538461537,3.9615384615384617,0.09134615384615384,14.470474642417464,69.10623353491728,False,14.090109341290932,1.7337178460016172,0.2361366730208549,39.1635394424926,2.0059117260433803,0.16549641343142588
143,dflash2_pairwise_k16_tb32,Pairwise-MassPreserving,32,170,497,1.923529411764706,2.9176470588235293,0.0,19.625480889334646,50.954165436192916,,14.077534911613089,1.7618896176881047,0.23525622339494637,39.125344046881175,2.010014199785313,0.16563160063335947
144,dflash2_pairwise_k16_tb32,Pairwise-MassPreserving,32,309,1119,2.621359223300971,3.618122977346278,0.05825242718446602,15.86280983199188,63.04053383929591,False,14.11950149179966,1.7411947866303101,0.23601009700433004,39.178455129563794,2.004052844663523,0.1657183428915085
145,dflash2_pairwise_k16_tb32,Pairwise-MassPreserving,32,276,1043,2.778985507246377,3.7753623188405796,0.06521739130434782,14.986064814957032,66.72865841351074,,13.908562344047402,1.7464090251451125,0.23514555813681395,38.58444229700726,1.991389221286121,0.1661733007547783
146,dflash2_pairwise_k16_tb32,Pairwise-MassPreserving,32,348,1408,3.045977011494253,4.043103448275862,0.09195402298850575,14.212082774861301,70.36266364623388,False,14.14927631327143,1.7503268158932392,0.2374806122186302,39.179498476929524,2.017887540497976,0.16729043373147603
147,dflash2_pairwise_k16_tb32,Pairwise-MassPreserving,32,268,1205,3.496268656716418,4.492537313432836,0.16044776119402984,12.818279561825305,78.0135895130689,,14.193585630715434,1.738095309859213,0.2377400670859549,39.268180264876555,2.028912817049379,0.16791453727724295
148,dflash2_pairwise_k16_tb32,Pairwise-MassPreserving,32,164,548,2.3353658536585367,3.3353658536585367,0.04878048780487805,17.006713184317743,58.80030956964227,False,13.940680762083858,1.7418692073189914,0.23400784155500132,38.755283353721765,1.9900526528167908,0.16541609107750957
149,dflash2_pairwise_k16_tb32,Pairwise-MassPreserving,32,263,1144,3.349809885931559,4.346007604562738,0.1596958174904943,13.239910616254486,75.52921080693034,,14.177483813557199,1.7309657068904967,0.23716248284375557,39.249944585446755,2.0274865133552846,0.1680509853404734
150,dflash2_pairwise_k16_tb32,Pairwise-MassPreserving,32,147,572,2.891156462585034,3.8843537414965987,0.05442176870748299,14.95241105944556,66.87884622916997,False,14.251319911747895,1.7865344967739023,0.2410885238711925,39.69127693879545,2.0420922037807205,0.16985885022037037
151,dflash2_pairwise_k16_tb32,Pairwise-MassPreserving,32,252,1068,3.238095238095238,4.234126984126984,0.0873015873015873,13.455839696628194,74.31717548259608,,14.025917281648459,1.7367419643830675,0.23807701992544544,38.85672740490543,2.0035469602762968,0.16611951171413122
152,dflash2_pairwise_k16_tb32,Pairwise-MassPreserving,32,79,298,2.7721518987341773,3.759493670886076,0.08860759493670886,15.026460124177573,66.54927319781723,False,13.845814784596044,1.732932241217976,0.23432286086719176,38.714887924758344,1.9883497972173994,0.16578248001287302
153,dflash2_pairwise_k16_tb32,Pairwise-MassPreserving,32,302,1334,3.4172185430463577,4.413907284768212,0.1390728476821192,12.908676934780944,77.46727298640616,,14.036771698646897,1.7316166090766285,0.2357231189295594,38.84903827782556,1.999883562968643,0.16741385506192338
154,dflash2_pairwise_k16_tb32,Pairwise-MassPreserving,32,207,721,2.4782608695652173,3.4782608695652173,0.07246376811594203,16.297991739244257,61.35725284435384,False,13.938501453937363,1.7475738020482752,0.23569066680918319,38.70017232849563,1.979212116074393,0.16625081135549444
155,dflash2_pairwise_k16_tb32,Pairwise-MassPreserving,32,224,744,2.3169642857142856,3.3169642857142856,0.049107142857142856,17.273234091404174,57.89303813682688,,14.09250512480347,1.7581165844993458,0.23475024103650607,39.101400432952815,2.0195976699142193,0.16544317895750282
156,dflash2_pairwise_k16_tb32,Pairwise-MassPreserving,32,288,954,2.3125,3.3090277777777777,0.03819444444444445,17.32701763207737,57.713336549546064,False,14.105919513996115,1.7507457953090326,0.23640307270195787,39.12849022930863,2.00603196526572,0.16815532967484614
157,dflash2_pairwise_k16_tb32,Pairwise-MassPreserving,32,239,922,2.8577405857740588,3.8535564853556483,0.10460251046025104,14.86964786767629,67.25108818305003,,14.118852573359252,1.737176175920924,0.2363682926679225,39.07902950248545,2.023797924228492,0.1680196066414762
158,dflash2_pairwise_k16_tb32,Pairwise-MassPreserving,32,189,702,2.7142857142857144,3.708994708994709,0.05291005291005291,15.354768391728449,65.12634866825448,False,14.008091783065414,1.7880042906707059,0.24171964022566234,38.829202973969075,1.9962898042562993,0.16868839137565356
159,dflash2_pairwise_k16_tb32,Pairwise-MassPreserving,32,68,215,2.161764705882353,3.1470588235294117,0.029411764705882353,18.097033148846688,55.25767631495604,,13.980084279918469,1.7575121024385547,0.23566904393887586,39.0581684129275,2.021483470718308,0.16564338126473183
0,dflash2_pairwise_k16_tb64,Pairwise-MassPreserving,64,227,735,2.237885462555066,3.2334801762114536,0.0,18.12410824625281,55.17512842082874,False,13.963804162977446,2.8490731806434293,0.23604308388099518,39.44895818518882,2.0106479205423966,0.175260079083277
1,dflash2_pairwise_k16_tb64,Pairwise-MassPreserving,64,109,392,2.596330275229358,3.5871559633027523,0.0,16.15477758672086,61.901192673924186,,13.803222596083572,2.8374656878541002,0.23503260575651422,39.03409637633066,2.0151757893506055,0.1729226693454485
2,dflash2_pairwise_k16_tb64,Pairwise-MassPreserving,64,17,84,3.9411764705882355,4.882352941176471,0.11764705882352941,12.491093714266928,80.05704087047494,True,14.117535118523794,2.8415958834503887,0.24997517603504307,42.19812658822561,2.133620293427478,0.17984529318602974
3,dflash2_pairwise_k16_tb64,Pairwise-MassPreserving,64,69,338,3.898550724637681,4.884057971014493,0.14492753623188406,12.197324982254468,81.98518949481716,,14.093699594356451,2.7978875654483,0.2390087537460731,40.39313644951081,2.049361869348618,0.17612089805365744
4,dflash2_pairwise_k16_tb64,Pairwise-MassPreserving,64,70,224,2.2,3.1857142857142855,0.02857142857142857,18.169056062496175,55.038632527760164,False,13.764280771283666,2.804077513948349,0.23287827248818108,39.17094899973433,1.9969022711198445,0.171891571413393
5,dflash2_pairwise_k16_tb64,Pairwise-MassPreserving,64,12,44,2.5833333333333335,3.5833333333333335,0.0,15.607308158988335,64.0725479251907,,12.759326084051281,2.8533950838512587,0.23359433301569274,39.21795491502659,1.994663750641242,0.16786241637115987
6,dflash2_pairwise_k16_tb64,Pairwise-MassPreserving,64,54,184,2.4074074074074074,3.388888888888889,0.0,17.369995222828077,57.57053972506424,False,13.958575666577046,2.8553582221017373,0.23775538836532548,39.91637412993306,2.0452854629116635,0.17330151900683563
7,dflash2_pairwise_k16_tb64,Pairwise-MassPreserving,64,53,268,4.056603773584905,5.037735849056604,0.3584905660377358,11.734866526104039,85.21613754834915,,13.998631792931537,2.793278472381644,0.24887462303631078,40.06864037707927,2.048519396064979,0.180625696919138
8,dflash2_pairwise_k16_tb64,Pairwise-MassPreserving,64,43,140,2.2325581395348837,3.2325581395348837,0.0,18.19937352146163,54.9469463232209,False,13.878082906790782,3.06784990717397,0.25580923288226737,39.826001302910385,2.0459617902985014,0.18006911586568372
9,dflash2_pairwise_k16_tb64,Pairwise-MassPreserving,64,44,201,3.5681818181818183,4.545454545454546,0.2727272727272727,12.700599388031762,78.7364414424674,,13.613247931557867,2.7060861818674975,0.23476288631420836,39.29833370437502,1.9946868410029723,0.1715296593002594
10,dflash2_pairwise_k16_tb64,Pairwise-MassPreserving,64,69,218,2.1594202898550723,3.1449275362318843,0.0,18.523754188075337,53.98473710279258,False,13.829296782732591,2.9069139422642984,0.23872985521861204,39.365393072712585,2.010435681386034,0.17355549177897256
11,dflash2_pairwise_k16_tb64,Pairwise-MassPreserving,64,60,238,2.966666666666667,3.95,0.06666666666666667,14.926846449584025,66.99338694060644,,13.927977116327384,3.0191230665271482,0.2526472329918761,39.783629383236985,2.045901449431161,0.1805460015020799
12,dflash2_pairwise_k16_tb64,Pairwise-MassPreserving,64,222,768,2.4594594594594597,3.454954954954955,0.013513513513513514,17.08792360287248,58.520860886333786,False,14.071873144128912,3.0163525497390853,0.2502007566920486,39.561095968245944,2.0351299101896876,0.18032662148208795
13,dflash2_pairwise_k16_tb64,Pairwise-MassPreserving,64,79,416,4.265822784810126,5.253164556962025,0.13924050632911392,11.198040247598747,89.30134004603485,,14.002129873570315,2.8851233921757946,0.25121358247574044,39.598960341934315,2.049350443047831,0.18011784782232362
14,dflash2_pairwise_k16_tb64,Pairwise-MassPreserving,64,39,114,1.9230769230769231,2.8974358974358974,0.0,20.519710087746876,48.733631992059145,False,14.023548615230725,3.208475563718448,0.2617376408008381,40.22538497482832,2.0761014608209596,0.185442770322343
15,dflash2_pairwise_k16_tb64,Pairwise-MassPreserving,64,4,9,1.0,2.0,0.0,25.248929333530313,39.605639779426625,,10.834260250703664,3.21162100044603,0.25641074898885563,40.261045749502955,2.076974749797955,0.1697785010037478
16,dflash2_pairwise_k16_tb64,Pairwise-MassPreserving,64,64,254,2.96875,3.953125,0.0625,14.640097685034963,68.30555516184808,False,13.732361624988698,2.799361312668225,0.2330958127458871,39.1762940149647,1.9910997647230033,0.17067515739199735
17,dflash2_pairwise_k16_tb64,Pairwise-MassPreserving,64,17,56,2.2941176470588234,3.235294117647059,0.11764705882352941,17.43773125001878,57.346909736260734,,13.096243824453696,2.790361588481841,0.23532217635553987,39.15850852867794,1.9924900591243333,0.16901205826262455
18,dflash2_pairwise_k16_tb64,Pairwise-MassPreserving,64,15,87,4.8,5.733333333333333,0.3333333333333333,10.300805068965573,97.07979068673143,True,13.585085468366742,3.1311920669395477,0.2690209332892361,40.43979279958876,2.125249933063363,0.19432819875267646
19,dflash2_pairwise_k16_tb64,Pairwise-MassPreserving,64,11,87,6.909090909090909,7.818181818181818,0.9090909090909091,7.491157356306412,133.49072145149273,,13.202831818489358,2.901518819271587,0.2753444535880011,40.54385727200001,2.1294583632631903,0.1952338187203912
20,dflash2_pairwise_k16_tb64,Pairwise-MassPreserving,64,85,310,2.6470588235294117,3.635294117647059,0.011764705882352941,16.365782703219484,61.10309651143538,False,14.103126200515202,3.118907058481401,0.2586229884935379,39.9619597770438,2.061653729469981,0.18270245773772545
21,dflash2_pairwise_k16_tb64,Pairwise-MassPreserving,64,64,227,2.546875,3.53125,0.015625,16.816037506605387,59.467041483892814,,14.064167140645623,3.135927375069514,0.2579643278295407,39.93049495352352,2.073467437526233,0.18236179664654628
22,dflash2_pairwise_k16_tb64,Pairwise-MassPreserving,64,64,194,2.03125,3.015625,0.0,19.185385984529443,52.12300658461456,True,13.735265374521077,2.847116968382579,0.23513506221206626,39.17961306251527,1.9863629995597876,0.1722077984140924
23,dflash2_pairwise_k16_tb64,Pairwise-MassPreserving,64,58,175,2.0172413793103448,3.0,0.0,19.700997245714202,50.75885182500303,,13.949870086121493,3.0915752237166902,0.25672312065204284,39.915222362243846,2.050168585842114,0.1791047248718377
24,dflash2_pairwise_k16_tb64,Pairwise-MassPreserving,64,312,1241,2.9775641025641026,3.9743589743589745,0.07051282051282051,14.796883917808254,67.5817966508804,False,14.017952734134152,2.941142467861004,0.24508002232510195,39.453945779011214,2.0204913335197863,0.17694196443092855
25,dflash2_pairwise_k16_tb64,Pairwise-MassPreserving,64,332,1306,2.930722891566265,3.930722891566265,0.05421686746987952,14.841716448697937,67.377651598224,,14.15382599391826,3.032767421947105,0.2530287351052162,38.7104223855094,2.052387132399494,0.1809468913600003
26,dflash2_pairwise_k16_tb64,Pairwise-MassPreserving,64,206,850,3.1262135922330097,4.121359223300971,0.05825242718446602,14.054479340000613,71.15169305161584,False,14.004691509628563,2.9223712772363797,0.2442092816071309,38.618940082317934,2.024603834886045,0.17696769879249294
27,dflash2_pairwise_k16_tb64,Pairwise-MassPreserving,64,200,813,3.065,4.06,0.055,14.414711832718595,69.373568587767,,13.97320423504425,2.899713405095099,0.24270095505926292,39.28472199491807,2.019903184773284,0.17555982511112234
28,dflash2_pairwise_k16_tb64,Pairwise-MassPreserving,64,32,100,2.125,3.09375,0.03125,18.801352369991946,53.18766332979633,False,13.68587184288117,3.029010498948992,0.250101562414784,39.58669678104343,2.0272183430734003,0.17532712786305638
29,dflash2_pairwise_k16_tb64,Pairwise-MassPreserving,64,21,91,3.3333333333333335,4.285714285714286,0.09523809523809523,13.321410791192378,75.06712432148424,,13.28779452437413,2.8070379519790767,0.23602671301757386,39.22768323709967,1.9981695721591157,0.16940142987074241
30,dflash2_pairwise_k16_tb64,Pairwise-MassPreserving,64,105,385,2.6666666666666665,3.657142857142857,0.0380952380952381,15.986084036359733,62.55440655294558,False,13.917552856964036,2.8649588947051337,0.2386620286242327,39.418042876474956,2.003859286127235,0.17256552375675666
31,dflash2_pairwise_k16_tb64,Pairwise-MassPreserving,64,189,789,3.1693121693121693,4.169312169312169,0.08994708994708994,14.13581538656427,70.74229343363344,,14.061449455016012,2.9644141694045474,0.24856128568961852,39.520896830595724,2.0390499947040106,0.17704805294569168
32,dflash2_pairwise_k16_tb64,Pairwise-MassPreserving,64,242,1150,3.7479338842975207,4.74793388429752,0.19008264462809918,12.4934177495648,80.04214859739515,False,14.150382830457827,2.9851009507679422,0.25421176827921577,39.74890830164245,2.050865454759693,0.18007785111568553
33,dflash2_pairwise_k16_tb64,Pairwise-MassPreserving,64,179,848,3.7374301675977653,4.731843575418995,0.18435754189944134,12.542260985853472,79.73044103674042,,14.16882365394394,2.970639133924103,0.2554515081990443,39.78388424030786,2.060235050450308,0.17905197744147186
34,dflash2_pairwise_k16_tb64,Pairwise-MassPreserving,64,40,141,2.525,3.5,0.0,16.804558184416468,59.50766387463489,True,13.873281050109654,3.0163355246259016,0.2490657501766691,39.87473992474406,2.0444136245714617,0.17823172584030544
35,dflash2_pairwise_k16_tb64,Pairwise-MassPreserving,64,103,328,2.174757281553398,3.174757281553398,0.02912621359223301,18.896455844497257,52.91997654106154,,14.251445154973092,3.1783491359923026,0.2628761066465177,40.21645648492832,2.082239000284389,0.18375564139964765
36,dflash2_pairwise_k16_tb64,Pairwise-MassPreserving,64,25,72,1.88,2.84,0.0,20.524525333409354,48.72219862606142,False,13.659583080443554,3.065533120825421,0.2562955202301964,39.901962119329255,2.0473092803149484,0.1799498390755616
37,dflash2_pairwise_k16_tb64,Pairwise-MassPreserving,64,31,84,1.7096774193548387,2.6774193548387095,0.0,21.809164773783,45.85228322003919,,13.747850547529637,3.014360644409598,0.25210122581601385,39.868269322933855,2.03801180689498,0.17520777492468514
38,dflash2_pairwise_k16_tb64,Pairwise-MassPreserving,64,117,382,2.264957264957265,3.2564102564102564,0.0,17.65270302093424,56.6485483166009,False,13.883259803423375,2.852368684193024,0.23529200907199618,38.49837583800406,1.9930069741885512,0.17301766545129701
39,dflash2_pairwise_k16_tb64,Pairwise-MassPreserving,64,175,660,2.7657142857142856,3.7657142857142856,0.017142857142857144,15.627460887877865,63.98992179053825,,14.044794754798724,2.9493305200178708,0.24576724569279967,39.49052354275149,2.0314486739724607,0.17598775419173762
40,dflash2_pairwise_k16_tb64,Pairwise-MassPreserving,64,21,106,4.0476190476190474,5.0,0.14285714285714285,11.890137575460788,84.10331618566207,True,13.83971409606082,3.1596935715199272,0.2675381432969256,40.44686209506056,2.1143325713984225,0.18874442737017358
41,dflash2_pairwise_k16_tb64,Pairwise-MassPreserving,64,34,169,3.9705882352941178,4.9411764705882355,0.23529411764705882,11.842074272174253,84.44466543751848,,13.764791411898948,2.832043559037094,0.24764064672875546,39.80453450019601,2.037236058694201,0.17582888219348045
42,dflash2_pairwise_k16_tb64,Pairwise-MassPreserving,64,30,129,3.3,4.266666666666667,0.13333333333333333,13.89793217828084,71.95315009255565,True,13.93387169931278,3.0954794334926796,0.2649907330730154,40.20187283313135,2.0813622664718423,0.183531401125947
43,dflash2_pairwise_k16_tb64,Pairwise-MassPreserving,64,95,510,4.368421052631579,5.3578947368421055,0.23157894736842105,11.183708154895417,89.41578107635726,,14.25506118930092,3.0548516631059006,0.26393323151799114,40.18439047374015,2.095228957937491,0.18538878962556882
44,dflash2_pairwise_k16_tb64,Pairwise-MassPreserving,64,173,709,3.098265895953757,4.092485549132948,0.07514450867052024,14.449714730613259,69.20551849244426,False,14.071899722725613,2.9472406414647674,0.2487236357158093,39.738402294713026,2.036246670459833,0.17626012165390084
45,dflash2_pairwise_k16_tb64,Pairwise-MassPreserving,64,160,722,3.5125,4.50625,0.15,12.87963291689969,77.64196436746849,,13.884708593377582,2.778028587863446,0.23466528123208263,39.04950513719996,1.9999970064873196,0.1724389313494612
46,dflash2_pairwise_k16_tb64,Pairwise-MassPreserving,64,49,241,3.9183673469387754,4.8979591836734695,0.16326530612244897,11.68699121161623,85.56522221100455,False,13.758974836732984,2.738722082410407,0.23707569302392326,38.55672414305891,2.0177770001820896,0.1716422037653891
47,dflash2_pairwise_k16_tb64,Pairwise-MassPreserving,64,33,205,5.212121212121212,6.181818181818182,0.45454545454545453,9.330830985372149,107.17159077982338,,13.569407363485714,2.678824667369058,0.2340042121817753,39.309589696737625,2.001539091218023,0.17088805995600012
48,dflash2_pairwise_k16_tb64,Pairwise-MassPreserving,64,134,756,4.641791044776119,5.634328358208955,0.34328358208955223,10.383364208998966,96.30789981664405,False,13.985499209316478,2.713063343286031,0.23817783623409056,39.45218345487869,2.017260425662841,0.1745869396011098
49,dflash2_pairwise_k16_tb64,Pairwise-MassPreserving,64,20,111,4.55,5.5,0.25,10.382139162125846,96.31926372630514,,13.278101749892812,2.7048673495301045,0.23656120065425057,39.23060999950394,2.0010459498735145,0.16968610034382436
50,dflash2_pairwise_k16_tb64,Pairwise-MassPreserving,64,48,311,5.479166666666667,6.458333333333333,0.4791666666666667,8.965662035369014,111.53666021037357,True,13.718262874893602,2.6571253324618738,0.23785666644471348,39.298570499037545,2.0076003540149636,0.17060287730904142
51,dflash2_pairwise_k16_tb64,Pairwise-MassPreserving,64,86,511,4.941860465116279,5.930232558139535,0.4069767441860465,9.752443127200616,102.53840878198942,,13.793324894978404,2.6659512088456743,0.2335646047783463,39.08628194166827,1.9975903952970755,0.17094321024054554
52,dflash2_pairwise_k16_tb64,Pairwise-MassPreserving,64,10,62,5.2,6.1,0.4,9.27989925807079,107.7597905096107,True,12.736359299015021,2.6012402995547745,0.23926530120661482,39.7736872000678,2.017867600079626,0.16695570011506788
53,dflash2_pairwise_k16_tb64,Pairwise-MassPreserving,64,74,458,5.175675675675675,6.175675675675675,0.4594594594594595,9.470291698685624,105.59336837943327,,13.900540892398174,2.768838486214942,0.24367962170209786,39.50167219010984,2.0234815006866436,0.17521430886149206
54,dflash2_pairwise_k16_tb64,Pairwise-MassPreserving,64,55,248,3.5090909090909093,4.490909090909091,0.10909090909090909,12.869350104841532,77.70400151160652,False,13.703217181583485,2.7688902187616224,0.23473772704495455,39.1603992725405,1.9891172905441967,0.172707873174328
55,dflash2_pairwise_k16_tb64,Pairwise-MassPreserving,64,34,165,3.8529411764705883,4.823529411764706,0.14705882352941177,11.977191000010917,83.49203081082105,,13.580634176511975,2.776681324629702,0.23689250006367835,39.36499108749558,1.9943940591046532,0.1710102346003302
56,dflash2_pairwise_k16_tb64,Pairwise-MassPreserving,64,315,2048,5.501587301587302,6.498412698412698,0.5523809523809524,9.027085442383509,110.77772625313274,False,14.077854682580524,2.6432806668925055,0.2366367618263226,39.5442563429011,2.0150138191104543,0.17334180923330317
57,dflash2_pairwise_k16_tb64,Pairwise-MassPreserving,64,272,2048,6.529411764705882,7.525735294117647,0.8492647058823529,7.760803660154636,128.85263482881035,,14.069321132330302,2.565763963315583,0.23671897050756824,39.37196119859971,2.0173359339958767,0.17318518359174692
58,dflash2_pairwise_k16_tb64,Pairwise-MassPreserving,64,60,253,3.216666666666667,4.2,0.1,14.10253685770815,70.90922789919325,False,14.067021216154293,2.8077552166602495,0.2385199163351596,40.14445160028117,2.0339243665754716,0.17402476732968353
59,dflash2_pairwise_k16_tb64,Pairwise-MassPreserving,64,165,746,3.521212121212121,4.515151515151516,0.15757575757575756,13.014321542898116,76.83842732053117,,14.055817575497327,2.7833262851345353,0.236136787906148,39.574269321614835,2.017593393975403,0.17336494497475075
60,dflash2_pairwise_k16_tb64,Pairwise-MassPreserving,64,53,386,6.283018867924528,7.264150943396227,0.7358490566037735,7.939348582909268,125.95491803353511,True,13.911846019289202,2.5536334902632385,0.23654362303204834,38.92908879239464,2.019848169474467,0.17146543390447902
61,dflash2_pairwise_k16_tb64,Pairwise-MassPreserving,64,87,629,6.2298850574712645,7.218390804597701,0.7126436781609196,8.107634559611029,123.34053695286137,,13.989660322138285,2.5641498275150694,0.23839914945125495,39.630182770274224,2.0223230566935153,0.1725508278970414
62,dflash2_pairwise_k16_tb64,Pairwise-MassPreserving,64,12,74,5.166666666666667,6.083333333333333,0.25,9.3824263243044,106.5822384780771,True,12.996029584125305,2.6073615833108,0.23765983193394882,39.835298999605584,2.0128649988085576,0.1690806687596099
63,dflash2_pairwise_k16_tb64,Pairwise-MassPreserving,64,13,75,4.6923076923076925,5.6923076923076925,0.3076923076923077,10.059207666587707,99.4114082485406,,13.08160684633409,2.671302384092437,0.2371391523271226,39.859833538335245,2.0154328466070672,0.16857561646387553
64,dflash2_pairwise_k16_tb64,Pairwise-MassPreserving,64,45,312,5.933333333333334,6.911111111111111,0.6666666666666666,8.461521689101712,118.1820524419363,True,13.857338645094488,2.584332399904573,0.23711080009686863,39.796743378166056,2.0179460664318563,0.17307908807803565
65,dflash2_pairwise_k16_tb64,Pairwise-MassPreserving,64,56,354,5.321428571428571,6.303571428571429,0.5,9.122650785319701,109.61726186090716,,13.869449375176503,2.637430178505643,0.23719455345729198,38.733079893193334,2.0175476790557565,0.1734836420967231
66,dflash2_pairwise_k16_tb64,Pairwise-MassPreserving,64,58,379,5.5344827586206895,6.517241379310345,0.46551724137931033,8.883163464367131,112.57250910796378,False,13.736390155325603,2.63705498281493,0.23428546573368608,39.27599101747358,1.992896431806128,0.17026044676232124
67,dflash2_pairwise_k16_tb64,Pairwise-MassPreserving,64,133,901,5.7669172932330826,6.7669172932330826,0.6390977443609023,8.579611458383631,116.55539471112559,,13.890516330970318,2.6007801273757156,0.2362020147432174,39.21607451135279,2.005862706650269,0.17259381269454233
68,dflash2_pairwise_k16_tb64,Pairwise-MassPreserving,64,57,382,5.701754385964913,6.684210526315789,0.6140350877192983,8.789533246057907,113.7716841162753,False,14.123465684334453,2.641516701260116,0.23602631610405647,39.71360529797956,2.018446087165278,0.1722328955095274
69,dflash2_pairwise_k16_tb64,Pairwise-MassPreserving,64,14,91,5.5,6.428571428571429,0.5,8.909742505488543,112.23668915055447,,13.295241857641875,2.646770999230544,0.234596856898861,39.55879592779508,2.008920287023232,0.1690003570859387
70,dflash2_pairwise_k16_tb64,Pairwise-MassPreserving,64,33,234,6.090909090909091,7.0606060606060606,0.696969696969697,8.254910213680008,121.14002140723512,False,13.722995273190353,2.561954787807102,0.2360516366686418,39.820085848711614,2.0220806364897834,0.17164969595438434
71,dflash2_pairwise_k16_tb64,Pairwise-MassPreserving,64,31,215,5.935483870967742,6.903225806451613,0.6451612903225806,8.451931804640566,118.31614631000053,,13.690546033162278,2.5847791614303848,0.2387248708644972,39.906955838828694,2.0258044516536287,0.17142635366443784
72,dflash2_pairwise_k16_tb64,Pairwise-MassPreserving,64,51,325,5.372549019607843,6.352941176470588,0.5294117647058824,9.220902403086745,108.44925542919148,False,13.871617430470673,2.6141600784624233,0.23746907861684174,39.847944804076924,2.0162149210627116,0.17324625600047192
73,dflash2_pairwise_k16_tb64,Pairwise-MassPreserving,64,37,283,6.648648648648648,7.621621621621622,0.8648648648648649,7.553899219084173,132.38196208305237,,13.562310216444972,2.5228661889323614,0.2348401353260301,39.2914725946596,1.995942161876293,0.16968975683699386
74,dflash2_pairwise_k16_tb64,Pairwise-MassPreserving,64,39,282,6.230769230769231,7.205128205128205,0.717948717948718,8.063817968077467,124.01073585226462,True,13.69138092279452,2.5942568457909285,0.23411579586069983,39.60709841004036,2.0075791792642588,0.17317569234785687
75,dflash2_pairwise_k16_tb64,Pairwise-MassPreserving,64,35,271,6.742857142857143,7.714285714285714,0.8857142857142857,7.571035059038129,132.08233645757892,,13.724942914060582,2.678210428608249,0.24998105717323987,39.760033399631666,2.0312611707985133,0.17701391542297124
76,dflash2_pairwise_k16_tb64,Pairwise-MassPreserving,64,27,169,5.2592592592592595,6.222222222222222,0.5185185185185185,9.303339378718498,107.48828558135934,False,13.527501778164016,2.6983868886384665,0.2427301105517135,39.575129296281375,2.0120345181095654,0.17623055652991212
77,dflash2_pairwise_k16_tb64,Pairwise-MassPreserving,64,60,399,5.65,6.633333333333334,0.6,8.825175962401385,113.31218825101973,,13.876766466758758,2.682666533413188,0.2445853174625275,39.682615232959506,2.0267815330347125,0.17400506634052496
78,dflash2_pairwise_k16_tb64,Pairwise-MassPreserving,64,30,212,6.066666666666666,7.033333333333333,0.7333333333333333,8.227443853787197,121.54443321295804,False,13.587199600200014,2.5584571337579596,0.2378092336584814,39.57804719975684,2.006870199450835,0.17221986660539054
79,dflash2_pairwise_k16_tb64,Pairwise-MassPreserving,64,108,767,6.101851851851852,7.092592592592593,0.7222222222222222,8.235064319420225,121.43195987452873,,13.925339879548389,2.6181170467478094,0.23879408325700313,39.511760277458016,2.018013601762639,0.17218189821977392
80,dflash2_pairwise_k16_tb64,Pairwise-MassPreserving,64,98,508,4.183673469387755,5.173469387755102,0.21428571428571427,11.235034007868522,89.00729622176881,False,14.02546472427832,2.747671255320358,0.23557138782201278,39.029857173606004,2.028001785442846,0.17218138778769906
81,dflash2_pairwise_k16_tb64,Pairwise-MassPreserving,64,154,760,3.9285714285714284,4.928571428571429,0.24025974025974026,12.114946393424026,82.54266816589453,,14.26786579215875,2.7812669807160577,0.23968231839894366,40.26408364895018,2.059644416039628,0.17550398011475668
82,dflash2_pairwise_k16_tb64,Pairwise-MassPreserving,64,62,374,5.032258064516129,6.016129032258065,0.4032258064516129,9.685515449191712,103.24695729884498,False,13.808063806796019,2.6750612750249507,0.2344665319410964,39.52923840317394,2.00547582261929,0.17322283782696526
83,dflash2_pairwise_k16_tb64,Pairwise-MassPreserving,64,81,547,5.753086419753086,6.7407407407407405,0.5925925925925926,8.83131753747729,113.23338740299162,,14.140060950461546,2.8852762587592697,0.26116935776282146,40.0897595674097,2.081348161021949,0.18103623544987016
84,dflash2_pairwise_k16_tb64,Pairwise-MassPreserving,64,94,498,4.297872340425532,5.287234042553192,0.32978723404255317,10.862832473895216,92.05702126062688,True,13.82685213854742,2.7005238935476457,0.23264331948086422,38.62409023372977,1.9948006168093304,0.17098950001069324
85,dflash2_pairwise_k16_tb64,Pairwise-MassPreserving,64,51,310,5.078431372549019,6.0588235294117645,0.39215686274509803,9.71044228062965,102.98192101865389,,14.095159096577131,2.9835594119218762,0.26218482312020464,39.4213698432306,2.081821823416177,0.18016200163972326
86,dflash2_pairwise_k16_tb64,Pairwise-MassPreserving,64,93,523,4.612903225806452,5.612903225806452,0.3225806451612903,10.206463994262103,97.97712513973327,False,13.816828699360016,2.7175889357828074,0.23435833281837404,38.4644238603419,1.993691967894143,0.17074980594340453
87,dflash2_pairwise_k16_tb64,Pairwise-MassPreserving,64,123,700,4.691056910569106,5.682926829268292,0.4065040650406504,10.526075962854001,95.00216448455723,,14.26058579682291,2.947583764366052,0.25745967475932124,40.16771208149678,2.089668691160188,0.1814873409703586
88,dflash2_pairwise_k16_tb64,Pairwise-MassPreserving,64,112,638,4.6875,5.6875,0.32142857142857145,10.31176030877058,96.97665287559666,False,13.955299562245013,2.7680509194526945,0.2406371702688505,39.58940478501712,2.012779660877381,0.17403394674277348
89,dflash2_pairwise_k16_tb64,Pairwise-MassPreserving,64,154,815,4.292207792207792,5.285714285714286,0.3051948051948052,11.129996185274894,89.84729045307408,,14.060701006449314,2.727138402500619,0.23724874680938937,39.684380967781934,2.018886325010038,0.1738970904035022
90,dflash2_pairwise_k16_tb64,Pairwise-MassPreserving,64,169,927,4.479289940828402,5.479289940828402,0.28402366863905326,10.751602900755252,93.0093874588462,False,14.092615017524132,2.71540075124995,0.23821450299934688,39.733251567861785,2.0216620886183794,0.17362464571160888
91,dflash2_pairwise_k16_tb64,Pairwise-MassPreserving,64,105,558,4.314285714285714,5.304761904761905,0.19047619047619047,11.02581794265621,90.69621911053356,,13.966476123563812,2.757701056751622,0.23655285719238842,39.437740942646215,2.022482838600852,0.17339296221811548
92,dflash2_pairwise_k16_tb64,Pairwise-MassPreserving,64,96,531,4.53125,5.520833333333333,0.2708333333333333,10.52229852354399,95.03626966698076,False,13.837679208108966,2.707845063393203,0.23432683345466407,39.25175302106254,1.998847614610592,0.17101196772273397
93,dflash2_pairwise_k16_tb64,Pairwise-MassPreserving,64,100,515,4.15,5.14,0.24,11.269313551457847,88.73654951863823,,13.825247680069879,2.7200575503957225,0.23697768039710354,39.083545980247436,1.9993192503170576,0.171816648580716
94,dflash2_pairwise_k16_tb64,Pairwise-MassPreserving,64,145,735,4.068965517241379,5.062068965517241,0.18620689655172415,11.64394137414915,85.88157290280691,False,14.081544378934957,2.73209735138968,0.2372305790576602,39.775968579262305,2.0222463107121915,0.17365011098545752
95,dflash2_pairwise_k16_tb64,Pairwise-MassPreserving,64,225,1215,4.395555555555555,5.395555555555555,0.3288888888888889,10.892722856791387,91.80441044421879,,14.086831999949128,2.712019755563233,0.23958652477530348,39.59075061378017,2.018258342124884,0.17325619048076785
96,dflash2_pairwise_k16_tb64,Pairwise-MassPreserving,64,151,847,4.6092715231788075,5.602649006622516,0.31125827814569534,10.661965708386516,93.79133523318477,False,14.301200821293774,2.7591410200558726,0.2410424173006245,40.267427529823976,2.0602014767594286,0.176847363927784
97,dflash2_pairwise_k16_tb64,Pairwise-MassPreserving,64,131,713,4.435114503816794,5.435114503816794,0.3053435114503817,10.638778042077197,93.99575741169916,,13.83830764098093,2.6887195191602933,0.23510441950963143,38.974022091311255,1.9949416561987081,0.17309355834331933
98,dflash2_pairwise_k16_tb64,Pairwise-MassPreserving,64,97,492,4.072164948453608,5.061855670103093,0.2268041237113402,11.535251878045322,86.69078149071613,False,13.934812989486765,2.7214143088131846,0.2352962061551582,39.43846852555523,2.0063715873192516,0.1723366300755459
99,dflash2_pairwise_k16_tb64,Pairwise-MassPreserving,64,87,500,4.747126436781609,5.735632183908046,0.3793103448275862,9.965878681992763,100.34238143063983,,13.85056374754473,2.691272092128745,0.23635577001667785,38.318930091751184,2.006932781626545,0.17111035597098498
100,dflash2_pairwise_k16_tb64,Pairwise-MassPreserving,64,2,14,6.0,6.5,0.5,7.397075499674039,135.18856202617727,True,7.055806501739426,2.809471498039784,0.22303049991023727,39.54166450057528,2.0017169990751427,0.14783849837840535
101,dflash2_pairwise_k16_tb64,Pairwise-MassPreserving,64,31,218,6.0,7.0,0.7096774193548387,8.13433504126055,122.93567881426155,,13.62660896824485,2.5045717425640643,0.23649112864082017,38.65759854881851,2.006776935529835,0.17069586958255498
102,dflash2_pairwise_k16_tb64,Pairwise-MassPreserving,64,3,16,4.0,5.0,0.0,10.115751374996762,98.85573131737038,True,9.36593799754822,2.736334334864902,0.22631499935717633,39.45999199883469,2.001490667074298,0.16060400230344385
103,dflash2_pairwise_k16_tb64,Pairwise-MassPreserving,64,5,30,4.8,5.8,0.4,9.314465999826401,107.35988515269018,,11.265479800931644,2.5873293983750045,0.23170759668573737,39.62245779839577,2.013705800345633,0.1661156042246148
104,dflash2_pairwise_k16_tb64,Pairwise-MassPreserving,64,12,80,5.666666666666667,6.583333333333333,0.5833333333333334,8.582764462425985,116.51257638233524,True,12.866960166623661,2.5019027507369174,0.23338399963298193,39.443264083577866,2.0038713331208178,0.16904741581432367
105,dflash2_pairwise_k16_tb64,Pairwise-MassPreserving,64,25,173,5.88,6.88,0.72,8.341758450850874,119.87880084180551,,13.465746919100638,2.5639595589018427,0.23567635915242136,39.284452120482456,2.005413399892859,0.1697201223578304
106,dflash2_pairwise_k16_tb64,Pairwise-MassPreserving,64,26,160,5.153846153846154,6.115384615384615,0.5,9.486801050024951,105.40961012325329,False,13.564060537856466,2.631471269873705,0.23627238456706087,39.76910788444981,2.007299422705098,0.17210265454755594
107,dflash2_pairwise_k16_tb64,Pairwise-MassPreserving,64,83,600,6.228915662650603,7.216867469879518,0.7590361445783133,7.982250048335117,125.27795971620472,,13.759559662612885,2.561511277345273,0.2352758912974127,38.979554493895435,1.9951462530894262,0.17196481936281957
108,dflash2_pairwise_k16_tb64,Pairwise-MassPreserving,64,15,103,5.866666666666666,6.8,0.6666666666666666,8.353662029125172,119.707979148963,True,13.061108132630276,2.6115009997738525,0.233310267503839,39.290161866908115,1.9965477995962526,0.1691835335805155
109,dflash2_pairwise_k16_tb64,Pairwise-MassPreserving,64,13,60,3.6153846153846154,4.538461538461538,0.23076923076923078,12.412266283232992,80.5654646122797,,12.952498999276521,2.590664076426317,0.23331384559591803,39.34546923119342,1.9956587695140535,0.16977792368449557
110,dflash2_pairwise_k16_tb64,Pairwise-MassPreserving,64,3,15,3.6666666666666665,4.666666666666667,0.0,10.82793446694268,92.35371741978736,True,9.356447667717779,2.852030668388276,0.22953233322671926,39.52426333368445,2.0163376684649847,0.16106066323118284
111,dflash2_pairwise_k16_tb64,Pairwise-MassPreserving,64,4,18,3.5,4.25,0.25,12.308608444679217,81.24395251457376,,10.490740498426021,2.843524749550852,0.23328075076278765,39.64405875012744,2.009837498917477,0.16729575327190105
112,dflash2_pairwise_k16_tb64,Pairwise-MassPreserving,64,14,73,4.214285714285714,5.142857142857143,0.35714285714285715,11.057756630080268,90.43425655432796,True,13.014864286690552,2.7501577865872866,0.2398443570460326,39.481765713259975,1.999429499327172,0.1722407853646603
113,dflash2_pairwise_k16_tb64,Pairwise-MassPreserving,64,6,33,4.5,5.333333333333333,0.3333333333333333,10.222090787878685,97.82734479190853,,11.66723183147648,2.737194333652345,0.24000716560597843,39.39960266749646,2.013845331627332,0.16361800347416042
114,dflash2_pairwise_k16_tb64,Pairwise-MassPreserving,64,10,41,3.1,4.0,0.1,14.079052487831198,71.0275070615952,True,12.685326399514452,2.8634939997573383,0.24227010071626864,39.746814802492736,2.013733900821535,0.17247599680558778
115,dflash2_pairwise_k16_tb64,Pairwise-MassPreserving,64,5,31,5.2,6.0,0.6,9.049522741876107,110.50306502602196,,11.278611999296118,2.710062000551261,0.2360520011279732,39.70109579968266,2.0174894016236067,0.16372979735024273
116,dflash2_pairwise_k16_tb64,Pairwise-MassPreserving,64,18,91,4.055555555555555,5.0,0.2222222222222222,11.718760494489459,85.33325691486164,False,13.62293072331037,3.012720278396349,0.26067811146882985,40.084964444152625,2.081265000419484,0.1822861643934933
117,dflash2_pairwise_k16_tb64,Pairwise-MassPreserving,64,12,76,5.333333333333333,6.25,0.4166666666666667,9.049810565844192,110.49955054022915,,12.82717058287138,2.6182184174103895,0.234353999379285,39.46327366611513,2.0034149990048413,0.16903525223218216
118,dflash2_pairwise_k16_tb64,Pairwise-MassPreserving,64,10,75,6.5,7.4,0.8,7.595710706664249,131.65324992204216,True,12.57470990094589,2.559607200237224,0.2354396005102899,39.43279140148661,1.9993604000774212,0.16592179672443308
119,dflash2_pairwise_k16_tb64,Pairwise-MassPreserving,64,17,123,6.235294117647059,7.176470588235294,0.7647058823529411,7.9448530813078095,125.86765164389787,,13.237100116384681,2.557250470357865,0.23450811910579966,39.27273652858703,2.008850999546292,0.17290253077483023
120,dflash2_pairwise_k16_tb64,Pairwise-MassPreserving,64,143,676,3.727272727272727,4.72027972027972,0.11188811188811189,12.314266147935479,81.2066255501269,False,13.884315720604247,2.74142278998421,0.23525205624600795,39.18170260157195,1.998819440566215,0.1713819085405423
121,dflash2_pairwise_k16_tb64,Pairwise-MassPreserving,64,231,1266,4.48051948051948,5.476190476190476,0.2943722943722944,10.757463894155753,92.95871311669228,,14.08145813423474,2.857898151450609,0.24805661058809317,39.54995880091791,2.0418704715867335,0.17724826412746134
122,dflash2_pairwise_k16_tb64,Pairwise-MassPreserving,64,142,783,4.514084507042254,5.507042253521127,0.2887323943661972,10.544410563219534,94.836974907649,False,14.059457457823184,2.738289281770564,0.23831380941104932,38.91789547827064,2.014815831424924,0.17399906384115907
123,dflash2_pairwise_k16_tb64,Pairwise-MassPreserving,64,289,1368,3.7335640138408306,4.730103806228374,0.11764705882352941,12.425963958334814,80.47665383169264,,14.086339771351817,2.782061560402518,0.236921083298109,39.52677155372358,2.0121733149101515,0.17482854677066142
124,dflash2_pairwise_k16_tb64,Pairwise-MassPreserving,64,127,548,3.3149606299212597,4.307086614173229,0.11023622047244094,13.657764328476281,73.21842550138396,False,14.033943205060323,2.7737135745220134,0.23741907077817628,39.70347301557607,2.0114118660141083,0.17275463816742817
125,dflash2_pairwise_k16_tb64,Pairwise-MassPreserving,64,214,1111,4.191588785046729,5.186915887850467,0.2383177570093458,11.346032523847052,88.13653564787545,,14.08866177126439,2.7792843972756005,0.2409041823577745,39.60226414952031,2.0184869297345442,0.17433377542716852
126,dflash2_pairwise_k16_tb64,Pairwise-MassPreserving,64,136,524,2.8529411764705883,3.8455882352941178,0.058823529411764705,14.961072791987949,66.84012663420276,False,13.91876355126656,2.8047261617115615,0.2352551251961439,38.50696123503012,2.006153580677004,0.17227375054276575
127,dflash2_pairwise_k16_tb64,Pairwise-MassPreserving,64,66,425,5.424242424242424,6.424242424242424,0.5757575757575758,9.01288744471351,110.95223435709806,,13.801286909283865,2.6410669244906977,0.23587190894018437,39.1778068781908,2.010000590609817,0.17149957641254315
128,dflash2_pairwise_k16_tb64,Pairwise-MassPreserving,64,115,572,3.973913043478261,4.965217391304348,0.26956521739130435,11.868143566437164,84.25917620578646,True,14.05178298287944,2.7894319128118577,0.2409409910678337,39.74947226075607,2.026061486748918,0.17342445271028933
129,dflash2_pairwise_k16_tb64,Pairwise-MassPreserving,64,133,693,4.2105263157894735,5.203007518796992,0.3308270676691729,11.350676685427285,88.10047433417455,,14.120129571332162,2.841079067872116,0.24849682753333205,39.70908870706308,2.046455917308804,0.17774948032740923
130,dflash2_pairwise_k16_tb64,Pairwise-MassPreserving,64,172,902,4.244186046511628,5.238372093023256,0.26744186046511625,11.219908881374556,89.12728352545138,True,14.058650657103119,2.742441703281487,0.24867470968930255,39.60158393635729,2.0138221101406937,0.17411648226444348
131,dflash2_pairwise_k16_tb64,Pairwise-MassPreserving,64,85,390,3.588235294117647,4.576470588235294,0.17647058823529413,12.744269756401012,78.46663787838719,,13.91917452942032,2.762355529172483,0.2358787997817511,39.37274564703009,2.0113166232476942,0.172237165422891
132,dflash2_pairwise_k16_tb64,Pairwise-MassPreserving,64,232,861,2.711206896551724,3.706896551724138,0.04741379310344827,15.712168404179286,63.64493902280284,False,13.913973500009511,2.821721784506547,0.23433793993999957,39.175491573461905,1.9934270775248195,0.17215586592948087
133,dflash2_pairwise_k16_tb64,Pairwise-MassPreserving,64,386,1886,3.8860103626943006,4.883419689119171,0.22538860103626943,11.898917637860219,84.04125740127654,,13.939361502594373,2.7697595285390166,0.23590996110865514,39.0201006012298,1.999863481746686,0.17323980821248922
134,dflash2_pairwise_k16_tb64,Pairwise-MassPreserving,64,172,715,3.1569767441860463,4.151162790697675,0.12209302325581395,14.035473700697855,71.24804059518698,False,13.90044748836243,2.830966471159373,0.23653936621612534,39.20234127927383,2.0012634477732423,0.17357971465085134
135,dflash2_pairwise_k16_tb64,Pairwise-MassPreserving,64,167,803,3.808383233532934,4.802395209580839,0.2155688622754491,12.199016123285064,81.97382394562413,,13.992576215773108,2.821177095965995,0.2420940539680427,39.40251998203907,2.0236892396605763,0.17548800539504178
136,dflash2_pairwise_k16_tb64,Pairwise-MassPreserving,64,230,956,3.1565217391304348,4.1521739130434785,0.08695652173913043,13.999909688285408,71.42903220559786,False,13.902027269922774,2.7974967825170807,0.23544766926257263,39.08766489545562,1.996205430053954,0.17208691800909076
137,dflash2_pairwise_k16_tb64,Pairwise-MassPreserving,64,174,790,3.5402298850574714,4.5344827586206895,0.08045977011494253,12.863459749367602,77.73958324463699,,13.983578792918372,2.7896308047588563,0.23638447718199707,39.20185891949022,2.0179612524509722,0.17365013251225625
138,dflash2_pairwise_k16_tb64,Pairwise-MassPreserving,64,67,256,2.8208955223880596,3.8059701492537314,0.07462686567164178,15.283932925797217,65.42818558907275,False,13.823353343251432,2.828118015048546,0.23612258171770417,39.341012342379486,1.998557194193422,0.17114740406743376
139,dflash2_pairwise_k16_tb64,Pairwise-MassPreserving,64,150,633,3.22,4.213333333333333,0.06666666666666667,13.78743937914692,72.52978399400757,,13.868887380037146,2.8059184269901984,0.23440508661830486,39.10253095309599,1.9989000336014822,0.17235229965687418
140,dflash2_pairwise_k16_tb64,Pairwise-MassPreserving,64,251,1139,3.537848605577689,4.53386454183267,0.12350597609561753,12.850239867425959,77.8195590367848,False,13.940784912238703,2.78155140264982,0.23479550197744645,39.180534708899664,2.0025580518148964,0.17221848615718843
141,dflash2_pairwise_k16_tb64,Pairwise-MassPreserving,64,108,436,3.037037037037037,4.027777777777778,0.06481481481481481,14.407817188071899,69.40676626768217,,13.87202362059691,2.8125420831202064,0.2348138428647804,39.07263099090078,2.001334462976148,0.17154661064624735
142,dflash2_pairwise_k16_tb64,Pairwise-MassPreserving,64,186,787,3.2311827956989245,4.225806451612903,0.11827956989247312,13.937020038122244,71.7513498053872,False,14.08605041953745,2.794308967823263,0.2370692474028391,39.66080440847192,2.0190146397292286,0.17283172564930283
143,dflash2_pairwise_k16_tb64,Pairwise-MassPreserving,64,138,433,2.13768115942029,3.130434782608696,0.0,18.746082360271334,53.34447917071489,,14.041038492206903,2.8457189849480833,0.23584858702278047,39.51045505749315,2.0127457901253365,0.17342252296815708
144,dflash2_pairwise_k16_tb64,Pairwise-MassPreserving,64,312,1160,2.717948717948718,3.71474358974359,0.035256410256410256,15.885481265518294,62.95056368047488,False,14.129735041303949,2.836665060735518,0.23641042319538358,39.67034289407587,2.0148434936671924,0.17340779215420554
145,dflash2_pairwise_k16_tb64,Pairwise-MassPreserving,64,218,920,3.220183486238532,4.215596330275229,0.11467889908256881,13.94873559130128,71.69108579444439,,14.08694329819217,2.823190812154731,0.23765940361478954,39.51907650433554,2.0261349635043313,0.17321861451577156
146,dflash2_pairwise_k16_tb64,Pairwise-MassPreserving,64,350,1539,3.3971428571428572,4.394285714285714,0.14857142857142858,13.575480599090612,73.66221716430337,False,14.318908834455735,2.836913442900238,0.24213263993650408,40.06425279427536,2.054523520055227,0.17659631694966396
147,dflash2_pairwise_k16_tb64,Pairwise-MassPreserving,64,233,1127,3.836909871244635,4.832618025751073,0.2145922746781116,12.018144737355087,83.20751845264236,,13.935333703791466,2.7563383903260976,0.2353255881936901,39.025437210699245,2.0056467467335417,0.17260127441553885
148,dflash2_pairwise_k16_tb64,Pairwise-MassPreserving,64,154,556,2.603896103896104,3.603896103896104,0.05194805194805195,16.339475131284704,61.20147629989227,False,14.064452116995257,2.8309782013726457,0.236175136505354,39.65942298066681,2.027322110096703,0.17352070757293736
149,dflash2_pairwise_k16_tb64,Pairwise-MassPreserving,64,242,1124,3.644628099173554,4.640495867768595,0.16942148760330578,12.658484314942083,78.99839942287556,,14.090375598920037,2.772088003822762,0.2363670908320168,39.491728900798044,2.029754024597649,0.17363832315717717
150,dflash2_pairwise_k16_tb64,Pairwise-MassPreserving,64,153,587,2.8366013071895426,3.8300653594771243,0.05228758169934641,15.453309180580709,64.71105886217839,False,14.125776516343619,2.8405756927574712,0.2377778565145122,39.87426932643775,2.0345013789920854,0.17528543157466486
151,dflash2_pairwise_k16_tb64,Pairwise-MassPreserving,64,294,1183,3.0238095238095237,4.020408163265306,0.05102040816326531,14.676124811491226,68.1378778693005,,14.147182037482882,2.836819996520383,0.2374512350179182,39.622536462678795,2.0357466835986355,0.17419437379702976
152,dflash2_pairwise_k16_tb64,Pairwise-MassPreserving,64,75,306,3.08,4.066666666666666,0.06666666666666667,14.283732055547363,70.00971427573305,False,13.817889653340293,2.81538182675528,0.2341124534723349,39.23514235968469,2.001687813317403,0.17341268006324148
153,dflash2_pairwise_k16_tb64,Pairwise-MassPreserving,64,275,1289,3.6872727272727275,4.683636363636364,0.14545454545454545,12.542391416604861,79.72961190448106,,14.088179731148887,2.8922235710408795,0.24493411656955935,39.34295503269161,2.0443164621776138,0.17700030820296062
154,dflash2_pairwise_k16_tb64,Pairwise-MassPreserving,64,211,750,2.5545023696682465,3.5497630331753554,0.05687203791469194,16.413927620005175,60.92387045628295,False,13.932942469518519,2.823273089984145,0.23581682941909457,39.174106004638254,2.0040873177357845,0.17311890957566967
155,dflash2_pairwise_k16_tb64,Pairwise-MassPreserving,64,227,818,2.60352422907489,3.5991189427312777,0.039647577092511016,16.311698822738816,61.305692979444984,,14.066168255496274,2.8442259826828185,0.23689744070286162,39.429823894195756,2.029078788652766,0.17340756338119692
156,dflash2_pairwise_k16_tb64,Pairwise-MassPreserving,64,276,1012,2.6666666666666665,3.6630434782608696,0.04710144927536232,15.912237848816826,62.84471169304173,False,13.946691528727188,2.827631789551705,0.23532541996720954,39.151829297053695,2.0106733117891187,0.17272076523943763
157,dflash2_pairwise_k16_tb64,Pairwise-MassPreserving,64,222,914,3.1171171171171173,4.112612612612613,0.12162162162162163,14.212559908095105,70.36030148449372,,14.014380729710316,2.809084500145505,0.2363782520193569,39.25476023426666,2.0262988961090938,0.17387106341990508
158,dflash2_pairwise_k16_tb64,Pairwise-MassPreserving,64,174,682,2.913793103448276,3.913793103448276,0.09770114942528736,15.068727734604426,66.36260324111903,False,14.101104775875882,2.8215622532816376,0.2385492126481479,39.69005518935784,2.037182161137903,0.17403097666536416
159,dflash2_pairwise_k16_tb64,Pairwise-MassPreserving,64,53,180,2.3962264150943398,3.3773584905660377,0.05660377358490566,17.196229388880766,58.152283118914944,,13.79879151005847,2.8324253392572745,0.23523737736296718,39.333038188831196,2.031437697917012,0.17135837711153054
