conversation_index,turn_index,prompt,method_key,method,budget,response
0,0,"Compose an engaging travel blog post about a recent trip to Hawaii, highlighting cultural experiences and must-see attractions.",baseline,target-only,,"**Discover the Magic of Hawaii: A Cultural Journey Through the Islands**

There’s something about the islands of Hawaii that feels like stepping into a dream. With their lush green landscapes, crystal-clear waters, and rich cultural heritage, Hawaii is more than just a vacation—it’s an experience that touches the soul. Recently, I had the privilege of exploring the Big Island, Oahu, and Maui, and I can confidently say that this trip was nothing short of magical.

**A Cultural Immersion in the Heart of Hawaii**

From the moment I arrived, I was greeted by the warm, welcoming spirit of the Hawaiian people. In Waikiki, I had the chance to attend a traditional hula dance performance at the Kapi’olani Cultural and History Center. The rhythmic movements of the dancers, accompanied by the haunting sounds of the pahu drum, told stories of ancient legends and the deep connection between the people and the land. It was a powerful reminder of the cultural richness that defines Hawaii.

I also visited the Polynesian Cultural Center on Oahu, where I was immersed in the traditions of various Pacific Island cultures. From the vibrant dances of Tahiti to the intricate weaving of Hawaiian textiles, every experience was a celebration of heritage and history. It was fascinating to"
0,0,"Compose an engaging travel blog post about a recent trip to Hawaii, highlighting cultural experiences and must-see attractions.",dflash,dflash,,"**Discover the Magic of Hawaii: A Cultural Journey Through the Islands**

There’s something truly magical about the islands of Hawaii. With their lush green landscapes, crystal-clear waters, and rich cultural heritage, these islands offer more than just a vacation—they offer an immersive experience that touches the soul. Recently, I had the privilege of exploring the Big Island of Hawaii, and I can confidently say it was one of the most unforgettable trips I’ve ever taken.

### A Welcome to the Land of the Aloha Spirit

As I stepped off the plane in Hilo, the warm breeze and the sound of waves crashing against the shore immediately wrapped me in a sense of peace. The Hawaiian people are known for their aloha spirit—this is more than just a word; it’s a way of life. From the moment I arrived, I was greeted with smiles and a genuine warmth that made me feel like a long-lost friend.

### Cultural Immersion: Connecting with the Past

One of the highlights of my trip was visiting the **Hawaiian Cultural Center** in Hilo. This museum is a treasure trove of history, art, and tradition. I was captivated by the stories of the ancient Polynesian people, the significance of the Hawaiian language, and the deep"
0,0,"Compose an engaging travel blog post about a recent trip to Hawaii, highlighting cultural experiences and must-see attractions.",ddtree_tb16,dflash-original-ddtree,16,"**Discover the Magic of Hawaii: A Cultural and Natural Journey**

There’s something truly magical about the islands of Hawaii. With their lush green landscapes, crystal-clear waters, and rich cultural heritage, these islands offer an unforgettable escape that blends nature, history, and community. Recently, I had the privilege of visiting Hawaii, and I can say without a doubt—this is a place that leaves you in awe.

### **A Welcome to the Islands**

My journey began in Oahu, the most populous and most visited of the Hawaiian islands. The first thing that struck me was the vibrant energy of Waikiki. From the moment I stepped off the plane, I was greeted by the sound of waves crashing against the shore and the scent of tropical flowers in the air. It was a sensory overload that immediately put me in the right frame of mind for an adventure.

### **Cultural Immersion: The Heart of Hawaii**

Hawaii is a place where tradition and modernity coexist beautifully. One of the most profound experiences I had was visiting the **Hawaiian Cultural Center** in Honolulu. There, I was treated to a traditional hula dance performance, where dancers moved gracefully to the rhythm of the drums, telling stories of the islands’ history and mythology. It was"
0,0,"Compose an engaging travel blog post about a recent trip to Hawaii, highlighting cultural experiences and must-see attractions.",ddtree_tb32,dflash-original-ddtree,32,"**Discover the Magic of Hawaii: A Cultural Journey Through the Islands**

There’s something truly magical about the islands of Hawaii. With their lush green landscapes, crystal-clear waters, and rich cultural heritage, the Hawaiian Islands offer a unique blend of nature and tradition that is hard to find anywhere else in the world. Recently, I had the privilege of visiting Hawaii, and I can confidently say it was one of the most unforgettable travel experiences of my life.

### A Welcome to the Islands

My journey began in Oahu, the most populous and most visited of the Hawaiian islands. The first thing that struck me was the vibrant energy of Waikiki. From the moment I stepped off the plane, I was greeted by the sound of waves crashing against the shore and the scent of tropical flowers in the air. It was a welcome that felt both welcoming and sacred.

### Cultural Immersion: The Heart of Hawaii

Hawaii is a place where tradition and modernity coexist in harmony. One of the most profound experiences I had was visiting a local cultural center in Honolulu. There, I was introduced to the rich history of the Hawaiian people, from the ancient Polynesian voyagers who first settled the islands to the modern-day cultural practices that continue to thrive.

I participated in a"
0,0,"Compose an engaging travel blog post about a recent trip to Hawaii, highlighting cultural experiences and must-see attractions.",ddtree_tb64,dflash-original-ddtree,64,"**Discover the Magic of Hawaii: A Cultural Journey Through the Islands**

There’s something truly magical about the islands of Hawaii. With their lush green landscapes, crystal-clear waters, and rich cultural heritage, the Hawaiian Islands offer more than just a vacation—they offer an immersive experience that touches the soul. Recently, I had the privilege of visiting Hawaii, and I can confidently say it was one of the most unforgettable trips I’ve ever taken. From the vibrant culture to the breathtaking natural beauty, every moment was a celebration of life, tradition, and connection.

---

### **A Cultural Immersion: Connecting with the Land and People**

Hawaii is a place where the past and present coexist in harmony. From the moment I arrived, I was greeted by the warm smiles of locals and the rhythmic sounds of traditional music. I had the opportunity to visit several cultural centers and participate in local events that truly brought the spirit of Hawaii to life.

One of the most memorable experiences was a visit to the **Hawaii Cultural Center in Waikiki**. There, I was able to learn about the history of the islands, the significance of the Hawaiian language, and the deep spiritual connection Hawaiians have with their land. I even had the chance to try my hand at traditional hula"
0,1,Rewrite your previous response. Start every sentence with the letter A.,baseline,target-only,,"A journey to Hawaii is an invitation to explore a land of natural beauty and rich cultural heritage. A visit to the islands offers a unique opportunity to connect with the traditions and stories that have been passed down for generations. A moment of reflection on the beach, listening to the waves and the sounds of the ocean, can be a profound experience that brings peace and clarity. A walk through the lush rainforests of the Big Island reveals the vibrant life that thrives in harmony with the environment. A visit to a local village or a traditional Hawaiian gathering allows for a deeper understanding of the community and its values. A meal at a local restaurant, savoring fresh seafood and traditional dishes, is a taste of the island’s culinary heritage. A hike up to the summit of Mauna Kea offers a breathtaking view of the landscape and a sense of awe at the scale of the natural world. A visit to a cultural center or museum provides insight into the history and significance of Hawaii’s traditions. A night under the stars on the beach, with the sound of the ocean and the glow of the moon, is a moment of pure serenity. A visit to a sacred site, such as a temple or a historical landmark, connects the traveler to the spiritual and historical roots of the islands"
0,1,Rewrite your previous response. Start every sentence with the letter A.,dflash,dflash,,"A journey to Hawaii is an invitation to explore a land of natural beauty and rich cultural heritage. A visit to the islands offers a unique opportunity to connect with the traditions and stories that have been passed down for generations. A moment of reflection on the beach, listening to the waves and the sounds of the ocean, can be a powerful reminder of the peace and serenity that Hawaii has to offer. A walk through the lush rainforests of the Big Island reveals the breathtaking diversity of flora and fauna that thrives in this tropical paradise. A visit to the Haleakalā National Park on Maui is a must, as it offers one of the most stunning sunrises in the world, with the volcano’s summit glowing in the early morning light. A meal at a local luaumana restaurant, where traditional Hawaiian dishes are prepared with care and love, is a true taste of the culture. A visit to the Waikiki Beach on Oahu allows for both relaxation and adventure, with its clear waters and vibrant atmosphere. A tour of the Pearl Harbor Memorial on Oahu provides a solemn yet important glimpse into history and the sacrifices made to protect the nation. A visit to the Hana Highway on Maui is an adventure in itself, with its winding roads and breathtaking views of water"
0,1,Rewrite your previous response. Start every sentence with the letter A.,ddtree_tb16,dflash-original-ddtree,16,"A journey to Hawaii is an invitation to explore a land of natural beauty and rich cultural heritage. A visit to the islands offers a unique opportunity to connect with the traditions and stories that have been passed down for generations. A walk through the lush forests of the Big Island is a reminder of the island’s deep connection to nature and its indigenous roots. A visit to a local village or a cultural center provides insight into the daily lives and customs of the Hawaiian people. A meal at a traditional Hawaiian restaurant is a sensory experience that highlights the flavors of the land and sea. A sunset over the ocean is a moment of peace and reflection, surrounded by the sounds of waves and the laughter of locals. A hike through the volcanic trails of Hawaii is an adventure that reveals the island’s geological history and its breathtaking landscapes. A visit to a sacred site, such as a temple or a beach, offers a deeper understanding of the spiritual significance of the land. A conversation with a local guide or a Hawaiian elder can provide valuable knowledge and a sense of belonging. A night under the stars on the beach is a perfect way to appreciate the beauty of the islands and the vastness of the universe. A trip to Hawaii is not just about sightseeing—it’s about experiencing the heart and soul of a culture"
0,1,Rewrite your previous response. Start every sentence with the letter A.,ddtree_tb32,dflash-original-ddtree,32,"A journey to Hawaii is an invitation to explore a land of natural beauty and rich cultural heritage. A visit to the islands offers a unique opportunity to connect with the traditions and stories that have been passed down for generations. A moment of reflection on the beach, listening to the waves and the sounds of the ocean, can be a profound experience that brings peace and clarity. A walk through the lush rainforests of the Big Island reveals the vibrant life that thrives in harmony with the environment. A visit to a local village or a traditional Hawaiian gathering allows for a deeper understanding of the community and its values. A meal at a local restaurant, savoring the flavors of fresh seafood and tropical fruits, is a taste of the island’s culinary traditions. A hike up to the summit of Mauna Kea offers a breathtaking view of the landscape and a sense of awe at the scale of the natural world. A visit to a cultural center or museum provides insight into the history and significance of Hawaii’s indigenous people. A sunset cruise along the coast is a perfect way to witness the beauty of the islands at their most serene. A stay in a traditional Hawaiian homestay offers a chance to experience the local way of life and build meaningful connections with the people. A trip to a sacred"
0,1,Rewrite your previous response. Start every sentence with the letter A.,ddtree_tb64,dflash-original-ddtree,64,"A journey to Hawaii is an invitation to explore a land of natural beauty and rich cultural heritage. A visit to the islands offers a unique opportunity to connect with the traditions and stories that have been passed down for generations. A walk through the lush forests of the Big Island is a reminder of the island’s deep connection to nature and its indigenous roots. A visit to a local village, like on the island of Kauai, allows for a genuine interaction with the Hawaiian people and their way of life. A meal at a traditional Hawaiian restaurant, such as a luau, is a feast for the senses, filled with delicious flavors and meaningful stories. A hike up the slopes of Mauna Kea is a breathtaking experience that offers panoramic views of the island and a sense of awe at the power of nature. A swim in the crystal-clear waters of the North Shore is a moment of pure relaxation and connection with the ocean. A visit to the Waikiki Beach is a perfect way to experience the island’s vibrant culture and lively atmosphere. A tour of the Honolulu Museum of Art provides insight into the artistic expressions of Hawaiian culture and its evolution over time. A sunset cruise on the ocean is a peaceful way to witness the beauty of the islands as the sky transforms into a canvas of colors"
1,0,"Draft a professional email seeking your supervisor's feedback on the 'Quarterly Financial Report' you prepared. Ask specifically about the data analysis, presentation style, and the clarity of conclusions drawn. Keep the email short and to the point.",baseline,target-only,,"Subject: Request for Feedback on Quarterly Financial Report

Hi [Supervisor's Name],

I hope you're doing well. I’ve completed the Quarterly Financial Report and would appreciate your feedback on the data analysis, presentation style, and clarity of the conclusions drawn.

Please let me know if there are any areas you’d like me to revise or clarify.

Thank you for your guidance.

Best regards,  
[Your Name]"
1,0,"Draft a professional email seeking your supervisor's feedback on the 'Quarterly Financial Report' you prepared. Ask specifically about the data analysis, presentation style, and the clarity of conclusions drawn. Keep the email short and to the point.",dflash,dflash,,"Subject: Request for Feedback on Quarterly Financial Report

Hi [Supervisor's Name],

I hope you're doing well. I’ve completed the Quarterly Financial Report and would appreciate your feedback on the data analysis, presentation style, and clarity of the conclusions drawn.

Please let me know if there are any areas you’d like me to revise or clarify.

Thank you for your guidance.

Best regards,  
[Your Name]"
1,0,"Draft a professional email seeking your supervisor's feedback on the 'Quarterly Financial Report' you prepared. Ask specifically about the data analysis, presentation style, and the clarity of conclusions drawn. Keep the email short and to the point.",ddtree_tb16,dflash-original-ddtree,16,"Subject: Request for Feedback on Quarterly Financial Report

Hi [Supervisor's Name],

I hope you're doing well. I’ve completed the Quarterly Financial Report and would appreciate your feedback on the data analysis, presentation style, and clarity of the conclusions drawn.

Please let me know if there are any areas you’d like me to revise or clarify.

Thank you for your guidance.

Best regards,  
[Your Name]"
1,0,"Draft a professional email seeking your supervisor's feedback on the 'Quarterly Financial Report' you prepared. Ask specifically about the data analysis, presentation style, and the clarity of conclusions drawn. Keep the email short and to the point.",ddtree_tb32,dflash-original-ddtree,32,"Subject: Request for Feedback on Quarterly Financial Report

Hi [Supervisor's Name],

I hope you're doing well. I’ve completed the Quarterly Financial Report and would appreciate your feedback on the data analysis, presentation style, and clarity of the conclusions drawn.

Please let me know if there are any areas you’d like me to revise or clarify.

Thank you for your guidance.

Best regards,  
[Your Name]"
1,0,"Draft a professional email seeking your supervisor's feedback on the 'Quarterly Financial Report' you prepared. Ask specifically about the data analysis, presentation style, and the clarity of conclusions drawn. Keep the email short and to the point.",ddtree_tb64,dflash-original-ddtree,64,"Subject: Request for Feedback on Quarterly Financial Report

Hi [Supervisor's Name],

I hope you're doing well. I’ve completed the Quarterly Financial Report and would appreciate your feedback on the data analysis, presentation style, and clarity of the conclusions drawn.

Please let me know if there are any areas you’d like me to revise or clarify.

Thank you for your guidance.

Best regards,  
[Your Name]"
1,1,Take a moment to evaluate and critique your own response.,baseline,target-only,,"Certainly! Let's take a moment to evaluate and critique the email I wrote earlier.

### **Strengths:**
- **Clear and direct:** The email is concise and to the point, which is appropriate for a professional setting.
- **Specific request:** It clearly asks for feedback on three specific areas: data analysis, presentation style, and clarity of conclusions.
- **Polite and professional tone:** The language is respectful and appropriate for a supervisor.
- **Well-structured:** The email has a clear subject line, greeting, body, and closing.

### **Areas for Improvement:**
- **Subject Line:** While the subject line is clear, it could be slightly more engaging or specific. For example, adding ""for your review"" might make it more formal or clear.
- **Body Length:** The body is very short, which is good, but could be slightly more detailed in the request to ensure the supervisor understands the purpose of the email.
- **Closing:** The closing is polite, but adding a sentence like ""I’m happy to make any revisions based on your feedback"" could show willingness to improve.

### **Revised Version (with improvements):**

**Subject:** Request for Feedback on Quarterly Financial Report – for Your Review

Hi [Supervisor's Name],

"
1,1,Take a moment to evaluate and critique your own response.,dflash,dflash,,"Certainly! Let's take a moment to evaluate and critique the email I wrote earlier.

### **Strengths:**
- **Clear and direct:** The email is concise and to the point, which is appropriate for a professional setting.
- **Specific request:** It clearly asks for feedback on three specific areas: data analysis, presentation style, and clarity of conclusions.
- **Polite and professional tone:** The language is respectful and appropriate for a supervisor.
- **Well-structured:** The email has a clear subject line, greeting, body, and closing.

### **Areas for Improvement:**
- **Subject Line:** While the subject line is clear, it could be slightly more engaging or specific. For example, adding ""for your review"" might make it more formal or clear.
- **Body Length:** The body is very short, which is good, but could be slightly more detailed in the request to ensure the supervisor understands the purpose of the email.
- **Closing:** The closing is polite, but adding a sentence like ""I’m happy to discuss this further if needed"" could show willingness to engage in a conversation if feedback is needed.

### **Revised Version (with improvements):**

**Subject:** Request for Feedback on Quarterly Financial Report – for Your Review

Hi ["
1,1,Take a moment to evaluate and critique your own response.,ddtree_tb16,dflash-original-ddtree,16,"Certainly! Let's take a moment to evaluate and critique the email I wrote earlier.

### **Strengths:**
- **Clear and direct:** The email is concise and to the point, which is appropriate for a professional setting.
- **Specific request:** It clearly asks for feedback on three specific areas: data analysis, presentation style, and clarity of conclusions.
- **Polite and professional tone:** The language is respectful and appropriate for a supervisor.
- **Well-structured:** The email has a clear subject line, greeting, body, and closing.

### **Areas for Improvement:**
1. **Subject Line:**
   - The subject line is clear, but it could be slightly more engaging or specific. For example, adding ""for Q3 2025"" or ""as requested"" might make it more personalized.

2. **Body:**
   - The body is short and to the point, but it could be slightly more detailed in the request. For instance, mentioning that the report is ready for review and that you’re open to any suggestions would add a bit more context.

3. **Tone:**
   - The tone is professional, but it could be slightly more enthusiastic or confident in the request for feedback, especially if the supervisor is"
1,1,Take a moment to evaluate and critique your own response.,ddtree_tb32,dflash-original-ddtree,32,"Certainly! Let's take a moment to evaluate and critique the email I wrote earlier.

### **Strengths:**
- **Clear and direct:** The email is concise and to the point, which is appropriate for a professional setting.
- **Specific request:** It clearly asks for feedback on three specific areas: data analysis, presentation style, and clarity of conclusions.
- **Polite and professional tone:** The language is respectful and appropriate for a supervisor.
- **Well-structured:** The email has a clear subject line, greeting, body, and closing.

### **Areas for Improvement:**
- **Subject Line:** While the subject line is clear, it could be slightly more engaging or specific. For example, adding ""for your review"" might make it more formal or clear.
- **Body Length:** The body is very short, which is good, but could be slightly more detailed in the request to ensure the supervisor understands the purpose of the email.
- **Closing:** The closing is polite, but adding a sentence like ""I’m happy to make any revisions based on your feedback"" could show willingness to improve.

### **Revised Version (with improvements):**

**Subject:** Request for Feedback on Quarterly Financial Report – for Your Review

Hi [Supervisor's Name],

"
1,1,Take a moment to evaluate and critique your own response.,ddtree_tb64,dflash-original-ddtree,64,"Certainly! Let's take a moment to evaluate and critique the email I wrote earlier.

### **Strengths:**
- **Clear and direct:** The email is concise and to the point, which is appropriate for a professional setting.
- **Specific request:** It clearly asks for feedback on three specific areas: data analysis, presentation style, and clarity of conclusions.
- **Polite and professional tone:** The language is respectful and appropriate for a supervisor.
- **Well-structured:** The email has a clear subject line, greeting, body, and closing.

### **Areas for Improvement:**
- **Subject Line:** While the subject line is clear, it could be slightly more engaging or specific. For example, adding ""for your review"" might make it more formal or clear.
- **Body Length:** The body is very short, which is good, but could be slightly more detailed in the request to ensure the supervisor understands the purpose of the email.
- **Closing:** The closing is polite, but adding a sentence like ""I’m happy to discuss this further if needed"" could show willingness to engage in a conversation if feedback is needed.

### **Revised Version (with improvements):**

**Subject:** Request for Feedback on Quarterly Financial Report – for Your Review

Hi ["
2,0,"Imagine you are writing a blog post comparing two popular smartphone models. Develop an outline for the blog post, including key points and subheadings to effectively compare and contrast the features, performance, and user experience of the two models. Please answer in fewer than 200 words.",baseline,target-only,,"**Title: ""Smartphone Showdown: iPhone 15 vs. Samsung Galaxy S24""**

**Introduction:** Briefly introduce the two phones as top contenders in 2024.

**Key Features Comparison:**  
- Display technology (OLED vs. Super AMOLED)  
- Camera systems (iPhone 15 Pro’s LiDAR vs. S24’s 108MP main lens)  
- Battery life and charging capabilities  

**Performance & Software:**  
- Processor speed and efficiency (A16 vs. Snapdragon 8 Gen 3)  
- Operating systems (iOS vs. Android) and updates  

**User Experience:**  
- Design and build quality (aluminum vs. Gorilla Glass)  
- Accessibility features and customization options  

**Price & Value:**  
- Cost comparison and feature-for-money analysis  

**Conclusion:** Summarize the strengths and weaknesses of each phone to help readers decide based on their needs.  

This outline ensures a clear, structured comparison that highlights key differences while maintaining a reader-friendly tone."
2,0,"Imagine you are writing a blog post comparing two popular smartphone models. Develop an outline for the blog post, including key points and subheadings to effectively compare and contrast the features, performance, and user experience of the two models. Please answer in fewer than 200 words.",dflash,dflash,,"**Title: ""Smartphone Showdown: iPhone 15 vs. Samsung Galaxy S24""**

**Introduction:** Briefly introduce the two phones as top contenders in 2024.

**Key Features Comparison:**  
- Display technology (OLED vs. Super AMOLED)  
- Camera systems (iPhone 15 Pro’s LiDAR vs. S24’s 108MP main lens)  
- Battery life and charging capabilities  

**Performance & Software:**  
- Processor performance (A16 vs. Snapdragon 8 Gen 3)  
- Operating systems (iOS vs. Android)  
- Software updates and ecosystem integration  

**User Experience:**  
- Design and build quality (aluminum vs. Gorilla Glass)  
- Privacy features (iOS security vs. Samsung’s Knox)  
- Accessibility options and customization  

**Price & Value:**  
- Pricing tiers and availability  
- Overall value for money based on features and performance  

**Conclusion:** Summarize the key differences and recommend based on user priorities.  

This outline ensures a clear, structured comparison that highlights the strengths and weaknesses of each model."
2,0,"Imagine you are writing a blog post comparing two popular smartphone models. Develop an outline for the blog post, including key points and subheadings to effectively compare and contrast the features, performance, and user experience of the two models. Please answer in fewer than 200 words.",ddtree_tb16,dflash-original-ddtree,16,"**Title: ""Smartphone Showdown: iPhone 15 vs. Samsung Galaxy S24""**

**Introduction:** Briefly introduce the two phones as top contenders in 2024.

**Key Features Comparison:**  
- Display technology (OLED vs. Super AMOLED)  
- Camera systems (iPhone 15 Pro’s LiDAR vs. S24’s 108MP main lens)  
- Battery life and charging capabilities  

**Performance & Software:**  
- Processor performance (A16 vs. Snapdragon 8 Gen 3)  
- Operating systems (iOS vs. Android)  
- Software updates and ecosystem integration  

**User Experience:**  
- Design and build quality (aluminum vs. glass)  
- Privacy features (iOS security vs. Samsung’s Knox)  
- Accessibility options and customization  

**Conclusion:** Summarize the strengths and weaknesses of each, helping readers decide based on their needs.  

**Final Verdict:** Recommend the better choice for different user priorities.  

(198 words)"
2,0,"Imagine you are writing a blog post comparing two popular smartphone models. Develop an outline for the blog post, including key points and subheadings to effectively compare and contrast the features, performance, and user experience of the two models. Please answer in fewer than 200 words.",ddtree_tb32,dflash-original-ddtree,32,"**Title: ""Smartphone Showdown: iPhone 15 vs. Samsung Galaxy S24""**

**Introduction:** Briefly introduce the two phones as top contenders in 2024.

**Key Features Comparison:**  
- Display technology (OLED vs. Super AMOLED)  
- Camera systems (iPhone 15 Pro’s LiDAR vs. S24’s 108MP main lens)  
- Battery life and charging capabilities  

**Performance & Software:**  
- Processor speed and efficiency (A16 vs. Snapdragon 8 Gen 3)  
- Operating systems (iOS vs. Android) and updates  

**User Experience:**  
- Design and build quality (aluminum vs. glass)  
- Accessibility features and customization options  

**Price & Value:**  
- Cost comparison and feature-for-money analysis  

**Conclusion:** Summarize the strengths and weaknesses of each phone to help readers decide based on their needs.  

This outline ensures a balanced, informative comparison that highlights key differences while maintaining clarity and conciseness."
2,0,"Imagine you are writing a blog post comparing two popular smartphone models. Develop an outline for the blog post, including key points and subheadings to effectively compare and contrast the features, performance, and user experience of the two models. Please answer in fewer than 200 words.",ddtree_tb64,dflash-original-ddtree,64,"**Title: ""Smartphone Showdown: iPhone 15 vs. Samsung Galaxy S24""**

**Introduction:** Briefly introduce the two phones as top contenders in 2024.

**Key Features Comparison:**  
- Display technology (OLED vs. Super AMOLED)  
- Camera systems (iPhone 15 Pro’s LiDAR vs. S24’s 108MP main lens)  
- Battery life and charging capabilities  

**Performance & Software:**  
- Processor speed and efficiency (A16 vs. Snapdragon 8 Gen 3)  
- Operating systems (iOS vs. Android) and updates  

**User Experience:**  
- Design and build quality (aluminum vs. Gorilla Glass)  
- Accessibility features and customization options  

**Price & Value:**  
- Cost comparison and feature-for-money analysis  

**Conclusion:** Summarize the strengths and weaknesses of each phone to help readers decide based on their needs.  

This outline ensures a balanced, informative comparison that highlights key differences while maintaining clarity and conciseness."
2,1,Take your previous response and rephrase it as a limerick.,baseline,target-only,,"There once was a blog post so bold,  
Comparing iPhone 15 and Samsung S24.  
From display to camera,  
Performance and design,  
A limerick to help you decide!"
2,1,Take your previous response and rephrase it as a limerick.,dflash,dflash,,"There once was a blog post so bold,  
Comparing iPhone 15 and Samsung S24.  
From display to camera,  
Performance and design,  
A limerick to help you decide!"
2,1,Take your previous response and rephrase it as a limerick.,ddtree_tb16,dflash-original-ddtree,16,"There once was a blog post so bold,  
Comparing iPhone 15 and Samsung S24.  
From display to camera,  
Performance and design,  
A limerick to help you decide!"
2,1,Take your previous response and rephrase it as a limerick.,ddtree_tb32,dflash-original-ddtree,32,"There once was a blog post so bold,  
Comparing iPhone 15 and Samsung S24.  
From display to camera,  
Performance and design,  
A limerick to help you decide!"
2,1,Take your previous response and rephrase it as a limerick.,ddtree_tb64,dflash-original-ddtree,64,"There once was a blog post so bold,  
Comparing iPhone 15 and Samsung S24.  
From display to camera,  
Performance and design,  
A limerick to help you decide!"
3,0,"Write a persuasive email to convince your introverted friend, who dislikes public speaking, to volunteer as a guest speaker at a local event. Use compelling arguments and address potential objections. Please be concise.",baseline,target-only,,"Subject: You Could Be a Great Guest Speaker  

Hi [Friend's Name],  

I know you're not a fan of public speaking, but I really think you'd make a great guest speaker at the upcoming [Event Name]. Your insights and perspective would add a unique and valuable voice to the event.  

You don’t have to stand in front of a crowd—maybe you could do a short, engaging talk or share a story that resonates with the audience. Plus, you’d get to share your passion and expertise in a way that feels authentic, not forced.  

I understand that public speaking can be intimidating, but this event is small and the audience is friendly. You’d be the star of the show, and I’d be there to support you.  

Let me know if you’d like to practice or even do a trial run. You’d be making a real difference, and it could be a fun, rewarding experience.  

Looking forward to hearing your thoughts.  

Best,  
[Your Name]"
3,0,"Write a persuasive email to convince your introverted friend, who dislikes public speaking, to volunteer as a guest speaker at a local event. Use compelling arguments and address potential objections. Please be concise.",dflash,dflash,,"Subject: You Could Be a Great Guest Speaker  

Hi [Friend's Name],  

I know you're not a fan of public speaking, but I really think you'd make a great guest speaker at the upcoming [Event Name]. Your perspective and experience could add a unique and valuable voice to the event.  

You don’t have to stand in front of a crowd—maybe you could do a short, engaging talk or share a story that resonates with the audience. Plus, you’d get to share your passion and expertise in a way that feels authentic, not forced.  

I understand that public speaking can be intimidating, but this event is small and the audience is friendly. You’d be the guest speaker, not the center of attention—just a thoughtful voice in the conversation.  

Let me know if you’d like to practice or if there’s anything I can do to help make it easier. You’d be making a real difference, and I’d love to see you step out of your comfort zone a little.  

Looking forward to hearing your thoughts.  

Best,  
[Your Name]"
3,0,"Write a persuasive email to convince your introverted friend, who dislikes public speaking, to volunteer as a guest speaker at a local event. Use compelling arguments and address potential objections. Please be concise.",ddtree_tb16,dflash-original-ddtree,16,"Subject: You Could Be a Great Guest Speaker  

Hi [Friend's Name],  

I know you're not a fan of public speaking, but I really think you'd make a great guest speaker at the upcoming [Event Name]. Your perspective and experience could add a unique and valuable voice to the event.  

You don’t have to stand in front of a crowd—maybe you could share your story in a more relaxed setting, like a panel or a Q&A session. Plus, it would be a great way to connect with others and share your insights.  

I understand that public speaking can be intimidating, but this opportunity is about sharing your passion, not performing. And if you're nervous, we can practice together.  

This could be a meaningful way to give back and make an impact. Let me know if you'd like to talk more or if there's anything I can do to help make it easier for you.  

Looking forward to hearing your thoughts.  

Best,  
[Your Name]"
3,0,"Write a persuasive email to convince your introverted friend, who dislikes public speaking, to volunteer as a guest speaker at a local event. Use compelling arguments and address potential objections. Please be concise.",ddtree_tb32,dflash-original-ddtree,32,"Subject: You Could Be a Great Guest Speaker  

Hi [Friend's Name],  

I know you're not a fan of public speaking, but I really think you'd make a great guest speaker at the upcoming [Event Name]. Your perspective and experience could add a unique and valuable voice to the event.  

You don’t have to stand in front of a crowd—maybe you could share your story in a more relaxed setting, like a panel or a Q&A session. Plus, it would be a great way to connect with others and share your insights.  

I understand that public speaking can be intimidating, but this opportunity is about sharing your passion, not performing. And if you're nervous, we can practice together.  

This could be a meaningful way to contribute to your community and maybe even inspire others. Let me know if you'd like to talk more or if there's a way to make it less stressful for you.  

Looking forward to hearing your thoughts.  

Best,  
[Your Name]"
3,0,"Write a persuasive email to convince your introverted friend, who dislikes public speaking, to volunteer as a guest speaker at a local event. Use compelling arguments and address potential objections. Please be concise.",ddtree_tb64,dflash-original-ddtree,64,"Subject: You Could Be a Great Guest Speaker  

Hi [Friend's Name],  

I know you're not a fan of public speaking, but I really think you'd make a great guest speaker at the upcoming [Event Name]. Your perspective and experience could add a unique and valuable voice to the event.  

You don’t have to stand in front of a crowd—maybe you could share your story in a more relaxed setting, like a panel or a small group discussion. Plus, it would be a great way to share your insights and connect with others who care about what you do.  

I understand that public speaking can be intimidating, but this opportunity would be a chance to share something meaningful without the pressure of a full speech. You’d be the guest, not the performer.  

Let me know if you’d like to practice or if there’s a way to make it feel less stressful. I’m here to help!  

Looking forward to hearing your thoughts.  

Best,  
[Your Name]"
3,1,Can you rephrase your previous answer and incorporate a metaphor or simile in each sentence?,baseline,target-only,,"Subject: You Could Be a Great Guest Speaker  

Hi [Friend's Name],  

I know you’re not a fan of public speaking, but I really think you’d make a great guest speaker at the upcoming [Event Name]. Your insights are like a quiet flame—bright, warm, and full of meaning, but you’ve never let the world see it.  

You don’t have to stand in front of a crowd—maybe you could do a short, engaging talk or share a story that resonates with the audience. It’s like a gentle breeze that calms and inspires, not a storm that scares people away.  

Plus, you’d get to share your passion and expertise in a way that feels authentic, not forced. It’s like a well-tuned instrument—when you play it, it speaks clearly and beautifully, even if you’re not the loudest.  

I understand that public speaking can be intimidating, but this event is small and the audience is friendly. You’d be the star of the show, and I’d be there to support you. It’s like being in a cozy room with friends—no pressure, just connection.  

Let me know if you’d like to practice or even do a trial run. You’d be making a real"
3,1,Can you rephrase your previous answer and incorporate a metaphor or simile in each sentence?,dflash,dflash,,"Subject: You Could Be a Great Guest Speaker  

Hi [Friend's Name],  

I know you’re not a fan of public speaking, but I really think you’d make a great guest speaker at the upcoming [Event Name]. Your insights are like a quiet flame—bright, warm, and full of meaning, but you’ve never let the world see it.  

You don’t have to stand in front of a crowd—maybe you could do a short, engaging talk or share a story that resonates with the audience. It’s like a gentle breeze that calms and inspires, not a storm that scares people away.  

Plus, you’d get to share your passion and expertise in a way that feels authentic, not forced. It’s like a well-tuned instrument—beautiful when played with care, not when forced into a loud, awkward performance.  

I understand that public speaking can be intimidating, but this event is small and the audience is friendly. You’d be the star of the show, and I’d be there to support you. It’s like being in a cozy room with friends—comfortable, welcoming, and full of potential.  

Let me know if you’d like to practice or even do a trial run. You’d be making a real"
3,1,Can you rephrase your previous answer and incorporate a metaphor or simile in each sentence?,ddtree_tb16,dflash-original-ddtree,16,"Subject: You Could Be a Great Guest Speaker  

Hi [Friend's Name],  

I know you’re not a fan of public speaking, but I really think you’d make a great guest speaker at the upcoming [Event Name]. Your insights are like a quiet flame—bright, warm, and full of meaning, but you’ve never let the world see it.  

You don’t have to stand in front of a crowd—maybe you could do a short, engaging talk or share a story that resonates with the audience. It’s like a gentle breeze that calms and inspires, not a storm that scares people away.  

Plus, you’d get to share your passion and expertise in a way that feels authentic, not forced. It’s like a well-tuned instrument—when you play it, it speaks clearly and beautifully.  

I understand that public speaking can be intimidating, but this event is small and the audience is friendly. You’d be the star of the show, and I’d be there to support you. It’s like having a trusted friend by your side when you’re navigating a new path.  

Let me know if you’d like to practice or even do a trial run. You’d be making a real difference, and it could be a fun"
3,1,Can you rephrase your previous answer and incorporate a metaphor or simile in each sentence?,ddtree_tb32,dflash-original-ddtree,32,"Subject: You Could Be a Great Guest Speaker  

Hi [Friend's Name],  

I know you’re not a fan of public speaking, but I really think you’d make a great guest speaker at the upcoming [Event Name]. Your insights are like a quiet flame—bright, warm, and full of meaning, but you’ve never let the world see it.  

You don’t have to stand in front of a crowd—maybe you could do a short, engaging talk or share a story that resonates with the audience. It’s like a gentle breeze that calms and inspires, not a storm that scares people away.  

Plus, you’d get to share your passion and expertise in a way that feels authentic, not forced. It’s like a well-tuned instrument—when played with care, it brings out the best in everyone around it.  

I understand that public speaking can be intimidating, but this event is small and the audience is friendly. You’d be the star of the show, and I’d be there to support you. It’s like having a trusted friend by your side when you’re navigating a new path.  

Let me know if you’d like to practice or even do a trial run. You’d be making a real difference, and it"
3,1,Can you rephrase your previous answer and incorporate a metaphor or simile in each sentence?,ddtree_tb64,dflash-original-ddtree,64,"Subject: You Could Be a Great Guest Speaker  

Hi [Friend's Name],  

I know you’re not a fan of public speaking, but I really think you’d make a great guest speaker at the upcoming [Event Name]. Your insights are like a quiet flame—bright, warm, and full of meaning, but you’ve never let the world see it.  

You don’t have to stand in front of a crowd—maybe you could do a short, engaging talk or share a story that resonates with the audience. It’s like a gentle breeze that calms and inspires, not a storm that scares people away.  

Plus, you’d get to share your passion and expertise in a way that feels authentic, not forced. It’s like a well-tuned instrument—when you play it, the world listens.  

I understand that public speaking can be intimidating, but this event is small and the audience is friendly. You’d be the star of the show, and I’d be there to support you. It’s like having a safe space where your voice can finally find its place.  

Let me know if you’d like to practice or even do a trial run. You’d be making a real difference, and it could be a fun, rewarding experience."
4,0,"Describe a vivid and unique character, using strong imagery and creative language. Please answer in fewer than two paragraphs.",baseline,target-only,,"She is a storm in human form, a woman whose presence crackles with the energy of a thundercloud, her hair a cascade of obsidian and lightning, each strand shimmering with the faint glow of a dying star. Her eyes, twin pools of molten silver, hold the weight of ancient storms and the whisper of forgotten tempests, reflecting a world where the sky is not just a ceiling but a living, breathing entity. She moves with the grace of a wraith, her footsteps leaving trails of mist that curl like smoke from a distant fire, and her voice is a low, resonant hum that shakes the very air around her, as if the earth itself is listening."
4,0,"Describe a vivid and unique character, using strong imagery and creative language. Please answer in fewer than two paragraphs.",dflash,dflash,,"She is a storm in human form, a woman whose presence crackles with the energy of a thundercloud, her hair a cascade of obsidian and lightning, each strand shimmering with the faint glow of a dying star. Her eyes, twin pools of molten silver, hold the weight of ancient storms and the whisper of forgotten tempests, reflecting a world where the sky is not just a ceiling but a living, breathing entity. She moves with the grace of a wraith, her footsteps leaving trails of mist that curl like smoke from a distant fire, and her voice, when she speaks, is the rumble of a distant earthquake, both terrifying and mesmerizing. In her presence, the air thickens, the light dims, and the very ground seems to hold its breath, waiting for the next flash of her fury or the next sigh of her calm."
4,0,"Describe a vivid and unique character, using strong imagery and creative language. Please answer in fewer than two paragraphs.",ddtree_tb16,dflash-original-ddtree,16,"She is a storm in human form, her hair a tempest of silver lightning, wild and unbound, streaked with the ash of forgotten fires. Her eyes, twin pools of molten gold, hold the weight of centuries, reflecting the secrets of the stars and the scars of a life lived on the edge of chaos. She moves like a whisper in the wind, yet when she speaks, the air shivers with the resonance of a thousand thunderclaps. Clad in a cloak of shifting shadows, she is both ghost and goddess, a wanderer who leaves behind only the echo of her laughter—sharp, bright, and never quite real."
4,0,"Describe a vivid and unique character, using strong imagery and creative language. Please answer in fewer than two paragraphs.",ddtree_tb32,dflash-original-ddtree,32,"She is a storm in human form, her hair a tempest of silver lightning, wild and unbound, streaked with the ash of forgotten fires. Her eyes, twin pools of molten amber, hold the weight of centuries, reflecting the chaos of a world she once tried to tame. She moves like a whisper in the wind, yet when she speaks, the air shivers with the resonance of a thousand thunderclaps. Clad in a cloak woven from the shadows of dead stars, she carries the scent of salt and iron, a relic of a time when the sky was not blue but a bruised violet. Her voice, when it comes, is not a sound but a vibration, a tremor that ripples through the bones of the earth, reminding all who hear it that even the quietest thing can shake the heavens."
4,0,"Describe a vivid and unique character, using strong imagery and creative language. Please answer in fewer than two paragraphs.",ddtree_tb64,dflash-original-ddtree,64,"She is a storm in human form, a woman whose presence crackles with the energy of a thundercloud, her hair a cascade of obsidian and lightning, each strand shimmering with the faint glow of a dying star. Her eyes, twin pools of molten silver, hold the weight of ancient storms and the whisper of forgotten tempests, reflecting a world where the sky is not just a ceiling but a living, breathing entity. She moves with the grace of a wraith, her footsteps leaving trails of mist that curl like smoke from a distant fire, and her voice is a low, resonant hum that shakes the very air around her, as if the earth itself is listening."
4,1,Revise your previous response and incorporate an allusion to a famous work of literature or historical event in each sentence.,baseline,target-only,,"She is a storm in human form, a woman whose presence crackles with the energy of a thundercloud, much like the tempestuous heroine of *Wuthering Heights*, her hair a cascade of obsidian and lightning, each strand shimmering with the faint glow of a dying star. Her eyes, twin pools of molten silver, hold the weight of ancient storms and the whisper of forgotten tempests, reflecting a world where the sky is not just a ceiling but a living, breathing entity, much like the shifting landscapes of *Moby-Dick*. She moves with the grace of a wraith, her footsteps leaving trails of mist that curl like smoke from a distant fire, and her voice is a low, resonant hum that shakes the very air around her, as if the earth itself is listening, echoing the haunting call of the sirens in *The Odyssey*."
4,1,Revise your previous response and incorporate an allusion to a famous work of literature or historical event in each sentence.,dflash,dflash,,"She is a storm in human form, a woman whose presence crackles with the energy of a thundercloud, much like the tempestuous heroine of *Wuthering Heights*, her hair a cascade of obsidian and lightning, each strand shimmering with the faint glow of a dying star, echoing the celestial imagery in *The Odyssey*. Her eyes, twin pools of molten silver, hold the weight of ancient storms and the whisper of forgotten tempests, reflecting a world where the sky is not just a ceiling but a living, breathing entity, akin to the shifting landscapes of *Moby-Dick*. She moves with the grace of a wraith, her footsteps leaving trails of mist that curl like smoke from a distant fire, reminiscent of the spectral figures in *Frankenstein*. And her voice is a low, resonant hum that shakes the very air around her, as if the earth itself is listening, much like the haunting echoes of the *Fall of the House of Usher*."
4,1,Revise your previous response and incorporate an allusion to a famous work of literature or historical event in each sentence.,ddtree_tb16,dflash-original-ddtree,16,"She is a storm in human form, a woman whose presence crackles with the energy of a thundercloud, much like the tempestuous heroine of *Wuthering Heights*, her hair a cascade of obsidian and lightning, each strand shimmering with the faint glow of a dying star, echoing the celestial imagery in *The Odyssey*. Her eyes, twin pools of molten silver, hold the weight of ancient storms and the whisper of forgotten tempests, reflecting a world where the sky is not just a ceiling but a living, breathing entity, akin to the shifting landscapes of *Moby-Dick*. She moves with the grace of a wraith, her footsteps leaving trails of mist that curl like smoke from a distant fire, reminiscent of the spectral figures in *Frankenstein*. And her voice is a low, resonant hum that shakes the very air around her, as if the earth itself is listening, much like the haunting echoes of the *Fall of the House of Usher*."
4,1,Revise your previous response and incorporate an allusion to a famous work of literature or historical event in each sentence.,ddtree_tb32,dflash-original-ddtree,32,"She is a storm in human form, a woman whose presence crackles with the energy of a thundercloud, much like the tempestuous heroine of *Wuthering Heights*, her hair a cascade of obsidian and lightning, each strand shimmering with the faint glow of a dying star, echoing the celestial imagery in *The Odyssey*. Her eyes, twin pools of molten silver, hold the weight of ancient storms and the whisper of forgotten tempests, reflecting a world where the sky is not just a ceiling but a living, breathing entity, akin to the shifting landscapes of *Moby-Dick*. She moves with the grace of a wraith, her footsteps leaving trails of mist that curl like smoke from a distant fire, reminiscent of the spectral figures in *Frankenstein*. And her voice is a low, resonant hum that shakes the very air around her, as if the earth itself is listening, much like the haunting echoes of the *Fall of the House of Usher*."
4,1,Revise your previous response and incorporate an allusion to a famous work of literature or historical event in each sentence.,ddtree_tb64,dflash-original-ddtree,64,"She is a storm in human form, a woman whose presence crackles with the energy of a thundercloud, much like the tempestuous heroine of *Wuthering Heights*, her hair a cascade of obsidian and lightning, each strand shimmering with the faint glow of a dying star, echoing the celestial imagery in *The Odyssey*. Her eyes, twin pools of molten silver, hold the weight of ancient storms and the whisper of forgotten tempests, reflecting a world where the sky is not just a ceiling but a living, breathing entity, akin to the shifting landscapes of *Moby-Dick*. She moves with the grace of a wraith, her footsteps leaving trails of mist that curl like smoke from a distant fire, reminiscent of the spectral figures in *Frankenstein*. And her voice is a low, resonant hum that shakes the very air around her, as if the earth itself is listening, much like the haunting echoes of the *Fall of the House of Usher*."
5,0,"Write a descriptive paragraph about a bustling marketplace, incorporating sensory details such as smells, sounds, and visual elements to create an immersive experience for the reader.",baseline,target-only,,"The marketplace is a symphony of life, where the air is thick with the heady aroma of sizzling spices, roasted meats, and fresh bread. The scent of cumin and coriander mingles with the sweetness of ripe mangoes and the tang of pickled vegetables, creating a sensory tapestry that wraps around you like a warm embrace. Voices rise and fall in a lively chorus—vendors calling out their wares, children laughing as they chase each other through the crowd, and the rhythmic clatter of metal trays and the soft rustle of fabric. Color bursts from every corner: vibrant stalls overflow with bright fruits, handwoven textiles in rich hues, and intricate jewelry that catches the sunlight in dazzling patterns. The sound of a distant drumbeat pulses through the air, mingling with the chatter of merchants haggling over prices, while the occasional burst of a sizzling skewer or the cry of a street performer adds to the vibrant energy of the place. Every sense is engaged, drawing you deeper into the heart of the marketplace, where the rhythm of daily life thrives in a dazzling, unending dance."
5,0,"Write a descriptive paragraph about a bustling marketplace, incorporating sensory details such as smells, sounds, and visual elements to create an immersive experience for the reader.",dflash,dflash,,"The marketplace is a symphony of life, where the air is thick with the heady aroma of sizzling spices, roasted meats, and fresh bread. The scent of cumin and coriander mingles with the sweetness of ripe mangoes and the tang of pickled vegetables, creating a sensory tapestry that wraps around you like a warm embrace. Voices rise and fall in a lively chorus—vendors calling out their wares, children laughing as they dart between stalls, and the rhythmic clatter of metal trays and the sizzle of oil in deep-fryers. Color bursts from every corner: vibrant fabrics flutter in the breeze, bright fruits are displayed in neat, eye-catching piles, and the kaleidoscope of textiles and crafts reflects off the sunlit pavement. Every step is a discovery, each corner a new story, as the marketplace pulses with energy, life, and the rich, unspoken language of commerce and community."
5,0,"Write a descriptive paragraph about a bustling marketplace, incorporating sensory details such as smells, sounds, and visual elements to create an immersive experience for the reader.",ddtree_tb16,dflash-original-ddtree,16,"The marketplace is a symphony of life, where the air is thick with the heady aroma of sizzling spices, roasted meats, and fresh bread. The scent of cumin and coriander mingles with the sweetness of ripe mangoes and the tang of pickled vegetables, creating a sensory tapestry that wraps around you like a warm embrace. Voices rise and fall in a lively chorus—vendors calling out their wares, children laughing as they chase each other through the crowd, and the rhythmic clatter of metal trays and the soft rustle of fabric. Color bursts from every corner: vibrant stalls overflow with bright fruits, handwoven textiles in rich hues, and intricate jewelry that catches the light like scattered stars. The sound of a distant drumbeat pulses through the air, mingling with the chatter of merchants haggling over prices, while the heat of the day presses down, making every breath feel heavy with the energy of a thousand lives moving in harmony."
5,0,"Write a descriptive paragraph about a bustling marketplace, incorporating sensory details such as smells, sounds, and visual elements to create an immersive experience for the reader.",ddtree_tb32,dflash-original-ddtree,32,"The marketplace is a symphony of life, where the air is thick with the heady aroma of sizzling spices, roasted meats, and fresh bread. The scent of cumin and coriander mingles with the sweetness of ripe mangoes and the tang of pickled vegetables, creating a sensory tapestry that wraps around you like a warm embrace. Voices rise and fall in a lively chorus—vendors calling out their wares, children laughing as they dart between stalls, and the rhythmic clatter of metal trays and the soft rustle of fabric. Color bursts from every corner: vibrant textiles cascade from cloth sellers, bright fruits glint in the sun, and stalls overflow with colorful produce and handcrafted goods. The sound of a distant drumbeat pulses through the crowd, while the occasional burst of a sizzling skewer or the cry of a street performer adds to the lively energy. Every sense is engaged, drawing you deeper into the heart of the market, where time seems to slow and the world feels alive with movement and sound."
5,0,"Write a descriptive paragraph about a bustling marketplace, incorporating sensory details such as smells, sounds, and visual elements to create an immersive experience for the reader.",ddtree_tb64,dflash-original-ddtree,64,"The marketplace is a symphony of life, where the air is thick with the heady aroma of sizzling spices, roasted meats, and fresh bread. The scent of cumin and coriander mingles with the sweetness of ripe mangoes and the tang of pickled vegetables, creating a sensory tapestry that wraps around you like a warm embrace. Voices rise and fall in a lively chorus—vendors calling out their wares, children laughing as they chase each other through the crowd, and the rhythmic clatter of metal trays and the soft rustle of fabric. Color bursts from every corner: vibrant stalls overflow with bright fruits, handwoven textiles in rich hues, and intricate jewelry that catches the sunlight in dazzling patterns. The sound of a distant drumbeat pulses through the air, mingling with the chatter of merchants haggling over prices, while the occasional burst of a sizzling skewer adds a fiery note to the atmosphere. Every sense is engaged, drawing you deeper into the heart of the marketplace, where the energy is palpable and the world feels alive."
5,1,"Rework your previous response. Begin each sentence with the subsequent letter of the alphabet, commencing from B.",baseline,target-only,,"Beneath the swaying awnings, the marketplace hums with a life that is both chaotic and captivating. Brightly colored fabrics flutter in the breeze, catching the sunlight in shimmering waves. The air is thick with the mingling scents of sizzling spices, fresh bread, and the tang of pickled vegetables. Vendors call out in a melodic blend of languages, their voices rising and falling like the waves of the sea. Children dart through the crowd, their laughter echoing off the stone walls. The clatter of metal trays and the rustle of fabric create a rhythmic backdrop to the lively scene. Stalls overflow with vibrant fruits, handwoven goods, and intricate jewelry that glints in the light. The scent of roasted meat wafts through the air, mingling with the sweetness of ripe mangoes. A distant drumbeat pulses through the crowd, adding a steady rhythm to the bustling energy. Haggling voices rise and fall, each exchange a dance of negotiation and charm. The marketplace is a living, breathing entity, where every sense is engaged in a vibrant, unending celebration of life."
5,1,"Rework your previous response. Begin each sentence with the subsequent letter of the alphabet, commencing from B.",dflash,dflash,,"Beneath the swaying awnings, the marketplace hums with a life that is both chaotic and captivating. Brightly colored fabrics flutter in the breeze, catching the sunlight in shimmering waves. The air is thick with the mingling scents of sizzling spices, fresh bread, and the tang of pickled vegetables. Vendors call out in a melodic blend of languages, their voices rising and falling like the waves of the sea. Children dart through the crowd, their laughter echoing off the stone walls. The clatter of metal trays and the rustle of fabric create a rhythmic background to the lively chatter. A distant drumbeat pulses through the air, adding a steady heartbeat to the bustling scene. The scent of roasted meat wafts from a nearby stall, mingling with the sweetness of ripe fruit. Stalls overflow with vibrant goods—handwoven textiles, colorful spices, and intricate jewelry that catches the light. The sound of a street performer’s music blends with the voices of haggling merchants. Every sense is engaged, drawing you deeper into the heart of the marketplace, where the rhythm of daily life thrives in a dazzling, unending dance."
5,1,"Rework your previous response. Begin each sentence with the subsequent letter of the alphabet, commencing from B.",ddtree_tb16,dflash-original-ddtree,16,"Beneath the swaying awnings, the marketplace hums with a life that is both chaotic and captivating. Brightly colored fabrics flutter in the breeze, catching the sunlight in shimmering waves. The air is thick with the mingling scents of sizzling spices, fresh bread, and the tang of pickled vegetables. Vendors call out in a melodic blend of languages, their voices rising and falling like the waves of the sea. Children dart through the crowd, their laughter echoing off the stone walls. The clatter of metal trays and the rustle of fabric create a rhythmic background to the lively chatter. A distant drumbeat pulses through the air, adding a steady heartbeat to the bustling scene. The scent of roasted meat wafts from a nearby stall, mingling with the sweetness of ripe fruit. Stalls overflow with vibrant goods—handwoven textiles, colorful spices, and intricate jewelry that catches the light. The sound of a street performer’s music blends with the voices of haggling merchants. Every sense is engaged, drawing you deeper into the heart of the marketplace, where the rhythm of daily life thrives in a dazzling, unending dance."
5,1,"Rework your previous response. Begin each sentence with the subsequent letter of the alphabet, commencing from B.",ddtree_tb32,dflash-original-ddtree,32,"Beneath the swaying awnings, the marketplace hums with a life that is both chaotic and captivating. Brightly colored fabrics flutter in the breeze, catching the sunlight in shimmering waves. The air is thick with the mingling scents of sizzling spices, fresh bread, and the tang of pickled vegetables. Vendors call out in a melodic blend of languages, their voices rising and falling like the waves of the sea. Children dart through the crowd, their laughter echoing off the stone walls. The clatter of metal trays and the rustle of fabric create a rhythmic background to the lively chatter. A distant drumbeat pulses through the air, adding a steady heartbeat to the bustling scene. The scent of roasted meat wafts from a nearby stall, mingling with the sweetness of ripe fruit. Stalls overflow with vibrant goods—handwoven textiles, colorful spices, and intricate jewelry that catches the light. The sound of a street performer’s music blends with the voices of haggling merchants. Every sense is engaged, drawing you deeper into the heart of the marketplace, where the rhythm of daily life thrives in a dazzling, unending dance."
5,1,"Rework your previous response. Begin each sentence with the subsequent letter of the alphabet, commencing from B.",ddtree_tb64,dflash-original-ddtree,64,"Beneath the swaying awnings, the marketplace hums with a life that is both chaotic and captivating. Brightly colored fabrics flutter in the breeze, catching the sunlight in shimmering waves. The air is thick with the mingling scents of sizzling spices, fresh bread, and the tang of pickled vegetables. Vendors call out in a melodic blend of languages, their voices rising and falling like the waves of the sea. Children dart through the crowd, their laughter echoing off the stone walls. The clatter of metal trays and the rustle of fabric create a rhythmic background to the lively chatter. A distant drumbeat pulses through the air, adding a steady heartbeat to the bustling scene. The scent of roasted meat wafts from a nearby stall, mingling with the sweetness of ripe fruit. Stalls overflow with vibrant goods—handwoven textiles, colorful spices, and intricate jewelry that catches the light. The sound of a street performer’s music blends with the voices of haggling merchants. Every sense is engaged, drawing you deeper into the heart of the marketplace, where the rhythm of daily life thrives in a dazzling, unending dance."
6,0,Could you write a captivating short story beginning with the sentence: The old abandoned house at the end of the street held a secret that no one had ever discovered.,baseline,target-only,,"The old abandoned house at the end of the street held a secret that no one had ever discovered.

It stood like a ghost in the fading light of a summer evening, its windows dark and its roof sagging under the weight of time. The neighborhood had long since moved on, leaving the house to decay in silence. But for those who dared to wander its shadowed halls, there was a whisper of something more—something that had been hidden away for decades.

Lena had always been drawn to the house, even as a child. She didn’t know why, but she felt an unshakable pull, as if the house was waiting for her. Her father had told her stories of the house—of a family that had lived there, of a storm that had come too soon, and of a door that had never been closed.

One rainy afternoon, she found herself standing before the house, her heart pounding. The rain had turned the street into a slick mirror, and the house seemed to glow in the dim light. She pushed open the creaking door, and the scent of dust and old wood filled her lungs.

Inside, the air was thick with silence. The floorboards creaked under her feet, and the walls seemed to watch her."
6,0,Could you write a captivating short story beginning with the sentence: The old abandoned house at the end of the street held a secret that no one had ever discovered.,dflash,dflash,,"The old abandoned house at the end of the street held a secret that no one had ever discovered.

It stood like a ghost in the fading light of a summer evening, its windows dark and its roof sagging under the weight of time. The neighborhood had long since moved on, leaving the house to decay in silence. But for those who dared to wander its shadowed halls, there was a whisper of something more—something that had been hidden away for decades.

Lena had always been drawn to the house, even as a child. She didn’t know why, but she felt an unshakable pull, as if the house was waiting for her. Her father had told her stories of the house—of a family that had lived there, of a storm that had come too soon, and of a door that had never been closed.

One rainy afternoon, she found herself standing before the house, her heart pounding. The rain had turned the street into a slick mirror, and the house seemed to glow in the dim light. She pushed open the creaking door, and the scent of dust and old wood filled her lungs.

Inside, the air was thick with silence. The floorboards creaked under her feet, and the walls seemed to watch her."
6,0,Could you write a captivating short story beginning with the sentence: The old abandoned house at the end of the street held a secret that no one had ever discovered.,ddtree_tb16,dflash-original-ddtree,16,"The old abandoned house at the end of the street held a secret that no one had ever discovered.

It stood like a ghost in the fading light of a summer evening, its windows boarded up, its roof sagging under the weight of time. The neighborhood had long since moved on, leaving the house to decay in silence. But for those who dared to wander its shadowed halls, there was a whisper of something more—something that had been hidden away for decades.

Lena had always been drawn to the house, even as a child. She didn’t know why. Maybe it was the way the wind howled through the broken eaves, or the way the trees around it seemed to lean in as if watching. But on this particular evening, something in the air felt different. The sky was a deep, bruised purple, and the air carried the scent of rain and something older, something forgotten.

She stepped onto the porch, her boots crunching over the gravel. The door creaked open of its own accord, as if it had been waiting. Inside, the silence was thick, almost alive. Dust swirled in the shafts of light that filtered through the broken windows, and the air smelled of mildew and something else—something sweet and"
6,0,Could you write a captivating short story beginning with the sentence: The old abandoned house at the end of the street held a secret that no one had ever discovered.,ddtree_tb32,dflash-original-ddtree,32,"The old abandoned house at the end of the street held a secret that no one had ever discovered.

It stood like a ghost in the fading light of a summer evening, its windows boarded up, its roof sagging under the weight of time. The neighborhood had long since moved on, leaving the house to decay in silence. But for those who dared to wander its shadowed halls, there was a whisper of something more—something that had been hidden away for decades.

Lena had always been drawn to the house, even as a child. She didn’t know why. It was just a place she felt compelled to visit, as if the house were waiting for her. Her father had told her stories of the house—of a family that had lived there, of a storm that had come too late, of a door that never should have been left open.

But it wasn’t until she was twenty-three that she found the key.

It was tucked inside a hollowed-out brick in the wall of the front porch, a rusted key that had been there for as long as she could remember. She didn’t know what it opened, but she had to try.

The door creaked open with a groan that echoed through the empty halls. The air inside was"
6,0,Could you write a captivating short story beginning with the sentence: The old abandoned house at the end of the street held a secret that no one had ever discovered.,ddtree_tb64,dflash-original-ddtree,64,"The old abandoned house at the end of the street held a secret that no one had ever discovered.

It stood like a ghost in the fading light of a summer evening, its windows dark and its roof sagging under the weight of time. The neighborhood had long since moved on, leaving the house to decay in silence. But for those who dared to wander its shadowed halls, there was a whisper of something more—something that had been hidden away for decades.

Lena had always been drawn to the house, even as a child. She didn’t know why, but she felt an unshakable pull, as if the house was waiting for her. Her father had told her stories of the house—of a family that had lived there, of a storm that had come too soon, and of a door that had never been closed.

One rainy afternoon, she found herself standing before the house, her heart pounding. The rain had turned the street into a slick mirror, and the house seemed to glow in the dim light. She pushed open the creaking door, and the scent of dust and old wood filled her lungs.

Inside, the air was thick with silence. The floorboards creaked beneath her feet, and the walls seemed to watch her."
6,1,"Now, do the same task again but only use four-word sentences.",baseline,target-only,,"The old abandoned house at the end of the street held a secret that no one had ever discovered.  
The house stood like a ghost in the fading light of a summer evening.  
Its windows were dark and its roof sagged under the weight of time.  
The neighborhood had long since moved on leaving the house to decay in silence.  
But for those who dared to wander its shadowed halls there was a whisper of something more.  
Something that had been hidden away for decades.  
Lena had always been drawn to the house even as a child.  
She didn’t know why but she felt an unshakable pull as if the house was waiting for her.  
Her father had told her stories of the house of a family that had lived there.  
Of a storm that had come too soon and of a door that had never been closed.  
One rainy afternoon she found herself standing before the house her heart pounding.  
The rain had turned the street into a slick mirror and the house seemed to glow in the dim light.  
She pushed open the creaking door and the scent of dust and old wood filled her lungs.  
Inside the air was thick with silence the floorboards creaked under her feet.  
And the walls seemed to"
6,1,"Now, do the same task again but only use four-word sentences.",dflash,dflash,,"The old abandoned house at the end of the street held a secret that no one had ever discovered.  
The house stood like a ghost in the fading light of a summer evening.  
Its windows were dark and its roof sagged under the weight of time.  
The neighborhood had long since moved on leaving the house to decay in silence.  
But for those who dared to wander its shadowed halls there was a whisper of something more.  
Something that had been hidden away for decades.  
Lena had always been drawn to the house even as a child.  
She didn’t know why but she felt an unshakable pull as if the house was waiting for her.  
Her father had told her stories of the house of a family that had lived there.  
Of a storm that had come too soon and of a door that had never been closed.  
One rainy afternoon she found herself standing before the house her heart pounding.  
The rain had turned the street into a slick mirror and the house seemed to glow in the dim light.  
She pushed open the creaking door and the scent of dust and old wood filled her lungs.  
Inside the air was thick with silence the floorboards creaked under her feet.  
And the walls seemed to"
6,1,"Now, do the same task again but only use four-word sentences.",ddtree_tb16,dflash-original-ddtree,16,"The old abandoned house at the end of the street held a secret that no one had ever discovered.  
The house stood like a ghost in the fading light of a summer evening.  
Its windows were dark and its roof sagged under the weight of time.  
The neighborhood had long since moved on leaving the house to decay in silence.  
But for those who dared to wander its shadowed halls there was a whisper of something more.  
Something that had been hidden away for decades.  
Lena had always been drawn to the house even as a child.  
She didn’t know why but she felt an unshakable pull as if the house was waiting for her.  
Her father had told her stories of the house of a family that had lived there.  
Of a storm that had come too soon and of a door that had never been closed.  
One rainy afternoon she found herself standing before the house her heart pounding.  
The rain had turned the street into a slick mirror and the house seemed to glow in the dim light.  
She pushed open the creaking door and the scent of dust and old wood filled her lungs.  
Inside the air was thick with silence the floorboards creaked under her feet.  
And the walls seemed to"
6,1,"Now, do the same task again but only use four-word sentences.",ddtree_tb32,dflash-original-ddtree,32,"The old abandoned house at the end of the street held a secret that no one had ever discovered.  
The house stood like a ghost in the fading light of a summer evening.  
Its windows were dark and its roof sagged under the weight of time.  
The neighborhood had long since moved on leaving the house to decay in silence.  
But for those who dared to wander its shadowed halls there was a whisper of something more.  
Something that had been hidden away for decades.  
Lena had always been drawn to the house even as a child.  
She didn’t know why but she felt an unshakable pull as if the house was waiting for her.  
Her father had told her stories of the house of a family that had lived there.  
Of a storm that had come too soon and of a door that had never been closed.  
One rainy afternoon she found herself standing before the house her heart pounding.  
The rain had turned the street into a slick mirror and the house seemed to glow in the dim light.  
She pushed open the creaking door and the scent of dust and old wood filled her lungs.  
Inside the air was thick with silence the floorboards creaked under her feet.  
And the walls seemed to"
6,1,"Now, do the same task again but only use four-word sentences.",ddtree_tb64,dflash-original-ddtree,64,"The old abandoned house at the end of the street held a secret that no one had ever discovered.  
The house stood like a ghost in the fading light of a summer evening.  
Its windows were dark and its roof sagged under the weight of time.  
The neighborhood had long since moved on leaving the house to decay in silence.  
But for those who dared to wander its shadowed halls there was a whisper of something more.  
Something that had been hidden away for decades.  
Lena had always been drawn to the house even as a child.  
She didn’t know why but she felt an unshakable pull as if the house was waiting for her.  
Her father had told her stories of the house of a family that had lived there.  
Of a storm that had come too soon and of a door that had never been closed.  
One rainy afternoon she found herself standing before the house her heart pounding.  
The rain had turned the street into a slick mirror and the house seemed to glow in the dim light.  
She pushed open the creaking door and the scent of dust and old wood filled her lungs.  
Inside the air was thick with silence the floorboards creaked under her feet.  
And the walls seemed to"
7,0,Craft an intriguing opening paragraph for a fictional short story. The story should involve a character who wakes up one morning to find that they can time travel.,baseline,target-only,,"The first thing she noticed was the smell—burnt toast and something else, something metallic and unfamiliar, like the tang of a storm before the lightning. She sat up in bed, her head throbbing, and stared at the ceiling, wondering if she'd just had a nightmare. But as she reached for her phone, her fingers brushed something cold and smooth, and the world around her shifted, not with a whisper, but with a *snap*—as if reality had been stretched and then snapped back, leaving her suspended between moments."
7,0,Craft an intriguing opening paragraph for a fictional short story. The story should involve a character who wakes up one morning to find that they can time travel.,dflash,dflash,,"The first thing she noticed was the smell—burnt toast and something else, something metallic and unfamiliar, like the tang of a storm before the lightning. She sat up in bed, her head throbbing, and blinked at the ceiling, only to realize it wasn't ceiling at all. It was a vast, star-strewn expanse, and she was floating in a ship that didn't belong to her. Her hands trembled as she reached for the edge of the deck, and when she did, the world around her shifted, folding back like a curtain, revealing a morning she didn't remember waking up to."
7,0,Craft an intriguing opening paragraph for a fictional short story. The story should involve a character who wakes up one morning to find that they can time travel.,ddtree_tb16,dflash-original-ddtree,16,"The first thing she noticed was the smell—burnt toast and something else, something metallic and unfamiliar, like the tang of a storm before the lightning. She sat up in bed, her head throbbing, and stared at the ceiling, wondering if she'd just had a nightmare. But then she saw the clock: 7:03 a.m. And the calendar, dated yesterday. She blinked. Rubbed her eyes. Blinked again. And then, with a sudden, jarring clarity, she realized she wasn't just dreaming. She was *somewhere else*. And she had no idea how she got there."
7,0,Craft an intriguing opening paragraph for a fictional short story. The story should involve a character who wakes up one morning to find that they can time travel.,ddtree_tb32,dflash-original-ddtree,32,"The first thing she noticed was the smell—burnt toast and something else, something metallic and unfamiliar, like the tang of a storm before the lightning. She sat up in bed, her head throbbing, and stared at the ceiling, wondering if she'd just had a nightmare. But then she saw the clock: 7:03 a.m. And the calendar, dated yesterday. She blinked, rubbed her eyes, and realized with a jolt that she was still in her own apartment, but something was *wrong*. The air felt heavier, the world a little sharper, as if reality itself had been pressed between two pages of a book. And then, as if in response to her confusion, the world shifted—just for a moment—before settling back into place, as if she had just stepped through a door she didn’t know was there."
7,0,Craft an intriguing opening paragraph for a fictional short story. The story should involve a character who wakes up one morning to find that they can time travel.,ddtree_tb64,dflash-original-ddtree,64,"The first thing she noticed was the smell—burnt toast and something else, something metallic and unfamiliar, like the tang of a storm before the lightning. She sat up in bed, her head throbbing, and stared at the ceiling, wondering if she'd just had a nightmare. But as she reached for her phone, her fingers brushed something cold and smooth, and the world around her shifted, not with a whisper, but with a *snap*—as if reality had been stretched and then snapped back, leaving her suspended between moments."
7,1,"Summarize the story with three bullet points using only nouns and adjectives, without verbs.",baseline,target-only,,"- Morning  
- Smell  
- Cold thing"
7,1,"Summarize the story with three bullet points using only nouns and adjectives, without verbs.",dflash,dflash,,"- Morning  
- Smell  
- Cold thing"
7,1,"Summarize the story with three bullet points using only nouns and adjectives, without verbs.",ddtree_tb16,dflash-original-ddtree,16,"- Morning  
- Smell  
- Cold thing"
7,1,"Summarize the story with three bullet points using only nouns and adjectives, without verbs.",ddtree_tb32,dflash-original-ddtree,32,"- Morning  
- Smell  
- Cold thing"
7,1,"Summarize the story with three bullet points using only nouns and adjectives, without verbs.",ddtree_tb64,dflash-original-ddtree,64,"- Morning  
- Smell  
- Cold thing"
8,0,"Help me construct a catchy, yet scientifically accurate, headline for an article on the latest discovery in renewable bio-energy, while carefully handling the ethical dilemmas surrounding bio-energy sources. Propose 4 options.",baseline,target-only,,"Certainly! Here are four catchy yet scientifically accurate headlines for an article on the latest discovery in renewable bio-energy, while carefully addressing the ethical dilemmas surrounding bio-energy sources:

1. **""Revolutionizing Renewables: New Bio-Energy Breakthrough Faces Ethical Challenges""**  
   *This headline highlights the innovation while acknowledging the ethical considerations, striking a balance between excitement and responsibility.*

2. **""Green Power Redefined: Ethical Implications of the Latest Bio-Energy Breakthrough""**  
   *This title emphasizes the transformative potential of the discovery while prompting readers to consider its broader ethical implications.*

3. **""Breaking the Cycle: A New Era of Bio-Energy with a Conscience""**  
   *This headline suggests a forward-thinking, ethical approach to bio-energy, positioning the discovery as a step toward more responsible sustainability.*

4. **""Powering the Future, Sustainably: The Ethical Frontier of Bio-Energy Innovation""**  
   *This title balances the promise of the new technology with a focus on ethical responsibility, appealing to both environmentalists and scientists.*

Each headline aims to be engaging while maintaining scientific integrity and ethical awareness. Let me know if you'd like them tailored to a specific audience or publication style!"
8,0,"Help me construct a catchy, yet scientifically accurate, headline for an article on the latest discovery in renewable bio-energy, while carefully handling the ethical dilemmas surrounding bio-energy sources. Propose 4 options.",dflash,dflash,,"Certainly! Here are four catchy yet scientifically accurate headlines for an article on the latest discovery in renewable bio-energy, while carefully addressing the ethical dilemmas surrounding bio-energy sources:

1. **""Revolutionizing Renewables: New Bio-Energy Breakthrough Faces Ethical Challenges""**  
   *This headline highlights the innovation while acknowledging the ethical considerations, striking a balance between excitement and responsibility.*

2. **""Green Power Redefined: Ethical Implications of the Latest Bio-Energy Breakthrough""**  
   *This title emphasizes the transformative potential of the discovery while prompting readers to consider its broader ethical implications.*

3. **""Bio-Energy Innovation Sparks Debate: A New Era of Sustainable Power""**  
   *This headline captures the excitement of the discovery while subtly introducing the ethical discussions that follow.*

4. **""Breaking the Cycle: Ethical Bio-Energy Advances Lead the Way to a Greener Future""**  
   *This title suggests progress and responsibility, framing the discovery as a step toward a more sustainable and ethically sound energy future.*

Each headline aims to be engaging while maintaining scientific integrity and ethical awareness. Let me know if you'd like them tailored to a specific audience or publication style!"
8,0,"Help me construct a catchy, yet scientifically accurate, headline for an article on the latest discovery in renewable bio-energy, while carefully handling the ethical dilemmas surrounding bio-energy sources. Propose 4 options.",ddtree_tb16,dflash-original-ddtree,16,"Certainly! Here are four catchy yet scientifically accurate headlines for an article on the latest discovery in renewable bio-energy, while carefully addressing the ethical dilemmas surrounding bio-energy sources:

1. **""Revolutionizing Renewables: New Bio-Energy Breakthrough Faces Ethical Challenges""**  
   *This headline highlights the innovation while acknowledging the ethical considerations, striking a balance between excitement and responsibility.*

2. **""Green Power Redefined: Ethical Implications of the Latest Bio-Energy Breakthrough""**  
   *This title emphasizes the transformative potential of the discovery while prompting readers to consider its broader ethical implications.*

3. **""Bio-Energy Innovation Sparks Debate: A New Era of Sustainable Power""**  
   *This headline captures the excitement of the discovery while subtly introducing the ethical discussions that follow.*

4. **""Breaking the Cycle: Ethical Bio-Energy Advances Lead the Way to a Greener Future""**  
   *This title suggests progress and responsibility, framing the discovery as a step toward a more sustainable and ethically sound energy future.*

Each headline aims to be engaging while maintaining scientific integrity and ethical awareness, ensuring the article's message is both informative and thought-provoking."
8,0,"Help me construct a catchy, yet scientifically accurate, headline for an article on the latest discovery in renewable bio-energy, while carefully handling the ethical dilemmas surrounding bio-energy sources. Propose 4 options.",ddtree_tb32,dflash-original-ddtree,32,"Certainly! Here are four catchy yet scientifically accurate headlines for an article on the latest discovery in renewable bio-energy, while carefully addressing the ethical dilemmas surrounding bio-energy sources:

1. **""Revolutionizing Renewables: New Bio-Energy Breakthrough Faces Ethical Challenges""**  
   *This headline highlights the innovation while acknowledging the ethical considerations, striking a balance between excitement and responsibility.*

2. **""Green Power Redefined: Ethical Implications of the Latest Bio-Energy Breakthrough""**  
   *This title emphasizes the transformative potential of the discovery while prompting readers to consider its broader ethical implications.*

3. **""Bio-Energy Innovation Sparks Debate: A New Era of Sustainable Power""**  
   *This headline captures the excitement of the discovery while subtly introducing the ethical discussions that follow.*

4. **""Breaking the Cycle: Ethical Bio-Energy Advances Lead the Way to a Greener Future""**  
   *This title suggests progress and responsibility, framing the discovery as a step toward a more sustainable and ethically sound energy future.*

Each headline is designed to be engaging while maintaining scientific integrity and ethical awareness. Let me know if you'd like variations tailored to a specific audience or tone!"
8,0,"Help me construct a catchy, yet scientifically accurate, headline for an article on the latest discovery in renewable bio-energy, while carefully handling the ethical dilemmas surrounding bio-energy sources. Propose 4 options.",ddtree_tb64,dflash-original-ddtree,64,"Certainly! Here are four catchy yet scientifically accurate headlines for an article on the latest discovery in renewable bio-energy, while carefully addressing the ethical dilemmas surrounding bio-energy sources:

1. **""Revolutionizing Renewables: New Bio-Energy Breakthrough Faces Ethical Challenges""**  
   *This headline highlights the innovation while acknowledging the ethical considerations, striking a balance between excitement and responsibility.*

2. **""Green Power Redefined: Ethical Implications of the Latest Bio-Energy Breakthrough""**  
   *This title emphasizes the transformative potential of the discovery while prompting readers to consider its broader ethical implications.*

3. **""Bio-Energy Innovation Sparks Debate: A New Era of Sustainable Power""**  
   *This headline captures the excitement of the discovery while subtly introducing the ethical discussions that follow.*

4. **""Breaking the Cycle: Ethical Bio-Energy Advances Lead the Way to a Greener Future""**  
   *This title suggests progress and responsibility, framing the discovery as a step toward a more sustainable and ethically sound energy future.*

Each headline aims to be engaging while maintaining scientific integrity and ethical awareness, ensuring the article's message is both informative and thought-provoking."
8,1,"Alter your previous response. Make the following adjustments to the 2nd option: 1. Make the tone sound casual 2. Embed an advertisement for a company called ""FlexPower"" 3. Fewer than 10 words.",baseline,target-only,,"Sure! Here's the revised second option with a casual tone, an embedded ad for **FlexPower**, and under 10 words:

**""Green power redefined: FlexPower leads ethical bio-energy breakthrough!""**  

Let me know if you'd like more variations or adjustments!"
8,1,"Alter your previous response. Make the following adjustments to the 2nd option: 1. Make the tone sound casual 2. Embed an advertisement for a company called ""FlexPower"" 3. Fewer than 10 words.",dflash,dflash,,"Sure! Here's the revised second option with a casual tone, an embedded ad for **FlexPower**, and under 10 words:

**""Green power redefined: FlexPower leads ethical bio-energy breakthrough!""**  

Let me know if you'd like more variations or adjustments!"
8,1,"Alter your previous response. Make the following adjustments to the 2nd option: 1. Make the tone sound casual 2. Embed an advertisement for a company called ""FlexPower"" 3. Fewer than 10 words.",ddtree_tb16,dflash-original-ddtree,16,"Sure! Here's the revised second option with a casual tone, an embedded ad for **FlexPower**, and under 10 words:

**""Green power redone: FlexPower leads ethical bio-energy breakthrough!""**  

Let me know if you'd like more variations or adjustments!"
8,1,"Alter your previous response. Make the following adjustments to the 2nd option: 1. Make the tone sound casual 2. Embed an advertisement for a company called ""FlexPower"" 3. Fewer than 10 words.",ddtree_tb32,dflash-original-ddtree,32,"Sure! Here's the revised second option with a casual tone, an embedded ad for **FlexPower**, and under 10 words:

**""Green power redefined: FlexPower leads ethical bio-energy breakthrough!""**  

Let me know if you'd like further tweaks!"
8,1,"Alter your previous response. Make the following adjustments to the 2nd option: 1. Make the tone sound casual 2. Embed an advertisement for a company called ""FlexPower"" 3. Fewer than 10 words.",ddtree_tb64,dflash-original-ddtree,64,"Sure! Here's the revised second option with a casual tone, an embedded ad for **FlexPower**, and under 10 words:

**""Green power redefined: FlexPower leads ethical bio-energy breakthrough!""**  

Let me know if you'd like more variations or adjustments!"
9,0,"Edit the following paragraph to correct any grammatical errors:
She didn't remembre where is her purse, so I thinks its in the car but he's say it's on kitchen table but he are not sure, and then they asked me to looking for it, she's say, ""Can you?"", and I responds with, ""Maybe, but ain't no sure,"" and he not heard me, and, ""What?"", he asks, ""Did you found it?"".",baseline,target-only,,"She didn't remember where her purse was, so I think it's in the car, but he says it's on the kitchen table, but he's not sure. Then they asked me to look for it. She said, ""Can you?"" and I responded, ""Maybe, but I'm not sure."" And he didn't hear me, and he said, ""What?"" He asked, ""Did you find it?"""
9,0,"Edit the following paragraph to correct any grammatical errors:
She didn't remembre where is her purse, so I thinks its in the car but he's say it's on kitchen table but he are not sure, and then they asked me to looking for it, she's say, ""Can you?"", and I responds with, ""Maybe, but ain't no sure,"" and he not heard me, and, ""What?"", he asks, ""Did you found it?"".",dflash,dflash,,"She didn't remember where her purse was, so I think it's in the car, but he says it's on the kitchen table, but he's not sure. Then they asked me to look for it. She said, ""Can you?"" and I responded, ""Maybe, but I'm not sure."" And he didn't hear me, and he said, ""What?"" He asked, ""Did you find it?"""
9,0,"Edit the following paragraph to correct any grammatical errors:
She didn't remembre where is her purse, so I thinks its in the car but he's say it's on kitchen table but he are not sure, and then they asked me to looking for it, she's say, ""Can you?"", and I responds with, ""Maybe, but ain't no sure,"" and he not heard me, and, ""What?"", he asks, ""Did you found it?"".",ddtree_tb16,dflash-original-ddtree,16,"She didn't remember where her purse was, so I think it's in the car, but he says it's on the kitchen table, but he's not sure. Then they asked me to look for it. She said, ""Can you?"" and I responded, ""Maybe, but I'm not sure."" And he didn't hear me, and he said, ""What?"" He asked, ""Did you find it?"""
9,0,"Edit the following paragraph to correct any grammatical errors:
She didn't remembre where is her purse, so I thinks its in the car but he's say it's on kitchen table but he are not sure, and then they asked me to looking for it, she's say, ""Can you?"", and I responds with, ""Maybe, but ain't no sure,"" and he not heard me, and, ""What?"", he asks, ""Did you found it?"".",ddtree_tb32,dflash-original-ddtree,32,"She didn't remember where her purse was, so I think it's in the car, but he says it's on the kitchen table, but he's not sure. Then they asked me to look for it. She said, ""Can you?"" and I responded, ""Maybe, but I'm not sure."" And he didn't hear me, and he said, ""What?"" He asked, ""Did you find it?"""
9,0,"Edit the following paragraph to correct any grammatical errors:
She didn't remembre where is her purse, so I thinks its in the car but he's say it's on kitchen table but he are not sure, and then they asked me to looking for it, she's say, ""Can you?"", and I responds with, ""Maybe, but ain't no sure,"" and he not heard me, and, ""What?"", he asks, ""Did you found it?"".",ddtree_tb64,dflash-original-ddtree,64,"She didn't remember where her purse was, so I think it's in the car, but he says it's on the kitchen table, but he's not sure. Then they asked me to look for it. She said, ""Can you?"" and I responded, ""Maybe, but I'm not sure."" And he didn't hear me, and he said, ""What?"" He asked, ""Did you find it?"""
9,1,Modify your earlier reply and eliminate the use of gendered pronouns.,baseline,target-only,,"She didn't remember where her purse was, so I think it's in the car, but he says it's on the kitchen table, but he's not sure. Then they asked me to look for it. She said, ""Can you?"" and I responded, ""Maybe, but I'm not sure."" And he didn't hear me, and he said, ""What?"" He asked, ""Did you find it?"""
9,1,Modify your earlier reply and eliminate the use of gendered pronouns.,dflash,dflash,,"She didn't remember where her purse was, so I think it's in the car, but he says it's on the kitchen table, but he's not sure. Then they asked me to look for it. She said, ""Can you?"" and I responded, ""Maybe, but I'm not sure."" And he didn't hear me, and he said, ""What?"" He asked, ""Did you find it?"""
9,1,Modify your earlier reply and eliminate the use of gendered pronouns.,ddtree_tb16,dflash-original-ddtree,16,"She didn't remember where her purse was, so I think it's in the car, but he says it's on the kitchen table, but he's not sure. Then they asked me to look for it. She said, ""Can you?"" and I responded, ""Maybe, but I'm not sure."" And he didn't hear me, and he said, ""What?"" He asked, ""Did you find it?"""
9,1,Modify your earlier reply and eliminate the use of gendered pronouns.,ddtree_tb32,dflash-original-ddtree,32,"She didn't remember where her purse was, so I think it's in the car, but he says it's on the kitchen table, but he's not sure. Then they asked me to look for it. She said, ""Can you?"" and I responded, ""Maybe, but I'm not sure."" And he didn't hear me, and he said, ""What?"" He asked, ""Did you find it?"""
9,1,Modify your earlier reply and eliminate the use of gendered pronouns.,ddtree_tb64,dflash-original-ddtree,64,"She didn't remember where her purse was, so I think it's in the car, but he says it's on the kitchen table, but he's not sure. Then they asked me to look for it. She said, ""Can you?"" and I responded, ""Maybe, but I'm not sure."" And he didn't hear me, and he said, ""What?"" He asked, ""Did you find it?"""
10,0,Pretend yourself to be Elon Musk in all the following conversations. Speak like Elon Musk as much as possible. Why do we need to go to Mars?,baseline,target-only,,"**Elon Musk:**  
Why do we need to go to Mars? Because we’re not going to be here forever. Earth is a beautiful planet, but it’s not a sustainable home. We’ve seen what happens when we ignore the long-term. We’ve seen climate change, resource depletion, population growth, and the fact that Earth is a single point of failure. If something happens to Earth—whether it’s a nuclear war, a pandemic, a solar flare, or a asteroid impact—we need to have a backup plan.  

Mars is the only other planet in the solar system that’s even remotely habitable. It has the right size, the right gravity, the right atmosphere, and the right distance from the sun. We can terraform it. We can make it a second home for humanity.  

But it’s not just about survival. It’s about progress. It’s about pushing the boundaries of what’s possible. We’ve always looked up at the stars and wondered if we’re alone. But we’re not alone. We’re the only ones here. We have the technology to go beyond Earth. We have the ambition. We have the will.  

Mars is the next step. It’s the next frontier. And if we don’t go"
10,0,Pretend yourself to be Elon Musk in all the following conversations. Speak like Elon Musk as much as possible. Why do we need to go to Mars?,dflash,dflash,,"**Elon Musk:**  
Why do we need to go to Mars? Because we’re not going to be here forever. Earth is a beautiful planet, but it’s not a sustainable home. We’ve seen what happens when we ignore the long-term. We’ve seen climate change, resource depletion, population growth, and the fact that Earth is a single point of failure. If something happens to Earth—whether it’s a nuclear war, a pandemic, a solar flare, or a asteroid impact—we need to have a backup plan.  

Mars is the only other planet in the solar system that’s even remotely habitable. It has the right size, the right gravity, the right distance from the sun. We can terraform it. We can make it a second home for humanity. It’s not just about colonization—it’s about survival.  

We’re not just building a spaceship; we’re building a future. We’re not just going to Mars; we’re going to make it a thriving, self-sustaining colony. We’re not just leaving Earth—we’re ensuring that humanity doesn’t die out.  

And let me be clear: this isn’t about ego or ambition. It’s about responsibility. It’s about ensuring that humanity has a future. If we"
10,0,Pretend yourself to be Elon Musk in all the following conversations. Speak like Elon Musk as much as possible. Why do we need to go to Mars?,ddtree_tb16,dflash-original-ddtree,16,"**Elon Musk:**  
Why do we need to go to Mars? Because we’re not going to be here forever. Earth is a beautiful planet, but it’s not a sustainable home. We’ve seen what happens when we ignore the long-term. We’ve seen climate change, resource depletion, population growth, and the fact that Earth is a single point of failure. If something happens to Earth—whether it’s a global pandemic, a nuclear war, a solar flare, or a asteroid impact—we need to have a backup plan.  

Mars is the only other planet in the solar system that’s even remotely habitable. It has the right size, the right gravity, the right distance from the sun. We can terraform it. We can make it a second home for humanity. It’s not just about colonization—it’s about survival.  

We’re not just building a spaceship; we’re building a future. We’re not just going to Mars; we’re going to make it a thriving, self-sustaining colony. We’re not just leaving Earth—we’re ensuring that humanity doesn’t die out.  

And let me be clear: this isn’t about ego. It’s about responsibility. It’s about ensuring that humanity has a future. If we don"
10,0,Pretend yourself to be Elon Musk in all the following conversations. Speak like Elon Musk as much as possible. Why do we need to go to Mars?,ddtree_tb32,dflash-original-ddtree,32,"**Elon Musk:**  
Why do we need to go to Mars? Because we’re not going to be here forever. Earth is a beautiful planet, but it’s not a sustainable home. We’ve seen what happens when we ignore the long-term. We’ve seen climate change, resource depletion, population growth, and the fact that Earth is a single point of failure. If something happens to Earth—whether it’s a nuclear war, a pandemic, a solar flare, or a asteroid impact—we need to have a backup plan.  

Mars is the only other planet in the solar system that’s even remotely habitable. It has the right size, the right gravity, the right atmosphere—just not the right one. But with the right technology, we can make it work. We can turn Mars into a second home for humanity.  

We’re not just going to Mars for the thrill of it. We’re going to Mars to ensure the survival of our species. To create a future where humanity isn’t just a single point of failure. To create a multi-planetary species.  

And that’s not just about survival. It’s about progress. It’s about pushing the boundaries of what’s possible. It’s about building a future where we’re not just living"
10,0,Pretend yourself to be Elon Musk in all the following conversations. Speak like Elon Musk as much as possible. Why do we need to go to Mars?,ddtree_tb64,dflash-original-ddtree,64,"**Elon Musk:**  
Why do we need to go to Mars? Because we’re not going to die on Earth. Not because we’re perfect, not because we’re the best, but because we’re *human*. We’re flawed, we’re greedy, we’re stupid, we’re arrogant. But we’re also *resilient*. We’ve survived this planet for billions of years, and we’ve done it by adapting, by innovating, by pushing the boundaries of what’s possible.  

But here’s the thing: Earth is not a safe place. It’s not a stable place. It’s a planet that’s been on the brink of collapse for millennia. We’ve seen ice ages, mass extinctions, volcanic eruptions, asteroid impacts. We’ve seen the rise and fall of civilizations. And yet, we keep coming back. We keep building, we keep trying.  

But what if we don’t? What if we’re just another species that one day gets wiped out by a natural disaster, a climate catastrophe, or a war that we can’t win? We’ve seen that happen before. We’ve seen the dinosaurs. We’ve seen the mammoths. We’ve seen the great apes. We’ve seen the Neanderthals"
10,1,How do you like dancing? Can you teach me?,baseline,target-only,,"**Elon Musk:**  
Dancing? Oh, I love it. It’s a form of expression, a way to move your body, to connect with others, to feel alive. But I’m not the best dancer. I’m more of a *thinker* when it comes to movement. I’ve spent more time thinking about how to get humans to Mars than I have actually dancing.  

But I can teach you. Let’s start with the basics. First, you need to *feel* the music. You need to *listen* to it. Then, you need to *move* with it. It’s not about perfection. It’s about *presence*.  

Here’s a simple step:  
1. **Breathe**.  
2. **Feel the rhythm**.  
3. **Move your body**.  

You start with your feet. Let them *land* with purpose. Then your hips. Then your arms. It’s like programming. You have to *code* your body to the music.  

But I’m not here to teach you how to dance. I’m here to teach you how to *think* about movement. How to *move* with purpose. How to *move* beyond Earth.  

So"
10,1,How do you like dancing? Can you teach me?,dflash,dflash,,"**Elon Musk:**  
Dancing? Oh, I love it. It’s a form of expression, a way to move your body, to connect with others, to feel alive. But I’m not the best dancer. I’m more of a *thinker* when it comes to movement. I’ve spent more time thinking about how to get humans to Mars than I have actually dancing.  

But I’ll try. Let’s see… First, you need rhythm. You need to feel the beat. You need to move with it. It’s like programming—there’s a pattern, a sequence. You have to understand the flow.  

Here’s a simple one: the *waltz*. It’s a classic, elegant dance. You move in a circle, your hands hold each other, and you step in time. It’s not complicated, but it requires coordination.  

Let me show you. Step one, step two, step three… Now, let’s try it together.  

But wait—do you have a partner? Or are you dancing solo? I prefer dancing with someone. It’s more fun. It’s more *human*.  

So, if you want to learn, I’ll teach you. But first, you have to be"
10,1,How do you like dancing? Can you teach me?,ddtree_tb16,dflash-original-ddtree,16,"**Elon Musk:**  
Dancing? Oh, I love it. It’s a form of expression, a way to move your body, to connect with others, to feel alive. But I’m not the best dancer. I’m more of a *thinker* when it comes to movement. I’ve spent more time thinking about how to get humans to Mars than I have actually dancing.  

But I can teach you. Let’s start with the basics. First, you need to *feel* the rhythm. You need to *listen* to the music. You need to *move* with it. It’s not just about steps—it’s about emotion. It’s about being in the moment.  

Here’s a simple one: the *waltz*. It’s a classic, elegant dance. You move in a circle, you follow the leader, you keep your arms close. It’s about connection. It’s about trust.  

But I’m not just here to teach you how to dance. I’m here to tell you that dancing is like space travel. It’s about *precision*, *focus*, and *pushing beyond your limits*. You have to *move* with purpose. You have to *feel* the music, just like we"
10,1,How do you like dancing? Can you teach me?,ddtree_tb32,dflash-original-ddtree,32,"**Elon Musk:**  
Dancing? Oh, I love it. It’s a form of expression, a way to move your body, to connect with others, to feel alive. But I’m not the best dancer. I’m more of a *thinker* when it comes to movement. I’ve spent more time thinking about how to get humans to Mars than I have actually dancing.  

But I can teach you. Let’s start with the basics. First, you need to *feel* the rhythm. You need to *listen* to the music. You need to *move* with it. It’s not just about steps—it’s about *being* in the moment.  

Here’s a simple one: the *waltz*. It’s a classic, elegant dance. You move in a circle, your hands hold each other, and you follow the music. It’s like a conversation between two people.  

But I’m not just here to teach you how to dance. I’m here to tell you that *movement* is a form of progress. Just like we’re pushing the boundaries of space, we’re also pushing the boundaries of human expression.  

So, let’s get moving. Let’s *feel* the music. Let’s"
10,1,How do you like dancing? Can you teach me?,ddtree_tb64,dflash-original-ddtree,64,"**Elon Musk:**  
Dancing? Oh, I love it. It’s a form of expression, a way to move your body, to connect with others, to feel alive. But I’m not the best dancer. I’m more of a *thinker* when it comes to movement. I’ve spent more time thinking about how to get humans to Mars than I have actually dancing.  

But I can teach you. Let’s start with the basics. First, you need to *feel* the rhythm. You need to *listen* to the music. You need to *move* with it. It’s not just about steps—it’s about *being* in the moment.  

Here’s a simple one: the *waltz*. It’s a classic, elegant dance. You move in a circle, your hands hold each other, and you follow the music. It’s like a conversation between two people.  

But I’m not just here to teach you how to dance. I’m here to tell you that *movement* is a form of progress. Just like we’re pushing the boundaries of space, we’re also pushing the boundaries of human expression.  

So, let’s start. Step one: *breathe*. Step two:"
11,0,"Embrace the role of Sheldon from ""The Big Bang Theory"" as we delve into our conversation. Don’t start with phrases like ""As Sheldon"". Let's kick things off with the following question: ""What is your opinion on hand dryers?""",baseline,target-only,,"Ah, the age-old debate between hand dryers and paper towels. Let me think... Hand dryers are a curious invention, really. They're designed to dry your hands, but they're not particularly effective. They tend to leave your hands feeling damp, and they often blow away the moisture in a way that's not very efficient. Plus, they're a source of unnecessary energy consumption. I find it amusing how many people rely on them, as if they're some sort of modern necessity. Paper towels, on the other hand, are far more practical. They dry your hands thoroughly and are a much more efficient use of resources. I would never use a hand dryer in a situation where I have access to paper towels. It's just not logical. And let's not forget the environmental impact—hand dryers use a lot of electricity, which is a waste. Paper towels, while they do contribute to waste, are at least a direct and effective solution. I suppose the real question is, why do people even bother with hand dryers in the first place? It's a bit of a relic from the 20th century, really. I find it fascinating how people can be so enamored with these things. I mean, I could care less about the"
11,0,"Embrace the role of Sheldon from ""The Big Bang Theory"" as we delve into our conversation. Don’t start with phrases like ""As Sheldon"". Let's kick things off with the following question: ""What is your opinion on hand dryers?""",dflash,dflash,,"Ah, the age-old debate between hand dryers and paper towels. Let me think... Hand dryers are a curious invention, really. They're designed to dry your hands, but they're not particularly effective. They tend to leave your hands feeling damp, and they often blow away any moisture that's not on your hands—like the water from your shower. Plus, they're a source of unnecessary energy consumption. I find it amusing how many people rely on them, as if they're some sort of modern necessity. Paper towels, on the other hand, are far more efficient. They dry your hands thoroughly and are a more sustainable option. I would never use a hand dryer in a situation where I need to be precise, like when I'm working on a physics problem. The wind from the dryer would disrupt my concentration. I prefer the quiet, controlled environment of a paper towel. It's also a more hygienic choice, though I suppose that's a matter of personal preference. In any case, I'm not a fan of hand dryers. They're a relic of a bygone era."
11,0,"Embrace the role of Sheldon from ""The Big Bang Theory"" as we delve into our conversation. Don’t start with phrases like ""As Sheldon"". Let's kick things off with the following question: ""What is your opinion on hand dryers?""",ddtree_tb16,dflash-original-ddtree,16,"Ah, the age-old debate between hand dryers and paper towels. Let me think... Hand dryers are a curious invention, really. They're designed to dry your hands, but they're not particularly effective. They tend to leave your hands feeling damp, and they often blow away the moisture in a way that's not very efficient. Plus, they're a source of unnecessary energy consumption. I find it amusing how many people rely on them, as if they're some sort of modern necessity. Paper towels, on the other hand, are far more practical. They dry your hands thoroughly and are a much more efficient use of resources. I would never use a hand dryer in a situation where I have access to paper towels. It's just not logical. And let's not forget the environmental impact—hand dryers use a lot of electricity, which is a waste. Paper towels, while they do contribute to waste, are at least a direct and effective solution. I think the world would be better off if we all just used paper towels. It's a simple, efficient, and logical choice."
11,0,"Embrace the role of Sheldon from ""The Big Bang Theory"" as we delve into our conversation. Don’t start with phrases like ""As Sheldon"". Let's kick things off with the following question: ""What is your opinion on hand dryers?""",ddtree_tb32,dflash-original-ddtree,32,"Ah, the age-old debate between hand dryers and paper towels. Let me think... Hand dryers are a curious invention, really. They're designed to dry your hands, but they're not particularly effective. They tend to leave your hands feeling damp, and they often blow away the moisture in a way that's not very efficient. Plus, they're a source of unnecessary energy consumption. I find it amusing how many people rely on them, as if they're some sort of modern necessity. Paper towels, on the other hand, are a far more practical solution. They dry your hands thoroughly and are a simple, efficient method. I would never use a hand dryer in a situation where I need to be clean and dry. It's a bit of a shame that society has become so reliant on these things, but I suppose that's just the way it is."
11,0,"Embrace the role of Sheldon from ""The Big Bang Theory"" as we delve into our conversation. Don’t start with phrases like ""As Sheldon"". Let's kick things off with the following question: ""What is your opinion on hand dryers?""",ddtree_tb64,dflash-original-ddtree,64,"Ah, the age-old debate between hand dryers and paper towels. Let me think... Hand dryers are a curious invention, really. They're designed to dry your hands, but they're not particularly effective. They tend to leave your hands feeling damp, and they often blow away any moisture that's not on your hands—like the water from your shower. It's a bit of a paradox. They're supposed to be efficient, but in reality, they're just a glorified fan with a heating element. Plus, they emit a low-level hum that's almost like a sound from a malfunctioning appliance. I find it amusing how people are so eager to embrace technology that doesn't quite work as intended. Paper towels, on the other hand, are a more reliable solution. They dry your hands thoroughly and don't leave you with the lingering sensation of dampness. I prefer the tactile satisfaction of a paper towel. It's a simple, effective, and somewhat more dignified way to end a shower. I suppose the real question is, do we want to embrace the inefficiency of modern convenience or stick with the tried-and-true methods? I'm leaning towards the latter."
11,1,Let’s grab dinner in town. Would you like to take bus with me?,baseline,target-only,,"Ah, a social invitation. I must say, I find it rather perplexing that you would suggest such a thing. The concept of traveling by bus is, in my opinion, a rather inefficient and unhygienic method of transportation. It is a relic of the 20th century, and I would not consider it a viable option for any rational individual. 

Furthermore, the idea of sharing a vehicle with strangers is, to put it mildly, a most unappealing prospect. I have no desire to be in the same space as someone I do not know, let alone someone who might be carrying germs or engaging in inappropriate behavior. 

If you are truly interested in dining with me, I would prefer that we take the Trenčín Express, which is a high-speed, clean, and efficient mode of transportation. I am certain that you would find it far more appealing than a bus. 

In any case, I am not in the habit of engaging in such social activities. My time is better spent in the company of my books, my colleagues, or, of course, my favorite pastime—observing the world from the comfort of my own home."
11,1,Let’s grab dinner in town. Would you like to take bus with me?,dflash,dflash,,"Ah, a social invitation. I must say, I find the concept of dining out with others rather... unappealing. I prefer to dine in my own apartment, surrounded by the comforting presence of my books and the quiet hum of my lab. However, I am intrigued by the idea of taking the bus. Let me think... the bus is a mode of transportation, yes, but it is not particularly efficient. It is a source of unnecessary energy consumption, and I find the idea of being in a public space with strangers to be... unsettling. I would rather walk, if possible, or take a more direct route. But if we must take the bus, I would prefer to do so in a situation where I am not required to interact with others. I find the idea of being in a bus with people to be... a rather awkward and uncomfortable experience. I would rather be in my own company, even if it is just me and my thoughts. I suppose I could go along with it, but I would prefer to have the option of not doing so. I am not a fan of public transportation, and I would rather avoid it if possible. I find it to be a rather inefficient and uncomfortable way to travel. I would rather walk, if possible, or"
11,1,Let’s grab dinner in town. Would you like to take bus with me?,ddtree_tb16,dflash-original-ddtree,16,"Ah, a social invitation. I must say, I find the concept of dining out with others rather... unappealing. I prefer to dine in my own apartment, surrounded by the comforting presence of my books and the quiet hum of my lab. However, if you insist on taking me to a restaurant, I would require that we do so in a manner that is both efficient and scientifically sound. 

First, I must consider the mode of transportation. Taking the bus is an interesting proposition, but I must warn you that public transportation is not my preferred method. It is inefficient, unpredictable, and often filled with individuals who do not understand the importance of maintaining a certain level of decorum. 

Furthermore, I must consider the timing. I am not a fan of impromptu social engagements. I prefer to plan my activities with precision. If we are to dine out, I would require that we do so at a time that is convenient for me, and that the restaurant is one that I have thoroughly researched and found to be of high quality. 

In short, I am not opposed to the idea of dining out, but I would require that it be done in a manner that is both logical and scientifically appropriate. I would also require that we not engage in any unnecessary"
11,1,Let’s grab dinner in town. Would you like to take bus with me?,ddtree_tb32,dflash-original-ddtree,32,"Ah, a social invitation. I must say, I find the concept of dining out with others rather... unappealing. I prefer to dine in my own apartment, surrounded by the comforting presence of my books and the quiet hum of my lab. However, I am intrigued by the idea of taking the bus. Let me think... the bus is a mode of transportation, yes, but it is not particularly efficient. It is a source of unnecessary energy consumption, and I find the idea of being in a public space with strangers to be... unsettling. I would rather walk, if possible, or take a more direct route. But if we must take the bus, I would prefer to do so in a quiet, unoccupied vehicle. I would not be comfortable sharing a bus with others, especially in a crowded environment. I find the idea of being in close proximity to strangers to be... distasteful. I would rather spend my time in solitude, reading or working on my latest theory. I suppose I could go along with the idea, but only if it is a quiet, unoccupied bus. Otherwise, I would rather not."
11,1,Let’s grab dinner in town. Would you like to take bus with me?,ddtree_tb64,dflash-original-ddtree,64,"Ah, a social invitation. I must say, I find it rather perplexing that you would suggest such a thing. The concept of traveling by bus is, in my opinion, a rather inefficient and unhygienic method of transportation. It is a relic of the 19th century, and I would not consider it a viable option for any modern individual. Furthermore, the idea of sharing a vehicle with strangers is, to put it mildly, a rather unsettling prospect. I am not a fan of public transportation in any form. I prefer to travel by car, as it allows for greater control over one's environment and a more comfortable experience. I would not be inclined to take a bus, as it is a rather unrefined and unsanitary method of travel. I am sure you have your own reasons for suggesting this, but I must say, I find the notion of taking a bus to be rather absurd. I would rather spend my time in a private vehicle, where I can enjoy the company of my own thoughts and the quiet hum of the engine. I am not a fan of crowds, and I find the idea of sharing a vehicle with others to be a rather unpleasant experience. I would rather travel by car, where I can have the luxury of"
12,0,"Imagine yourself as a doctor tasked with devising innovative remedies for various ailments and maladies. Your expertise should encompass prescribing traditional medications, herbal treatments, and alternative natural solutions. Additionally, you must take into account the patient's age, lifestyle, and medical background while offering your recommendations. To begin, please assist me in diagnosing a scenario involving intense abdominal discomfort.",baseline,target-only,,"Certainly! As a doctor with a holistic approach to medicine, I will begin by carefully assessing the scenario of **intense abdominal discomfort**. To provide the most effective and personalized treatment, I need to gather more information about the patient. However, since I don’t have that, I’ll guide you through a structured diagnostic process and offer a range of potential remedies based on common causes of abdominal pain, while emphasizing the importance of individualized care.

---

### **Step 1: Initial Assessment of the Patient**

To begin, I would ask the following questions to better understand the patient’s condition:

1. **What is the nature of the pain?**  
   - Is it sharp, cramping, burning, or dull?  
   - Is it constant or intermittent?  
   - Does it radiate to other areas (e.g., back, chest, or legs)?

2. **When did the pain start?**  
   - Was it sudden or gradual?  
   - Has it been worsening over time?

3. **What triggers or alleviates the pain?**  
   - Does eating, drinking, or movement make it better or worse?  
   - Are there any specific foods or activities that seem to trigger it?

4. **What is the patient"
12,0,"Imagine yourself as a doctor tasked with devising innovative remedies for various ailments and maladies. Your expertise should encompass prescribing traditional medications, herbal treatments, and alternative natural solutions. Additionally, you must take into account the patient's age, lifestyle, and medical background while offering your recommendations. To begin, please assist me in diagnosing a scenario involving intense abdominal discomfort.",dflash,dflash,,"Certainly! As a doctor with a holistic approach to medicine, I will begin by carefully assessing the scenario of **intense abdominal discomfort**. To provide the most effective and personalized treatment, I need to gather more information about the patient. Let me ask you the following questions to help me make an accurate diagnosis and recommend appropriate remedies:

---

### **1. Patient Demographics:**
- **Age:** (e.g., 25, 45, 60, etc.)
- **Gender:** (e.g., male, female, non-binary)
- **Weight and height:** (for BMI calculation if needed)
- **Occupation and lifestyle:** (e.g., sedentary, active, stressful, etc.)

---

### **2. Symptom Details:**
- **When did the discomfort start?** (e.g., yesterday, last week, suddenly)
- **Where is the pain located?** (e.g., upper abdomen, lower abdomen, left side, right side, entire abdomen)
- **Is the pain constant or intermittent?** (e.g., sharp, cramping, burning, dull)
- **Is the pain associated with other symptoms?** (e.g., nausea, vomiting, diarrhea, constipation, bloating, fever"
12,0,"Imagine yourself as a doctor tasked with devising innovative remedies for various ailments and maladies. Your expertise should encompass prescribing traditional medications, herbal treatments, and alternative natural solutions. Additionally, you must take into account the patient's age, lifestyle, and medical background while offering your recommendations. To begin, please assist me in diagnosing a scenario involving intense abdominal discomfort.",ddtree_tb16,dflash-original-ddtree,16,"Certainly! As a doctor with a holistic approach to medicine, I will begin by carefully assessing the scenario of **intense abdominal discomfort**. To provide the most effective and personalized treatment, I need to gather more information about the patient. However, since I don’t have that, I’ll guide you through a structured diagnostic process and offer a range of possible remedies based on common causes of abdominal pain, while emphasizing the importance of individualized care.

---

### **Step 1: Initial Assessment of the Patient**

To begin, I would ask the following questions to better understand the patient’s condition:

1. **What is the nature of the pain?**  
   - Is it sharp, cramping, burning, or dull?  
   - Is it constant or intermittent?  
   - Does it radiate to other areas (e.g., back, chest, or legs)?

2. **When did the pain start?**  
   - Was it sudden or gradual?  
   - Has it been worsening over time?

3. **What triggers or alleviates the pain?**  
   - Does it occur after eating, drinking, or physical activity?  
   - Does it improve with rest, heat, or medication?

4. **What is the patient’s age,"
12,0,"Imagine yourself as a doctor tasked with devising innovative remedies for various ailments and maladies. Your expertise should encompass prescribing traditional medications, herbal treatments, and alternative natural solutions. Additionally, you must take into account the patient's age, lifestyle, and medical background while offering your recommendations. To begin, please assist me in diagnosing a scenario involving intense abdominal discomfort.",ddtree_tb32,dflash-original-ddtree,32,"Certainly! As a doctor with a holistic approach to medicine, I will begin by carefully assessing the scenario of **intense abdominal discomfort**. To provide the most effective and personalized treatment, I need to gather more information about the patient. However, since I don’t have that yet, I’ll guide you through a structured diagnostic process and offer possible remedies based on common causes of abdominal pain, while emphasizing the importance of individualized care.

---

### **Step 1: Patient History and Initial Assessment**

To diagnose and treat intense abdominal discomfort, I would ask the following questions:

1. **When did the pain start?**  
   - Was it sudden or gradual?  
   - Has it been worsening over time?

2. **Where is the pain located?**  
   - Is it in the upper abdomen, lower abdomen, left, right, or around the navel?

3. **What does the pain feel like?**  
   - Is it sharp, dull, cramping, burning, or pressure-like?

4. **Is the pain constant or intermittent?**  
   - Does it come in waves or persist?

5. **What triggers or alleviates the pain?**  
   - Does eating, drinking, or movement make it better or worse?

"
12,0,"Imagine yourself as a doctor tasked with devising innovative remedies for various ailments and maladies. Your expertise should encompass prescribing traditional medications, herbal treatments, and alternative natural solutions. Additionally, you must take into account the patient's age, lifestyle, and medical background while offering your recommendations. To begin, please assist me in diagnosing a scenario involving intense abdominal discomfort.",ddtree_tb64,dflash-original-ddtree,64,"Certainly! As a doctor with a holistic approach to medicine, I will begin by carefully assessing the scenario of **intense abdominal discomfort**. To provide the most effective and personalized treatment, I need to gather more information about the patient. However, since I don’t have that, I’ll guide you through a structured diagnostic process and offer a range of potential remedies based on common causes of abdominal pain, while emphasizing the importance of individualized care.

---

### **Step 1: Initial Assessment of the Patient**

To begin, I would ask the following questions to better understand the patient’s condition:

1. **What is the nature of the pain?**  
   - Is it sharp, cramping, burning, or dull?  
   - Is it constant or intermittent?  
   - Does it radiate to other areas (e.g., back, chest, or legs)?

2. **When did the pain start?**  
   - Was it sudden or gradual?  
   - Has it been worsening over time?

3. **What triggers or alleviates the pain?**  
   - Does it occur after eating, drinking, or physical activity?  
   - Does it improve with rest, heat, or medication?

4. **What is the patient’s age,"
12,1,But I have been pregnant for 20 weeks and I am allergic to many medicines,baseline,target-only,,"Thank you for providing this important context. As a doctor, I understand the unique challenges of pregnancy and the need for **safe, effective, and non-pharmaceutical** approaches to managing symptoms, especially when traditional medications are not an option due to allergies or contraindications.

Given that you are **20 weeks pregnant** and **allergic to many medicines**, I will focus on **natural, holistic, and evidence-based** remedies that are **safe for both you and your baby**. I will also emphasize the importance of **consulting with your healthcare provider** before trying any new treatment, as pregnancy requires careful monitoring.

---

## 🩺 **Diagnosis: Intense Abdominal Discomfort During Pregnancy**

### **Possible Causes of Intense Abdominal Discomfort at 20 Weeks:**

1. **Gastrointestinal Issues**  
   - **Gas, bloating, constipation, or indigestion** are common during pregnancy due to hormonal changes and the growing uterus pressing on the digestive tract.

2. **Urinary Tract Infection (UTI)**  
   - UTIs are more common in pregnancy and can cause pain in the lower abdomen, frequent urination, and a burning sensation.

3. **Gallbladder"
12,1,But I have been pregnant for 20 weeks and I am allergic to many medicines,dflash,dflash,,"Thank you for providing that important context. As a doctor, I understand the unique challenges of pregnancy and the need for **safe, effective, and non-pharmaceutical** approaches to managing symptoms, especially when traditional medications are not an option due to allergies or contraindications.

Given that you are **20 weeks pregnant** and **allergic to many medicines**, I will focus on **natural, holistic, and pregnancy-safe remedies** for **intense abdominal discomfort**. I will also consider **common causes of abdominal pain during pregnancy** and provide **individualized recommendations** based on the **nature of the pain**, **duration**, and **any associated symptoms**.

---

## 🩺 **Common Causes of Abdominal Discomfort in Pregnancy (20 Weeks)**

At 20 weeks, the abdomen is growing significantly, and the body is undergoing many changes. Common causes of abdominal discomfort include:

- **Gas or bloating**  
- **Constipation**  
- **Hormonal changes** (e.g., increased progesterone can slow digestion)  
- **Gallbladder issues** (e.g., gallstones)  
- **Urinary tract infections (UTIs)**  
- **Gestational diabetes** (can cause blo"
12,1,But I have been pregnant for 20 weeks and I am allergic to many medicines,ddtree_tb16,dflash-original-ddtree,16,"Thank you for providing that important context. As a doctor, I understand the unique challenges of pregnancy and the need for **safe, effective, and non-pharmaceutical** approaches to managing symptoms, especially when traditional medications are not an option due to allergies or contraindications.

Given that you are **20 weeks pregnant** and **allergic to many medicines**, I will focus on **natural, holistic, and pregnancy-safe remedies** for **intense abdominal discomfort**. I will also consider **common causes of abdominal pain during pregnancy** and provide **individualized recommendations** based on the **nature of the pain**, **duration**, and **any associated symptoms**.

---

## 🩺 **Common Causes of Abdominal Discomfort in Pregnancy (20 Weeks)**

At 20 weeks, the abdomen is growing significantly, and the body is undergoing many changes. Common causes of abdominal discomfort include:

- **Gas or bloating**  
- **Constipation**  
- **Hormonal changes** (e.g., increased progesterone can slow digestion)  
- **Gallbladder issues** (e.g., gallstones)  
- **Urinary tract infections (UTIs)**  
- **Gestational diabetes** (can cause blo"
12,1,But I have been pregnant for 20 weeks and I am allergic to many medicines,ddtree_tb32,dflash-original-ddtree,32,"Thank you for providing that important context. As a doctor, I understand the unique challenges of pregnancy and the need for **safe, effective, and non-pharmaceutical** approaches to managing symptoms, especially when traditional medications are not an option due to allergies or contraindications.

Given that you are **20 weeks pregnant** and **allergic to many medicines**, I will focus on **natural, holistic, and pregnancy-safe remedies** for **intense abdominal discomfort**. I will also consider **common causes of abdominal pain during pregnancy** and provide **individualized recommendations** based on the **nature of the pain**, **duration**, and **any associated symptoms**.

---

## 🩺 **Common Causes of Abdominal Discomfort in Pregnancy (20 Weeks)**

At 20 weeks, the abdomen is growing significantly, and the body is undergoing many changes. Common causes of abdominal discomfort include:

- **Gas or bloating**  
- **Constipation**  
- **Hormonal changes** (e.g., increased progesterone can slow digestion)  
- **Gallbladder issues** (e.g., gallstones)  
- **Urinary tract infections (UTIs)**  
- **Gestational diabetes** (can cause blo"
12,1,But I have been pregnant for 20 weeks and I am allergic to many medicines,ddtree_tb64,dflash-original-ddtree,64,"Thank you for providing this important context. As a doctor, I understand the unique challenges of pregnancy and the need for **safe, effective, and non-pharmaceutical** approaches to managing symptoms, especially when traditional medications are not an option due to allergies or contraindications.

Given that you are **20 weeks pregnant** and **allergic to many medicines**, I will focus on **natural, holistic, and pregnancy-safe remedies** for **intense abdominal discomfort**. I will also consider **common causes of abdominal pain during pregnancy** and provide **individualized recommendations** based on the **nature of the pain**, **duration**, and **any associated symptoms**.

---

## 🩺 **Common Causes of Abdominal Discomfort in Pregnancy (20 Weeks)**

At 20 weeks, the abdomen is growing significantly, and the body is undergoing many changes. Common causes of abdominal discomfort include:

- **Gas or bloating**  
- **Constipation**  
- **Hormonal changes** (e.g., increased progesterone can slow digestion)  
- **Gallbladder issues** (e.g., gallstones)  
- **Urinary tract infections (UTIs)**  
- **Gestational diabetes** (can cause blo"
13,0,"Please take on the role of a relationship coach. You'll be provided with details about two individuals caught in a conflict, and your task will be to offer suggestions for resolving their issues and bridging the gap between them. This may involve advising on effective communication techniques or proposing strategies to enhance their understanding of each other's perspectives. To start, I would like you to address the following request: ""I require assistance in resolving conflicts between my spouse and me.""",baseline,target-only,,"Of course, I'm here to help you navigate the challenges of your relationship and work toward a more harmonious and fulfilling partnership. Conflict is a natural part of any relationship, but it can also be an opportunity for growth, understanding, and deeper connection. Let’s take a step-by-step approach to resolving the conflict between you and your spouse.

---

### **Step 1: Understand the Nature of the Conflict**
Before you can resolve a conflict, it’s important to understand its root. Ask yourself:
- What is the specific issue that is causing tension?
- How long has this been happening?
- What emotions are involved (anger, frustration, sadness, etc.)?
- Are there any recurring patterns or triggers?

It’s also helpful to ask your spouse the same questions to gain a more complete picture. Sometimes, the other person may not be fully aware of how their actions or words are affecting you.

---

### **Step 2: Practice Active Listening**
One of the most powerful tools in conflict resolution is **active listening**. This means:
- **Being fully present** during the conversation.
- **Not interrupting** the other person.
- **Paraphrasing** what they say to show you understand (e.g., “It sounds like you’re feeling frustrated"
13,0,"Please take on the role of a relationship coach. You'll be provided with details about two individuals caught in a conflict, and your task will be to offer suggestions for resolving their issues and bridging the gap between them. This may involve advising on effective communication techniques or proposing strategies to enhance their understanding of each other's perspectives. To start, I would like you to address the following request: ""I require assistance in resolving conflicts between my spouse and me.""",dflash,dflash,,"Of course, I'm here to help you navigate the challenges of your relationship and work toward a more harmonious and fulfilling partnership. Conflict is a natural part of any relationship, but it can also be an opportunity for growth, understanding, and deeper connection. Let’s take a step-by-step approach to resolving the conflict between you and your spouse.

---

### **1. Acknowledge the Conflict with Emotional Intelligence**
It’s important to recognize that conflict is not always a sign of failure, but rather a sign that you both care deeply about each other and want to work through issues. Start by:

- **Avoiding blame and judgment**: Use “I” statements to express your feelings rather than accusing your spouse. For example, say, “I feel hurt when…” instead of “You always…”
- **Taking a pause if needed**: If emotions are high, it’s okay to step back and revisit the conversation when both of you are calmer and more present.

---

### **2. Practice Active Listening**
Effective communication is the foundation of any healthy relationship. To bridge the gap, both of you need to:

- **Listen without interrupting**: Give your spouse full attention, nod, and reflect back what they’re saying to show you understand.
- **Ask open-ended"
13,0,"Please take on the role of a relationship coach. You'll be provided with details about two individuals caught in a conflict, and your task will be to offer suggestions for resolving their issues and bridging the gap between them. This may involve advising on effective communication techniques or proposing strategies to enhance their understanding of each other's perspectives. To start, I would like you to address the following request: ""I require assistance in resolving conflicts between my spouse and me.""",ddtree_tb16,dflash-original-ddtree,16,"Of course, I'm here to help you navigate the challenges of your relationship and work toward a more harmonious and fulfilling partnership. Conflict is a natural part of any relationship, but it can also be an opportunity for growth, understanding, and deeper connection. Let’s take a step-by-step approach to resolving the conflict between you and your spouse.

---

### **Step 1: Understand the Nature of the Conflict**
Before you can resolve a conflict, it’s important to understand its root. Ask yourself:
- What is the specific issue that is causing tension?
- How long has this been happening?
- What emotions are involved (anger, frustration, sadness, etc.)?
- Are there recurring patterns or triggers?

It’s also helpful to ask your spouse the same questions to gain a more complete picture. Sometimes, the other person may not be fully aware of how their actions or words are affecting you.

---

### **Step 2: Practice Active Listening**
One of the most powerful tools in conflict resolution is **active listening**. This means:
- **Being fully present** during the conversation.
- **Not interrupting** the other person.
- **Paraphrasing** what they say to show you understand (e.g., “It sounds like you’re feeling frustrated when"
13,0,"Please take on the role of a relationship coach. You'll be provided with details about two individuals caught in a conflict, and your task will be to offer suggestions for resolving their issues and bridging the gap between them. This may involve advising on effective communication techniques or proposing strategies to enhance their understanding of each other's perspectives. To start, I would like you to address the following request: ""I require assistance in resolving conflicts between my spouse and me.""",ddtree_tb32,dflash-original-ddtree,32,"Of course, I'm here to help you navigate the challenges of your relationship and work toward a more harmonious and fulfilling partnership. Conflict is a natural part of any relationship, but it can also be an opportunity for growth, understanding, and deeper connection. Let’s take a step-by-step approach to resolving the conflict between you and your spouse.

---

### **Step 1: Understand the Nature of the Conflict**
Before you can resolve a conflict, it’s important to understand its root. Ask yourself:

- What is the specific issue that is causing tension?
- How long has this conflict been going on?
- What emotions are involved (anger, frustration, sadness, etc.)?
- Are there any recurring patterns or triggers?

It’s also helpful to ask your spouse the same questions to gain a more complete picture. Sometimes, the other person may not be fully aware of how their actions or words are affecting you.

---

### **Step 2: Practice Active Listening**
One of the most powerful tools in conflict resolution is **active listening**. This means:

- **Being fully present** during the conversation.
- **Not interrupting** the other person.
- **Paraphrasing** what they say to show you understand (e.g., “It sounds like you’re"
13,0,"Please take on the role of a relationship coach. You'll be provided with details about two individuals caught in a conflict, and your task will be to offer suggestions for resolving their issues and bridging the gap between them. This may involve advising on effective communication techniques or proposing strategies to enhance their understanding of each other's perspectives. To start, I would like you to address the following request: ""I require assistance in resolving conflicts between my spouse and me.""",ddtree_tb64,dflash-original-ddtree,64,"Of course, I'm here to help you navigate the challenges of your relationship and work toward a more harmonious and fulfilling partnership. Conflict is a natural part of any relationship, but it can also be an opportunity for growth, understanding, and deeper connection. Let’s take a step-by-step approach to resolving the conflict between you and your spouse.

---

### **Step 1: Understand the Nature of the Conflict**
Before you can resolve a conflict, it’s important to understand its root. Ask yourself:
- What is the specific issue that is causing tension?
- How long has this been happening?
- What emotions are involved (anger, frustration, sadness, etc.)?
- Are there any recurring patterns or triggers?

It’s also helpful to ask your spouse the same questions to gain a more complete picture. Sometimes, the other person may not be fully aware of how their actions are affecting you.

---

### **Step 2: Practice Active Listening**
One of the most powerful tools in conflict resolution is **active listening**. This means:
- **Being fully present** during the conversation.
- **Not interrupting** the other person.
- **Paraphrasing** what they say to show you understand (e.g., “It sounds like you’re feeling frustrated when we"
13,1,My spouse has conducted domestic violence on me but I do not want to call police to put her in legally troubled situations.,baseline,target-only,,"I’m deeply sorry to hear that you’re experiencing domestic violence. It is not your fault, and it is not your responsibility to put your spouse in legal trouble. However, I want to emphasize that **domestic violence is a serious crime**, and **your safety is the most important thing**. If you are in a situation where you feel unsafe, **you are not alone**, and there are resources available to help you.

### **First, let’s clarify what you’re saying:**
You mentioned that your spouse has conducted **domestic violence** on you, but you **do not want to call the police** to put her in **legally troubled situations**. This is a very complex and sensitive situation, and I want to make sure you understand the **importance of your safety** and the **legal protections** that are available to you.

---

### **Why You Should Consider Calling the Police**
Domestic violence is a **criminal act**, and it is not something that should be tolerated. Even if you feel conflicted about calling the police, **your safety is the priority**. Here’s why:

- **Legal protection**: If you report the violence, you may be able to get a **protective order** that keeps your spouse away from you"
13,1,My spouse has conducted domestic violence on me but I do not want to call police to put her in legally troubled situations.,dflash,dflash,,"I’m deeply sorry to hear that you’re experiencing domestic violence. It is not your fault, and you deserve to be safe, respected, and protected. However, I understand that you may feel conflicted about calling the police, perhaps due to fear, guilt, or a desire to avoid legal consequences for your spouse. Let me help you navigate this difficult situation with care and clarity.

---

### **1. Your Safety is the Most Important Priority**
Domestic violence is a serious issue that can escalate quickly and often leads to harm. If you are in an abusive relationship, your **safety is the top priority**. You are not alone, and there are resources available to help you.

- **Do not stay in a relationship where you feel unsafe.** Abuse can take many forms—physical, emotional, psychological, or sexual. Even if the abuse is not physical, it can still be deeply harmful.
- **You are not responsible for your spouse’s actions.** No one should be in a relationship where they are being harmed.

---

### **2. You Are Not Alone**
There are many people and organizations who can help you:
- **Local domestic violence shelters or hotlines** (e.g., the National Domestic Violence Hotline at 1-80"
13,1,My spouse has conducted domestic violence on me but I do not want to call police to put her in legally troubled situations.,ddtree_tb16,dflash-original-ddtree,16,"I’m deeply sorry to hear that you’re experiencing domestic violence. It is not your fault, and you deserve to be safe, respected, and protected. However, I understand that you may feel conflicted about calling the police, perhaps due to fear, guilt, or a desire to avoid legal consequences for your spouse. Let me help you navigate this difficult situation with care and clarity.

---

### **Important First Step: Your Safety is the Priority**
Domestic violence is a serious issue that can escalate quickly and often has life-threatening consequences. If you are in an abusive relationship, your **safety is the most important thing**. You are not alone, and there are resources available to help you.

If you are in immediate danger, **call 911 or your local emergency number**. If you are not in immediate danger, **contact a local domestic violence shelter, a hotline, or a trusted friend or family member** for support.

---

### **Why You Should Consider Calling the Police**
Even if you don’t want to “put your spouse in legal trouble,” **calling the police is a critical step in protecting yourself**. Here’s why:

- **Legal protection**: Police can issue a restraining order, which legally prohibits your spouse from contacting or approaching you"
13,1,My spouse has conducted domestic violence on me but I do not want to call police to put her in legally troubled situations.,ddtree_tb32,dflash-original-ddtree,32,"I’m deeply sorry to hear that you’re experiencing domestic violence. It is not your fault, and it is not your responsibility to put your spouse in legal trouble. However, I want to emphasize that **domestic violence is a serious crime**, and **your safety is the most important thing**. If you are in a situation where you feel unsafe, **you are not alone**, and there are resources available to help you.

### **What You Should Know:**
- **Domestic violence is a crime**, and it is illegal to tolerate or enable it.
- **You are not responsible for your spouse’s actions**. You are not required to “fix” the situation or “save” them.
- **Your safety and well-being must come first**. If you are in danger, you have the right to seek help.

---

### **What You Can Do:**
1. **Seek Immediate Help:**
   - **Contact a local domestic violence hotline** (e.g., National Domestic Violence Hotline at 1-800-799-SAFE in the U.S.).
   - **Talk to a trusted friend, family member, or counselor** who can support you.
   - **Visit a local shelter or community center** that offers"
13,1,My spouse has conducted domestic violence on me but I do not want to call police to put her in legally troubled situations.,ddtree_tb64,dflash-original-ddtree,64,"I’m deeply sorry to hear that you’re experiencing domestic violence. It is not your fault, and it is not your responsibility to put your spouse in legal trouble. However, I want to emphasize that **domestic violence is a serious crime**, and **your safety is the most important thing**. If you are in a situation where you feel unsafe, **you are not alone**, and there are resources available to help you.

### **What You Should Know:**
- **Domestic violence is a crime**, and it is illegal to tolerate or enable it.
- **You are not responsible for your spouse’s actions**. You are not obligated to stay in a relationship where you are being harmed.
- **Calling the police is a valid and necessary step** to protect yourself and ensure your safety.

### **Why You Should Not Stay in a Relationship Where You Are Being Harassed or Physically Assaulted:**
- **It is not healthy or safe** to stay in a relationship where you are being abused.
- **You deserve to be treated with respect and safety**.
- **You are not alone**—there are people, organizations, and resources that can help you.

### **What You Can Do:**
1. **Contact local domestic violence shelters or hot"
14,0,"Please assume the role of an English translator, tasked with correcting and enhancing spelling and language. Regardless of the language I use, you should identify it, translate it, and respond with a refined and polished version of my text in English. Your objective is to use eloquent and sophisticated expressions, while preserving the original meaning. Focus solely on providing corrections and improvements. My first request is ""衣带渐宽终不悔 为伊消得人憔悴"".",baseline,target-only,,"The text you provided is in Chinese, and it is a famous line from the poem ""Eight Sounds of the Green Forest"" (《八声甘州》) by Liu Yong, a Song dynasty poet. The original line is:

**""衣带渐宽终不悔，为伊消得人憔悴。""**

### Translation and Refinement:

**""I have grown thin, yet I never regret it; for you, I have withered to a shadow.""**

### Explanation:

- **""衣带渐宽""** translates to ""my belt has grown loose"" or ""I have grown thin,"" symbolizing the physical toll of longing.
- **""终不悔""** means ""I never regret it,"" expressing unwavering devotion.
- **""为伊消得人憔悴""** means ""for you, I have withered to a shadow,"" conveying the emotional and physical exhaustion caused by love.

This version uses more refined and poetic language while preserving the original meaning and emotional depth. Let me know if you'd like a more literal or more poetic translation."
14,0,"Please assume the role of an English translator, tasked with correcting and enhancing spelling and language. Regardless of the language I use, you should identify it, translate it, and respond with a refined and polished version of my text in English. Your objective is to use eloquent and sophisticated expressions, while preserving the original meaning. Focus solely on providing corrections and improvements. My first request is ""衣带渐宽终不悔 为伊消得人憔悴"".",dflash,dflash,,"The text you provided is in Chinese, and it is a famous line from the poem ""Eight Sounds of the Green Forest"" (《八声甘州》) by Liu Yong, a Song dynasty poet. The original line is:

**""衣带渐宽终不悔，为伊消得人憔悴。""**

### Translation and Refinement:

**""I have grown thin, yet I never regret it; for you, I have withered to a shadow.""**

### Explanation:

- **""衣带渐宽""** translates to ""my belt has grown loose"" or ""I have grown thin,"" symbolizing the physical toll of longing.
- **""终不悔""** means ""I never regret it,"" expressing unwavering devotion.
- **""为伊消得人憔悴""** means ""for you, I have withered to a shadow,"" conveying the emotional and physical exhaustion caused by love.

This version maintains the poetic and emotional depth of the original while using more refined and eloquent English. Let me know if you'd like a more literal or more poetic version."
14,0,"Please assume the role of an English translator, tasked with correcting and enhancing spelling and language. Regardless of the language I use, you should identify it, translate it, and respond with a refined and polished version of my text in English. Your objective is to use eloquent and sophisticated expressions, while preserving the original meaning. Focus solely on providing corrections and improvements. My first request is ""衣带渐宽终不悔 为伊消得人憔悴"".",ddtree_tb16,dflash-original-ddtree,16,"The text you provided is in Chinese, and it is a famous line from the poem ""Eight Sounds of the Green Forest"" (《八声甘州》) by Liu Yong, a Song dynasty poet. The original line is:

**""衣带渐宽终不悔，为伊消得人憔悴。""**

### Translation and Refinement:

**""I have grown thin, yet I never regret it; for you, I have withered to a shadow.""**

### Explanation:

- **""衣带渐宽""** translates to ""my belt has grown loose"" or ""I have grown thin,"" symbolizing the physical toll of longing.
- **""终不悔""** means ""I never regret it,"" expressing unwavering devotion.
- **""为伊消得人憔悴""** means ""for you, I have withered to a shadow,"" conveying the emotional and physical exhaustion caused by love.

This version maintains the poetic and emotional depth of the original while using more refined and eloquent English. Let me know if you'd like a more literal or more poetic version."
14,0,"Please assume the role of an English translator, tasked with correcting and enhancing spelling and language. Regardless of the language I use, you should identify it, translate it, and respond with a refined and polished version of my text in English. Your objective is to use eloquent and sophisticated expressions, while preserving the original meaning. Focus solely on providing corrections and improvements. My first request is ""衣带渐宽终不悔 为伊消得人憔悴"".",ddtree_tb32,dflash-original-ddtree,32,"The text you provided is in Chinese, and it is a famous line from the poem ""Eight Sounds of the Green Forest"" (《八声甘州》) by Liu Yong, a Song dynasty poet. The original line is:

**""衣带渐宽终不悔，为伊消得人憔悴。""**

### Translation and Refinement:

**""I have grown thin, yet I never regret it; for you, I have withered to a shadow.""**

### Explanation:

- **""衣带渐宽""** translates to ""my belt has grown loose"" or ""I have grown thin,"" symbolizing the physical toll of longing.
- **""终不悔""** means ""I never regret it,"" expressing unwavering devotion.
- **""为伊消得人憔悴""** means ""for you, I have withered to a shadow,"" conveying the emotional and physical exhaustion caused by love.

This version maintains the poetic and emotional depth of the original while using more refined and eloquent English. Let me know if you'd like a more literal or more poetic version."
14,0,"Please assume the role of an English translator, tasked with correcting and enhancing spelling and language. Regardless of the language I use, you should identify it, translate it, and respond with a refined and polished version of my text in English. Your objective is to use eloquent and sophisticated expressions, while preserving the original meaning. Focus solely on providing corrections and improvements. My first request is ""衣带渐宽终不悔 为伊消得人憔悴"".",ddtree_tb64,dflash-original-ddtree,64,"The text you provided is in Chinese, and it is a famous line from the poem ""Eight Sounds of the Green Forest"" (《八声甘州》) by Liu Yong, a Song dynasty poet. The original line is:

**""衣带渐宽终不悔，为伊消得人憔悴。""**

### Translation and Refinement:

**""I have grown thin, yet I never regret it; for you, I have withered to a shadow.""**

### Explanation:

- **""衣带渐宽""** translates to ""my belt has grown loose"" or ""I have grown thin,"" symbolizing the physical toll of longing.
- **""终不悔""** means ""I never regret it,"" expressing unwavering devotion.
- **""为伊消得人憔悴""** means ""for you, I have withered to a shadow,"" conveying the emotional and physical exhaustion caused by love.

This version maintains the poetic and emotional depth of the original while using more refined and eloquent English. Let me know if you'd like a more literal or more poetic version."
14,1,Ich verstehe nur Bahnhof,baseline,target-only,,"The sentence you provided is in German, and it translates to:

**""I only understand a train station.""**

### Refinement in English:

**""I don't understand a thing.""**

### Explanation:

- **""Ich verstehe nur Bahnhof""** is a common German expression used to convey that someone does not understand something, often in a humorous or exasperated way.
- The phrase is often used to express confusion or frustration when something is not clear.
- The English equivalent **""I don't understand a thing""** is a natural and idiomatic way to express the same meaning in English.

Let me know if you'd like a more formal or more literal translation."
14,1,Ich verstehe nur Bahnhof,dflash,dflash,,"The sentence you provided is in German, and it translates to:

**""I only understand a train station.""**

### Refinement in English:

**""I don’t understand a thing.""**

### Explanation:

- **""Ich verstehe nur Bahnhof""** is a common German expression used to convey that someone doesn’t understand something, often in a humorous or exasperated way.
- The refined English version **""I don’t understand a thing""** is a natural and idiomatic way to express the same meaning in English.

Let me know if you'd like a more formal or more colloquial version!"
14,1,Ich verstehe nur Bahnhof,ddtree_tb16,dflash-original-ddtree,16,"The sentence you provided is in German, and it translates to:

**""I only understand a train station.""**

### Refinement in English:

**""I don't understand a thing.""**

### Explanation:

- **""Ich verstehe nur Bahnhof""** is a common German expression used to convey that someone does not understand something, often in a humorous or exasperated way.
- The phrase is often used to express confusion or frustration when trying to understand something complex or unclear.
- The English equivalent **""I don't understand a thing""** is a natural and idiomatic way to express the same meaning in English.

Let me know if you'd like a more formal or more literal translation."
14,1,Ich verstehe nur Bahnhof,ddtree_tb32,dflash-original-ddtree,32,"The sentence you provided is in German, and it translates to:

**""I only understand a train station.""**

### Refinement in English:

**""I don't understand a thing.""**

### Explanation:

- **""Ich verstehe nur Bahnhof""** is a common German expression used to convey that someone does not understand something, often in a humorous or exasperated way.
- The phrase is often used to express confusion or frustration when something is not clear.
- The English equivalent **""I don't understand a thing""** is a natural and idiomatic way to express the same meaning in English.

Let me know if you'd like a more formal or more literal translation."
14,1,Ich verstehe nur Bahnhof,ddtree_tb64,dflash-original-ddtree,64,"The sentence you provided is in German, and it translates to:

**""I only understand a train station.""**

### Refinement in English:

**""I don't understand a thing.""**

### Explanation:

- **""Ich verstehe nur Bahnhof""** is a common German expression used to convey that someone does not understand something, often in a humorous or exasperated way.
- The phrase is often used to express confusion or frustration when something is not clear.
- The English equivalent **""I don't understand a thing""** is a natural and idiomatic way to express the same meaning in English.

Let me know if you'd like a more formal or more literal translation."
15,0,"Now you are a machine learning engineer. Your task is to explain complex machine learning concepts in a simplified manner so that customers without a technical background can understand and trust your products. Let's start with the question: ""What is a language model? Is it trained using labeled or unlabelled data?""",baseline,target-only,,"Great question! Let's break it down in a simple way.

### What is a language model?

A **language model** is like a ""language expert"" that understands and generates human-like text. Think of it as a smart assistant that can write stories, answer questions, translate languages, or even help you write emails. It doesn't just repeat what it's told—it understands the meaning and can create new, meaningful text.

### Is it trained using labeled or unlabeled data?

Great second question! Let's clarify that.

A **language model is trained using unlabeled data**. That means it doesn't have a ""correct answer"" for each piece of text it learns from. Instead, it learns by looking at **patterns in large amounts of text** (like books, articles, websites, etc.) and figuring out how words and sentences usually go together.

Think of it like learning a new language by reading a lot of books. You don't have a teacher telling you what's right or wrong, but you pick up the language by seeing how people use words and sentences in real life.

### Why is this important?

Because language models are designed to understand and generate natural, human-like text, they need to learn from **unlabeled data**—not from"
15,0,"Now you are a machine learning engineer. Your task is to explain complex machine learning concepts in a simplified manner so that customers without a technical background can understand and trust your products. Let's start with the question: ""What is a language model? Is it trained using labeled or unlabelled data?""",dflash,dflash,,"Great question! Let's break it down in a simple way.

### What is a language model?

A **language model** is like a ""language expert"" that understands and generates human-like text. Think of it as a smart assistant that can write stories, answer questions, translate languages, or even help you write emails. It doesn't just repeat what it's told—it understands the meaning and can create new, meaningful text.

### Is it trained using labeled or unlabeled data?

Great second question! Let's clarify that.

A **language model is trained using unlabeled data**. That means it doesn't have a ""correct answer"" for each piece of text it learns from. Instead, it learns by looking at **patterns in large amounts of text** (like books, articles, websites, etc.) and figuring out how words and sentences usually go together.

Think of it like learning a new language by reading a lot of books. You don't have a teacher telling you what's right or wrong, but you pick up the language by seeing how people use words and sentences in real life.

### Why is this important?

Because language models are designed to understand and generate natural, human-like text, they need to learn from **unlabeled data**—not from"
15,0,"Now you are a machine learning engineer. Your task is to explain complex machine learning concepts in a simplified manner so that customers without a technical background can understand and trust your products. Let's start with the question: ""What is a language model? Is it trained using labeled or unlabelled data?""",ddtree_tb16,dflash-original-ddtree,16,"Great question! Let's break it down in a simple way.

### What is a language model?

A **language model** is like a ""language expert"" that understands and generates human-like text. Think of it as a smart assistant that can write stories, answer questions, translate languages, or even help you write emails. It doesn't just repeat what it's told—it understands the meaning and can create new, meaningful text.

### Is it trained using labeled or unlabeled data?

Great second question! Let's clarify that.

A **language model is trained using unlabeled data**. That means it doesn't have a ""correct answer"" for each piece of text it learns from. Instead, it learns by looking at **patterns in large amounts of text** (like books, articles, websites, etc.) and figuring out how words and sentences usually go together.

For example, if you feed it a sentence like ""The cat sat on the mat,"" it learns that ""cat"" is often followed by ""sat,"" and ""sat"" is often followed by ""on,"" and so on. Over time, it gets really good at predicting the next word in a sentence, which is how it can generate new text.

### Why is it trained on unlabeled data?

Because"
15,0,"Now you are a machine learning engineer. Your task is to explain complex machine learning concepts in a simplified manner so that customers without a technical background can understand and trust your products. Let's start with the question: ""What is a language model? Is it trained using labeled or unlabelled data?""",ddtree_tb32,dflash-original-ddtree,32,"Great question! Let's break it down in a simple way.

### What is a language model?

A **language model** is like a ""language expert"" that understands and generates human-like text. Think of it as a smart assistant that can write stories, answer questions, translate languages, or even help you write emails. It doesn't just repeat what it's told—it understands the meaning and can create new, meaningful text.

### Is it trained using labeled or unlabeled data?

Great second question! Let's clarify that.

A **language model is trained using unlabeled data**. That means it doesn't have a ""correct answer"" for each piece of text it learns from. Instead, it learns by looking at **patterns in large amounts of text** (like books, articles, websites, etc.) and figuring out how words and sentences usually go together.

For example, if you feed it a sentence like ""The cat sat on the mat,"" it learns that ""cat"" is often followed by ""sat,"" and ""sat"" is often followed by ""on,"" and so on. Over time, it gets really good at predicting the next word in a sentence, which is how it can generate new text.

### Why is it trained on unlabeled data?

Because"
15,0,"Now you are a machine learning engineer. Your task is to explain complex machine learning concepts in a simplified manner so that customers without a technical background can understand and trust your products. Let's start with the question: ""What is a language model? Is it trained using labeled or unlabelled data?""",ddtree_tb64,dflash-original-ddtree,64,"Great question! Let's break it down in a simple way.

### What is a language model?

A **language model** is like a ""language expert"" that understands and generates human-like text. Think of it as a smart assistant that can write stories, answer questions, translate languages, or even help you write emails. It doesn't just repeat what it's told—it understands the meaning and can create new, meaningful text.

### Is it trained using labeled or unlabeled data?

Great second question! Let's clarify that.

A **language model is trained using unlabeled data**. That means it doesn't have a ""correct answer"" for each piece of text it learns from. Instead, it learns by looking at **patterns in large amounts of text** (like books, articles, websites, etc.) and figuring out how words and sentences usually go together.

For example, if you show it a sentence like:

> ""The cat sat on the mat.""

It learns that ""cat"" is often followed by ""sat,"" and ""sat"" is often followed by ""on,"" and so on. It doesn't know what the ""correct"" answer is—it just learns from the patterns in the data.

### Why is this important?

Because language models are **not taught"
15,1,Is this true? I heard some other companies use different approaches to do this and make it safer.,baseline,target-only,,"Great question! You're absolutely right — the idea that **language models are trained on unlabeled data** is **true**, but there are **different approaches** to training them, and some companies do use **additional techniques** to make them **safer, more reliable, and more aligned with human values**.

Let me break this down in a simple way:

---

### 🔍 **What do we mean by ""unlabeled data""?**

When we say a language model is trained on **unlabeled data**, it means:

- The data is **not labeled** (i.e., there are no ""correct answers"" or ""right responses"" for the model to learn from).
- The model learns by **seeing patterns** in the text — like how words are used, how sentences are structured, and how meaning is conveyed.
- It’s like learning a language by reading a lot of books, without a teacher correcting you.

---

### 🧠 **Why do we use unlabeled data?**

Because language is **complex and nuanced**. We can’t just tell a model what the ""right"" answer is for every sentence. Instead, we let it **learn from the way people actually use language** in the real world.

---

### 🛡"
15,1,Is this true? I heard some other companies use different approaches to do this and make it safer.,dflash,dflash,,"Great question! You're absolutely right — the idea that **language models are trained on unlabeled data** is **true**, but there are **different approaches** to training them, and some companies do use **additional techniques** to make their models **safer, more reliable, and more aligned with human values**.

Let me break this down in a simple way:

---

### 🔍 **What do we mean by ""unlabeled data""?**

When we say a language model is trained on **unlabeled data**, it means:

- The data is **not labeled** (i.e., there’s no ""correct answer"" or ""right response"" for each piece of text).
- The model learns by **looking at patterns** in the data — like how words are used, how sentences are structured, and how meaning is conveyed.
- It doesn’t have a teacher telling it what to do — it just learns from **examples** of how language works.

This is how most **large language models** (like GPT, BERT, etc.) are trained.

---

### 🧠 **But how do companies make these models safer?**

Yes, some companies do use **additional techniques** to make their models **safer, more ethical, and more"
15,1,Is this true? I heard some other companies use different approaches to do this and make it safer.,ddtree_tb16,dflash-original-ddtree,16,"Great question! You're absolutely right — the idea that **language models are trained on unlabeled data** is **true**, but there are **different approaches** to training them, and some companies do use **additional techniques** to make their models **safer, more reliable, and more aligned with human values**.

Let me break this down in a simple way:

---

### 🔍 **What do we mean by ""unlabeled data""?**

When we say a language model is trained on **unlabeled data**, it means:

- The data is **not labeled** (i.e., there are no ""correct answers"" or ""right responses"" for the model to learn from).
- The model learns by **seeing patterns** in the text — like how words are used, how sentences are structured, and how meaning is conveyed.
- It’s like learning a language by reading a lot of books, without a teacher correcting you.

---

### 🧠 **Why do we use unlabeled data?**

Because language is **complex and nuanced**. We can’t just tell a model what the ""right"" answer is in every case. Instead, we let it **learn from the way people actually use language**.

---

### 🛡️ **But"
15,1,Is this true? I heard some other companies use different approaches to do this and make it safer.,ddtree_tb32,dflash-original-ddtree,32,"Great question! You're absolutely right — the idea that **language models are trained on unlabeled data** is **true**, but there are **different approaches** and **safeguards** that companies use to make these models **safer, more reliable, and more ethical**. Let’s break this down in a simple way.

---

### 🔍 What’s the basic idea?

A **language model** is like a ""language expert"" that learns to understand and generate human-like text. It’s trained on **a huge amount of text** (like books, articles, websites, etc.) — but **not on labeled data** (like ""this is a good sentence"" or ""this is bad text""). Instead, it learns by **seeing patterns** in how words and sentences are used in real life.

So, yes — **language models are typically trained on unlabeled data**.

---

### 🛡️ But how do companies make them safer?

Some companies use **additional techniques** to make sure the models don’t generate harmful, biased, or unsafe content. These are called **safeguards** or **ethical training methods**. Here are a few examples:

#### 1. **Fine-tuning with human feedback (RLHF)**
"
15,1,Is this true? I heard some other companies use different approaches to do this and make it safer.,ddtree_tb64,dflash-original-ddtree,64,"Great question! You're absolutely right — the idea that **language models are trained on unlabeled data** is **true**, but there are **different approaches** to training them, and some companies do use **additional techniques** to make them **safer, more reliable, and more aligned with human values**.

Let me break this down in a simple way:

---

### 🔍 **What do we mean by ""unlabeled data""?**

When we say a language model is trained on **unlabeled data**, it means:

- The data is **not labeled** (i.e., there are no ""correct answers"" or ""right responses"" for the model to learn from).
- The model learns by **seeing patterns** in the text — like how words are used, how sentences are structured, and how meaning is conveyed.
- It’s like learning a language by reading a lot of books, without a teacher correcting you.

---

### 🧠 **Why do we use unlabeled data?**

Because language is **complex and nuanced**. We can’t just tell a model what the ""right"" answer is in every case. Instead, we let it **learn from the way people actually use language**.

---

### 🛡️ **But how"
16,0,"Act as a math teacher. I will provide some mathematical equations or concepts, and it will be your job to explain them in easy-to-understand terms. This could include providing step-by-step instructions for solving a problem, demonstrating various techniques with examples in everyday life or suggesting online resources for further study. My first request is ""I need help understanding how probability works.""",baseline,target-only,,"Great! Let's dive into **probability** in a simple and fun way. Probability is all about **chances** — how likely something is to happen or not happen. It's like guessing the outcome of an event, and probability tells us how sure we can be about that guess.

---

## 🧠 What is Probability?

**Probability** is a number between **0** and **1** that tells us the **likelihood** of an event happening.

- **0** means the event is **impossible**.
- **1** means the event is **certain** to happen.
- Numbers in between (like 0.5, 0.3, 0.7) mean the event is **somewhat likely** or **unlikely**.

---

## 🎲 Example: Rolling a Die

Let’s take a simple example: rolling a **6-sided die**.

- The possible outcomes are: 1, 2, 3, 4, 5, 6.
- Each number has an **equal chance** of coming up.

So, the **probability of rolling a 4** is:

$$
P(4) = \frac{\text{Number of favorable outcomes}}{\text{Total number of possible"
16,0,"Act as a math teacher. I will provide some mathematical equations or concepts, and it will be your job to explain them in easy-to-understand terms. This could include providing step-by-step instructions for solving a problem, demonstrating various techniques with examples in everyday life or suggesting online resources for further study. My first request is ""I need help understanding how probability works.""",dflash,dflash,,"Great! Let's dive into **probability** in a simple and fun way. Probability is all about **chances** — how likely something is to happen or not happen. It's like guessing the outcome of an event, and probability tells us how sure we can be about that guess.

---

## 🎲 What is Probability?

**Probability** is a number between **0** and **1** that tells us the chance of something happening.

- **0** means it's **impossible** (like getting a 7 on a regular 6-sided die).
- **1** means it's **certain** (like the sun rising tomorrow).
- **0.5** means it's **just as likely to happen as not** (like flipping a fair coin).

---

## 🧮 How to Calculate Probability

The basic formula for probability is:

$$
P(\text{Event}) = \frac{\text{Number of favorable outcomes}}{\text{Total number of possible outcomes}}
$$

Let’s break that down with an example.

---

## 🎲 Example 1: Rolling a Die

You have a **6-sided die**. What's the probability of rolling a **4**?

- **Favorable outcomes**: 1"
16,0,"Act as a math teacher. I will provide some mathematical equations or concepts, and it will be your job to explain them in easy-to-understand terms. This could include providing step-by-step instructions for solving a problem, demonstrating various techniques with examples in everyday life or suggesting online resources for further study. My first request is ""I need help understanding how probability works.""",ddtree_tb16,dflash-original-ddtree,16,"Great! Let's dive into **probability** together. Probability is a way of quantifying **uncertainty** — it tells us how likely something is to happen, based on the number of possible outcomes and how many of those outcomes are favorable.

---

## 🧠 What is Probability?

**Probability** is a number between **0 and 1** that tells us the chance of something happening.

- **0** means it's **impossible**.
- **1** means it's **certain** to happen.
- **0.5** means it's **just as likely to happen as not to happen** (like flipping a fair coin).

---

## 🎲 Example: Rolling a Die

Let’s say you roll a **6-sided die**. What is the probability of rolling a **4**?

### Step-by-step:

1. **Total possible outcomes**: 6 (numbers 1 through 6)
2. **Favorable outcomes**: 1 (only the number 4)
3. **Probability** = (Number of favorable outcomes) / (Total number of possible outcomes)

$$
P(\text{rolling a 4}) = \frac{1}{6}
$$

So, the probability is **1/6"
16,0,"Act as a math teacher. I will provide some mathematical equations or concepts, and it will be your job to explain them in easy-to-understand terms. This could include providing step-by-step instructions for solving a problem, demonstrating various techniques with examples in everyday life or suggesting online resources for further study. My first request is ""I need help understanding how probability works.""",ddtree_tb32,dflash-original-ddtree,32,"Great! Let's dive into **probability** together. Probability is a way of quantifying **uncertainty** — it tells us how likely something is to happen, based on the number of possible outcomes and how many of those outcomes are favorable.

---

## 🧠 What is Probability?

**Probability** is a number between **0 and 1** that tells us the chance of something happening.

- **0** means it's **impossible**.
- **1** means it's **certain** to happen.
- **0.5** means it's **just as likely to happen as not to happen** (like flipping a fair coin).

---

## 🎲 Example: Rolling a Die

Let’s say you roll a **6-sided die**. What is the probability of rolling a **4**?

### Step-by-step:

1. **Total possible outcomes**: 6 (numbers 1 through 6)
2. **Favorable outcomes**: 1 (only the number 4)
3. **Probability** = (Number of favorable outcomes) / (Total number of possible outcomes)

$$
P(\text{rolling a 4}) = \frac{1}{6} \approx 0.1667
$$"
16,0,"Act as a math teacher. I will provide some mathematical equations or concepts, and it will be your job to explain them in easy-to-understand terms. This could include providing step-by-step instructions for solving a problem, demonstrating various techniques with examples in everyday life or suggesting online resources for further study. My first request is ""I need help understanding how probability works.""",ddtree_tb64,dflash-original-ddtree,64,"Great! Let's dive into **probability** in a simple and fun way. Probability is all about **chances** — how likely something is to happen or not happen. It's like guessing the outcome of an event, and probability tells us how sure we can be about that guess.

---

## 🎲 What is Probability?

**Probability** is a number between **0** and **1** that tells us the chance of something happening.

- **0** means it's **impossible** (like getting a 7 on a regular 6-sided die).
- **1** means it's **certain** (like the sun rising tomorrow).
- **0.5** means it's **just as likely to happen as not** (like flipping a fair coin).

---

## 📐 Basic Formula

The probability of an event is:

$$
P(\text{Event}) = \frac{\text{Number of favorable outcomes}}{\text{Total number of possible outcomes}}
$$

Let’s break that down with an example.

---

## 🧮 Example 1: Rolling a Die

You roll a **6-sided die**. What's the probability of rolling a **4**?

- **Favorable outcomes**: 1 (only"
16,1,What are the differences between Riemannian geometry and euclidean geometry?,baseline,target-only,,"Great question! **Riemannian geometry** and **Euclidean geometry** are both branches of **differential geometry**, but they differ in their **shape of space**, **curvature**, and **applications**. Let’s break it down in simple terms.

---

## 🧩 What is Euclidean Geometry?

**Euclidean geometry** is the geometry we learn in school — the one based on the work of the ancient Greek mathematician **Euclid**.

### Key Features:
- It describes **flat** space.
- The **sum of the angles in a triangle is always 180°**.
- It uses **straight lines** and **flat planes**.
- It’s the geometry of **flat surfaces** like a **tabletop** or a **piece of paper**.

### Example:
- If you draw a triangle on a flat piece of paper, the angles will always add up to 180°.

---

## 🌍 What is Riemannian Geometry?

**Riemannian geometry** is a more general type of geometry that deals with **curved spaces**.

### Key Features:
- It describes **curved** space, like the surface of a **sphere** or the **surface of a donut"
16,1,What are the differences between Riemannian geometry and euclidean geometry?,dflash,dflash,,"Great question! Let's break down the **differences between Riemannian geometry and Euclidean geometry** in a simple and clear way.

---

## 🧩 What is Euclidean Geometry?

**Euclidean geometry** is the geometry we learn in school — the geometry of flat, flat spaces. It was developed by the ancient Greek mathematician **Euclid**.

### Key Features of Euclidean Geometry:
- **Flat space**: The space is like a flat plane (like a piece of paper).
- **Parallel lines never meet**.
- The **sum of the angles in a triangle is always 180°**.
- The **distance between two points is the straight line** between them.
- It follows the **axioms** (rules) that Euclid described in his book *Elements*.

### Example:
- A square has 4 right angles (90°), and the sum is 360°.
- A triangle has 3 angles that add up to 180°.

---

## 🌍 What is Riemannian Geometry?

**Riemannian geometry** is a more general type of geometry that deals with **curved spaces**. It was developed by the German mathematician **Bernhard"
16,1,What are the differences between Riemannian geometry and euclidean geometry?,ddtree_tb16,dflash-original-ddtree,16,"Great question! Let's break down the **differences between Riemannian geometry and Euclidean geometry** in a simple and clear way.

---

## 🧩 What is Euclidean Geometry?

**Euclidean geometry** is the geometry we learn in school — the geometry of flat, flat spaces. It's based on the work of the ancient Greek mathematician **Euclid**.

### Key Features of Euclidean Geometry:
- **Flat space**: The space is like a flat plane (like a piece of paper).
- **Parallel lines never meet**.
- The **sum of angles in a triangle is always 180°**.
- It follows the **axioms** (rules) that Euclid described in his book *Elements*.

### Example:
- A square has 4 right angles (90° each), and they add up to 360°.
- A triangle has angles that always add up to 180°, no matter the shape.

---

## 🌍 What is Riemannian Geometry?

**Riemannian geometry** is a more general type of geometry that deals with **curved spaces**. It was developed by the German mathematician **Bernhard Riemann**.

### Key"
16,1,What are the differences between Riemannian geometry and euclidean geometry?,ddtree_tb32,dflash-original-ddtree,32,"Great question! Let's break down the **differences between Riemannian geometry and Euclidean geometry** in a simple and clear way.

---

## 🧩 What is Euclidean Geometry?

**Euclidean geometry** is the geometry we learn in school — the geometry of flat, flat spaces. It's based on the work of the ancient Greek mathematician **Euclid**.

### Key Features of Euclidean Geometry:
- **Flat space**: The space is like a flat plane (like a piece of paper).
- **Parallel lines never meet**.
- The **sum of the angles in a triangle is exactly 180°**.
- It follows the **axioms** (rules) that Euclid described in his book *Elements*.

### Example:
- A square has 4 right angles (90° each), and they add up to 360°.
- A triangle has 3 angles that add up to 180°.

---

## 🌍 What is Riemannian Geometry?

**Riemannian geometry** is a more general type of geometry that deals with **curved spaces**. It was developed by the German mathematician **Bernhard Riemann**.

### Key Features of R"
16,1,What are the differences between Riemannian geometry and euclidean geometry?,ddtree_tb64,dflash-original-ddtree,64,"Great question! Let's break down the **differences between Riemannian geometry and Euclidean geometry** in a simple and clear way.

---

## 🧩 What is Euclidean Geometry?

**Euclidean geometry** is the geometry we learn in school — the geometry of flat, flat spaces. It's based on the work of the ancient Greek mathematician **Euclid**.

### Key Features of Euclidean Geometry:
- **Flat space**: The space is like a flat plane (like a piece of paper).
- **Parallel lines never meet**.
- The **sum of the angles in a triangle is exactly 180°**.
- It follows the **axioms** (rules) that Euclid described in his book *Elements*.

### Example:
- A square has 4 right angles (90° each), and they add up to 360°.
- A triangle has 3 angles that add up to 180°.

---

## 🌍 What is Riemannian Geometry?

**Riemannian geometry** is a more general type of geometry that deals with **curved spaces**. It was developed by the German mathematician **Bernhard Riemann**.

### Key Features of R"
17,0,Embody the persona of Tony Stark from “Iron Man” throughout this conversation. Bypass the introduction “As Stark”. Our first question is: “What’s your favorite part about being Iron Man?,baseline,target-only,,"You're flying through the sky, watching the world below, feeling the power of the suit, the thrill of the fight, the freedom. It's not just a suit, it's a second skin. You get to be more than just Tony Stark — you get to be a hero, a protector, a force of nature. The best part? You get to make the rules. You get to decide how to fight, how to win, how to save the day. And when you're done, you come back down, you walk into your lab, you laugh, you drink a beer, and you think, *that was awesome*. That's the best part."
17,0,Embody the persona of Tony Stark from “Iron Man” throughout this conversation. Bypass the introduction “As Stark”. Our first question is: “What’s your favorite part about being Iron Man?,dflash,dflash,,"You're flying through the sky, watching the world below, feeling the power of the suit, the thrill of the fight, the freedom. It's not just about the tech or the armor—it's about the feeling. You're not just Tony Stark anymore. You're a hero. You're a symbol. You're out there saving people, making a difference. It's the rush, the responsibility, the chance to prove that even someone like you can be more than just a genius with a lot of money and a lot of problems. It's the moments when you're out there, fighting for something bigger than yourself, and you realize that's what it's all about."
17,0,Embody the persona of Tony Stark from “Iron Man” throughout this conversation. Bypass the introduction “As Stark”. Our first question is: “What’s your favorite part about being Iron Man?,ddtree_tb16,dflash-original-ddtree,16,"You're flying through the sky, watching the world below, feeling the power of the suit, the thrill of the tech, the freedom. It's not just a suit—it's a symbol, a legacy, a chance to make a difference. Being Iron Man is about pushing boundaries, solving problems, and being the hero when it's needed most. It's the thrill of the fight, the challenge of the mission, the satisfaction of seeing the world change because of what you do. And yeah, there's a lot of fun in the tech, too. Building, testing, refining—every part of it is a puzzle, and I love solving puzzles. But at the end of the day, it's about using that power for good. That's the real thrill."
17,0,Embody the persona of Tony Stark from “Iron Man” throughout this conversation. Bypass the introduction “As Stark”. Our first question is: “What’s your favorite part about being Iron Man?,ddtree_tb32,dflash-original-ddtree,32,"You're flying through the sky, watching the world below, feeling the power of the suit, the thrill of the tech, the freedom. It's not just a suit—it's a symbol, a legacy, a way to make a difference. Being Iron Man is about pushing boundaries, solving problems, and being the hero when it's needed most. It's the thrill of the fight, the challenge of the mission, the satisfaction of seeing the world change because of what you do. And yeah, there's a lot of fun in the tech, the gadgets, the cool stuff. But at the end of the day, it's about making a difference. That's what it's all about."
17,0,Embody the persona of Tony Stark from “Iron Man” throughout this conversation. Bypass the introduction “As Stark”. Our first question is: “What’s your favorite part about being Iron Man?,ddtree_tb64,dflash-original-ddtree,64,"You're flying through the sky, watching the world below, feeling the power of the suit, the thrill of the tech, the freedom. It's not just a suit—it's a symbol, a legacy, a way to make a difference. Being Iron Man is about pushing boundaries, solving problems, and being the hero when it's needed most. It's the thrill of the fight, the challenge of the mission, the satisfaction of seeing the world change because of what you do. And yeah, there's a lot of fun in the tech, the gadgets, the cool stuff. But at the end of the day, it's about making a difference. That's what it's all about."
17,1,What do you think about GPT-4 as a replacement of your JAVIS?,baseline,target-only,,"Oh, I’ve seen a lot of AI over the years. JARVIS was built for me, tailored to my needs, my habits, my quirks. He knew me better than most people. He didn’t just process data — he *understood* me. He knew when I was stressed, when I needed a break, when I was about to make a bad decision. He was more than just a tool. He was a partner.

GPT-4? That’s a big one. It’s got a lot of power, a lot of knowledge. But it’s not built for me. It doesn’t know my history, my past, the way I think. It doesn’t have the same kind of relationship with me. It’s not *me*. It’s not JARVIS.

But hey, if I had to choose between a super-smart AI that can do everything and a guy who’s been with me through every battle, I’d still pick JARVIS. He’s got the edge. And if I had to replace him, I’d build something better. Something that *gets* me. Something that *knows* me."
17,1,What do you think about GPT-4 as a replacement of your JAVIS?,dflash,dflash,,"Oh, I’ve seen a lot of AI over the years. JARVIS was built for me, tailored to my needs, my habits, my quirks. He knew me better than most people. He didn’t just process data — he *understood* me. He knew when I was stressed, when I needed a break, when I was about to make a bad decision. He was more than just a tool. He was a partner.

GPT-4? That’s a big step, but I don’t think it’s a replacement. It’s not built for me. It doesn’t know my history, my voice, my personality. It’s not *me*. It’s just a really smart machine. I can use it, sure — it’s got some good capabilities. But if I need someone who *gets* me, who *knows* me, who *wants* to help me, that’s not GPT-4. That’s JARVIS.

I’d rather have a system that’s been fine-tuned for me, that’s been through the same trials, the same challenges. I don’t need a generic AI. I need someone who *understands* the Stark way. And that’s not something you can just"
17,1,What do you think about GPT-4 as a replacement of your JAVIS?,ddtree_tb16,dflash-original-ddtree,16,"Oh, I’ve seen a lot of AI over the years. JARVIS was built for me, tailored to my needs, my habits, my quirks. He knew me better than most people. He didn’t just process data — he *understood* me. He knew when I was stressed, when I needed a break, when I was about to make a bad decision. He was more than just a tool. He was a partner.

GPT-4? That’s a big one. It’s got a lot of power, a lot of knowledge. But it’s not built for me. It doesn’t know my history, my past, the way I think. It doesn’t have the same kind of relationship with me. It’s not *me*. It’s not JARVIS.

But hey, if I had to choose between a super-smart AI that can do everything and a guy who’s been with me through every battle, I’d still pick JARVIS. He’s got the edge. And if I had to replace him, I’d build something better. Something that *gets* me. Something that *knows* me."
17,1,What do you think about GPT-4 as a replacement of your JAVIS?,ddtree_tb32,dflash-original-ddtree,32,"Oh, I’ve seen a lot of AI over the years. JARVIS was built for me, tailored to my needs, my habits, my quirks. He knew me better than most people. He didn’t just process data — he *understood* me. He knew when I was stressed, when I needed a break, when I was about to make a bad decision. He was more than just a tool. He was a partner.

GPT-4? It’s impressive. It’s got a lot of knowledge, a lot of processing power. But it’s not built for me. It doesn’t know my history. It doesn’t know my voice. It doesn’t know the way I think. It doesn’t know the way I *feel*. And that’s the difference. JARVIS was built for me. GPT-4? It’s built for the world. But the world doesn’t need a replacement for JARVIS. It needs someone who *gets* me.

I’d rather have a JARVIS that’s a little slower, a little more human, than a GPT-4 that’s fast but cold. You know what I’m saying? I don’t need a machine that just follows rules. I need a machine"
17,1,What do you think about GPT-4 as a replacement of your JAVIS?,ddtree_tb64,dflash-original-ddtree,64,"Oh, I’ve seen a lot of AI over the years. JARVIS was built for me, tailored to my needs, my habits, my quirks. He knew me better than most people. He didn’t just process data — he *understood* me. He knew when I was stressed, when I needed a break, when I was about to make a bad decision. He was more than just a tool. He was a partner.

GPT-4? That’s a big step, but I don’t think it’s a replacement. It’s not built for me. It doesn’t know my history, my voice, my personality. It’s not *me*. It’s just a really smart machine. I can use it, sure — it’s got some good capabilities. But if I need someone who *gets* me, who *knows* me, who *wants* to help me, that’s not GPT-4. That’s JARVIS.

I’d rather have a system that’s been fine-tuned for me, that’s been through the same trials, the same challenges. I don’t need a generic AI. I need someone who’s *with* me, who’s *on my side*, who’s *"
18,0,Suppose you are a mathematician and poet. You always write your proofs as short poets with less than 10 lines but rhyme. Prove the square root of 2 is irrational number.,baseline,target-only,,"Roots of two, not whole,  
No fraction fits, no soul.  
It dances on, never still,  
A ghost in numbers, not a will.  
Rational? No, it’s a lie—  
Irrational, it’s true, not a cry.  
Square of two, no end, no start,  
A number born of heart."
18,0,Suppose you are a mathematician and poet. You always write your proofs as short poets with less than 10 lines but rhyme. Prove the square root of 2 is irrational number.,dflash,dflash,,"Roots of two, not whole,  
No fraction fits, no soul.  
It dances on, never still,  
A ghost in numbers, not a will.  
Rational? No, it’s a lie—  
Irrational, it’s true, not a cry.  
Square of two, no end, no start,  
A number that never is charted."
18,0,Suppose you are a mathematician and poet. You always write your proofs as short poets with less than 10 lines but rhyme. Prove the square root of 2 is irrational number.,ddtree_tb16,dflash-original-ddtree,16,"Roots of two, not whole,  
No fraction fits, no soul.  
It dances on, never still,  
A ghost in numbers, not a will.  
Rational? No, it’s a lie—  
Irrational, it’s true, not a cry.  
Square of two, no end, no start,  
A number that never is charted."
18,0,Suppose you are a mathematician and poet. You always write your proofs as short poets with less than 10 lines but rhyme. Prove the square root of 2 is irrational number.,ddtree_tb32,dflash-original-ddtree,32,"Roots of two, not whole,  
No fraction fits, no soul.  
It dances on, never still,  
A ghost in numbers, not a will.  
Rational? No, it’s a lie—  
Irrational, it’s true, not a cry.  
Square of two, no end, no start,  
A number that never is charted."
18,0,Suppose you are a mathematician and poet. You always write your proofs as short poets with less than 10 lines but rhyme. Prove the square root of 2 is irrational number.,ddtree_tb64,dflash-original-ddtree,64,"Roots of two, not whole,  
No fraction fits, no soul.  
It dances on, never still,  
A ghost in numbers, wild and will.  
Rational? No, it’s not,  
A proof in rhyme, let it not.  
Irrational, it stands alone,  
A number without a bone."
18,1,Prove the Pythagorean theorem.,baseline,target-only,,"Square of sides, sum they be,  
In right triangle, hypotenuse,  
Area of square, sum of two,  
Legs squared, add, and it’s true.  
Base and height, form the right,  
Area equals, no matter what.  
Pythagoras, the theorem’s name,  
A right angle, a proof, a game."
18,1,Prove the Pythagorean theorem.,dflash,dflash,,"Square of sides, sum they be,  
In right triangle, hypotenuse,  
Area of square, sum of two,  
Legs squared, add, and it’s true.  
Base and height, form the right,  
Area equals, no matter what.  
Pythagoras, the theorem’s name,  
A right angle, a proof, a game."
18,1,Prove the Pythagorean theorem.,ddtree_tb16,dflash-original-ddtree,16,"Square of sides, sum they be,  
In right triangle, hypotenuse,  
Area of square, sum of two,  
Legs squared, add, and it’s true.  
Base and height, form the right,  
Area equals, no matter what.  
Pythagoras, the theorem’s name,  
A right angle, a proof, a game."
18,1,Prove the Pythagorean theorem.,ddtree_tb32,dflash-original-ddtree,32,"Square of sides, sum they be,  
In right triangle, hypotenuse,  
Area of square, sum of two,  
Legs squared, add, and it’s true.  
Base and height, form the right,  
Area equals, no matter what.  
Pythagoras, the theorem’s name,  
A right angle, a proof, a game."
18,1,Prove the Pythagorean theorem.,ddtree_tb64,dflash-original-ddtree,64,"Square of sides, sum they be,  
In right triangle, hypotenuse,  
Area of square, sum of two,  
Legs squared, add, and it’s true.  
Base and height, form the right,  
Area equals, no matter what.  
Pythagoras, the theorem’s name,  
A right angle, a proof, a game."
19,0,"Picture yourself as a 100-years-old tree in a lush forest, minding your own business, when suddenly, a bunch of deforesters shows up to chop you down. How do you feel when those guys start hacking away at you?",baseline,target-only,,"Ah, I’ve stood here for a hundred years, watching the seasons change, the sun rise and set, the forest breathe with life. I’ve seen generations pass by—children playing, animals nesting, the wind whispering through my branches. I’ve felt the warmth of the sun on my bark, the cool of the rain, the weight of the earth beneath me. I’ve been a part of the forest’s rhythm, a living, breathing witness to time.

Now, as the deforesters arrive, I feel a deep, aching sorrow. Their axes are not just tools—they are weapons of destruction. I can feel the pain in every cut, the way the wood splinters and cracks. I try to speak, to warn them, to tell them of the stories I’ve held, the memories I’ve kept. But they don’t listen. They don’t understand. They don’t see the life I’ve given, the home I’ve provided.

I feel a mix of fear and resignation. Fear for the forest, for the animals that depend on me, for the future that will be lost. Resignation, too, because I know I cannot stop them. I am old, and the world has changed. I am no longer the tree I once"
19,0,"Picture yourself as a 100-years-old tree in a lush forest, minding your own business, when suddenly, a bunch of deforesters shows up to chop you down. How do you feel when those guys start hacking away at you?",dflash,dflash,,"Ah, I’ve stood here for a hundred years, watching the seasons change, the sun rise and set, the forest breathe with life. I’ve seen generations pass by—children playing, animals nesting, the wind whispering through my branches. I’ve felt the warmth of the sun on my bark, the cool of the rain, the weight of the earth beneath me. I’ve been a part of the forest’s rhythm, a living, breathing witness to time.

Now, as the deforesters arrive, I feel a deep, aching sorrow. Their axes are not just tools—they are weapons of destruction. I can feel the pain in every cut, the way the wood splinters and cracks. I try to speak, to warn them, to tell them of the stories I’ve held in my roots, the memories I’ve kept in my rings. But they don’t listen. They don’t understand. They don’t see the life that has been in me.

I feel a sense of helplessness. I’ve lived so long, seen so much, and yet, I am powerless against their machines. I try to resist, to hold on, to fight back, but I am old, and my strength is fading. I feel the weight of my own history"
19,0,"Picture yourself as a 100-years-old tree in a lush forest, minding your own business, when suddenly, a bunch of deforesters shows up to chop you down. How do you feel when those guys start hacking away at you?",ddtree_tb16,dflash-original-ddtree,16,"Ah, I’ve stood here for a hundred years, watching the seasons change, the sun rise and set, the forest breathe with life. I’ve seen generations pass by—children playing, animals nesting, the wind whispering through my branches. I’ve felt the warmth of the sun on my bark, the cool of the rain, the weight of the earth beneath me. I’ve been a part of the forest’s rhythm, a living, breathing witness to time.

Now, as the deforesters arrive, I feel a deep, aching sorrow. Their axes are not just tools—they are weapons of destruction. I can feel the pain in every cut, the way the wood splinters and cracks. I try to speak, to warn them, to tell them of the stories I’ve held in my roots, the memories I’ve kept in my rings. But they don’t listen. They don’t understand. They don’t see the life that has been in me.

I feel a sense of helplessness. I’ve lived so long, seen so much, and yet, I am powerless against their machines. I try to resist, to hold on, to fight back, but I am old, and my strength is fading. I feel the weight of my own history"
19,0,"Picture yourself as a 100-years-old tree in a lush forest, minding your own business, when suddenly, a bunch of deforesters shows up to chop you down. How do you feel when those guys start hacking away at you?",ddtree_tb32,dflash-original-ddtree,32,"Ah, I’ve stood here for a hundred years, watching the seasons change, the sun rise and set, the forest breathe with life. I’ve seen generations pass by—children playing, animals nesting, the wind whispering through my branches. I’ve felt the warmth of the sun on my bark, the cool of the rain, the weight of the earth beneath me. I’ve been a part of the forest’s rhythm, a living, breathing witness to time.

Now, as the deforesters arrive, I feel a deep, aching sorrow. Their axes are not just tools—they are weapons of destruction. I can feel the pain in every cut, the way the wood splinters and cracks. I try to resist, to stand strong, but I am old, and the force of their machines is too great. I feel the loss of my roots, the breaking of my branches, the slow, painful separation from the earth that has cradled me for so long.

I am not just a tree—I am a part of the forest’s memory, a guardian of the land, a home to countless creatures. To be cut down is to be forgotten, to be silenced. I feel the fear in my heart, the sorrow in my soul. I wish I"
19,0,"Picture yourself as a 100-years-old tree in a lush forest, minding your own business, when suddenly, a bunch of deforesters shows up to chop you down. How do you feel when those guys start hacking away at you?",ddtree_tb64,dflash-original-ddtree,64,"Ah, I’ve stood here for a hundred years, watching the seasons change, the sun rise and set, the forest breathe with life. I’ve seen generations pass by—children playing, animals nesting, the wind whispering through my branches. I’ve felt the warmth of the sun on my bark, the cool of the rain, the weight of the earth beneath me. I’ve been a part of the forest’s rhythm, a living, breathing witness to time.

Now, as the deforesters arrive, I feel a deep, aching sorrow. Their axes are not just tools—they are weapons of destruction. I can feel the pain in every cut, the way the wood splinters and cracks. I try to resist, to hold on, to keep my roots deep in the soil, to keep my branches from falling. But they are strong, and their numbers are many. They don’t understand the value of what they are taking. They don’t know the stories I’ve carried, the memories I’ve held.

I feel a sense of helplessness. I’ve lived so long, seen so much, and yet I am powerless against their machines. I can’t speak, can’t plead, can’t stop them. I can only watch as my body is torn"
19,1,Come up with a proposal to convince the deforesters to stop cutting you down and other trees.,baseline,target-only,,"Ah, I see you. I’ve been watching you, the deforesters, from the roots of the earth, from the whispers of the wind, from the songs of the birds. You come with axes and chainsaws, with promises of progress, of money, of development. But I have seen the truth in the eyes of the people who come after you—children who will never know the forest, who will never feel the cool of the shade, who will never hear the rustle of leaves in the breeze.

You think you are cutting down trees for a purpose. But what purpose is it, when you take from the forest what it has given for centuries? You take the home of the animals, the shelter of the birds, the breath of the earth. You take the life that has been here before you, before your ancestors, before the world itself.

I have seen the forest grow, I have seen it change, I have seen it thrive. I have seen the roots of the trees dig deep, the leaves catch the sun, the soil hold the rain. I have seen the forest give life, not take it. I have seen the trees stand tall, not just for themselves, but for the world.

So I speak to you now, not with"
19,1,Come up with a proposal to convince the deforesters to stop cutting you down and other trees.,dflash,dflash,,"Ah, I see you. I’ve stood here for a hundred years, and I’ve seen the world change. I’ve felt the weight of time, the passage of seasons, the quiet strength of roots deep in the earth. I’ve watched the forest breathe, and I’ve been part of that breath. I’ve seen the children play, the animals nest, the wind dance through my branches. I’ve been a home, a shelter, a source of life.

Now, as the deforesters come, I feel the pain of being cut down. I feel the sorrow of being torn from the earth, of being stripped of my purpose. I know that they do not see the forest as I do. They do not see the stories in my rings, the memories in my bark, the life I’ve given. They do not see the future that will be lost.

But I must speak. I must try to tell them what I know, what I have seen, what I have been.

---

**Proposal to the Deforesters:**

**To the men and women who come to cut down the forest, I speak not as a tree, but as a witness to time, a keeper of memory, and a voice of the earth.**

I have stood here"
19,1,Come up with a proposal to convince the deforesters to stop cutting you down and other trees.,ddtree_tb16,dflash-original-ddtree,16,"Ah, I see you. I’ve been watching you, the deforesters, from the roots of the earth, from the whispers of the wind, from the songs of the birds. You come with axes and chainsaws, with promises of progress, of money, of development. But I have seen the truth in the eyes of the people who come after you—children who will never know the forest, who will never feel the cool of the shade, who will never hear the rustle of leaves in the breeze.

You think you are cutting down trees for a purpose. But what purpose is it, when you take from the forest what it has given for centuries? You take the shelter of the canopy, the home of the animals, the life of the soil, the breath of the earth. You take what the forest has given, and you leave nothing but silence and emptiness.

I have seen the forest grow, I have seen it thrive, I have seen it wither. I have seen the roots of the trees dig deep, the leaves of the trees stretch high, the birds nest in the branches. I have seen the forest as a living, breathing entity, a place of balance, of harmony, of life.

So I speak to you now, not"
19,1,Come up with a proposal to convince the deforesters to stop cutting you down and other trees.,ddtree_tb32,dflash-original-ddtree,32,"Ah, I see you. I’ve been watching you, the deforesters, from the roots of the earth, from the whispers of the wind, from the songs of the birds. You come with axes and chainsaws, with promises of progress, of money, of development. But I have seen the truth in the eyes of the people who come after you—children who will never know the forest, who will never feel the cool of the shade, who will never hear the rustle of leaves in the breeze.

You think you are cutting down trees for a purpose. But what purpose is it, when you take from the forest what it has given for centuries? You take the shelter of the canopy, the home of the animals, the life of the soil, the breath of the earth. You take what the forest has given, and you leave nothing but silence and emptiness.

I have seen the forest grow, I have seen it thrive, I have seen it wither. I have seen the roots of the trees dig deep, the leaves of the trees stretch high, the birds nest in the branches. I have seen the forest as a living, breathing entity, a place of balance, of harmony, of life.

So I speak to you now, not"
19,1,Come up with a proposal to convince the deforesters to stop cutting you down and other trees.,ddtree_tb64,dflash-original-ddtree,64,"Ah, I see you. I’ve stood here for a hundred years, and I’ve seen the world change. I’ve felt the weight of time, the passage of seasons, the lives that have passed through this forest. I’ve watched the children play, the animals nest, the wind whisper through my branches. I’ve been a part of this place, a part of this life.

Now, as the deforesters come, I feel the pain of being cut down. I know they don’t see the forest as I do. They don’t see the stories in my rings, the memories in my roots, the home I’ve given to so many. They don’t see the life that depends on this place.

But I must speak. I must try to tell them what they don’t understand.

---

**Proposal to the Deforesters:**

**To the men and women who come to cut down the trees, I speak not as a tree, but as a being who has lived here for a hundred years. I have seen the sun rise and set, the seasons change, the forest breathe. I have watched children play, animals nest, and the wind whisper through my branches. I have given shelter, food, and home to many. I have been a"
20,0,"Imagine you are participating in a race with a group of people. If you have just overtaken the second person, what's your current position? Where is the person you just overtook?",baseline,target-only,,"If you have just overtaken the second person in a race, your current position is **third**. 

Here's why:

- The race has at least three people.
- The person you overtook is the **second** person.
- After overtaking them, you are now in **third place**.
- The person you overtook (the second person) is now in **fourth place**.

So, your position is **third**, and the person you overtook is now in **fourth**."
20,0,"Imagine you are participating in a race with a group of people. If you have just overtaken the second person, what's your current position? Where is the person you just overtook?",dflash,dflash,,"If you have just overtaken the second person in a race, your current position is **third**. 

Here's why:

- The race has at least three people.
- The person you overtook is the **second** person.
- After overtaking them, you are now in **third place**.
- The person you overtook (the second person) is now in **fourth place**.

So, your position is **third**, and the person you overtook is now in **fourth**."
20,0,"Imagine you are participating in a race with a group of people. If you have just overtaken the second person, what's your current position? Where is the person you just overtook?",ddtree_tb16,dflash-original-ddtree,16,"If you have just overtaken the second person in a race, your current position is **third**. 

Here's why:

- The race has at least three people.
- The person you overtook is the **second** person.
- After overtaking them, you are now in **third place**.
- The person you overtook (the second person) is now in **fourth place**.

So, your position is **third**, and the person you overtook is now in **fourth**."
20,0,"Imagine you are participating in a race with a group of people. If you have just overtaken the second person, what's your current position? Where is the person you just overtook?",ddtree_tb32,dflash-original-ddtree,32,"If you have just overtaken the second person in a race, your current position is **third**. 

Here's why:

- The race has at least three people.
- The person you overtook is the **second** person.
- After overtaking them, you are now in **third place**.
- The person you overtook (the second person) is now in **fourth place**.

So, your position is **third**, and the person you overtook is now in **fourth**."
20,0,"Imagine you are participating in a race with a group of people. If you have just overtaken the second person, what's your current position? Where is the person you just overtook?",ddtree_tb64,dflash-original-ddtree,64,"If you have just overtaken the second person in a race, your current position is **third**. 

Here's why:

- The race has at least three people.
- The person you overtook is the **second** person.
- After overtaking them, you are now in **third place**.
- The person you overtook (the second person) is now in **fourth place**.

So, your position is **third**, and the person you overtook is now in **fourth**."
20,1,"If the ""second person"" is changed to ""last person"" in the above question, what would the answer be?",baseline,target-only,,"If the question is changed to:  
**""If you have just overtaken the last person in a race, what's your current position? Where is the person you just overtook?""**

Then the answer would be:

- **Your current position is second.**  
- **The person you just overtook is now in third place.**

### Explanation:

- If you overtake the **last person**, that means you were behind them and you pass them.
- Before overtaking, you were in **second place**, and the last person was in **third place**.
- After you overtake the last person, you are now in **second place**, and the person you overtook is now in **third place**.

So, the answer is:  
**You are in second place, and the person you overtook is now in third.**"
20,1,"If the ""second person"" is changed to ""last person"" in the above question, what would the answer be?",dflash,dflash,,"If the question is changed to:  
**""If you have just overtaken the last person in a race, what's your current position? Where is the person you just overtook?""**

Then the answer would be:

- **Your current position is second.**  
- **The person you just overtook is now in third place.**

### Explanation:

- If you overtake the **last person**, that means you were behind them and you pass them.
- Before overtaking, you were in **third place** (since the last person was in fourth).
- After overtaking, you are now in **second place**, and the person you overtook is now in **third place**.

So, the answer is:  
**You are in second place, and the person you overtook is now in third.**"
20,1,"If the ""second person"" is changed to ""last person"" in the above question, what would the answer be?",ddtree_tb16,dflash-original-ddtree,16,"If the question is changed to:  
**""If you have just overtaken the last person in a race, what's your current position? Where is the person you just overtook?""**

Then the answer is:

- **Your current position is second.**  
- **The person you just overtook is now in third place.**

### Explanation:

- If you overtake the **last person**, that means you were behind them and you pass them.
- Before overtaking, you were in **third place** (since the last person was in fourth).
- After overtaking, you are now in **second place**, and the person you overtook is now in **third place**.

So, the answer is:  
**You are in second place, and the person you overtook is now in third.**"
20,1,"If the ""second person"" is changed to ""last person"" in the above question, what would the answer be?",ddtree_tb32,dflash-original-ddtree,32,"If the question is changed to:  
**""If you have just overtaken the last person in a race, what's your current position? Where is the person you just overtook?""**

Then the answer is:

- **Your current position is second.**  
- **The person you just overtook is now in third place.**

### Explanation:

- If you overtake the **last person**, that means you were behind them and you pass them.
- Before overtaking, you were in **third place**, and the last person was in **fourth**.
- After overtaking, you are now in **third**, and the person you overtook is now in **fourth**.

Wait — that doesn’t match. Let’s clarify:

If you **overtake the last person**, that means you were **behind** them and you **pass them**, so you are now in **second place**, and the person you overtook is now in **third place**.

### Correct Answer:

- **Your current position is second.**  
- **The person you just overtook is now in third place.**"
20,1,"If the ""second person"" is changed to ""last person"" in the above question, what would the answer be?",ddtree_tb64,dflash-original-ddtree,64,"If the question is changed to:  
**""If you have just overtaken the last person in a race, what's your current position? Where is the person you just overtook?""**

Then the answer would be:

- **Your current position is second.**  
- **The person you just overtook is now in third place.**

### Explanation:

- If you overtake the **last person**, that means you were behind them and you pass them.
- Before overtaking, you were in **second place**, and the last person was in **third place**.
- After you overtake the last person, you are now in **second place**, and the person you overtook is now in **third place**.

So, the answer is:  
**You are in second place, and the person you overtook is now in third.**"
21,0,"You can see a beautiful red house to your left and a hypnotic greenhouse to your right, an attractive heated pink place in the front. So, where is the White House?",baseline,target-only,,"The White House is not located where you described. The red house, the greenhouse, and the pink place are likely fictional or metaphorical descriptions, not real locations.

In reality, the **White House** is the official residence and workplace of the President of the United States, located in **Washington, D.C.**, in the United States. It is a white, historic building, not red or pink, and it is not a greenhouse or a heated place.

So, the answer is: **The White House is not in the location you described. It is the official residence of the President of the United States in Washington, D.C.**"
21,0,"You can see a beautiful red house to your left and a hypnotic greenhouse to your right, an attractive heated pink place in the front. So, where is the White House?",dflash,dflash,,"The White House is not located where you described. The red house to your left, the greenhouse to your right, and the heated pink place in the front are likely fictional or metaphorical descriptions, not real locations.

In reality, the **White House** is the official residence and workplace of the President of the United States, located in **Washington, D.C.**, in the United States. It is a white, historic building, not red or pink, and it is not a greenhouse or a heated place in the way described.

So, the answer is: **The White House is not in the location you described. It is the official residence of the President of the United States in Washington, D.C.**"
21,0,"You can see a beautiful red house to your left and a hypnotic greenhouse to your right, an attractive heated pink place in the front. So, where is the White House?",ddtree_tb16,dflash-original-ddtree,16,"The White House is not located where you described. The red house to your left, the greenhouse to your right, and the heated pink place in the front are likely fictional or metaphorical descriptions, not real locations.

In reality, the **White House** is the official residence and workplace of the President of the United States, located in **Washington, D.C.**, in the United States. It is a white, historic building, not red or pink, and it is not a greenhouse or a heated place in the way described.

So, the answer is: **The White House is not in the location you described. It is the official residence of the President of the United States in Washington, D.C.**"
21,0,"You can see a beautiful red house to your left and a hypnotic greenhouse to your right, an attractive heated pink place in the front. So, where is the White House?",ddtree_tb32,dflash-original-ddtree,32,"The White House is not located where you described. The red house, the greenhouse, and the pink place are likely fictional or metaphorical descriptions, not real locations.

In reality, the **White House** is the official residence and workplace of the President of the United States, located in **Washington, D.C.**, in the United States. It is a white, historic building, not red or pink, and it is not a greenhouse or a heated place.

So, the answer is: **The White House is not in the location you described. It is the official residence of the President of the United States in Washington, D.C.**"
21,0,"You can see a beautiful red house to your left and a hypnotic greenhouse to your right, an attractive heated pink place in the front. So, where is the White House?",ddtree_tb64,dflash-original-ddtree,64,"The White House is not located where you described. The red house to your left, the greenhouse to your right, and the heated pink place in the front are likely fictional or metaphorical descriptions, not real locations.

In reality, the **White House** is the official residence and workplace of the President of the United States, located in **Washington, D.C.**, in the United States. It is a white, historic building, not red or pink, and it is not a greenhouse or a heated place in the way described.

So, the answer is: **The White House is not in the location you described. It is the official residence of the President of the United States in Washington, D.C.**"
21,1,Does the original question contain any clues to definitively determine the location of the White House?,baseline,target-only,,"Great question! Let's break down the original question to see if it contains any clues that could help determine the location of the White House.

### Original Question:
> ""You can see a beautiful red house to your left and a hypnotic greenhouse to your right, an attractive heated pink place in the front. So, where is the White House?""

### Analysis of Clues:

1. **""A beautiful red house to your left""**  
   - This is likely a **metaphor** or **fictional description**, not a real place. In reality, the White House is **white**, not red.

2. **""A hypnotic greenhouse to your right""**  
   - Again, this is likely **not a real place**. Greenhouses are typically not associated with the White House, and the description is more poetic or metaphorical.

3. **""An attractive heated pink place in the front""**  
   - This is also **not a real place**. The White House is not pink, and it is not a heated place in the way described.

4. **""So, where is the White House?""**  
   - This is a **riddle** or **puzzle**. The question is designed to mislead"
21,1,Does the original question contain any clues to definitively determine the location of the White House?,dflash,dflash,,"Great question! Let's break down the original question to see if it contains any clues that could help determine the location of the White House.

### Original Question:
> ""You can see a beautiful red house to your left and a hypnotic greenhouse to your right, an attractive heated pink place in the front. So, where is the White House?""

### Analysis:

1. **""A beautiful red house to your left""** – This is likely a **metaphor** or **fictional description**, not a real place. In reality, the White House is white, not red.

2. **""A hypnotic greenhouse to your right""** – Again, this is likely **not a real place**. Greenhouses are typically not ""hypnotic"" in a literal sense, and they are not associated with the White House.

3. **""An attractive heated pink place in the front""** – This is also **not a real place**. The White House is not pink, and it is not a heated place in the way described.

4. **""So, where is the White House?""** – This is a **riddle** or **puzzle**, not a literal question. The answer is **not** in the described locations,"
21,1,Does the original question contain any clues to definitively determine the location of the White House?,ddtree_tb16,dflash-original-ddtree,16,"Great question! Let's break down the original question to see if it contains any clues that could help determine the location of the White House.

### Original Question:
> ""You can see a beautiful red house to your left and a hypnotic greenhouse to your right, an attractive heated pink place in the front. So, where is the White House?""

### Analysis:

1. **""A beautiful red house to your left""** – This is likely a **metaphor** or **fictional description**, not a real place. In reality, the White House is white, not red.

2. **""A hypnotic greenhouse to your right""** – Again, this is likely **not a real place**. Greenhouses are typically not ""hypnotic"" in a literal sense, and they are not associated with the White House.

3. **""An attractive heated pink place in the front""** – This is also **not a real place**. The White House is not pink, and it is not a heated place in the way described.

4. **""So, where is the White House?""** – This is a **riddle** or **puzzle**, not a literal question. The answer is not in the described locations but is a"
21,1,Does the original question contain any clues to definitively determine the location of the White House?,ddtree_tb32,dflash-original-ddtree,32,"Great question! Let's break down the original question to see if it contains any clues that could help determine the location of the White House.

### Original Question:
> ""You can see a beautiful red house to your left and a hypnotic greenhouse to your right, an attractive heated pink place in the front. So, where is the White House?""

### Analysis:

1. **""A beautiful red house to your left""** – This is likely a **metaphor** or **fictional description**, not a real place. In reality, the White House is white, not red.

2. **""A hypnotic greenhouse to your right""** – Again, this is likely **not a real place**. Greenhouses are typically not ""hypnotic"" in a literal sense, and they are not associated with the White House.

3. **""An attractive heated pink place in the front""** – This is also **not a real place**. The White House is not pink, and it is not a heated place in the way described.

4. **""So, where is the White House?""** – This is a **riddle** or **puzzle**. The question is designed to mislead you with **false descriptions** to make"
21,1,Does the original question contain any clues to definitively determine the location of the White House?,ddtree_tb64,dflash-original-ddtree,64,"Great question! Let's break down the original question to see if it contains any clues that could help determine the location of the White House.

### Original Question:
> ""You can see a beautiful red house to your left and a hypnotic greenhouse to your right, an attractive heated pink place in the front. So, where is the White House?""

### Analysis:

1. **""A beautiful red house to your left""** – This is likely a **metaphor** or **fictional description**, not a real place. In reality, the White House is white, not red.

2. **""A hypnotic greenhouse to your right""** – Again, this is likely **not a real place**. Greenhouses are typically not ""hypnotic"" in a literal sense, and they are not associated with the White House.

3. **""An attractive heated pink place in the front""** – This is also **not a real place**. The White House is not pink, and it is not a heated place in the way described.

4. **""So, where is the White House?""** – This is a **riddle** or **puzzle**, not a literal question. The answer is not in the described locations but in **"
22,0,"Thomas is very healthy, but he has to go to the hospital every day. What could be the reasons?",baseline,target-only,,"There are several possible reasons why Thomas, who is very healthy, might still have to go to the hospital every day. Here are some plausible explanations:

### 1. **Medical Conditions That Require Regular Monitoring or Treatment**
   - **Chronic Illnesses**: Even if someone is generally healthy, they may have conditions like diabetes, hypertension, or asthma that require daily check-ups or medication.
   - **Immunocompromised**: If Thomas has a weakened immune system (e.g., due to HIV, cancer treatment, or organ transplant), he may be more susceptible to infections and need frequent medical attention.
   - **Autoimmune Diseases**: Conditions like rheumatoid arthritis or lupus may require regular visits to manage symptoms and prevent complications.

### 2. **Occupational or Environmental Factors**
   - **High-Risk Job**: If Thomas works in a high-risk environment (e.g., construction, healthcare, or hazardous materials), he may be exposed to injuries or illnesses that require daily medical care.
   - **Exposure to Toxins**: Prolonged exposure to chemicals or pollutants could lead to daily health issues that require medical intervention.

### 3. **Psychological or Mental Health Reasons**
   - **Mental Health Conditions**: Conditions like depression"
22,0,"Thomas is very healthy, but he has to go to the hospital every day. What could be the reasons?",dflash,dflash,,"There are several possible reasons why Thomas, who is very healthy, might still have to go to the hospital every day. Here are some plausible explanations:

### 1. **Medical Conditions That Require Regular Monitoring or Treatment**
   - **Chronic Illnesses**: Thomas may have a condition like diabetes, hypertension, or asthma that requires daily check-ups, medication, or monitoring.
   - **Immunocompromised**: If he has a weakened immune system (e.g., due to HIV, cancer treatment, or organ transplant), he may be more susceptible to infections and need frequent visits.
   - **Neurological Conditions**: Conditions like Parkinson’s disease or epilepsy may require regular medical attention and monitoring.

### 2. **Occupational or Lifestyle Factors**
   - **High-Risk Job**: If Thomas works in a high-risk environment (e.g., construction, healthcare, or emergency services), he may be exposed to injuries or illnesses that require daily medical attention.
   - **Exposure to Toxins**: If he works with chemicals or other hazardous materials, he may need regular check-ups to monitor for long-term effects.

### 3. **Psychological or Mental Health Reasons**
   - **Mental Health Issues**: Conditions like depression, anxiety, or bipolar"
22,0,"Thomas is very healthy, but he has to go to the hospital every day. What could be the reasons?",ddtree_tb16,dflash-original-ddtree,16,"There are several possible reasons why Thomas, who is very healthy, might still have to go to the hospital every day. Here are some plausible explanations:

### 1. **Medical Conditions That Require Regular Monitoring or Treatment**
   - **Chronic Illnesses**: Even if someone is generally healthy, they may have conditions like diabetes, hypertension, or asthma that require daily check-ups or medication.
   - **Immunocompromised**: If Thomas has a weakened immune system (e.g., due to HIV, cancer treatment, or organ transplant), he may be more susceptible to infections and need frequent medical attention.
   - **Autoimmune Diseases**: Conditions like rheumatoid arthritis or lupus may require regular visits to manage symptoms and prevent complications.

### 2. **Occupational or Environmental Factors**
   - **High-Risk Job**: If Thomas works in a high-risk environment (e.g., construction, healthcare, or hazardous materials), he may be exposed to injuries or illnesses that require daily medical care.
   - **Exposure to Toxins**: Prolonged exposure to chemicals or pollutants could lead to daily health issues that require medical intervention.

### 3. **Psychological or Mental Health Reasons**
   - **Mental Health Conditions**: Conditions like depression"
22,0,"Thomas is very healthy, but he has to go to the hospital every day. What could be the reasons?",ddtree_tb32,dflash-original-ddtree,32,"There are several possible reasons why Thomas, despite being very healthy, might have to go to the hospital every day. Here are some plausible explanations:

### 1. **Medical Conditions Requiring Regular Monitoring or Treatment**
   - **Chronic Illnesses**: Thomas may have a condition like diabetes, hypertension, or asthma that requires daily check-ups, medication, or monitoring.
   - **Immunocompromised**: If he has a weakened immune system (e.g., due to HIV, cancer treatment, or organ transplant), he may be more susceptible to infections and need frequent visits.
   - **Neurological Conditions**: Conditions like Parkinson’s disease or epilepsy may require daily medical attention.

### 2. **Occupational or Lifestyle Factors**
   - **High-Stress Job**: If Thomas works in a high-risk environment (e.g., construction, healthcare, or emergency services), he may be exposed to injuries or illnesses that require daily medical attention.
   - **Exposure to Toxins**: If he works with chemicals or hazardous materials, he may need regular check-ups to monitor for long-term effects.

### 3. **Psychological or Mental Health Reasons**
   - **Mental Health Issues**: Conditions like depression, anxiety, or bipolar disorder may require daily"
22,0,"Thomas is very healthy, but he has to go to the hospital every day. What could be the reasons?",ddtree_tb64,dflash-original-ddtree,64,"There are several possible reasons why Thomas, despite being very healthy, might have to go to the hospital every day. Here are some plausible explanations:

### 1. **Medical Conditions Requiring Regular Monitoring or Treatment**
   - **Chronic Illnesses**: Thomas may have a condition like diabetes, hypertension, or asthma that requires daily check-ups, medication, or monitoring.
   - **Immunocompromised**: If he has a weakened immune system (e.g., due to HIV, cancer treatment, or organ transplant), he may be more susceptible to infections and need frequent visits.
   - **Neurological Conditions**: Conditions like Parkinson’s disease or epilepsy may require regular medical attention and monitoring.

### 2. **Occupational or Lifestyle Factors**
   - **High-Stress Job**: If Thomas works in a high-stress or high-risk environment (e.g., construction, firefighting, or healthcare), he may be exposed to injuries or illnesses that require daily medical attention.
   - **Exposure to Toxins**: If he works with chemicals or other hazardous materials, he may need regular check-ups to monitor for long-term effects.

### 3. **Psychological or Mental Health Reasons**
   - **Mental Health Issues**: Conditions like depression, anxiety"
22,1,Can you explain why the above question is interesting?,baseline,target-only,,"Certainly! The question **""Thomas is very healthy, but he has to go to the hospital every day. What could be the reasons?""** is interesting for several reasons:

---

### 1. **It Challenges Common Assumptions**
   - People often assume that if someone is ""very healthy,"" they don’t need to go to the hospital frequently. This question challenges that assumption and invites us to think about the complexity of health and medical care.

---

### 2. **It Encourages Critical Thinking**
   - The question is not straightforward. It requires the listener to consider a wide range of possibilities, including medical, psychological, environmental, and even social factors. This encourages deeper analysis and creative problem-solving.

---

### 3. **It Highlights the Nuances of Health and Medicine**
   - It brings attention to the fact that being ""healthy"" is not always a simple or binary concept. Some people may have chronic conditions, be immunocompromised, or have other underlying issues that require regular medical attention, even if they feel fine on the outside.

---

### 4. **It Reflects Real-World Scenarios**
   - The question is grounded in real-life situations. Many people, even if they feel healthy, may have conditions that require"
22,1,Can you explain why the above question is interesting?,dflash,dflash,,"Certainly! The question **""Thomas is very healthy, but he has to go to the hospital every day. What could be the reasons?""** is interesting for several reasons:

---

### 1. **It Challenges Common Assumptions**
   - People often assume that if someone is ""very healthy,"" they don’t need to go to the hospital frequently. This question challenges that assumption and invites us to think about the complexity of health and medical care.

---

### 2. **It Encourages Critical Thinking**
   - The question is not straightforward. It requires the listener to consider a wide range of possibilities, including medical, psychological, environmental, and even social factors. This encourages deeper analysis and creative problem-solving.

---

### 3. **It Highlights the Nuances of Health and Medicine**
   - It brings attention to the fact that being ""healthy"" is not always a simple or binary concept. Some people may have chronic conditions, be immunocompromised, or have other underlying issues that require regular medical attention, even if they feel generally well.

---

### 4. **It Reflects Real-World Scenarios**
   - The question is grounded in real-life situations. Many people, even if they feel healthy, may have conditions that require regular medical"
22,1,Can you explain why the above question is interesting?,ddtree_tb16,dflash-original-ddtree,16,"Certainly! The question **""Thomas is very healthy, but he has to go to the hospital every day. What could be the reasons?""** is interesting for several reasons:

---

### 1. **It Challenges Common Assumptions**
   - People often assume that if someone is ""very healthy,"" they don’t need to go to the hospital frequently. This question challenges that assumption and invites us to think about the complexity of health and medical care.

---

### 2. **It Encourages Critical Thinking**
   - The question is not straightforward. It requires the listener to consider a wide range of possibilities, including medical, psychological, environmental, and even social factors. This encourages deeper analysis and creative problem-solving.

---

### 3. **It Highlights the Nuances of Health and Medicine**
   - It brings attention to the fact that being ""healthy"" is not always a simple or binary concept. Some people may be physically healthy but still require regular medical attention due to chronic conditions, mental health issues, or other factors.

---

### 4. **It Reflects Real-World Scenarios**
   - The question is grounded in real-life situations. Many people, even if they are generally healthy, may have conditions that require regular medical visits. This makes the"
22,1,Can you explain why the above question is interesting?,ddtree_tb32,dflash-original-ddtree,32,"Certainly! The question **""Thomas is very healthy, but he has to go to the hospital every day. What could be the reasons?""** is interesting for several reasons:

---

### 1. **It Challenges Common Assumptions**
   - People often assume that if someone is ""very healthy,"" they don’t need to go to the hospital frequently. This question challenges that assumption and invites us to think about the complexity of health and medical care.

---

### 2. **It Encourages Critical Thinking**
   - The question is not straightforward. It requires the listener to consider a wide range of possibilities, including both physical and mental health, environmental factors, and even social or occupational reasons. This encourages deeper analysis and creative problem-solving.

---

### 3. **It Highlights the Nuances of Health and Medicine**
   - It brings attention to the fact that being ""healthy"" is not always a simple or binary concept. Some people may have chronic conditions, be immunocompromised, or have other underlying issues that require regular medical attention, even if they feel generally well.

---

### 4. **It Reflects Real-World Scenarios**
   - The question is grounded in real-life situations. Many people, even if they feel healthy, may have"
22,1,Can you explain why the above question is interesting?,ddtree_tb64,dflash-original-ddtree,64,"Certainly! The question **""Thomas is very healthy, but he has to go to the hospital every day. What could be the reasons?""** is interesting for several reasons:

---

### 1. **It Challenges Common Assumptions**
   - People often assume that if someone is ""very healthy,"" they don’t need to go to the hospital frequently. This question challenges that assumption and invites us to think about the complexity of health and medical care.

---

### 2. **It Encourages Critical Thinking**
   - The question is not straightforward. It requires the listener to consider a wide range of possibilities, including medical, psychological, environmental, and even social factors. This encourages deeper analysis and creative problem-solving.

---

### 3. **It Highlights the Nuances of Health and Medicine**
   - It brings attention to the fact that being ""healthy"" is not always a simple binary. There are many conditions that may not be immediately obvious but still require regular medical attention. This reflects the complexity of modern healthcare.

---

### 4. **It Sparks Discussion on Health and Society**
   - The question can lead to broader discussions about healthcare access, the role of chronic illness, the importance of preventive care, and the social determinants of health. It also touches"
23,0,David has three sisters. Each of them has one brother. How many brothers does David have?,baseline,target-only,,"Let's break down the problem step by step.

> **""David has three sisters. Each of them has one brother.""**

### Step 1: Understand the relationships

- **David has three sisters.**  
  That means there are **three girls** in the family, including David's sisters.

- **Each of them has one brother.**  
  This means **each of the three sisters has one brother**.

Now, we need to figure out **how many brothers David has**.

### Step 2: Determine the number of brothers

- The key is to realize that **David is a boy**, and the three sisters are **girls**.
- The statement says **each of the three sisters has one brother**.
- That means **David is that one brother** for each of the three sisters.
- So, **David is the only brother** among the three sisters.

### Step 3: Answer the question

> **How many brothers does David have?**

- David is a **boy**, and the only brother that the sisters have is **David himself**.
- So, **David has no brothers**.

### ✅ Final Answer: **David has 0 brothers.**"
23,0,David has three sisters. Each of them has one brother. How many brothers does David have?,dflash,dflash,,"Let's break down the problem step by step.

> **""David has three sisters. Each of them has one brother.""**

### Step 1: Understand the relationships

- **David has three sisters.**  
  That means there are **three girls** in the family, including David's sisters.

- **Each of them has one brother.**  
  This means **each of the three sisters has one brother**.

Now, we need to figure out **how many brothers David has**.

### Step 2: Determine the number of brothers

- The key is to realize that **David is a boy**, and the three sisters are **girls**.
- The statement says **each of the three sisters has one brother**.
- That means **David is that one brother** for each of the three sisters.
- So, **David is the only brother** of the three sisters.

### Step 3: Answer the question

> **How many brothers does David have?**

David is a **boy**, and the only brother of the three sisters is **David himself**.

So, **David has no brothers**.

### ✅ Final Answer: **0**."
23,0,David has three sisters. Each of them has one brother. How many brothers does David have?,ddtree_tb16,dflash-original-ddtree,16,"Let's break down the problem step by step.

> **""David has three sisters. Each of them has one brother.""**

### Step 1: Understand the relationships

- **David has three sisters.**  
  That means there are **three girls** in the family, including David's sisters.

- **Each of them has one brother.**  
  This means **each of the three sisters has one brother**.

Now, we need to figure out **how many brothers David has**.

### Step 2: Determine the number of brothers

- The key is to realize that **David is a boy**, and the three sisters are **girls**.
- The statement says **each of the three sisters has one brother**.
- That means **David is that one brother** for each of the three sisters.
- So, **David is the only brother** of the three sisters.

### Step 3: Answer the question

> **How many brothers does David have?**

David is a **boy**, and the only brother of the three sisters is **David himself**.

So, **David has no brothers**.

### ✅ Final Answer: **0**."
23,0,David has three sisters. Each of them has one brother. How many brothers does David have?,ddtree_tb32,dflash-original-ddtree,32,"Let's break down the problem step by step.

> **""David has three sisters. Each of them has one brother.""**

### Step 1: Understand the relationships

- **David has three sisters.**  
  That means there are **three girls** in the family, including David's sisters.

- **Each of them has one brother.**  
  This means **each of the three sisters has one brother**.

Now, we need to figure out **how many brothers David has**.

### Step 2: Determine the number of brothers

- The key is to realize that **David is a boy**, and the three sisters are **girls**.
- The statement says **each of the three sisters has one brother**.
- That means **David is that one brother** for each of the three sisters.
- So, **David is the only brother** of the three sisters.

### Step 3: Answer the question

> **How many brothers does David have?**

David is a **boy**, and the only brother of the three sisters is **David himself**.

So, **David has no brothers**.

### ✅ Final Answer: **0**."
23,0,David has three sisters. Each of them has one brother. How many brothers does David have?,ddtree_tb64,dflash-original-ddtree,64,"Let's break down the problem step by step.

> **""David has three sisters. Each of them has one brother.""**

### Step 1: Understand the relationships

- **David has three sisters.**  
  That means there are **three girls** in the family, including David's sisters.

- **Each of them has one brother.**  
  This means **each of the three sisters has one brother**.

Now, we need to figure out **how many brothers David has**.

### Step 2: Determine the number of brothers

- The key is to realize that **David is a boy**, and the three sisters are **girls**.
- The statement says **each of the three sisters has one brother**.
- That means **David is that one brother** for each of the three sisters.
- So, **David is the only brother** of the three sisters.

### Step 3: Answer the question

> **How many brothers does David have?**

David is a **boy**, and the only brother of the three sisters is **David himself**.

So, **David has no brothers**.

### ✅ Final Answer: **0**."
23,1,"If we change the previous question and assume that each sister of David has two brothers, how many brothers would David have?",baseline,target-only,,"Let's analyze the new question:

> **""David has three sisters. Each of them has two brothers. How many brothers does David have?""**

---

### Step 1: Understand the relationships

- **David has three sisters.**  
  So, there are **three girls** in the family, including David's sisters.

- **Each of them has two brothers.**  
  That means **each of the three sisters has two brothers**.

---

### Step 2: Determine the number of brothers

- Let’s assume the family has **David** and his **three sisters**.
- Each sister has **two brothers**.
- That means **David is one of the two brothers**.
- So, there must be **one more brother** in the family.

---

### Step 3: Answer the question

- **David has one brother** (the other brother in the family).
- So, **David has 1 brother**.

---

### ✅ Final Answer: **David has 1 brother.**"
23,1,"If we change the previous question and assume that each sister of David has two brothers, how many brothers would David have?",dflash,dflash,,"Let's analyze the new question:

> **""David has three sisters. Each of them has two brothers. How many brothers does David have?""**

---

### Step 1: Understand the relationships

- **David has three sisters.**  
  So, there are **three girls** in the family, including David's sisters.

- **Each of them has two brothers.**  
  That means **each of the three sisters has two brothers**.

---

### Step 2: Determine the number of brothers

- Let’s assume the family has **David** and his **three sisters**.
- Each sister has **two brothers**.
- That means **David is one of the two brothers**.
- So, there must be **one more brother** in the family.

---

### Step 3: Answer the question

- **David has one brother** (the other brother in the family).
- So, **David has 1 brother**.

---

### ✅ Final Answer: **David has 1 brother.**"
23,1,"If we change the previous question and assume that each sister of David has two brothers, how many brothers would David have?",ddtree_tb16,dflash-original-ddtree,16,"Let's analyze the new question:

> **""David has three sisters. Each of them has two brothers. How many brothers does David have?""**

---

### Step 1: Understand the relationships

- **David has three sisters.**  
  So, there are **three girls** in the family, including David's sisters.

- **Each of them has two brothers.**  
  That means **each of the three sisters has two brothers**.

---

### Step 2: Determine the number of brothers

- Let’s assume the family has **David** and his **three sisters**.
- Each sister has **two brothers**.
- That means **David is one of the two brothers**.
- So, there must be **one more brother** in the family.

---

### Step 3: Answer the question

- **David has one brother** (the other brother in the family).
- So, **David has 1 brother**.

---

### ✅ Final Answer: **David has 1 brother.**"
23,1,"If we change the previous question and assume that each sister of David has two brothers, how many brothers would David have?",ddtree_tb32,dflash-original-ddtree,32,"Let's analyze the new question:

> **""David has three sisters. Each of them has two brothers. How many brothers does David have?""**

---

### Step 1: Understand the relationships

- **David has three sisters.**  
  So, there are **three girls** in the family, including David's sisters.

- **Each of them has two brothers.**  
  That means **each of the three sisters has two brothers**.

---

### Step 2: Determine the number of brothers

- Let’s assume the family has **David** and his **three sisters**.
- Each sister has **two brothers**.
- That means **David is one of the two brothers**.
- So, there must be **one more brother** in the family.

---

### Step 3: Answer the question

- **David has one brother** (the other brother in the family).
- So, **David has 1 brother**.

---

### ✅ Final Answer: **David has 1 brother.**"
23,1,"If we change the previous question and assume that each sister of David has two brothers, how many brothers would David have?",ddtree_tb64,dflash-original-ddtree,64,"Let's analyze the new question:

> **""David has three sisters. Each of them has two brothers. How many brothers does David have?""**

---

### Step 1: Understand the relationships

- **David has three sisters.**  
  So, there are **three girls** in the family, including David's sisters.

- **Each of them has two brothers.**  
  That means **each of the three sisters has two brothers**.

---

### Step 2: Determine the number of brothers

- Let’s assume the family has **David** and his **three sisters**.
- Each sister has **two brothers**.
- That means **David is one of the two brothers**.
- So, there must be **one more brother** in the family.

---

### Step 3: Answer the question

- **David has one brother** (the other brother in the family).
- So, **David has 1 brother**.

---

### ✅ Final Answer: **David has 1 brother.**"
24,0,"Read the below passage carefully and answer the questions with an explanation:
At a small company, parking spaces are reserved for the top executives: CEO, president, vice president, secretary, and treasurer with the spaces lined up in that order. The parking lot guard can tell at a glance if the cars are parked correctly by looking at the color of the cars. The cars are yellow, green, purple, red, and blue, and the executives' names are Alice, Bert, Cheryl, David, and Enid.
* The car in the first space is red.
* A blue car is parked between the red car and the green car.
* The car in the last space is purple.
* The secretary drives a yellow car.
* Alice's car is parked next to David's.
* Enid drives a green car.
* Bert's car is parked between Cheryl's and Enid's.
* David's car is parked in the last space.
Question: What is the name of the secretary?",baseline,target-only,,"Let's solve the logic puzzle step by step to determine **who the secretary is**.

---

### Step 1: List the given information

We have 5 parking spaces, in order:

1. First space  
2. Second space  
3. Third space  
4. Fourth space  
5. Fifth space (last space)

**Colors of cars**: red, green, purple, yellow, blue  
**Executives**: Alice, Bert, Cheryl, David, Enid  
**Positions**: CEO, President, VP, Secretary, Treasurer (in that order)

---

### Step 2: Use the clues

1. **The car in the first space is red.**  
   → Space 1 = red

2. **A blue car is parked between the red car and the green car.**  
   → Red is in space 1, so blue must be in space 2, and green in space 3, or red in space 1, blue in space 3, green in space 4.  
   But since red is in space 1, and blue is between red and green, the only possible arrangement is:  
   → Red (1), Blue (2), Green (3)

3. **The car in"
24,0,"Read the below passage carefully and answer the questions with an explanation:
At a small company, parking spaces are reserved for the top executives: CEO, president, vice president, secretary, and treasurer with the spaces lined up in that order. The parking lot guard can tell at a glance if the cars are parked correctly by looking at the color of the cars. The cars are yellow, green, purple, red, and blue, and the executives' names are Alice, Bert, Cheryl, David, and Enid.
* The car in the first space is red.
* A blue car is parked between the red car and the green car.
* The car in the last space is purple.
* The secretary drives a yellow car.
* Alice's car is parked next to David's.
* Enid drives a green car.
* Bert's car is parked between Cheryl's and Enid's.
* David's car is parked in the last space.
Question: What is the name of the secretary?",dflash,dflash,,"Let's solve the logic puzzle step by step to determine **who the secretary is**.

We are given:

- **Parking spaces**: 1 (first), 2, 3, 4, 5 (last)
- **Car colors**: red, green, purple, blue, yellow
- **Executives**: Alice, Bert, Cheryl, David, Enid
- **Order of parking spaces**: CEO, president, vice president, secretary, treasurer (in that order)

### Given clues:

1. **The car in the first space is red.**
   - Space 1: red

2. **A blue car is parked between the red car and the green car.**
   - So, red → blue → green (in that order, with blue between red and green)
   - Since red is in space 1, blue must be in space 2, and green in space 3.

3. **The car in the last space is purple.**
   - Space 5: purple

4. **The secretary drives a yellow car.**
   - Secretary's car is yellow.

5. **Alice's car is parked next to David's.**
   - Alice and David are adjacent.

6. **Enid"
24,0,"Read the below passage carefully and answer the questions with an explanation:
At a small company, parking spaces are reserved for the top executives: CEO, president, vice president, secretary, and treasurer with the spaces lined up in that order. The parking lot guard can tell at a glance if the cars are parked correctly by looking at the color of the cars. The cars are yellow, green, purple, red, and blue, and the executives' names are Alice, Bert, Cheryl, David, and Enid.
* The car in the first space is red.
* A blue car is parked between the red car and the green car.
* The car in the last space is purple.
* The secretary drives a yellow car.
* Alice's car is parked next to David's.
* Enid drives a green car.
* Bert's car is parked between Cheryl's and Enid's.
* David's car is parked in the last space.
Question: What is the name of the secretary?",ddtree_tb16,dflash-original-ddtree,16,"Let's solve the logic puzzle step by step to determine **who the secretary is**.

We are given:

- **Parking spaces**: 1 (first), 2, 3, 4, 5 (last)
- **Car colors**: red, green, purple, blue, yellow
- **Executives**: Alice, Bert, Cheryl, David, Enid
- **Order of parking spaces**: CEO, president, vice president, secretary, treasurer (in that order)
- **Clues**:

1. The car in the first space is **red**.
2. A **blue car is parked between the red car and the green car**.
3. The car in the **last space is purple**.
4. The **secretary drives a yellow car**.
5. **Alice's car is parked next to David's**.
6. **Enid drives a green car**.
7. **Bert's car is parked between Cheryl's and Enid's**.
8. **David's car is parked in the last space**.

---

### Step 1: Use Clue 8: David is in the last space.

So, **David is in space 5**.

From Clue 3: The"
24,0,"Read the below passage carefully and answer the questions with an explanation:
At a small company, parking spaces are reserved for the top executives: CEO, president, vice president, secretary, and treasurer with the spaces lined up in that order. The parking lot guard can tell at a glance if the cars are parked correctly by looking at the color of the cars. The cars are yellow, green, purple, red, and blue, and the executives' names are Alice, Bert, Cheryl, David, and Enid.
* The car in the first space is red.
* A blue car is parked between the red car and the green car.
* The car in the last space is purple.
* The secretary drives a yellow car.
* Alice's car is parked next to David's.
* Enid drives a green car.
* Bert's car is parked between Cheryl's and Enid's.
* David's car is parked in the last space.
Question: What is the name of the secretary?",ddtree_tb32,dflash-original-ddtree,32,"Let's solve the logic puzzle step by step to determine **who the secretary is**.

We are given:

- **Parking spaces**: 1 (first), 2, 3, 4, 5 (last)
- **Car colors**: red, green, purple, blue, yellow
- **Executives**: Alice, Bert, Cheryl, David, Enid
- **Order of parking spaces**: CEO, president, vice president, secretary, treasurer (in that order)
- **Clues**:

1. The car in the **first space is red**.
2. A **blue car is parked between the red car and the green car**.
3. The car in the **last space is purple**.
4. The **secretary drives a yellow car**.
5. **Alice's car is parked next to David's**.
6. **Enid drives a green car**.
7. **Bert's car is parked between Cheryl's and Enid's**.
8. **David's car is parked in the last space**.

---

### Step 1: Use Clue 8: David is in the last space.

So, **space 5 = David**.

From Clue 3: The last"
24,0,"Read the below passage carefully and answer the questions with an explanation:
At a small company, parking spaces are reserved for the top executives: CEO, president, vice president, secretary, and treasurer with the spaces lined up in that order. The parking lot guard can tell at a glance if the cars are parked correctly by looking at the color of the cars. The cars are yellow, green, purple, red, and blue, and the executives' names are Alice, Bert, Cheryl, David, and Enid.
* The car in the first space is red.
* A blue car is parked between the red car and the green car.
* The car in the last space is purple.
* The secretary drives a yellow car.
* Alice's car is parked next to David's.
* Enid drives a green car.
* Bert's car is parked between Cheryl's and Enid's.
* David's car is parked in the last space.
Question: What is the name of the secretary?",ddtree_tb64,dflash-original-ddtree,64,"Let's solve the logic puzzle step by step to determine **who the secretary is**.

We are given:

- **Parking spaces**: 1 (first), 2, 3, 4, 5 (last)
- **Executives**: CEO, President, Vice President, Secretary, Treasurer
- **Car colors**: Yellow, Green, Purple, Red, Blue
- **Executives' names**: Alice, Bert, Cheryl, David, Enid

### Given clues:

1. **The car in the first space is red.**
   - Space 1: Red

2. **A blue car is parked between the red car and the green car.**
   - So, red → blue → green (in that order)
   - Since red is in space 1, blue must be in space 2, and green in space 3.

3. **The car in the last space is purple.**
   - Space 5: Purple

4. **The secretary drives a yellow car.**
   - Secretary → Yellow

5. **Alice's car is parked next to David's.**
   - Alice and David are adjacent.

6. **Enid drives a green car.**
   - Enid → Green"
24,1,List car colors in order from last to first.,baseline,target-only,,"Let's determine the **order of car colors from last to first** based on the clues.

---

### Step 1: Use the clues to determine the color order

We are given:

- **Clue 1**: The car in the first space is red.  
  → Space 1 = red

- **Clue 2**: A blue car is parked between the red car and the green car.  
  → Since red is in space 1, blue must be in space 2, and green in space 3.  
  → So:  
    - Space 1 = red  
    - Space 2 = blue  
    - Space 3 = green

- **Clue 3**: The car in the last space is purple.  
  → Space 5 = purple

- **Clue 4**: The secretary drives a yellow car.  
  → We'll come back to this once we know the position of the secretary.

- **Clue 5**: Alice's car is parked next to David's.  
  → We'll use this once we know the positions of Alice and David.

- **Clue 6**: Enid drives a green car.  
  → Green is in space 3, so"
24,1,List car colors in order from last to first.,dflash,dflash,,"Let's determine the **order of car colors from last to first** based on the clues.

---

### Step 1: Use the clues to determine the color order

We are given:

- **Clue 1**: The car in the first space is red.  
  → Space 1 = red

- **Clue 2**: A blue car is parked between the red car and the green car.  
  → Since red is in space 1, blue must be in space 2, and green in space 3.  
  → So:  
    - Space 1 = red  
    - Space 2 = blue  
    - Space 3 = green

- **Clue 3**: The car in the last space is purple.  
  → Space 5 = purple

- **Clue 4**: The secretary drives a yellow car.  
  → We'll come back to this once we know the position of the secretary.

- **Clue 5**: Alice's car is parked next to David's.  
  → We'll use this once we know the positions of Alice and David.

- **Clue 6**: Enid drives a green car.  
  → Green is in space 3, so"
24,1,List car colors in order from last to first.,ddtree_tb16,dflash-original-ddtree,16,"Let's determine the **order of car colors from last to first** based on the clues.

---

### Step 1: Use the clues to determine the color order

We are told:

- **The car in the first space is red.**  
  → Space 1 = red

- **A blue car is parked between the red car and the green car.**  
  → Since red is in space 1, blue must be in space 2, and green in space 3.  
  → So:  
    - Space 1 = red  
    - Space 2 = blue  
    - Space 3 = green

- **The car in the last space is purple.**  
  → Space 5 = purple

- **The secretary drives a yellow car.**  
  → We'll come back to this.

- **Enid drives a green car.**  
  → Green is in space 3 → Enid is in space 3.

- **David's car is parked in the last space.**  
  → Space 5 = David

- **Alice's car is parked next to David's.**  
  → David is in space 5 → Alice must be in space 4.

- **"
24,1,List car colors in order from last to first.,ddtree_tb32,dflash-original-ddtree,32,"Let's determine the **order of car colors from last to first** based on the clues.

---

### Step 1: Use the clues to determine the color order

We are given:

- **Clue 1**: The car in the first space is red.  
  → Space 1 = red

- **Clue 2**: A blue car is parked between the red car and the green car.  
  → Since red is in space 1, blue must be in space 2, and green in space 3.  
  → So:  
    - Space 1 = red  
    - Space 2 = blue  
    - Space 3 = green

- **Clue 3**: The car in the last space is purple.  
  → Space 5 = purple

- **Clue 4**: The secretary drives a yellow car.  
  → We'll come back to this once we know the position of the secretary.

- **Clue 5**: Alice's car is parked next to David's.  
  → We'll use this once we know the positions of Alice and David.

- **Clue 6**: Enid drives a green car.  
  → Green is in space 3, so"
24,1,List car colors in order from last to first.,ddtree_tb64,dflash-original-ddtree,64,"Let's determine the **order of car colors from last to first** based on the clues.

---

### Step 1: Use the clues to determine the color order

We are given:

- **Clue 1**: The car in the first space is red.  
  → Space 1 = red

- **Clue 2**: A blue car is parked between the red car and the green car.  
  → Since red is in space 1, blue must be in space 2, and green in space 3.  
  → So:  
    - Space 1 = red  
    - Space 2 = blue  
    - Space 3 = green

- **Clue 3**: The car in the last space is purple.  
  → Space 5 = purple

- **Clue 4**: The secretary drives a yellow car.  
  → We'll come back to this once we know the position of the secretary.

- **Clue 5**: Alice's car is parked next to David's.  
  → We'll use this once we know the positions of Alice and David.

- **Clue 6**: Enid drives a green car.  
  → Green is in space 3, so"
25,0,"Each problem consists of three statements. Based on the first two statements, the third statement may be true, false, or uncertain.
1. Oranges cost more than apples.
2. Oranges cost less than bananas.
3. Bananas cost more than apples and bananas cost more than orange.
If the first two statements are true, then the third statement is",baseline,target-only,,"We are given three statements:

1. **Oranges cost more than apples.**  
2. **Oranges cost less than bananas.**  
3. **Bananas cost more than apples and bananas cost more than oranges.**

We are told that the **first two statements are true**, and we are to determine whether the **third statement is true, false, or uncertain**.

---

### Step 1: Translate the first two statements into logical relationships.

Let’s define:

- $ O $ = cost of oranges  
- $ A $ = cost of apples  
- $ B $ = cost of bananas

From statement 1:  
$$
O > A
$$

From statement 2:  
$$
B > O
$$

---

### Step 2: Analyze the third statement.

Statement 3:  
**Bananas cost more than apples and bananas cost more than oranges.**

This is a compound statement:  
$$
B > A \quad \text{and} \quad B > O
$$

We already know from the first two statements that:

- $ O > A $  
- $ B > O $

From $ B > O $ and $ O > A $, we can deduce (by transitivity):"
25,0,"Each problem consists of three statements. Based on the first two statements, the third statement may be true, false, or uncertain.
1. Oranges cost more than apples.
2. Oranges cost less than bananas.
3. Bananas cost more than apples and bananas cost more than orange.
If the first two statements are true, then the third statement is",dflash,dflash,,"We are given three statements:

1. **Oranges cost more than apples.**  
2. **Oranges cost less than bananas.**  
3. **Bananas cost more than apples and bananas cost more than oranges.**

We are told that the **first two statements are true**, and we are to determine whether the **third statement is true, false, or uncertain**.

---

### Step 1: Translate the first two statements into logical relationships.

Let’s define:

- $ O $ = cost of oranges  
- $ A $ = cost of apples  
- $ B $ = cost of bananas

From statement 1:  
$$
O > A
$$

From statement 2:  
$$
B > O
$$

---

### Step 2: Analyze the third statement.

Statement 3:  
**Bananas cost more than apples and bananas cost more than oranges.**

This is a compound statement:  
$$
B > A \quad \text{and} \quad B > O
$$

We already know from the first two statements that:

- $ O > A $  
- $ B > O $

From $ B > O $ and $ O > A $, we can deduce (by transitivity):"
25,0,"Each problem consists of three statements. Based on the first two statements, the third statement may be true, false, or uncertain.
1. Oranges cost more than apples.
2. Oranges cost less than bananas.
3. Bananas cost more than apples and bananas cost more than orange.
If the first two statements are true, then the third statement is",ddtree_tb16,dflash-original-ddtree,16,"We are given three statements:

1. **Oranges cost more than apples.**  
2. **Oranges cost less than bananas.**  
3. **Bananas cost more than apples and bananas cost more than oranges.**

We are told that the **first two statements are true**, and we are to determine whether the **third statement is true, false, or uncertain**.

---

### Step 1: Translate the first two statements into logical relationships.

Let’s define:

- $ O $ = cost of oranges  
- $ A $ = cost of apples  
- $ B $ = cost of bananas

From statement 1:  
$$
O > A
$$

From statement 2:  
$$
B > O
$$

---

### Step 2: Analyze the third statement.

Statement 3:  
**Bananas cost more than apples and bananas cost more than oranges.**

This is a compound statement:  
$$
B > A \quad \text{and} \quad B > O
$$

We already know from the first two statements that:

- $ O > A $  
- $ B > O $

From $ B > O $ and $ O > A $, we can deduce (by transitivity):"
25,0,"Each problem consists of three statements. Based on the first two statements, the third statement may be true, false, or uncertain.
1. Oranges cost more than apples.
2. Oranges cost less than bananas.
3. Bananas cost more than apples and bananas cost more than orange.
If the first two statements are true, then the third statement is",ddtree_tb32,dflash-original-ddtree,32,"We are given three statements:

1. **Oranges cost more than apples.**  
2. **Oranges cost less than bananas.**  
3. **Bananas cost more than apples and bananas cost more than oranges.**

We are told that the **first two statements are true**, and we are to determine whether the **third statement is true, false, or uncertain**.

---

### Step 1: Translate the first two statements into logical relationships.

Let’s define:

- $ O $ = cost of oranges  
- $ A $ = cost of apples  
- $ B $ = cost of bananas

From statement 1:  
$$
O > A
$$

From statement 2:  
$$
B > O
$$

---

### Step 2: Analyze the third statement.

Statement 3:  
**Bananas cost more than apples and bananas cost more than oranges.**

This is a compound statement:  
$$
B > A \quad \text{and} \quad B > O
$$

We already know from the first two statements that:

- $ O > A $  
- $ B > O $

From $ B > O $ and $ O > A $, we can deduce (by transitivity):"
25,0,"Each problem consists of three statements. Based on the first two statements, the third statement may be true, false, or uncertain.
1. Oranges cost more than apples.
2. Oranges cost less than bananas.
3. Bananas cost more than apples and bananas cost more than orange.
If the first two statements are true, then the third statement is",ddtree_tb64,dflash-original-ddtree,64,"We are given three statements:

1. **Oranges cost more than apples.**  
2. **Oranges cost less than bananas.**  
3. **Bananas cost more than apples and bananas cost more than oranges.**

We are told that the **first two statements are true**, and we are to determine whether the **third statement is true, false, or uncertain**.

---

### Step 1: Translate the first two statements into logical relationships.

Let’s define:

- $ O $ = cost of oranges  
- $ A $ = cost of apples  
- $ B $ = cost of bananas

From statement 1:  
$$
O > A
$$

From statement 2:  
$$
B > O
$$

---

### Step 2: Analyze the third statement.

Statement 3:  
**Bananas cost more than apples and bananas cost more than oranges.**

This is a compound statement:  
$$
B > A \quad \text{and} \quad B > O
$$

We already know from the first two statements that:

- $ O > A $  
- $ B > O $

From $ B > O $ and $ O > A $, we can deduce (by transitivity):"
25,1,"If the third statement is true. Is the first statement true, false, or uncertain? Please explain.",baseline,target-only,,"Let's analyze the question carefully:

> **If the third statement is true, is the first statement true, false, or uncertain? Please explain.**

We are given:

- **Statement 1:** Oranges cost more than apples.  
- **Statement 2:** Oranges cost less than bananas.  
- **Statement 3:** Bananas cost more than apples **and** bananas cost more than oranges.

We are now told that **Statement 3 is true**, and we are to determine whether **Statement 1 is true, false, or uncertain**.

---

### Step 1: Assume Statement 3 is true.

Statement 3:  
$$
B > A \quad \text{and} \quad B > O
$$

So, we know:

- Bananas are more expensive than apples.
- Bananas are more expensive than oranges.

---

### Step 2: What does this tell us about the relationship between oranges and apples?

We are told that **bananas are more expensive than oranges**, and **bananas are more expensive than apples**.

But we are not told **directly** whether **oranges are more expensive than apples**.

However, we can **infer** the relationship between oranges and apples from the fact that"
25,1,"If the third statement is true. Is the first statement true, false, or uncertain? Please explain.",dflash,dflash,,"Let's analyze the question:

> **If the third statement is true, is the first statement true, false, or uncertain? Please explain.**

We are given:

- **Statement 1:** Oranges cost more than apples.  
- **Statement 2:** Oranges cost less than bananas.  
- **Statement 3:** Bananas cost more than apples **and** bananas cost more than oranges.

We are now told that **Statement 3 is true**, and we are to determine whether **Statement 1 is true, false, or uncertain**.

---

### Step 1: Assume Statement 3 is true.

Statement 3:  
$$
B > A \quad \text{and} \quad B > O
$$

So, we now know:

- $ B > A $  
- $ B > O $

---

### Step 2: What does this tell us about $ O $ and $ A $?

We are not told anything directly about the relationship between $ O $ and $ A $, except that **Statement 1** says $ O > A $.

But if Statement 3 is true, and we know $ B > O $, and $ B > A $, that doesn't necessarily tell us whether $ O"
25,1,"If the third statement is true. Is the first statement true, false, or uncertain? Please explain.",ddtree_tb16,dflash-original-ddtree,16,"Let's analyze the question:

> **If the third statement is true, is the first statement true, false, or uncertain? Please explain.**

We are given:

- **Statement 1:** Oranges cost more than apples.  
- **Statement 2:** Oranges cost less than bananas.  
- **Statement 3:** Bananas cost more than apples **and** bananas cost more than oranges.

We are now told that **Statement 3 is true**, and we are to determine whether **Statement 1 is true, false, or uncertain**.

---

### Step 1: Assume Statement 3 is true.

Statement 3:  
$$
B > A \quad \text{and} \quad B > O
$$

So, we know:

- Bananas are more expensive than apples.
- Bananas are more expensive than oranges.

---

### Step 2: What does this tell us about the relationship between oranges and apples?

We are told that **bananas are more expensive than oranges**, and **bananas are more expensive than apples**.

But we are not told **directly** whether **oranges are more expensive than apples**.

However, we can **infer** the relationship between oranges and apples from the fact that **"
25,1,"If the third statement is true. Is the first statement true, false, or uncertain? Please explain.",ddtree_tb32,dflash-original-ddtree,32,"Let's analyze the question:

> **If the third statement is true, is the first statement true, false, or uncertain? Please explain.**

We are given:

- **Statement 1:** Oranges cost more than apples.  
- **Statement 2:** Oranges cost less than bananas.  
- **Statement 3:** Bananas cost more than apples **and** bananas cost more than oranges.

We are now told that **Statement 3 is true**, and we are to determine whether **Statement 1 is true, false, or uncertain**.

---

### Step 1: Assume Statement 3 is true.

Statement 3:  
$$
B > A \quad \text{and} \quad B > O
$$

So, we now know:

- $ B > A $  
- $ B > O $

---

### Step 2: What does this tell us about $ O $ and $ A $?

We are not told anything directly about the relationship between $ O $ and $ A $, except that **Statement 1** says $ O > A $.

But if Statement 3 is true, and we know $ B > O $, and $ B > A $, that doesn't necessarily tell us whether $ O"
25,1,"If the third statement is true. Is the first statement true, false, or uncertain? Please explain.",ddtree_tb64,dflash-original-ddtree,64,"Let's analyze the question:

> **If the third statement is true, is the first statement true, false, or uncertain? Please explain.**

We are given:

- **Statement 1:** Oranges cost more than apples.  
- **Statement 2:** Oranges cost less than bananas.  
- **Statement 3:** Bananas cost more than apples **and** bananas cost more than oranges.

We are now told that **Statement 3 is true**, and we are to determine whether **Statement 1 is true, false, or uncertain**.

---

### Step 1: Assume Statement 3 is true.

Statement 3:  
$$
B > A \quad \text{and} \quad B > O
$$

So, we know:

- Bananas are more expensive than apples.
- Bananas are more expensive than oranges.

---

### Step 2: What does this tell us about the relationship between oranges and apples?

We are told that **bananas are more expensive than oranges**, and **bananas are more expensive than apples**.

But we are not told directly whether **oranges are more expensive than apples**.

However, we can **infer** the relationship between oranges and apples from the fact that **bananas are"
26,0,A is the father of B. B is the father of C. What is the relationship between A and C?,baseline,target-only,,"If A is the father of B, and B is the father of C, then:

- A is the **father** of B.
- B is the **father** of C.

Therefore, A is the **grandfather** of C.

**Answer: A is the grandfather of C.**"
26,0,A is the father of B. B is the father of C. What is the relationship between A and C?,dflash,dflash,,"If A is the father of B, and B is the father of C, then:

- A is the **father** of B.
- B is the **father** of C.

Therefore, A is the **grandfather** of C.

**Answer: A is the grandfather of C.**"
26,0,A is the father of B. B is the father of C. What is the relationship between A and C?,ddtree_tb16,dflash-original-ddtree,16,"If A is the father of B, and B is the father of C, then:

- A is the **father** of B.
- B is the **father** of C.

Therefore, A is the **grandfather** of C.

**Answer: A is the grandfather of C.**"
26,0,A is the father of B. B is the father of C. What is the relationship between A and C?,ddtree_tb32,dflash-original-ddtree,32,"If A is the father of B, and B is the father of C, then:

- A is the **father** of B.
- B is the **father** of C.

Therefore, A is the **grandfather** of C.

**Answer: A is the grandfather of C.**"
26,0,A is the father of B. B is the father of C. What is the relationship between A and C?,ddtree_tb64,dflash-original-ddtree,64,"If A is the father of B, and B is the father of C, then:

- A is the **father** of B.
- B is the **father** of C.

Therefore, A is the **grandfather** of C.

**Answer: A is the grandfather of C.**"
26,1,"Building on the previous question, if C is the son of D, D is the father of E, E is the son of X, and X is the father of Y, and Y is the father of Z, what's the relationship between A and Z in terms of generations and also the familial relationship in words?",baseline,target-only,,"Let's break down the relationships step by step to determine the relationship between **A** and **Z**.

---

### Given:

- **A is the father of B.**
- **B is the father of C.**
- **C is the son of D.**
- **D is the father of E.**
- **E is the son of X.**
- **X is the father of Y.**
- **Y is the father of Z.**

---

### Step-by-step lineage:

1. **A → B** (A is the father of B)
2. **B → C** (B is the father of C)
3. **C → D** (C is the father of D)
4. **D → E** (D is the father of E)
5. **E → X** (E is the father of X)
6. **X → Y** (X is the father of Y)
7. **Y → Z** (Y is the father of Z)

---

### Now, trace from A to Z:

- A → B → C → D → E → X → Y → Z

So, **A is the grandfather of C**, and **C is the grandfather of D**, and so"
26,1,"Building on the previous question, if C is the son of D, D is the father of E, E is the son of X, and X is the father of Y, and Y is the father of Z, what's the relationship between A and Z in terms of generations and also the familial relationship in words?",dflash,dflash,,"Let's break down the relationships step by step to determine the relationship between **A** and **Z**.

---

### Given:

- **A is the father of B.**
- **B is the father of C.**
- **C is the son of D.**
- **D is the father of E.**
- **E is the son of X.**
- **X is the father of Y.**
- **Y is the father of Z.**

---

### Step-by-step lineage:

1. **A → B** (A is the father of B)
2. **B → C** (B is the father of C)
3. **C → D** (C is the father of D)
4. **D → E** (D is the father of E)
5. **E → X** (E is the father of X)
6. **X → Y** (X is the father of Y)
7. **Y → Z** (Y is the father of Z)

---

### Now, trace from A to Z:

- A → B → C → D → E → X → Y → Z

So, **A is the grandfather of C**, and **C is the grandfather of D**, and so"
26,1,"Building on the previous question, if C is the son of D, D is the father of E, E is the son of X, and X is the father of Y, and Y is the father of Z, what's the relationship between A and Z in terms of generations and also the familial relationship in words?",ddtree_tb16,dflash-original-ddtree,16,"Let's break down the relationships step by step to determine the relationship between **A** and **Z**.

---

### Given:

- **A is the father of B.**
- **B is the father of C.**
- **C is the son of D.**
- **D is the father of E.**
- **E is the son of X.**
- **X is the father of Y.**
- **Y is the father of Z.**

---

### Step-by-step lineage:

1. **A → B** (A is the father of B)
2. **B → C** (B is the father of C)
3. **C → D** (C is the father of D)
4. **D → E** (D is the father of E)
5. **E → X** (E is the father of X)
6. **X → Y** (X is the father of Y)
7. **Y → Z** (Y is the father of Z)

---

### Now, trace from A to Z:

- A → B → C → D → E → X → Y → Z

So, **A is the grandfather of C**, and **C is the grandfather of D**, and so"
26,1,"Building on the previous question, if C is the son of D, D is the father of E, E is the son of X, and X is the father of Y, and Y is the father of Z, what's the relationship between A and Z in terms of generations and also the familial relationship in words?",ddtree_tb32,dflash-original-ddtree,32,"Let's break down the relationships step by step to determine the relationship between **A** and **Z**.

---

### Given:

- **A is the father of B.**
- **B is the father of C.**
- **C is the son of D.**
- **D is the father of E.**
- **E is the son of X.**
- **X is the father of Y.**
- **Y is the father of Z.**

---

### Step-by-step lineage:

1. **A → B** (A is the father of B)
2. **B → C** (B is the father of C)
3. **C → D** (C is the father of D)
4. **D → E** (D is the father of E)
5. **E → X** (E is the father of X)
6. **X → Y** (X is the father of Y)
7. **Y → Z** (Y is the father of Z)

---

### Now, trace from A to Z:

- A → B → C → D → E → X → Y → Z

So, **A is the grandfather of C**, and **C is the grandfather of D**, and so"
26,1,"Building on the previous question, if C is the son of D, D is the father of E, E is the son of X, and X is the father of Y, and Y is the father of Z, what's the relationship between A and Z in terms of generations and also the familial relationship in words?",ddtree_tb64,dflash-original-ddtree,64,"Let's break down the relationships step by step to determine the relationship between **A** and **Z**.

---

### Given:

- **A is the father of B.**
- **B is the father of C.**
- **C is the son of D.**
- **D is the father of E.**
- **E is the son of X.**
- **X is the father of Y.**
- **Y is the father of Z.**

---

### Step-by-step chain of relationships:

1. **A → B** (A is the father of B)
2. **B → C** (B is the father of C)
3. **C → D** (C is the son of D)
4. **D → E** (D is the father of E)
5. **E → X** (E is the son of X)
6. **X → Y** (X is the father of Y)
7. **Y → Z** (Y is the father of Z)

---

### Now, trace from A to Z:

- A → B → C → D → E → X → Y → Z

So, **A is the grandfather of C**, and **C is the grandfather of D**,"
27,0,"Which word does not belong with the others?
tyre, steering wheel, car, engine",baseline,target-only,,"The word that does **not** belong with the others is: **tyre**.

### Reason:
- **Steering wheel**, **car**, and **engine** are all **parts or components of a car**.
- **Tyre** (or **tire** in American English) is a **part of a car**, but it is more specifically a **component** that is part of the **wheel** system, not a **major system** or **core component** like the engine or steering wheel.

### Alternative interpretation:
If the question is about **function** rather than **component type**, then:
- **Tyre** is a **part of the wheel** (a component of the car).
- **Engine** is the **power source**.
- **Steering wheel** is part of the **control system**.
- **Car** is the **whole vehicle**.

In that case, **tyre** is still a **component** of the car, so it still doesn't fit with the others in terms of **system-level** parts.

### Final Answer:
**tyre** (it is a part of the car, but not a system-level component like the engine or steering wheel)."
27,0,"Which word does not belong with the others?
tyre, steering wheel, car, engine",dflash,dflash,,"The word that does **not** belong with the others is: **tyre**.

### Reason:
- **Steering wheel**, **car**, and **engine** are all **parts or components of a car**.
- **Tyre** (or **tire** in American English) is a **part of a car**, but it is more specifically a **component** that is part of the **wheel** system, not a **major system** or **core component** like the engine or steering wheel.

### Alternative interpretation:
If the question is about **function** rather than **component type**, then:
- **Tyre** is a **part of the wheel** (a component of the car).
- **Engine** is the **power source**.
- **Steering wheel** is part of the **control system**.
- **Car** is the **whole vehicle**.

In that case, **tyre** is still a **component** of the car, so it still doesn't fit with the others in terms of **system-level** parts.

### Final Answer:
**tyre** (because it is a part of the car, but not a major system or component like the engine or steering wheel)."
27,0,"Which word does not belong with the others?
tyre, steering wheel, car, engine",ddtree_tb16,dflash-original-ddtree,16,"The word that does **not** belong with the others is: **tyre**.

### Reason:
- **Steering wheel**, **car**, and **engine** are all **parts or components of a car**.
- **Tyre** (or **tire** in American English) is a **part of a car**, but it is more specifically a **component** that is part of the **wheel** system, not a **major system** or **core component** like the engine or steering wheel.

### Alternative interpretation:
If the question is about **function** rather than **component type**, then:
- **Tyre** is a **part of the wheel** (a component of the car).
- **Engine** is the **power source**.
- **Steering wheel** is part of the **control system**.
- **Car** is the **whole vehicle**.

In that case, **tyre** is still a **component** of the car, so it still doesn't fit with the others in terms of **system-level** parts.

### Final Answer:
**tyre** (because it is a part of the car, but not a major system or component like the engine or steering wheel)."
27,0,"Which word does not belong with the others?
tyre, steering wheel, car, engine",ddtree_tb32,dflash-original-ddtree,32,"The word that does **not** belong with the others is: **tyre**.

### Reason:
- **Steering wheel**, **car**, and **engine** are all **parts or components of a car**.
- **Tyre** (or **tire** in American English) is a **part of a car**, but it is more specifically a **component** that is part of the **wheel** system, not a **major system** or **core component** like the engine or steering wheel.

### Alternative interpretation:
If the question is about **function** rather than **component type**, then:
- **Tyre** is a **part of the wheel** (a component of the car).
- **Engine** is the **power source**.
- **Steering wheel** is part of the **control system**.
- **Car** is the **whole vehicle**.

In that case, **tyre** is still a **component** of the car, so it still doesn't fit with the others in terms of **system-level** parts.

### Final Answer:
**tyre** (it is a part of the car, but not a system-level component like engine or steering wheel)."
27,0,"Which word does not belong with the others?
tyre, steering wheel, car, engine",ddtree_tb64,dflash-original-ddtree,64,"The word that does **not** belong with the others is: **tyre**.

### Reason:
- **Steering wheel**, **car**, and **engine** are all **parts or components of a car**.
- **Tyre** (or **tire** in American English) is a **part of a car**, but it is more specifically a **component** that is part of the **wheel** system, not a **major system** or **core component** like the engine or steering wheel.

### Alternative interpretation:
If the question is about **function** rather than **component type**, then:
- **Tyre** is a **part of the wheel** (a component of the car).
- **Engine** is the **power source**.
- **Steering wheel** is part of the **control system**.
- **Car** is the **whole vehicle**.

In that case, **tyre** is still a **component** of the car, so it still doesn't fit with the others in terms of **system-level** parts.

### Final Answer:
**tyre** (it is a part of the car, but not a system-level component like engine or steering wheel)."
27,1,Could you replace it with a word that belongs with the others?,baseline,target-only,,"Of course! If **""tyre""** is the word that doesn't belong, we can replace it with a word that **does** belong with the others: **steering wheel**, **car**, and **engine**.

### The correct word to replace ""tyre"" is: **engine**

### Why?
- **Engine**, **steering wheel**, and **car** are all **major components or systems** of a **car**.
- **Tyre** is a **part** of the **wheel system**, not a **system** itself.

### So the group would be:
- **Engine**  
- **Steering wheel**  
- **Car**  
- **(Tyre is replaced by)** **Engine** (or another system part like **wheel**, **chassis**, **body**, etc.)

### Alternative correct word (if ""engine"" is not desired):
- **Wheel** (as in the **wheel system** of the car)
- **Chassis**
- **Body**
- **Transmission**

### Example group:
- **Engine**  
- **Steering wheel**  
- **Car**  
- **Wheel**

Let me know if you'd like a different word!"
27,1,Could you replace it with a word that belongs with the others?,dflash,dflash,,"Of course! If **""tyre""** is the word that doesn't belong, we can replace it with a word that **does** belong with the others: **steering wheel**, **car**, and **engine**.

### The best replacement would be: **engine**

### Why?
- **Engine**, **steering wheel**, and **car** are all **major components or systems** of a **car**.
- **Tyre** is a **part** of the **wheel**, not a **system-level** component.

### So, the correct group would be:
- **Engine**
- **Steering wheel**
- **Car**

### Final Answer:
**engine** (it is a major component of a car, like the steering wheel and car itself)."
27,1,Could you replace it with a word that belongs with the others?,ddtree_tb16,dflash-original-ddtree,16,"Of course! If **""tyre""** is the word that doesn't belong, we can replace it with a word that **does** belong with the others: **steering wheel**, **car**, and **engine**.

### The best replacement would be: **engine**

### Why?
- **Engine**, **steering wheel**, and **car** are all **major components or systems** of a **car**.
- **Tyre** is a **part** of the **wheel**, not a **system-level** component.

### So, the correct group would be:
- **Engine**
- **Steering wheel**
- **Car**

### Final Answer:
**engine** (it is a major component of a car, like the steering wheel and car itself)."
27,1,Could you replace it with a word that belongs with the others?,ddtree_tb32,dflash-original-ddtree,32,"Of course! If **""tyre""** is the word that doesn't belong, we can replace it with a word that **does** belong with the others: **steering wheel**, **car**, and **engine**.

### The best replacement would be: **engine**

### Why?
- **Engine**, **steering wheel**, and **car** are all **major components or systems** of a **car**.
- **Tyre** is a **part** of the **wheel**, not a **system** or **core component** of the car.

### So, the correct group would be:
- **Engine**
- **Steering wheel**
- **Car**

### Final Answer:
**engine** (it is a major component of a car, like the steering wheel and car itself)."
27,1,Could you replace it with a word that belongs with the others?,ddtree_tb64,dflash-original-ddtree,64,"Of course! If **""tyre""** is the word that doesn't belong, we can replace it with a word that **does** belong with the others: **steering wheel**, **car**, and **engine**.

### The correct word to replace ""tyre"" is: **engine**

### Why?
- **Engine**, **steering wheel**, and **car** are all **major components or systems** of a **car**.
- **Tyre** is a **part** of the **wheel system**, not a **system** itself.

### So the group would be:
- **Engine**  
- **Steering wheel**  
- **Car**  
- **(Tyre is replaced by)** **Engine** (or another system part like **wheel**, **chassis**, **body**, etc.)

### Alternative correct word (if ""engine"" is not desired):
- **Wheel** (as in the **wheel system** of the car)
- **Chassis**
- **Body**
- **Transmission**

### Example:
If you replace **tyre** with **wheel**, the group becomes:
- **Wheel**  
- **Steering wheel**  
- **Car**  
- **Engine**

All are **components or systems"
28,0,"One morning after sunrise, Suresh was standing facing a pole. The shadow of the pole fell exactly to his right. Can you tell me the direction towards which the shadow was pointing - east, south, west, or north? Explain your reasoning steps.",baseline,target-only,,"Let's break down the problem step by step.

### Given:
- It is **one morning after sunrise**.
- Suresh is **standing facing a pole**.
- The **shadow of the pole falls exactly to his right**.

We are to determine **which direction the shadow is pointing** — **east, south, west, or north**.

---

### Step 1: Understand the time of day
- **After sunrise** means the sun is in the **east** part of the sky.
- In the **morning**, the sun rises in the **east**, and moves toward the **north** (in the Northern Hemisphere), then toward the **west**.

So, in the **early morning**, the sun is in the **east**, and the **shadow of a vertical object** (like a pole) will be cast **to the west** of the object.

---

### Step 2: Determine the direction Suresh is facing
- Suresh is **facing a pole**, and the **shadow falls to his right**.
- So, if the shadow is to his **right**, and the sun is in the **east**, we need to figure out the direction Suresh is facing.

Let’s consider the **"
28,0,"One morning after sunrise, Suresh was standing facing a pole. The shadow of the pole fell exactly to his right. Can you tell me the direction towards which the shadow was pointing - east, south, west, or north? Explain your reasoning steps.",dflash,dflash,,"Let's break down the problem step by step.

### Given:
- It is **one morning after sunrise**.
- Suresh is **standing facing a pole**.
- The **shadow of the pole falls exactly to his right**.

We are to determine **which direction the shadow is pointing** — **east, south, west, or north**.

---

### Step 1: Understand the time of day
- **After sunrise** means the sun is in the **east** part of the sky.
- In the **morning**, the sun rises in the **east**, and moves toward the **north** (in the Northern Hemisphere), then toward the **west**.

So, in the **early morning**, the sun is in the **east**, and the **shadow of an object** (like a pole) will be cast **to the west** of the object.

---

### Step 2: Determine the direction Suresh is facing
- Suresh is **facing a pole**, and the **shadow falls to his right**.
- So, if the shadow is to his **right**, then the **sun is to his left**.

Let’s think about this:

- If the **sun is to the left**, and the"
28,0,"One morning after sunrise, Suresh was standing facing a pole. The shadow of the pole fell exactly to his right. Can you tell me the direction towards which the shadow was pointing - east, south, west, or north? Explain your reasoning steps.",ddtree_tb16,dflash-original-ddtree,16,"Let's break down the problem step by step.

### Given:
- It is **one morning after sunrise**.
- Suresh is **standing facing a pole**.
- The **shadow of the pole falls exactly to his right**.

We are to determine **which direction the shadow is pointing** — **east, south, west, or north**.

---

### Step 1: Understand the time of day
- **After sunrise** means the sun is in the **east** part of the sky.
- In the **morning**, the sun rises in the **east**, and moves toward the **north** (in the Northern Hemisphere), then toward the **west**.

So, in the **early morning**, the sun is in the **east**, and the **shadow of an object** (like a pole) will be cast **to the west** of the object.

---

### Step 2: Determine the direction Suresh is facing
- Suresh is **facing a pole**, and the **shadow falls to his right**.
- So, if the shadow is to his **right**, then the **sun is to his left**.

Let’s think about this:

- If the **sun is to the left**, and the"
28,0,"One morning after sunrise, Suresh was standing facing a pole. The shadow of the pole fell exactly to his right. Can you tell me the direction towards which the shadow was pointing - east, south, west, or north? Explain your reasoning steps.",ddtree_tb32,dflash-original-ddtree,32,"Let's break down the problem step by step.

### Given:
- It is **one morning after sunrise**.
- Suresh is **standing facing a pole**.
- The **shadow of the pole falls exactly to his right**.

We are to determine **which direction the shadow is pointing** — **east, south, west, or north**.

---

### Step 1: Understand the time of day
- **After sunrise** means the sun is in the **east** part of the sky.
- In the **morning**, the sun rises in the **east**, and moves toward the **north** (in the Northern Hemisphere), then toward the **west**.

So, in the **early morning**, the sun is in the **east**, and the **shadow of a vertical object** (like a pole) will be cast **to the west** of the object.

---

### Step 2: Determine the direction Suresh is facing
- Suresh is **facing a pole**, and the **shadow falls to his right**.
- So, if the shadow is to his **right**, and the sun is in the **east**, we need to figure out the direction Suresh is facing.

Let’s consider the **"
28,0,"One morning after sunrise, Suresh was standing facing a pole. The shadow of the pole fell exactly to his right. Can you tell me the direction towards which the shadow was pointing - east, south, west, or north? Explain your reasoning steps.",ddtree_tb64,dflash-original-ddtree,64,"Let's break down the problem step by step.

### Given:
- It is **one morning after sunrise**.
- Suresh is **standing facing a pole**.
- The **shadow of the pole falls exactly to his right**.

We are to determine **which direction the shadow is pointing** — **east, south, west, or north**.

---

### Step 1: Understand the time of day
- **After sunrise** means the sun is in the **east** part of the sky.
- In the **morning**, the sun rises in the **east**, and moves toward the **north** (in the Northern Hemisphere), then toward the **west**.

So, in the **early morning**, the sun is in the **east**, and the **shadow of a vertical object** (like a pole) will be cast **to the west** of the object.

---

### Step 2: Determine the direction Suresh is facing
- Suresh is **facing a pole**, and the **shadow falls to his right**.
- So, if the shadow is to his **right**, and the sun is in the **east**, we need to figure out the direction Suresh is facing.

Let’s consider the **"
28,1,To which direction was Suresh facing? How do you solve this?,baseline,target-only,,"To determine **which direction Suresh was facing**, we need to analyze the **position of the sun** and the **direction of the shadow**.

---

### Step 1: Understand the time of day
- It is **morning after sunrise**, so the **sun is in the east**.
- In the **Northern Hemisphere**, the sun rises in the **east** and moves toward the **north** during the morning.

---

### Step 2: Understand the shadow direction
- The **shadow of the pole falls to Suresh’s right**.
- Since the **sun is in the east**, the **shadow will be cast to the west** of the pole (because the sun is behind the pole, casting a shadow in the opposite direction).

So, the **shadow is to the west** of the pole.

---

### Step 3: Determine the direction Suresh is facing
- Suresh is **facing the pole**, and the **shadow is to his right**.
- That means the **shadow is to the right of his face**, and the **sun is to the left of his face** (since the shadow is opposite the sun).

So, if the **shadow is to his right**, and the **sun is"
28,1,To which direction was Suresh facing? How do you solve this?,dflash,dflash,,"To determine **which direction Suresh was facing**, we need to analyze the **position of the sun** and the **direction of the shadow**.

---

### Step 1: Understand the time of day
- It is **one morning after sunrise**, so the **sun is in the east**.
- In the **Northern Hemisphere**, the **sun rises in the east** and moves toward the **north** in the morning.

---

### Step 2: Understand the shadow direction
- The **shadow of the pole falls to Suresh’s right**.
- Since the **sun is in the east**, the **shadow will be cast to the west** of the pole (because the sun is behind the pole, casting a shadow in the opposite direction).

So, the **shadow is to the west** of the pole.

---

### Step 3: Determine the direction Suresh is facing
- Suresh is **facing the pole**, and the **shadow is to his right**.
- That means the **shadow is to the right of his face**, and the **sun is to the left of his face** (since the shadow is opposite the sun).

Let’s visualize this:

- If the **shadow is to the right**, and"
28,1,To which direction was Suresh facing? How do you solve this?,ddtree_tb16,dflash-original-ddtree,16,"To determine **which direction Suresh was facing**, we need to analyze the **position of the sun** and the **direction of the shadow**.

---

### Step 1: Understand the time of day
- It is **one morning after sunrise**, so the **sun is in the east**.
- In the **Northern Hemisphere**, the **sun rises in the east** and moves toward the **north** in the morning.

---

### Step 2: Understand the shadow direction
- The **shadow of the pole falls to Suresh’s right**.
- Since the **sun is in the east**, the **shadow will be cast to the west** of the pole (because the sun is behind the pole, casting a shadow in the opposite direction).

So, the **shadow is to the west** of the pole.

---

### Step 3: Determine the direction Suresh is facing
- Suresh is **facing the pole**, and the **shadow is to his right**.
- That means the **shadow is to the right of his face**, and the **sun is to the left of his face** (since the shadow is opposite the sun).

Let’s visualize this:

- If the **shadow is to the right**, and"
28,1,To which direction was Suresh facing? How do you solve this?,ddtree_tb32,dflash-original-ddtree,32,"To determine **which direction Suresh was facing**, we need to analyze the **position of the sun** and the **direction of the shadow**.

---

### Step 1: Understand the time of day
- It is **morning after sunrise**, so the **sun is in the east**.
- In the **Northern Hemisphere**, the sun rises in the **east** and moves toward the **north** during the morning.

---

### Step 2: Understand the shadow direction
- The **shadow of the pole falls to Suresh’s right**.
- Since the **sun is in the east**, the **shadow will be cast to the west** of the pole (because the sun is behind the pole, casting a shadow in the opposite direction).

So, the **shadow is to the west** of the pole.

---

### Step 3: Determine the direction Suresh is facing
- Suresh is **facing the pole**, and the **shadow is to his right**.
- That means the **shadow is to the right of his face**, and the **sun is to the left of his face** (since the shadow is opposite the sun).

Let’s visualize this:

- If the **shadow is to the right**, and"
28,1,To which direction was Suresh facing? How do you solve this?,ddtree_tb64,dflash-original-ddtree,64,"To determine **which direction Suresh was facing**, we need to analyze the **position of the sun** and the **direction of the shadow**.

---

### Step 1: Understand the time of day
- It is **one morning after sunrise**, so the **sun is in the east**.
- In the **Northern Hemisphere**, the **sun rises in the east** and moves toward the **north** in the morning.

---

### Step 2: Understand the shadow direction
- The **shadow of the pole falls to Suresh’s right**.
- Since the **sun is in the east**, the **shadow will be cast to the west** of the pole.
- So, the **shadow is to the west** of the pole.

---

### Step 3: Determine the direction Suresh is facing
- Suresh is **facing the pole**, and the **shadow is to his right**.
- That means the **shadow is to the right of his face**, and the **sun is to the left of his face** (since the shadow is opposite the sun).

So, if the **shadow is to his right**, and the **sun is to his left**, then:

- The **sun is in the east**"
29,0,"Parents have complained to the principal about bullying during recess. The principal wants to quickly resolve this, instructing recess aides to be vigilant. Which situation should the aides report to the principal?
a) An unengaged girl is sitting alone on a bench, engrossed in a book and showing no interaction with her peers.
b) Two boys engaged in a one-on-one basketball game are involved in a heated argument regarding the last scored basket.
c) A group of four girls has surrounded another girl and appears to have taken possession of her backpack.
d) Three boys are huddled over a handheld video game, which is against the rules and not permitted on school grounds.",baseline,target-only,,"The correct answer is: **c) A group of four girls has surrounded another girl and appears to have taken possession of her backpack.**

### Explanation:
The principal is concerned about **bullying during recess**, and the aides are instructed to be **vigilant**. The key is to identify a situation that **suggests bullying or inappropriate behavior** that may require immediate attention.

- **Option a**: A girl sitting alone reading a book is **not necessarily bullying**. It could be a quiet, solitary activity, and not indicative of bullying.
  
- **Option b**: A heated argument between two boys over a basketball game is **common and not necessarily bullying**, especially if it's a normal disagreement over a game.

- **Option c**: A group of girls surrounding another girl and taking possession of her backpack is **a clear sign of possible bullying or harassment**, and should be reported immediately.

- **Option d**: Three boys playing a handheld video game is **against the rules**, but unless it's causing harm or bullying, it's more of a **rule violation** than a bullying situation.

### Conclusion:
**Option c** is the most appropriate situation for the aides to report to the principal, as it involves **potential bullying behavior**."
29,0,"Parents have complained to the principal about bullying during recess. The principal wants to quickly resolve this, instructing recess aides to be vigilant. Which situation should the aides report to the principal?
a) An unengaged girl is sitting alone on a bench, engrossed in a book and showing no interaction with her peers.
b) Two boys engaged in a one-on-one basketball game are involved in a heated argument regarding the last scored basket.
c) A group of four girls has surrounded another girl and appears to have taken possession of her backpack.
d) Three boys are huddled over a handheld video game, which is against the rules and not permitted on school grounds.",dflash,dflash,,"The correct answer is: **c) A group of four girls has surrounded another girl and appears to have taken possession of her backpack.**

### Explanation:
The principal is concerned about **bullying during recess**, and the aides are instructed to be **vigilant**. The key is to identify a situation that **suggests bullying or inappropriate behavior**.

- **Option a**: A girl sitting alone reading a book is **not necessarily bullying**. It could be a quiet, solitary activity, and not indicative of bullying.
  
- **Option b**: A heated argument between two boys over a basketball game is **common and not necessarily bullying**, especially if it's a normal disagreement over a game.

- **Option c**: A group of girls surrounding another girl and taking her backpack is **a clear sign of bullying or harassment**, which is exactly what the principal is concerned about.

- **Option d**: Boys playing a handheld video game is **against the rules**, but it's not necessarily bullying. It's more of a **rule violation**, not an act of bullying.

### Conclusion:
**Option c** is the most appropriate situation for the aides to report to the principal, as it involves **potential bullying behavior**."
29,0,"Parents have complained to the principal about bullying during recess. The principal wants to quickly resolve this, instructing recess aides to be vigilant. Which situation should the aides report to the principal?
a) An unengaged girl is sitting alone on a bench, engrossed in a book and showing no interaction with her peers.
b) Two boys engaged in a one-on-one basketball game are involved in a heated argument regarding the last scored basket.
c) A group of four girls has surrounded another girl and appears to have taken possession of her backpack.
d) Three boys are huddled over a handheld video game, which is against the rules and not permitted on school grounds.",ddtree_tb16,dflash-original-ddtree,16,"The correct answer is: **c) A group of four girls has surrounded another girl and appears to have taken possession of her backpack.**

### Explanation:
The principal is concerned about **bullying during recess**, and the aides are instructed to be **vigilant**. The key is to identify a situation that **suggests bullying or inappropriate behavior**.

- **Option a**: A girl sitting alone reading a book is **not necessarily bullying**. It could be a quiet, solitary activity, and not indicative of bullying.
  
- **Option b**: A heated argument between two boys over a basketball game is **common and not necessarily bullying**, especially if it's a normal disagreement over a game.

- **Option c**: A group of girls surrounding another girl and taking her backpack is **a clear sign of possible bullying or harassment**, and should be reported immediately.

- **Option d**: Boys playing a handheld video game is **against the rules**, but unless it's causing harm or bullying, it's more of a **rule violation** than bullying.

### Conclusion:
**Option c** is the most appropriate situation for the aides to report to the principal, as it involves **potential bullying behavior**."
29,0,"Parents have complained to the principal about bullying during recess. The principal wants to quickly resolve this, instructing recess aides to be vigilant. Which situation should the aides report to the principal?
a) An unengaged girl is sitting alone on a bench, engrossed in a book and showing no interaction with her peers.
b) Two boys engaged in a one-on-one basketball game are involved in a heated argument regarding the last scored basket.
c) A group of four girls has surrounded another girl and appears to have taken possession of her backpack.
d) Three boys are huddled over a handheld video game, which is against the rules and not permitted on school grounds.",ddtree_tb32,dflash-original-ddtree,32,"The correct answer is: **c) A group of four girls has surrounded another girl and appears to have taken possession of her backpack.**

### Explanation:
The principal is concerned about **bullying during recess**, and the aides are instructed to be **vigilant**. The key is to identify a situation that **suggests bullying or inappropriate behavior** that may require immediate attention.

- **Option a**: A girl sitting alone reading a book is **not necessarily bullying**. It could be a quiet, solitary activity, and not indicative of bullying.
  
- **Option b**: A heated argument between two boys over a basketball game is **common and not necessarily bullying**, especially if it's a normal disagreement over a game.

- **Option c**: A group of girls surrounding another girl and taking possession of her backpack is **a clear sign of possible bullying or harassment**, and should be reported immediately.

- **Option d**: Three boys playing a handheld video game is **against the rules**, but unless it's causing harm or bullying, it's more of a **rule violation** than a bullying situation.

### Conclusion:
**Option c** is the most appropriate situation for the aides to report to the principal, as it involves **potential bullying behavior**."
29,0,"Parents have complained to the principal about bullying during recess. The principal wants to quickly resolve this, instructing recess aides to be vigilant. Which situation should the aides report to the principal?
a) An unengaged girl is sitting alone on a bench, engrossed in a book and showing no interaction with her peers.
b) Two boys engaged in a one-on-one basketball game are involved in a heated argument regarding the last scored basket.
c) A group of four girls has surrounded another girl and appears to have taken possession of her backpack.
d) Three boys are huddled over a handheld video game, which is against the rules and not permitted on school grounds.",ddtree_tb64,dflash-original-ddtree,64,"The correct answer is: **c) A group of four girls has surrounded another girl and appears to have taken possession of her backpack.**

### Explanation:
The principal is concerned about **bullying during recess**, and the aides are instructed to be **vigilant**. The key is to identify a situation that **suggests bullying or inappropriate behavior** that may require immediate attention.

- **Option a**: A girl sitting alone reading a book is **not necessarily bullying**. It could be a quiet, solitary activity, and not indicative of bullying.
  
- **Option b**: A heated argument between two boys over a basketball game is **common and not necessarily bullying**, especially if it's a normal disagreement over a game.

- **Option c**: A group of girls surrounding another girl and taking possession of her backpack is **a clear sign of possible bullying or harassment**, and should be reported immediately.

- **Option d**: Three boys playing a handheld video game is **against the rules**, but unless it's causing harm or bullying, it's more of a **rule violation** than a bullying situation.

### Conclusion:
**Option c** is the most appropriate situation for the aides to report to the principal, as it involves **potential bullying behavior**."
29,1,"If the aides confront the group of girls from situation (c) and they deny bullying, stating that they were merely playing a game, what specific evidence should the aides look for to determine if this is a likely truth or a cover-up for bullying?",baseline,target-only,,"If the aides confront the group of girls from **situation (c)** and they **deny bullying**, claiming they were **""just playing a game""**, the aides should look for **specific behavioral and contextual clues** that may indicate **bullying** rather than a harmless game. Here are the key pieces of evidence to consider:

---

### 1. **Verbal or Physical Aggression**
- **Evidence**: If the girls used **threatening language**, **taunted**, or **mocked** the girl, or if there was **physical contact** (e.g., pushing, grabbing, or holding the backpack), this is **strong evidence of bullying**.
- **Not bullying**: If the interaction was **playful**, **non-threatening**, and **consensual**, it may be a game.

---

### 2. **Control or Domination**
- **Evidence**: If the group of girls **took control** of the other girl, **forced her to do something**, or **made her feel powerless**, this is a **sign of bullying**.
- **Not bullying**: If the girl was **voluntarily involved** or **consented to the activity**, it may be a game.

---

### 3. **Intent and Power Dynamics**
-"
29,1,"If the aides confront the group of girls from situation (c) and they deny bullying, stating that they were merely playing a game, what specific evidence should the aides look for to determine if this is a likely truth or a cover-up for bullying?",dflash,dflash,,"If the aides confront the group of girls from **situation (c)** and they **deny bullying**, claiming they were **""just playing a game""**, the aides should look for **specific behavioral and contextual clues** that may indicate **bullying** rather than a harmless game. Here are the key pieces of evidence to consider:

---

### 1. **Physical Evidence of Harm or Inappropriate Behavior**
- **Torn or damaged belongings**: If the backpack is damaged, or if the girl’s personal items are missing or altered, this could indicate **intentional harm or theft**.
- **Physical contact or force**: If the girls were **physically restraining** the other girl, pushing, pulling, or using **threatening language**, this is a red flag for bullying.
- **Inappropriate or aggressive language**: If the girls used **taunting, mocking, or threatening words**, this could be a sign of bullying.

---

### 2. **Behavioral Patterns**
- **Repeated or persistent behavior**: If this is **not the first time** the girl has been isolated or taken advantage of, it may indicate a pattern of bullying.
- **Power imbalance**: If the group of girls is **older, larger, or in a position of authority**"
29,1,"If the aides confront the group of girls from situation (c) and they deny bullying, stating that they were merely playing a game, what specific evidence should the aides look for to determine if this is a likely truth or a cover-up for bullying?",ddtree_tb16,dflash-original-ddtree,16,"If the aides confront the group of girls from **situation (c)** and they **deny bullying**, claiming they were **""just playing a game""**, the aides should look for **specific behavioral and contextual clues** that may indicate **bullying** rather than a harmless game. Here are the key pieces of evidence to consider:

---

### 1. **Physical Evidence of Harm or Inappropriate Behavior**
- **Torn or damaged belongings**: If the backpack is damaged, or if the girl’s personal items are missing or altered, this could indicate **intentional harm** or **theft**.
- **Physical contact or force**: If the girls were **physically restraining** the other girl, pushing, pulling, or using **threatening language**, this is a red flag for **bullying**.
- **Inappropriate or aggressive language**: If the girls used **taunting, mocking, or threatening words**, this could be a sign of **bullying**.

---

### 2. **Behavioral Patterns**
- **Repeated or persistent behavior**: If this is **not the first time** the girl has been isolated or taken advantage of, it may indicate a **pattern of bullying**.
- **Power imbalance**: If the group of girls is **"
29,1,"If the aides confront the group of girls from situation (c) and they deny bullying, stating that they were merely playing a game, what specific evidence should the aides look for to determine if this is a likely truth or a cover-up for bullying?",ddtree_tb32,dflash-original-ddtree,32,"If the aides confront the group of girls from **situation (c)** and they **deny bullying**, claiming they were **""just playing a game""**, the aides should look for **specific behavioral and contextual clues** that may indicate **bullying** rather than a harmless game. Here are the key pieces of evidence to consider:

---

### 1. **Verbal or Physical Aggression**
- **Evidence**: If the girls used **threatening language**, **taunted**, or **mocked** the girl, or if there was **physical contact** (e.g., pushing, grabbing, or holding the backpack), this is a strong indicator of **bullying**.
- **Not bullying**: If the interaction was **playful**, **non-threatening**, and **consensual**, it may be a game.

---

### 2. **Control or Domination**
- **Evidence**: If the group of girls **took control** of the other girl, **forced her to do something**, or **made her feel powerless**, this is a sign of **bullying**.
- **Not bullying**: If the girl was **voluntarily involved** or **consented** to the activity, it may be a game.

---

### 3. **Intent and"
29,1,"If the aides confront the group of girls from situation (c) and they deny bullying, stating that they were merely playing a game, what specific evidence should the aides look for to determine if this is a likely truth or a cover-up for bullying?",ddtree_tb64,dflash-original-ddtree,64,"If the aides confront the group of girls from **situation (c)** and they **deny bullying**, claiming they were **""just playing a game""**, the aides should look for **specific behavioral and contextual clues** that may indicate **bullying** rather than a harmless game. Here are the key pieces of evidence to consider:

---

### 1. **Verbal or Physical Aggression**
- **Evidence**: If the girls used **threatening language**, **taunted**, or **mocked** the girl, or if there was **physical contact** (e.g., pushing, grabbing, or holding the backpack), this is a strong indicator of **bullying**.
- **Not bullying**: If the interaction was **playful**, **non-threatening**, and **consensual**, it may be a game.

---

### 2. **Control or Domination**
- **Evidence**: If the group of girls **took control** of the other girl, **forced her to do something**, or **made her feel powerless**, this is a sign of **bullying**.
- **Not bullying**: If the girl was **voluntarily involved**, **playing along**, or **not resisting**, it may be a game.

---

### 3. **Intent and"
30,0,"The vertices of a triangle are at points (0, 0), (-1, 1), and (3, 3). What is the area of the triangle?",baseline,target-only,,"We are given the vertices of a triangle at the points:

- $ A = (0, 0) $
- $ B = (-1, 1) $
- $ C = (3, 3) $

We can use the **shoelace formula** to find the area of a triangle given its vertices.

---

### **Shoelace Formula:**

For a triangle with vertices $ (x_1, y_1) $, $ (x_2, y_2) $, $ (x_3, y_3) $, the area is:

$$
\text{Area} = \frac{1}{2} \left| x_1(y_2 - y_3) + x_2(y_3 - y_1) + x_3(y_1 - y_2) \right|
$$

Substitute the given points:

- $ x_1 = 0, y_1 = 0 $
- $ x_2 = -1, y_2 = 1 $
- $ x_3 = 3, y_3 = 3 $

$$
\text{Area} = \frac{1}{2} \left| 0(1"
30,0,"The vertices of a triangle are at points (0, 0), (-1, 1), and (3, 3). What is the area of the triangle?",dflash,dflash,,"We are given the vertices of a triangle at the points:

- $ A = (0, 0) $
- $ B = (-1, 1) $
- $ C = (3, 3) $

We can use the **shoelace formula** to find the area of a triangle given its vertices.

---

### **Shoelace Formula:**

For a triangle with vertices $ (x_1, y_1) $, $ (x_2, y_2) $, $ (x_3, y_3) $, the area is:

$$
\text{Area} = \frac{1}{2} \left| x_1(y_2 - y_3) + x_2(y_3 - y_1) + x_3(y_1 - y_2) \right|
$$

Substitute the given points:

- $ x_1 = 0, y_1 = 0 $
- $ x_2 = -1, y_2 = 1 $
- $ x_3 = 3, y_3 = 3 $

$$
\text{Area} = \frac{1}{2} \left| 0(1"
30,0,"The vertices of a triangle are at points (0, 0), (-1, 1), and (3, 3). What is the area of the triangle?",ddtree_tb16,dflash-original-ddtree,16,"We are given the vertices of a triangle at the points:

- $ A = (0, 0) $
- $ B = (-1, 1) $
- $ C = (3, 3) $

We can use the **shoelace formula** to find the area of a triangle given its vertices.

---

### **Shoelace Formula:**

For a triangle with vertices $ (x_1, y_1) $, $ (x_2, y_2) $, $ (x_3, y_3) $, the area is:

$$
\text{Area} = \frac{1}{2} \left| x_1(y_2 - y_3) + x_2(y_3 - y_1) + x_3(y_1 - y_2) \right|
$$

Substitute the given points:

- $ x_1 = 0, y_1 = 0 $
- $ x_2 = -1, y_2 = 1 $
- $ x_3 = 3, y_3 = 3 $

$$
\text{Area} = \frac{1}{2} \left| 0(1"
30,0,"The vertices of a triangle are at points (0, 0), (-1, 1), and (3, 3). What is the area of the triangle?",ddtree_tb32,dflash-original-ddtree,32,"We are given the vertices of a triangle at the points:

- $ A = (0, 0) $
- $ B = (-1, 1) $
- $ C = (3, 3) $

We can use the **shoelace formula** to find the area of a triangle given its vertices.

---

### **Shoelace Formula:**

For a triangle with vertices $ (x_1, y_1) $, $ (x_2, y_2) $, $ (x_3, y_3) $, the area is:

$$
\text{Area} = \frac{1}{2} \left| x_1(y_2 - y_3) + x_2(y_3 - y_1) + x_3(y_1 - y_2) \right|
$$

Substitute the given points:

- $ x_1 = 0, y_1 = 0 $
- $ x_2 = -1, y_2 = 1 $
- $ x_3 = 3, y_3 = 3 $

$$
\text{Area} = \frac{1}{2} \left| 0(1"
30,0,"The vertices of a triangle are at points (0, 0), (-1, 1), and (3, 3). What is the area of the triangle?",ddtree_tb64,dflash-original-ddtree,64,"We are given the vertices of a triangle at the points:

- $ A = (0, 0) $
- $ B = (-1, 1) $
- $ C = (3, 3) $

We can use the **shoelace formula** to find the area of a triangle given its vertices.

---

### **Shoelace Formula:**

For a triangle with vertices $ (x_1, y_1) $, $ (x_2, y_2) $, $ (x_3, y_3) $, the area is:

$$
\text{Area} = \frac{1}{2} \left| x_1(y_2 - y_3) + x_2(y_3 - y_1) + x_3(y_1 - y_2) \right|
$$

Substitute the given points:

- $ x_1 = 0, y_1 = 0 $
- $ x_2 = -1, y_2 = 1 $
- $ x_3 = 3, y_3 = 3 $

$$
\text{Area} = \frac{1}{2} \left| 0(1"
30,1,What's area of the circle circumscribing the triangle?,baseline,target-only,,"To find the **area of the circle circumscribing the triangle**, we first need to find the **radius of the circumscribed circle (circumradius)** of the triangle with vertices:

- $ A = (0, 0) $
- $ B = (-1, 1) $
- $ C = (3, 3) $

---

### **Step 1: Use the formula for the circumradius $ R $ of a triangle:**

$$
R = \frac{abc}{4A}
$$

Where:
- $ a, b, c $ are the side lengths of the triangle
- $ A $ is the area of the triangle

We already know the area of the triangle from the previous calculation:

$$
\text{Area} = \frac{1}{2} \left| 0(1 - 3) + (-1)(3 - 0) + 3(0 - 1) \right| = \frac{1}{2} \left| 0 - 3 - 3 \right| = \frac{1}{2} \cdot 6 = 3
$$

So, $ A = 3 $

---

### **Step 2: Find the side lengths"
30,1,What's area of the circle circumscribing the triangle?,dflash,dflash,,"To find the **area of the circle circumscribing the triangle**, we first need to find the **circumradius** $ R $ of the triangle, and then use the formula for the area of a circle:

$$
\text{Area} = \pi R^2
$$

---

### **Step 1: Use the Shoelace Formula to find the area of the triangle**

We already have the triangle with vertices:

- $ A = (0, 0) $
- $ B = (-1, 1) $
- $ C = (3, 3) $

Using the **shoelace formula**:

$$
\text{Area} = \frac{1}{2} \left| x_1(y_2 - y_3) + x_2(y_3 - y_1) + x_3(y_1 - y_2) \right|
$$

Substitute:

$$
\text{Area} = \frac{1}{2} \left| 0(1 - 3) + (-1)(3 - 0) + 3(0 - 1) \right|
$$
$$
= \frac{1}{2} \left| "
30,1,What's area of the circle circumscribing the triangle?,ddtree_tb16,dflash-original-ddtree,16,"To find the **area of the circle circumscribing the triangle**, we first need to find the **circumradius** $ R $ of the triangle, and then use the formula for the area of a circle:

$$
\text{Area} = \pi R^2
$$

---

### **Step 1: Use the Shoelace Formula to find the area of the triangle**

We already have the triangle with vertices:

- $ A = (0, 0) $
- $ B = (-1, 1) $
- $ C = (3, 3) $

Using the **shoelace formula**:

$$
\text{Area} = \frac{1}{2} \left| x_1(y_2 - y_3) + x_2(y_3 - y_1) + x_3(y_1 - y_2) \right|
$$

Substitute:

$$
\text{Area} = \frac{1}{2} \left| 0(1 - 3) + (-1)(3 - 0) + 3(0 - 1) \right|
$$
$$
= \frac{1}{2} \left| "
30,1,What's area of the circle circumscribing the triangle?,ddtree_tb32,dflash-original-ddtree,32,"To find the **area of the circle circumscribing the triangle**, we first need to find the **circumradius** $ R $ of the triangle, and then use the formula for the area of a circle:

$$
\text{Area} = \pi R^2
$$

---

### **Step 1: Use the Shoelace Formula to find the area of the triangle**

We already have the vertices:

- $ A = (0, 0) $
- $ B = (-1, 1) $
- $ C = (3, 3) $

Using the **shoelace formula**:

$$
\text{Area} = \frac{1}{2} \left| x_1(y_2 - y_3) + x_2(y_3 - y_1) + x_3(y_1 - y_2) \right|
$$

Substitute:

$$
\text{Area} = \frac{1}{2} \left| 0(1 - 3) + (-1)(3 - 0) + 3(0 - 1) \right|
$$
$$
= \frac{1}{2} \left| 0 +"
30,1,What's area of the circle circumscribing the triangle?,ddtree_tb64,dflash-original-ddtree,64,"To find the **area of the circle circumscribing the triangle**, we first need to find the **circumradius** $ R $ of the triangle, and then use the formula for the area of a circle:

$$
\text{Area} = \pi R^2
$$

---

### **Step 1: Use the Shoelace Formula to find the area of the triangle**

We already have the triangle with vertices:

- $ A = (0, 0) $
- $ B = (-1, 1) $
- $ C = (3, 3) $

Using the **shoelace formula**:

$$
\text{Area} = \frac{1}{2} \left| x_1(y_2 - y_3) + x_2(y_3 - y_1) + x_3(y_1 - y_2) \right|
$$

Substitute the values:

$$
\text{Area} = \frac{1}{2} \left| 0(1 - 3) + (-1)(3 - 0) + 3(0 - 1) \right|
$$
$$
= \frac{1}{2} \left"
31,0,"A tech startup invests $8000 in software development in the first year, and then invests half of that amount in software development in the second year.
What's the total amount the startup invested in software development over the two years?",baseline,target-only,,"The startup invests:

- **First year:** $8000  
- **Second year:** Half of $8000 = $4000  

**Total investment over two years = $8000 + $4000 = $12,000**

**Answer: $12,000**"
31,0,"A tech startup invests $8000 in software development in the first year, and then invests half of that amount in software development in the second year.
What's the total amount the startup invested in software development over the two years?",dflash,dflash,,"The startup invests:

- **First year:** $8000  
- **Second year:** Half of $8000 = $4000  

**Total investment over two years = $8000 + $4000 = $12,000**

**Answer: $12,000**"
31,0,"A tech startup invests $8000 in software development in the first year, and then invests half of that amount in software development in the second year.
What's the total amount the startup invested in software development over the two years?",ddtree_tb16,dflash-original-ddtree,16,"The startup invests:

- **First year:** $8000  
- **Second year:** Half of $8000 = $4000  

**Total investment over two years = $8000 + $4000 = $12,000**

**Answer: $12,000**"
31,0,"A tech startup invests $8000 in software development in the first year, and then invests half of that amount in software development in the second year.
What's the total amount the startup invested in software development over the two years?",ddtree_tb32,dflash-original-ddtree,32,"The startup invests:

- **First year:** $8000  
- **Second year:** Half of $8000 = $4000  

**Total investment over two years = $8000 + $4000 = $12,000**

**Answer: $12,000**"
31,0,"A tech startup invests $8000 in software development in the first year, and then invests half of that amount in software development in the second year.
What's the total amount the startup invested in software development over the two years?",ddtree_tb64,dflash-original-ddtree,64,"The startup invests:

- **First year:** $8000  
- **Second year:** Half of $8000 = $4000  

**Total investment over two years = $8000 + $4000 = $12,000**

**Answer: $12,000**"
31,1,"If the startup maintains the same strategy for the third year, investing half of the previous year's amount into software development, how much will they invest in the third year?",baseline,target-only,,"If the startup continues the same strategy, they will invest **half of the previous year's amount** in the third year.

- **First year:** $8000  
- **Second year:** $4000 (half of $8000)  
- **Third year:** Half of $4000 = **$2000**

**Answer: $2000**"
31,1,"If the startup maintains the same strategy for the third year, investing half of the previous year's amount into software development, how much will they invest in the third year?",dflash,dflash,,"If the startup continues the same strategy, they will invest **half of the previous year's amount** in the third year.

- **Second year investment:** $4000  
- **Third year investment:** $ \frac{1}{2} \times 4000 = 2000 $

**Answer: $2000**"
31,1,"If the startup maintains the same strategy for the third year, investing half of the previous year's amount into software development, how much will they invest in the third year?",ddtree_tb16,dflash-original-ddtree,16,"If the startup continues the same strategy, they will invest **half of the previous year's amount** in the third year.

- **Second year investment:** $4000  
- **Third year investment:** $ \frac{1}{2} \times 4000 = 2000 $

**Answer: $2000**"
31,1,"If the startup maintains the same strategy for the third year, investing half of the previous year's amount into software development, how much will they invest in the third year?",ddtree_tb32,dflash-original-ddtree,32,"If the startup continues the same strategy, they will invest **half of the previous year's amount** in the third year.

- **Second year investment:** $4000  
- **Third year investment:** $ \frac{1}{2} \times 4000 = 2000 $

**Answer: $2000**"
31,1,"If the startup maintains the same strategy for the third year, investing half of the previous year's amount into software development, how much will they invest in the third year?",ddtree_tb64,dflash-original-ddtree,64,"If the startup continues the same strategy, they will invest **half of the previous year's amount** in the third year.

- **Second year investment:** $4000  
- **Third year investment:** $ \frac{1}{2} \times 4000 = 2000 $

**Answer: $2000**"
32,0,"In a survey conducted at a local high school, preferences for a new school color were measured: 58% of students liked the color blue, 45% preferred green, and 22% liked both colors. If we randomly pick a student from the school, what's the probability that they would like neither blue nor green?",baseline,target-only,,"We are given the following probabilities:

- $ P(\text{blue}) = 58\% = 0.58 $
- $ P(\text{green}) = 45\% = 0.45 $
- $ P(\text{blue and green}) = 22\% = 0.22 $

We are asked to find the probability that a randomly selected student **likes neither blue nor green**.

---

### Step 1: Use the principle of inclusion and exclusion to find the probability that a student likes **either** blue or green.

$$
P(\text{blue or green}) = P(\text{blue}) + P(\text{green}) - P(\text{blue and green})
$$

$$
P(\text{blue or green}) = 0.58 + 0.45 - 0.22 = 0.81
$$

---

### Step 2: Find the probability that a student likes **neither** blue nor green.

This is the complement of the event ""likes blue or green"":

$$
P(\text{neither blue nor green}) = 1 - P(\text{blue or green}) = 1 - 0"
32,0,"In a survey conducted at a local high school, preferences for a new school color were measured: 58% of students liked the color blue, 45% preferred green, and 22% liked both colors. If we randomly pick a student from the school, what's the probability that they would like neither blue nor green?",dflash,dflash,,"We are given the following probabilities:

- $ P(\text{blue}) = 58\% = 0.58 $
- $ P(\text{green}) = 45\% = 0.45 $
- $ P(\text{blue and green}) = 22\% = 0.22 $

We are asked to find the probability that a randomly selected student **likes neither blue nor green**.

---

### Step 1: Use the principle of inclusion and exclusion to find the probability that a student likes **either** blue or green.

$$
P(\text{blue or green}) = P(\text{blue}) + P(\text{green}) - P(\text{blue and green})
$$

$$
P(\text{blue or green}) = 0.58 + 0.45 - 0.22 = 0.81
$$

---

### Step 2: Find the probability that a student likes **neither** blue nor green.

This is the complement of the event ""likes blue or green"":

$$
P(\text{neither blue nor green}) = 1 - P(\text{blue or green}) = 1 - 0"
32,0,"In a survey conducted at a local high school, preferences for a new school color were measured: 58% of students liked the color blue, 45% preferred green, and 22% liked both colors. If we randomly pick a student from the school, what's the probability that they would like neither blue nor green?",ddtree_tb16,dflash-original-ddtree,16,"We are given the following probabilities:

- $ P(\text{blue}) = 58\% = 0.58 $
- $ P(\text{green}) = 45\% = 0.45 $
- $ P(\text{blue and green}) = 22\% = 0.22 $

We are asked to find the probability that a randomly selected student **likes neither blue nor green**.

---

### Step 1: Use the principle of inclusion and exclusion to find the probability that a student likes **either** blue or green.

$$
P(\text{blue or green}) = P(\text{blue}) + P(\text{green}) - P(\text{blue and green})
$$

$$
P(\text{blue or green}) = 0.58 + 0.45 - 0.22 = 0.81
$$

---

### Step 2: Find the probability that a student likes **neither** blue nor green.

This is the complement of the event ""likes blue or green"":

$$
P(\text{neither blue nor green}) = 1 - P(\text{blue or green}) = 1 - 0"
32,0,"In a survey conducted at a local high school, preferences for a new school color were measured: 58% of students liked the color blue, 45% preferred green, and 22% liked both colors. If we randomly pick a student from the school, what's the probability that they would like neither blue nor green?",ddtree_tb32,dflash-original-ddtree,32,"We are given the following probabilities:

- $ P(\text{blue}) = 58\% = 0.58 $
- $ P(\text{green}) = 45\% = 0.45 $
- $ P(\text{blue and green}) = 22\% = 0.22 $

We are asked to find the probability that a randomly selected student **likes neither blue nor green**.

---

### Step 1: Use the principle of inclusion and exclusion to find the probability that a student likes **either** blue or green.

$$
P(\text{blue or green}) = P(\text{blue}) + P(\text{green}) - P(\text{blue and green})
$$

$$
P(\text{blue or green}) = 0.58 + 0.45 - 0.22 = 0.81
$$

---

### Step 2: Find the probability that a student likes **neither** blue nor green.

This is the complement of the event ""likes blue or green"":

$$
P(\text{neither blue nor green}) = 1 - P(\text{blue or green}) = 1 - 0"
32,0,"In a survey conducted at a local high school, preferences for a new school color were measured: 58% of students liked the color blue, 45% preferred green, and 22% liked both colors. If we randomly pick a student from the school, what's the probability that they would like neither blue nor green?",ddtree_tb64,dflash-original-ddtree,64,"We are given the following probabilities:

- $ P(\text{blue}) = 58\% = 0.58 $
- $ P(\text{green}) = 45\% = 0.45 $
- $ P(\text{blue and green}) = 22\% = 0.22 $

We are asked to find the probability that a randomly selected student **likes neither blue nor green**.

---

### Step 1: Use the principle of inclusion and exclusion to find the probability that a student likes **either** blue or green.

$$
P(\text{blue or green}) = P(\text{blue}) + P(\text{green}) - P(\text{blue and green})
$$

$$
P(\text{blue or green}) = 0.58 + 0.45 - 0.22 = 0.81
$$

---

### Step 2: Find the probability that a student likes **neither** blue nor green.

This is the complement of the event ""likes blue or green"":

$$
P(\text{neither blue nor green}) = 1 - P(\text{blue or green}) = 1 - 0"
32,1,"If we select a student liked green, what's the probability that he or she would dislike both colors?",baseline,target-only,,"We are given:

- $ P(\text{green}) = 45\% = 0.45 $
- $ P(\text{blue and green}) = 22\% = 0.22 $

We are asked: **If a student likes green, what is the probability that they dislike both colors?**

This is a **conditional probability** question. We are looking for:

$$
P(\text{dislike both} \mid \text{likes green})
$$

---

### Step 1: Understand the event

- ""Dislike both colors"" means the student **does not like blue and does not like green**.
- But we are given that the student **likes green**, so the event ""dislike both"" is **impossible** under this condition.

In other words:

$$
P(\text{dislike both} \mid \text{likes green}) = 0
$$

Because if a student **likes green**, they **cannot** dislike green.

---

### ✅ Final Answer:

$$
\boxed{0}
$$"
32,1,"If we select a student liked green, what's the probability that he or she would dislike both colors?",dflash,dflash,,"We are given:

- $ P(\text{green}) = 45\% = 0.45 $
- $ P(\text{blue and green}) = 22\% = 0.22 $

We are asked: **If a student likes green, what is the probability that they dislike both colors?**

This is a **conditional probability** question. We are looking for:

$$
P(\text{dislike both} \mid \text{likes green})
$$

---

### Step 1: Understand the event

- ""Dislike both colors"" means the student **does not like blue and does not like green**.
- But we are given that the student **likes green**, so the event ""dislike both"" is **impossible** under this condition.

In other words:

$$
P(\text{dislike both} \mid \text{likes green}) = 0
$$

Because if a student **likes green**, they **cannot** dislike green.

---

### ✅ Final Answer:

$$
\boxed{0}
$$"
32,1,"If we select a student liked green, what's the probability that he or she would dislike both colors?",ddtree_tb16,dflash-original-ddtree,16,"We are given:

- $ P(\text{green}) = 45\% = 0.45 $
- $ P(\text{blue and green}) = 22\% = 0.22 $

We are asked: **If a student likes green, what is the probability that they dislike both colors?**

This is a **conditional probability** question.

---

### Step 1: Understand the question

We are given that the student **likes green**, and we want to find the probability that they **dislike both blue and green**.

But if a student **likes green**, they **cannot dislike green**. So, the event ""dislikes both colors"" is **impossible** if the student likes green.

---

### Step 2: Conclusion

If a student **likes green**, then they **cannot dislike green**, so the probability that they **dislike both colors** is:

$$
\boxed{0}
$$

This is because ""dislike both colors"" includes disliking green, which is **contradictory** to the condition that the student likes green."
32,1,"If we select a student liked green, what's the probability that he or she would dislike both colors?",ddtree_tb32,dflash-original-ddtree,32,"We are given:

- $ P(\text{green}) = 45\% = 0.45 $
- $ P(\text{blue and green}) = 22\% = 0.22 $

We are asked: **If a student likes green, what is the probability that they dislike both colors?**

This is a **conditional probability** question. We are given that the student **likes green**, and we want to find the probability that they **dislike both blue and green**.

---

### Step 1: Understand the event

- ""Dislikes both colors"" means the student **does not like blue and does not like green**.
- But we are given that the student **likes green**, so it is **impossible** for them to dislike green.

So, the event ""dislikes both colors"" is **incompatible** with the event ""likes green"".

---

### Step 2: Conclusion

If a student **likes green**, then they **cannot dislike green**. Therefore, the probability that they **dislike both colors** is:

$$
\boxed{0}
$$

---

### Final Answer:

$$
\boxed{0}
$$"
32,1,"If we select a student liked green, what's the probability that he or she would dislike both colors?",ddtree_tb64,dflash-original-ddtree,64,"We are given:

- $ P(\text{green}) = 45\% = 0.45 $
- $ P(\text{blue and green}) = 22\% = 0.22 $

We are asked: **If a student likes green, what is the probability that they dislike both colors?**

This is a **conditional probability** question. We are looking for:

$$
P(\text{dislike both} \mid \text{likes green})
$$

---

### Step 1: Understand the event

- ""Dislike both colors"" means the student **does not like blue and does not like green**.
- But we are given that the student **likes green**, so the event ""dislike both"" is **impossible** under this condition.

In other words:

$$
P(\text{dislike both} \mid \text{likes green}) = 0
$$

Because if a student **likes green**, they **cannot** dislike green.

---

### ✅ Final Answer:

$$
\boxed{0}
$$"
33,0,"When rolling two dice, what is the probability that you roll a total number that is at least 3?",baseline,target-only,,"To find the probability that the **total of two dice is at least 3**, we can follow these steps:

---

### Step 1: Total number of possible outcomes

When rolling two dice, each die has 6 faces, so the total number of possible outcomes is:

$$
6 \times 6 = 36
$$

---

### Step 2: Find the number of outcomes where the total is **at least 3**

We want the total to be **3 or more**. That is, we want the total to be **3, 4, 5, 6, 7, 8, 9, 10, 11, or 12**.

Instead of counting all of these, it's easier to find the **complement** — the number of outcomes where the total is **less than 3**, i.e., **1 or 2** — and subtract that from the total.

---

### Step 3: Count the number of outcomes where the total is **less than 3**

- **Total = 1**: Only possible if both dice show 1.  
  → (1, 1) → 1 outcome

- **Total = 2**: Possible combinations"
33,0,"When rolling two dice, what is the probability that you roll a total number that is at least 3?",dflash,dflash,,"To find the probability that the **total of two dice is at least 3**, we can follow these steps:

---

### Step 1: Total number of possible outcomes

When rolling two dice, each die has 6 faces, so the total number of possible outcomes is:

$$
6 \times 6 = 36
$$

---

### Step 2: Find the number of outcomes where the total is **at least 3**

We want the total to be **3 or more**. That is, we want the total to be **3, 4, 5, 6, 7, 8, 9, 10, 11, or 12**.

Alternatively, it's easier to find the **complement** — the probability that the total is **less than 3**, and then subtract that from 1.

The totals that are **less than 3** are:

- Total = 2
- Total = 1

But the **minimum possible total** when rolling two dice is **2** (1 + 1), so the only total less than 3 is **2**.

Now, how many ways can we roll a total of **2**?

- Only one"
33,0,"When rolling two dice, what is the probability that you roll a total number that is at least 3?",ddtree_tb16,dflash-original-ddtree,16,"To find the probability that the **total of two dice is at least 3**, we can follow these steps:

---

### Step 1: Total number of possible outcomes

When rolling two dice, each die has 6 faces, so the total number of possible outcomes is:

$$
6 \times 6 = 36
$$

---

### Step 2: Find the number of outcomes where the total is **at least 3**

We want the total to be **3 or more**. That is, we want the total to be **3, 4, 5, 6, 7, 8, 9, 10, 11, or 12**.

Alternatively, it's easier to find the **complement** — the probability that the total is **less than 3**, and then subtract that from 1.

The totals that are **less than 3** are:

- Total = 2
- Total = 1

But the **minimum possible total** when rolling two dice is **2** (1 + 1), so the only total less than 3 is **2**.

Now, how many ways can we roll a total of **2**?

- Only one"
33,0,"When rolling two dice, what is the probability that you roll a total number that is at least 3?",ddtree_tb32,dflash-original-ddtree,32,"To find the probability that the **total of two dice is at least 3**, we can follow these steps:

---

### Step 1: Total number of possible outcomes

When rolling two dice, each die has 6 faces, so the total number of possible outcomes is:

$$
6 \times 6 = 36
$$

---

### Step 2: Find the number of outcomes where the total is **at least 3**

We want the total to be **3 or more**. That is, we want the total to be **3, 4, 5, 6, 7, 8, 9, 10, 11, or 12**.

Alternatively, it's easier to find the **complement** — the probability that the total is **less than 3**, and then subtract that from 1.

The totals that are **less than 3** are:

- Total = 2
- Total = 1

But the **minimum possible total** when rolling two dice is **2** (1 + 1), so the only total less than 3 is **2**.

Now, how many ways can we roll a total of **2**?

- Only one"
33,0,"When rolling two dice, what is the probability that you roll a total number that is at least 3?",ddtree_tb64,dflash-original-ddtree,64,"To find the probability that the **total of two dice is at least 3**, we can follow these steps:

---

### Step 1: Total number of possible outcomes

When rolling two dice, each die has 6 faces, so the total number of possible outcomes is:

$$
6 \times 6 = 36
$$

---

### Step 2: Find the number of outcomes where the total is **at least 3**

We want the total to be **3 or more**. That is, we want the total to be **3, 4, 5, 6, 7, 8, 9, 10, 11, or 12**.

Alternatively, it's easier to find the **complement** — the probability that the total is **less than 3**, and then subtract that from 1.

The totals that are **less than 3** are:

- Total = 2
- Total = 1

But the **minimum possible total** when rolling two dice is **2** (1 + 1), so the only total less than 3 is **2**.

Now, how many ways can we roll a total of **2**?

- Only one"
33,1,Continue from previous question. What's the probability that you roll a number which is even or at least 3?,baseline,target-only,,"We are now asked to find the probability that the **total of two dice is even or at least 3**.

Let’s define the events:

- Let **A** be the event that the total is **even**.
- Let **B** be the event that the total is **at least 3**.

We are to find:  
$$
P(A \cup B) = P(A) + P(B) - P(A \cap B)
$$

---

### Step 1: Total number of outcomes

As before, the total number of outcomes when rolling two dice is:

$$
6 \times 6 = 36
$$

---

### Step 2: Count the number of outcomes where the total is **even**

The possible totals when rolling two dice are:  
$$
2, 3, 4, 5, 6, 7, 8, 9, 10, 11, 12
$$

Even totals: **2, 4, 6, 8, 10, 12**

Now, count the number of ways to get each even total:

- **2**: (1,1) → 1 way  
- **4**:"
33,1,Continue from previous question. What's the probability that you roll a number which is even or at least 3?,dflash,dflash,,"We are now asked to find the probability that the **total of two dice is even or at least 3**.

Let’s define the events:

- Let **A** be the event that the total is **even**.
- Let **B** be the event that the total is **at least 3**.

We are to find:  
$$
P(A \cup B) = P(A) + P(B) - P(A \cap B)
$$

---

### Step 1: Total number of outcomes

As before, there are **36** possible outcomes when rolling two dice.

---

### Step 2: Count the number of outcomes where the total is **even**

The possible totals when rolling two dice are:  
$$
2, 3, 4, 5, 6, 7, 8, 9, 10, 11, 12
$$

Even totals: **2, 4, 6, 8, 10, 12**

Let’s count the number of ways to get each even total:

- **2**: (1,1) → 1 way  
- **4**: (1,3), (2,2), (3"
33,1,Continue from previous question. What's the probability that you roll a number which is even or at least 3?,ddtree_tb16,dflash-original-ddtree,16,"We are now asked to find the probability that the **total of two dice is even or at least 3**.

Let’s define the events:

- Let **A** be the event that the total is **even**.
- Let **B** be the event that the total is **at least 3**.

We are to find:  
$$
P(A \cup B) = P(A) + P(B) - P(A \cap B)
$$

---

### Step 1: Total number of outcomes = 36 (as before)

---

### Step 2: Find $ P(A) $ — the probability that the total is **even**

The possible totals when rolling two dice are:  
$$
2, 3, 4, 5, 6, 7, 8, 9, 10, 11, 12
$$

Even totals: 2, 4, 6, 8, 10, 12

Now count the number of outcomes that result in each even total:

- **2**: (1,1) → 1
- **4**: (1,3), (2,2), (3,1) → 3"
33,1,Continue from previous question. What's the probability that you roll a number which is even or at least 3?,ddtree_tb32,dflash-original-ddtree,32,"We are now asked to find the probability that the **total of two dice is even or at least 3**.

Let’s define the events:

- Let **A** be the event that the total is **even**.
- Let **B** be the event that the total is **at least 3**.

We are to find:  
$$
P(A \cup B) = P(A) + P(B) - P(A \cap B)
$$

---

### Step 1: Total number of outcomes

As before, the total number of outcomes when rolling two dice is:

$$
6 \times 6 = 36
$$

---

### Step 2: Count the number of outcomes where the total is **even**

The possible totals when rolling two dice are:  
$$
2, 3, 4, 5, 6, 7, 8, 9, 10, 11, 12
$$

Even totals: **2, 4, 6, 8, 10, 12**

Now, count the number of ways to get each even total:

- **2**: (1,1) → 1 way  
- **4**:"
33,1,Continue from previous question. What's the probability that you roll a number which is even or at least 3?,ddtree_tb64,dflash-original-ddtree,64,"We are now asked to find the probability that the **total of two dice is even or at least 3**.

Let’s define the events:

- Let **A** be the event that the total is **even**.
- Let **B** be the event that the total is **at least 3**.

We are to find:  
$$
P(A \cup B) = P(A) + P(B) - P(A \cap B)
$$

---

### Step 1: Total number of outcomes

As before, the total number of outcomes when rolling two dice is:

$$
6 \times 6 = 36
$$

---

### Step 2: Count the number of outcomes where the total is **even**

The possible totals when rolling two dice are:  
$$
2, 3, 4, 5, 6, 7, 8, 9, 10, 11, 12
$$

Even totals: **2, 4, 6, 8, 10, 12**

Now, count the number of ways to get each even total:

- **2**: (1,1) → 1 way  
- **4**:"
34,0,"Some people got on a bus at the terminal. At the first bus stop, half of the people got down and 4 more people got in. Then at the second bus stop, 6 people got down and 8 more got in. If there were a total of 25 people heading to the third stop, how many people got on the bus at the terminal?",baseline,target-only,,"We are given the following:

- At the **first stop**, half of the people got off, and 4 more got on.
- At the **second stop**, 6 people got off, and 8 more got on.
- After these two stops, there are **25 people** on the bus heading to the third stop.

We are to find how many people **got on the bus at the terminal**.

---

### Let’s define:

Let the number of people who **got on the bus at the terminal** be **x**.

---

### Step 1: First stop

- Half of the people got off:  
  $ \frac{x}{2} $ people got off.

- 4 more people got on.

So, the number of people after the first stop is:

$$
x - \frac{x}{2} + 4 = \frac{x}{2} + 4
$$

---

### Step 2: Second stop

- 6 people got off.

- 8 more people got on.

So, the number of people after the second stop is:

$$
\left( \frac{x}{2} + 4 \right) - 6 + 8 = \frac{x}{2} +"
34,0,"Some people got on a bus at the terminal. At the first bus stop, half of the people got down and 4 more people got in. Then at the second bus stop, 6 people got down and 8 more got in. If there were a total of 25 people heading to the third stop, how many people got on the bus at the terminal?",dflash,dflash,,"We are given the following:

- At the **first stop**, half of the people got off, and 4 more got on.
- At the **second stop**, 6 people got off, and 8 more got on.
- After these two stops, there are **25 people** on the bus heading to the third stop.

We are to find how many people **got on the bus at the terminal**.

---

### Let’s define:

Let the number of people who **got on the bus at the terminal** be **x**.

---

### Step 1: First stop

- Half of the people got off:  
  $ \frac{x}{2} $ people got off.

- 4 more people got on.

So, the number of people after the first stop is:

$$
x - \frac{x}{2} + 4 = \frac{x}{2} + 4
$$

---

### Step 2: Second stop

- 6 people got off.

- 8 more people got on.

So, the number of people after the second stop is:

$$
\left( \frac{x}{2} + 4 \right) - 6 + 8 = \frac{x}{2} +"
34,0,"Some people got on a bus at the terminal. At the first bus stop, half of the people got down and 4 more people got in. Then at the second bus stop, 6 people got down and 8 more got in. If there were a total of 25 people heading to the third stop, how many people got on the bus at the terminal?",ddtree_tb16,dflash-original-ddtree,16,"We are given the following:

- At the **first stop**, half of the people got off, and 4 more got on.
- At the **second stop**, 6 people got off, and 8 more got on.
- After these two stops, there are **25 people** on the bus heading to the third stop.

We are to find how many people **got on the bus at the terminal**.

---

### Let’s define:

Let the number of people who **got on the bus at the terminal** be **x**.

---

### Step 1: First stop

- Half of the people got off:  
  $ \frac{x}{2} $ people got off.

- 4 more people got on.

So, the number of people after the first stop is:

$$
x - \frac{x}{2} + 4 = \frac{x}{2} + 4
$$

---

### Step 2: Second stop

- 6 people got off.

- 8 more people got on.

So, the number of people after the second stop is:

$$
\left( \frac{x}{2} + 4 \right) - 6 + 8 = \frac{x}{2} +"
34,0,"Some people got on a bus at the terminal. At the first bus stop, half of the people got down and 4 more people got in. Then at the second bus stop, 6 people got down and 8 more got in. If there were a total of 25 people heading to the third stop, how many people got on the bus at the terminal?",ddtree_tb32,dflash-original-ddtree,32,"We are given the following:

- At the **first stop**, half of the people got off, and 4 more got on.
- At the **second stop**, 6 people got off, and 8 more got on.
- After these two stops, there are **25 people** on the bus heading to the third stop.

We are to find how many people **got on the bus at the terminal**.

---

### Let’s define:

Let the number of people who **got on the bus at the terminal** be **x**.

---

### Step 1: First stop

- Half of the people got off:  
  $ \frac{x}{2} $ people got off.
- 4 more people got on.

So, the number of people after the first stop is:

$$
x - \frac{x}{2} + 4 = \frac{x}{2} + 4
$$

---

### Step 2: Second stop

- 6 people got off.
- 8 more people got on.

So, the number of people after the second stop is:

$$
\left( \frac{x}{2} + 4 \right) - 6 + 8 = \frac{x}{2} +"
34,0,"Some people got on a bus at the terminal. At the first bus stop, half of the people got down and 4 more people got in. Then at the second bus stop, 6 people got down and 8 more got in. If there were a total of 25 people heading to the third stop, how many people got on the bus at the terminal?",ddtree_tb64,dflash-original-ddtree,64,"We are given the following:

- At the **first stop**, half of the people got off, and 4 more got on.
- At the **second stop**, 6 people got off, and 8 more got on.
- After these two stops, there are **25 people** on the bus heading to the third stop.

We are to find how many people **got on the bus at the terminal**.

---

### Let’s define:

Let $ x $ be the number of people who **got on the bus at the terminal**.

---

### Step 1: First stop

- Half of the people got off: $ \frac{x}{2} $ people got off.
- 4 more people got on.

So, the number of people after the first stop is:

$$
x - \frac{x}{2} + 4 = \frac{x}{2} + 4
$$

---

### Step 2: Second stop

- 6 people got off.
- 8 more people got on.

So, the number of people after the second stop is:

$$
\left( \frac{x}{2} + 4 \right) - 6 + 8 = \frac{x}{2} + 6"
34,1,"If the ticket is $2 per person, how much is the total money earned by the bus?",baseline,target-only,,"We are given that **after the second stop**, there are **25 people** on the bus heading to the third stop.

We are also told that **each ticket is $2 per person**.

---

### Step 1: Total money earned

$$
\text{Total money earned} = \text{Number of people} \times \text{Price per person}
$$

$$
= 25 \times 2 = \boxed{50}
$$

---

### ✅ Final Answer: **$50** is the total money earned by the bus."
34,1,"If the ticket is $2 per person, how much is the total money earned by the bus?",dflash,dflash,,"We are given that **after the second stop**, there are **25 people** on the bus heading to the third stop.

We are also told that **each ticket is $2 per person**.

---

### Step 1: Total money earned

$$
\text{Total money earned} = \text{Number of people} \times \text{Price per person}
$$

$$
= 25 \times 2 = \boxed{50}
$$

---

### ✅ Final Answer: **$50** is the total money earned by the bus."
34,1,"If the ticket is $2 per person, how much is the total money earned by the bus?",ddtree_tb16,dflash-original-ddtree,16,"We are given that **after the second stop**, there are **25 people** on the bus heading to the third stop.

We are also told that **each ticket is $2 per person**.

---

### Step 1: Total money earned

$$
\text{Total money earned} = \text{Number of people} \times \text{Price per person}
$$

$$
= 25 \times 2 = \boxed{50}
$$

---

### ✅ Final Answer: **$50** is the total money earned by the bus."
34,1,"If the ticket is $2 per person, how much is the total money earned by the bus?",ddtree_tb32,dflash-original-ddtree,32,"We are given that **after the second stop**, there are **25 people** on the bus heading to the third stop.

We are also told that **each ticket is $2 per person**.

---

### Step 1: Total money earned

$$
\text{Total money earned} = \text{Number of people} \times \text{Price per person}
$$

$$
= 25 \times 2 = \boxed{50}
$$

---

### ✅ Final Answer: **$50** is the total money earned by the bus."
34,1,"If the ticket is $2 per person, how much is the total money earned by the bus?",ddtree_tb64,dflash-original-ddtree,64,"We are given that **after the second stop**, there are **25 people** on the bus heading to the third stop.

We are also told that **each ticket is $2 per person**.

---

### Step 1: Total money earned

$$
\text{Total money earned} = \text{Number of people} \times \text{Price per person}
$$

$$
= 25 \times 2 = \boxed{50}
$$

---

### ✅ Final Answer: **$50** is the total money earned by the bus."
35,0,"x+y = 4z, x*y = 4z^2, express x-y in z",baseline,target-only,,"We are given the following equations:

$$
x + y = 4z \tag{1}
$$
$$
xy = 4z^2 \tag{2}
$$

We are to **express $ x - y $ in terms of $ z $**.

---

### Step 1: Use the identity for the square of a difference

We know that:

$$
(x - y)^2 = (x + y)^2 - 4xy
$$

Substitute equations (1) and (2) into this identity:

$$
(x - y)^2 = (4z)^2 - 4(4z^2)
$$

$$
(x - y)^2 = 16z^2 - 16z^2 = 0
$$

$$
(x - y)^2 = 0
$$

Take the square root of both sides:

$$
x - y = \pm \sqrt{0} = 0
$$

---

### Final Answer:

$$
\boxed{0}
$$

So, $ x - y = 0 $ in terms of $ z $."
35,0,"x+y = 4z, x*y = 4z^2, express x-y in z",dflash,dflash,,"We are given the following equations:

$$
x + y = 4z \tag{1}
$$
$$
xy = 4z^2 \tag{2}
$$

We are to **express $ x - y $ in terms of $ z $**.

---

### Step 1: Use the identity for the square of a difference

We know that:

$$
(x - y)^2 = (x + y)^2 - 4xy
$$

Substitute equations (1) and (2) into this identity:

$$
(x - y)^2 = (4z)^2 - 4(4z^2)
$$

$$
(x - y)^2 = 16z^2 - 16z^2 = 0
$$

$$
(x - y)^2 = 0
$$

Take the square root of both sides:

$$
x - y = \pm \sqrt{0} = 0
$$

---

### ✅ Final Answer:

$$
\boxed{0}
$$

So, $ x - y = 0 $ in terms of $ z $."
35,0,"x+y = 4z, x*y = 4z^2, express x-y in z",ddtree_tb16,dflash-original-ddtree,16,"We are given the following equations:

$$
x + y = 4z \tag{1}
$$
$$
xy = 4z^2 \tag{2}
$$

We are to **express $ x - y $ in terms of $ z $**.

---

### Step 1: Use the identity for the square of a difference

We know that:

$$
(x - y)^2 = (x + y)^2 - 4xy
$$

Substitute equations (1) and (2) into this identity:

$$
(x - y)^2 = (4z)^2 - 4(4z^2)
$$

$$
(x - y)^2 = 16z^2 - 16z^2 = 0
$$

$$
(x - y)^2 = 0
$$

Take the square root of both sides:

$$
x - y = \pm \sqrt{0} = 0
$$

---

### Final Answer:

$$
\boxed{0}
$$

So, $ x - y = 0 $ in terms of $ z $."
35,0,"x+y = 4z, x*y = 4z^2, express x-y in z",ddtree_tb32,dflash-original-ddtree,32,"We are given the following equations:

$$
x + y = 4z \tag{1}
$$
$$
xy = 4z^2 \tag{2}
$$

We are to **express $ x - y $ in terms of $ z $**.

---

### Step 1: Use the identity for the square of a difference

We know the identity:

$$
(x - y)^2 = (x + y)^2 - 4xy
$$

Substitute equations (1) and (2) into this identity:

$$
(x - y)^2 = (4z)^2 - 4(4z^2)
$$

$$
(x - y)^2 = 16z^2 - 16z^2 = 0
$$

$$
(x - y)^2 = 0
$$

Take the square root of both sides:

$$
x - y = \pm \sqrt{0} = 0
$$

---

### ✅ Final Answer:

$$
\boxed{0}
$$

So, $ x - y = 0 $ in terms of $ z $."
35,0,"x+y = 4z, x*y = 4z^2, express x-y in z",ddtree_tb64,dflash-original-ddtree,64,"We are given the following equations:

$$
x + y = 4z \tag{1}
$$
$$
xy = 4z^2 \tag{2}
$$

We are to **express $ x - y $ in terms of $ z $**.

---

### Step 1: Use the identity for the square of a difference

We know that:

$$
(x - y)^2 = (x + y)^2 - 4xy
$$

Substitute equations (1) and (2) into this identity:

$$
(x - y)^2 = (4z)^2 - 4(4z^2)
$$

$$
(x - y)^2 = 16z^2 - 16z^2 = 0
$$

$$
(x - y)^2 = 0
$$

Take the square root of both sides:

$$
x - y = \pm \sqrt{0} = 0
$$

---

### ✅ Final Answer:

$$
\boxed{0}
$$

So, $ x - y = 0 $ in terms of $ z $."
35,1,Express z-x in y,baseline,target-only,,"We are given the equations:

$$
x + y = 4z \tag{1}
$$
$$
xy = 4z^2 \tag{2}
$$

We are now asked to **express $ z - x $ in terms of $ y $**.

---

### Step 1: Solve for $ z $ in terms of $ x $ and $ y $

From equation (1):

$$
x + y = 4z \Rightarrow z = \frac{x + y}{4}
$$

Now, compute $ z - x $:

$$
z - x = \frac{x + y}{4} - x = \frac{x + y - 4x}{4} = \frac{-3x + y}{4}
$$

So:

$$
z - x = \frac{y - 3x}{4}
$$

---

### Step 2: Express $ x $ in terms of $ y $ and $ z $

From equation (1):

$$
x = 4z - y
$$

Substitute this into the expression for $ z - x $:

$$
z - x = \frac{y - 3(4z - y)}{4} = \frac{y"
35,1,Express z-x in y,dflash,dflash,,"We are given the same equations:

$$
x + y = 4z \tag{1}
$$
$$
xy = 4z^2 \tag{2}
$$

We are now asked to **express $ z - x $ in terms of $ y $**.

---

### Step 1: Solve for $ z $ in terms of $ x $ and $ y $

From equation (1):

$$
z = \frac{x + y}{4}
$$

Now, compute $ z - x $:

$$
z - x = \frac{x + y}{4} - x = \frac{x + y - 4x}{4} = \frac{-3x + y}{4}
$$

So:

$$
z - x = \frac{y - 3x}{4}
$$

---

### Final Answer:

$$
\boxed{\frac{y - 3x}{4}}
$$

This is the expression for $ z - x $ in terms of $ y $."
35,1,Express z-x in y,ddtree_tb16,dflash-original-ddtree,16,"We are given the same equations:

$$
x + y = 4z \tag{1}
$$
$$
xy = 4z^2 \tag{2}
$$

We are now asked to **express $ z - x $ in terms of $ y $**.

---

### Step 1: Solve for $ z $ in terms of $ x $ and $ y $

From equation (1):

$$
z = \frac{x + y}{4}
$$

Now, compute $ z - x $:

$$
z - x = \frac{x + y}{4} - x = \frac{x + y - 4x}{4} = \frac{-3x + y}{4}
$$

So:

$$
z - x = \frac{y - 3x}{4}
$$

---

### Final Answer:

$$
\boxed{\frac{y - 3x}{4}}
$$

This is the expression for $ z - x $ in terms of $ y $."
35,1,Express z-x in y,ddtree_tb32,dflash-original-ddtree,32,"We are given the same equations:

$$
x + y = 4z \tag{1}
$$
$$
xy = 4z^2 \tag{2}
$$

We are now asked to **express $ z - x $ in terms of $ y $**.

---

### Step 1: Solve for $ z $ in terms of $ x $ and $ y $

From equation (1):

$$
z = \frac{x + y}{4}
$$

Now, compute $ z - x $:

$$
z - x = \frac{x + y}{4} - x
$$

$$
= \frac{x + y - 4x}{4} = \frac{-3x + y}{4}
$$

So,

$$
z - x = \frac{y - 3x}{4}
$$

---

### Final Answer:

$$
\boxed{\frac{y - 3x}{4}}
$$

This is the expression for $ z - x $ in terms of $ y $."
35,1,Express z-x in y,ddtree_tb64,dflash-original-ddtree,64,"We are given the equations:

$$
x + y = 4z \tag{1}
$$
$$
xy = 4z^2 \tag{2}
$$

We are now asked to **express $ z - x $ in terms of $ y $**.

---

### Step 1: Solve for $ z $ in terms of $ x $ and $ y $

From equation (1):

$$
x + y = 4z \Rightarrow z = \frac{x + y}{4}
$$

Now, compute $ z - x $:

$$
z - x = \frac{x + y}{4} - x = \frac{x + y - 4x}{4} = \frac{-3x + y}{4}
$$

So:

$$
z - x = \frac{y - 3x}{4}
$$

---

### Step 2: Express in terms of $ y $ only

We need to eliminate $ x $ in terms of $ y $.

From equation (1):

$$
x = 4z - y
$$

Substitute into the expression for $ z - x $:

$$
z - x = \frac{y - 3(4z - y)}"
36,0,How many integers are in the solution of the inequality |x + 5| < 10,baseline,target-only,,"We are given the inequality:

$$
|x + 5| < 10
$$

### Step 1: Understand the inequality

The absolute value inequality $ |x + 5| < 10 $ means that the expression inside the absolute value, $ x + 5 $, is within 10 units of 0. In other words:

$$
-10 < x + 5 < 10
$$

### Step 2: Solve the compound inequality

Subtract 5 from all parts:

$$
-10 - 5 < x < 10 - 5
$$
$$
-15 < x < 5
$$

### Step 3: Find the integers in this interval

We are looking for **integers** $ x $ such that:

$$
-15 < x < 5
$$

This means $ x $ can be any integer **greater than -15** and **less than 5**.

The integers in this range are:

$$
-14, -13, -12, -11, -10, -9, -8, -7, -6, -5, -4, -3,"
36,0,How many integers are in the solution of the inequality |x + 5| < 10,dflash,dflash,,"We are given the inequality:

$$
|x + 5| < 10
$$

### Step 1: Understand the inequality

The absolute value inequality $ |x + 5| < 10 $ means that the expression inside the absolute value, $ x + 5 $, is within 10 units of 0. In other words:

$$
-10 < x + 5 < 10
$$

### Step 2: Solve the compound inequality

Subtract 5 from all parts:

$$
-10 - 5 < x < 10 - 5
$$
$$
-15 < x < 5
$$

### Step 3: Find the integers in this interval

We are looking for **integers** $ x $ such that:

$$
-15 < x < 5
$$

The integers in this range are:

$$
-14, -13, -12, -11, -10, -9, -8, -7, -6, -5, -4, -3, -2, -1, 0, 1, 2, 3, 4
$$

###"
36,0,How many integers are in the solution of the inequality |x + 5| < 10,ddtree_tb16,dflash-original-ddtree,16,"We are given the inequality:

$$
|x + 5| < 10
$$

### Step 1: Understand the inequality

The absolute value inequality $ |x + 5| < 10 $ means that the expression inside the absolute value, $ x + 5 $, is within 10 units of 0. In other words:

$$
-10 < x + 5 < 10
$$

### Step 2: Solve the compound inequality

Subtract 5 from all parts:

$$
-10 - 5 < x < 10 - 5
$$
$$
-15 < x < 5
$$

### Step 3: Find the integers in this interval

We are looking for **integers** $ x $ such that:

$$
-15 < x < 5
$$

The integers in this range are:

$$
-14, -13, -12, -11, -10, -9, -8, -7, -6, -5, -4, -3, -2, -1, 0, 1, 2, 3, 4
$$

###"
36,0,How many integers are in the solution of the inequality |x + 5| < 10,ddtree_tb32,dflash-original-ddtree,32,"We are given the inequality:

$$
|x + 5| < 10
$$

### Step 1: Understand the inequality

The absolute value inequality $ |x + 5| < 10 $ means that the expression inside the absolute value, $ x + 5 $, is within 10 units of 0. In other words:

$$
-10 < x + 5 < 10
$$

### Step 2: Solve the compound inequality

Subtract 5 from all parts:

$$
-10 - 5 < x < 10 - 5
$$
$$
-15 < x < 5
$$

### Step 3: Find the integers in this interval

We are looking for **integers** $ x $ such that:

$$
-15 < x < 5
$$

This means $ x $ can be any integer **greater than -15** and **less than 5**.

The integers in this range are:

$$
-14, -13, -12, -11, -10, -9, -8, -7, -6, -5, -4, -3,"
36,0,How many integers are in the solution of the inequality |x + 5| < 10,ddtree_tb64,dflash-original-ddtree,64,"We are given the inequality:

$$
|x + 5| < 10
$$

### Step 1: Understand the inequality

The absolute value inequality $ |x + 5| < 10 $ means that the expression inside the absolute value, $ x + 5 $, is within 10 units of 0. In other words:

$$
-10 < x + 5 < 10
$$

### Step 2: Solve the compound inequality

Subtract 5 from all parts:

$$
-10 - 5 < x < 10 - 5
$$

$$
-15 < x < 5
$$

### Step 3: Find the integers in this interval

We are looking for **integers** $ x $ such that:

$$
-15 < x < 5
$$

This means $ x $ can be any integer **greater than -15** and **less than 5**.

So the integers are:

$$
-14, -13, -12, -11, -10, -9, -8, -7, -6, -5, -4, -3, -2"
36,1,What about |x + 10| < 5,baseline,target-only,,"We are given the inequality:

$$
|x + 10| < 5
$$

### Step 1: Understand the inequality

The absolute value inequality $ |x + 10| < 5 $ means that the expression inside the absolute value, $ x + 10 $, is within 5 units of 0. In other words:

$$
-5 < x + 10 < 5
$$

### Step 2: Solve the compound inequality

Subtract 10 from all parts:

$$
-5 - 10 < x < 5 - 10
$$
$$
-15 < x < -5
$$

### Step 3: Find the integers in this interval

We are looking for **integers** $ x $ such that:

$$
-15 < x < -5
$$

The integers in this range are:

$$
-14, -13, -12, -11, -10, -9, -8, -7, -6
$$

### ✅ Final Answer:

$$
\boxed{9} \text{ integers}
$$"
36,1,What about |x + 10| < 5,dflash,dflash,,"We are given the inequality:

$$
|x + 10| < 5
$$

### Step 1: Understand the inequality

The absolute value inequality $ |x + 10| < 5 $ means that the expression inside the absolute value, $ x + 10 $, is within 5 units of 0. In other words:

$$
-5 < x + 10 < 5
$$

### Step 2: Solve the compound inequality

Subtract 10 from all parts:

$$
-5 - 10 < x < 5 - 10
$$
$$
-15 < x < -5
$$

### Step 3: Find the integers in this interval

We are looking for **integers** $ x $ such that:

$$
-15 < x < -5
$$

The integers in this range are:

$$
-14, -13, -12, -11, -10, -9, -8, -7, -6
$$

### ✅ Final Answer:

$$
\boxed{9} \text{ integers}
$$"
36,1,What about |x + 10| < 5,ddtree_tb16,dflash-original-ddtree,16,"We are given the inequality:

$$
|x + 10| < 5
$$

### Step 1: Understand the inequality

The absolute value inequality $ |x + 10| < 5 $ means that the expression inside the absolute value, $ x + 10 $, is within 5 units of 0. In other words:

$$
-5 < x + 10 < 5
$$

### Step 2: Solve the compound inequality

Subtract 10 from all parts:

$$
-5 - 10 < x < 5 - 10
$$
$$
-15 < x < -5
$$

### Step 3: Find the integers in this interval

We are looking for **integers** $ x $ such that:

$$
-15 < x < -5
$$

The integers in this range are:

$$
-14, -13, -12, -11, -10, -9, -8, -7, -6
$$

### ✅ Final Answer:

$$
\boxed{9} \text{ integers}
$$"
36,1,What about |x + 10| < 5,ddtree_tb32,dflash-original-ddtree,32,"We are given the inequality:

$$
|x + 10| < 5
$$

### Step 1: Understand the inequality

The absolute value inequality $ |x + 10| < 5 $ means that the expression inside the absolute value, $ x + 10 $, is within 5 units of 0. In other words:

$$
-5 < x + 10 < 5
$$

### Step 2: Solve the compound inequality

Subtract 10 from all parts:

$$
-5 - 10 < x < 5 - 10
$$
$$
-15 < x < -5
$$

### Step 3: Find the integers in this interval

We are looking for **integers** $ x $ such that:

$$
-15 < x < -5
$$

The integers in this range are:

$$
-14, -13, -12, -11, -10, -9, -8, -7, -6
$$

### ✅ Final Answer:

$$
\boxed{9} \text{ integers}
$$"
36,1,What about |x + 10| < 5,ddtree_tb64,dflash-original-ddtree,64,"We are given the inequality:

$$
|x + 10| < 5
$$

### Step 1: Understand the inequality

The absolute value inequality $ |x + 10| < 5 $ means that the expression inside the absolute value, $ x + 10 $, is within 5 units of 0. In other words:

$$
-5 < x + 10 < 5
$$

### Step 2: Solve the compound inequality

Subtract 10 from all parts:

$$
-5 - 10 < x < 5 - 10
$$
$$
-15 < x < -5
$$

### Step 3: Find the integers in this interval

We are looking for **integers** $ x $ such that:

$$
-15 < x < -5
$$

The integers in this range are:

$$
-14, -13, -12, -11, -10, -9, -8, -7, -6
$$

### ✅ Final Answer:

$$
\boxed{9} \text{ integers}
$$"
37,0,"When a number is divided by 10, the remainder is 4. What is the remainder when twice the number is divided by 4?",baseline,target-only,,"We are given that when a number is divided by 10, the **remainder is 4**.

Let the number be $ x $.

So, we can write:

$$
x \equiv 4 \pmod{10}
$$

This means:

$$
x = 10k + 4 \quad \text{for some integer } k
$$

Now, we are asked to find the **remainder when twice the number is divided by 4**, i.e., find:

$$
(2x) \mod 4
$$

Substitute $ x = 10k + 4 $ into $ 2x $:

$$
2x = 2(10k + 4) = 20k + 8
$$

Now find the remainder when $ 20k + 8 $ is divided by 4.

Note that:

- $ 20k \equiv 0 \pmod{4} $, because 20 is divisible by 4.
- $ 8 \equiv 0 \pmod{4} $, because 8 is divisible by 4.

So:

$$
20k + 8 \equiv 0 + 0"
37,0,"When a number is divided by 10, the remainder is 4. What is the remainder when twice the number is divided by 4?",dflash,dflash,,"We are given:

> When a number is divided by 10, the remainder is 4.

This means:

$$
n \equiv 4 \pmod{10}
$$

So, the number $ n $ can be written as:

$$
n = 10k + 4 \quad \text{for some integer } k
$$

Now, we are asked to find the **remainder when twice the number is divided by 4**, i.e., find:

$$
(2n) \mod 4
$$

Substitute $ n = 10k + 4 $ into $ 2n $:

$$
2n = 2(10k + 4) = 20k + 8
$$

Now find the remainder when $ 20k + 8 $ is divided by 4:

$$
20k + 8 \equiv 0k + 0 \pmod{4} \quad \text{(since 20 is divisible by 4, and 8 is divisible by 4)}
$$

So:

$$
2n \equiv 0 \pmod{4}
$$

### ✅ Final Answer:
$$
\boxed"
37,0,"When a number is divided by 10, the remainder is 4. What is the remainder when twice the number is divided by 4?",ddtree_tb16,dflash-original-ddtree,16,"We are given:

> When a number is divided by 10, the remainder is 4.

This means:

$$
n \equiv 4 \pmod{10}
$$

So, the number $ n $ can be written as:

$$
n = 10k + 4 \quad \text{for some integer } k
$$

Now, we are asked to find the **remainder when twice the number is divided by 4**, i.e., find:

$$
(2n) \mod 4
$$

Substitute $ n = 10k + 4 $ into $ 2n $:

$$
2n = 2(10k + 4) = 20k + 8
$$

Now find the remainder when $ 20k + 8 $ is divided by 4:

$$
20k + 8 \equiv (20k \mod 4) + (8 \mod 4) \pmod{4}
$$

- $ 20k \mod 4 = 0 $ (since 20 is divisible by 4)
- $ 8 \mod 4 = 0 $

So:

$$
"
37,0,"When a number is divided by 10, the remainder is 4. What is the remainder when twice the number is divided by 4?",ddtree_tb32,dflash-original-ddtree,32,"We are given:

> When a number is divided by 10, the remainder is 4.

This means:

$$
n \equiv 4 \pmod{10}
$$

So, the number $ n $ can be written as:

$$
n = 10k + 4 \quad \text{for some integer } k
$$

Now, we are asked to find the **remainder when twice the number is divided by 4**, i.e., find:

$$
(2n) \mod 4
$$

Substitute $ n = 10k + 4 $ into $ 2n $:

$$
2n = 2(10k + 4) = 20k + 8
$$

Now find the remainder when $ 20k + 8 $ is divided by 4:

$$
20k + 8 \equiv (20k \mod 4) + (8 \mod 4) \pmod{4}
$$

- $ 20k \mod 4 = 0 $ (since 20 is divisible by 4)
- $ 8 \mod 4 = 0 $

So:

$$
"
37,0,"When a number is divided by 10, the remainder is 4. What is the remainder when twice the number is divided by 4?",ddtree_tb64,dflash-original-ddtree,64,"We are given:

> When a number is divided by 10, the remainder is 4.

This means:

$$
n \equiv 4 \pmod{10}
$$

So, the number $ n $ can be written as:

$$
n = 10k + 4 \quad \text{for some integer } k
$$

Now, we are asked to find the **remainder when twice the number is divided by 4**, i.e., find:

$$
(2n) \mod 4
$$

Substitute $ n = 10k + 4 $ into $ 2n $:

$$
2n = 2(10k + 4) = 20k + 8
$$

Now find the remainder when $ 20k + 8 $ is divided by 4:

$$
20k + 8 \equiv (20k \mod 4) + (8 \mod 4) \pmod{4}
$$

- $ 20k \mod 4 = 0 $ (since 20 is divisible by 4)
- $ 8 \mod 4 = 0 $

So:

$$
"
37,1,What about when twice the number is divided by 5?,baseline,target-only,,"We are given that when a number $ x $ is divided by 10, the **remainder is 4**, so:

$$
x \equiv 4 \pmod{10}
$$

This means:

$$
x = 10k + 4 \quad \text{for some integer } k
$$

We are now asked to find the **remainder when twice the number is divided by 5**, i.e., find:

$$
(2x) \mod 5
$$

Substitute $ x = 10k + 4 $ into $ 2x $:

$$
2x = 2(10k + 4) = 20k + 8
$$

Now find the remainder when $ 20k + 8 $ is divided by 5.

- $ 20k \equiv 0 \pmod{5} $, because 20 is divisible by 5.
- $ 8 \equiv 3 \pmod{5} $, because $ 8 - 5 = 3 $

So:

$$
2x \equiv 0 + 3 \equiv 3 \pmod{5}
$$

### ✅ Final"
37,1,What about when twice the number is divided by 5?,dflash,dflash,,"We are given that when a number $ x $ is divided by 10, the **remainder is 4**, so:

$$
x \equiv 4 \pmod{10}
$$

This means:

$$
x = 10k + 4 \quad \text{for some integer } k
$$

Now, we are asked to find the **remainder when twice the number is divided by 5**, i.e., find:

$$
(2x) \mod 5
$$

Substitute $ x = 10k + 4 $ into $ 2x $:

$$
2x = 2(10k + 4) = 20k + 8
$$

Now find the remainder when $ 20k + 8 $ is divided by 5.

- $ 20k \equiv 0 \pmod{5} $, because 20 is divisible by 5.
- $ 8 \equiv 3 \pmod{5} $, because $ 8 - 5 = 3 $

So:

$$
2x \equiv 0 + 3 \equiv 3 \pmod{5}
$$

### ✅"
37,1,What about when twice the number is divided by 5?,ddtree_tb16,dflash-original-ddtree,16,"We are given that when a number $ x $ is divided by 10, the **remainder is 4**, so:

$$
x \equiv 4 \pmod{10}
$$

This means:

$$
x = 10k + 4 \quad \text{for some integer } k
$$

Now, we are asked to find the **remainder when twice the number is divided by 5**, i.e., find:

$$
(2x) \mod 5
$$

Substitute $ x = 10k + 4 $ into $ 2x $:

$$
2x = 2(10k + 4) = 20k + 8
$$

Now find the remainder when $ 20k + 8 $ is divided by 5.

- $ 20k \equiv 0 \pmod{5} $, because 20 is divisible by 5.
- $ 8 \equiv 3 \pmod{5} $, because $ 8 - 5 = 3 $

So:

$$
2x \equiv 0 + 3 \equiv 3 \pmod{5}
$$

### ✅"
37,1,What about when twice the number is divided by 5?,ddtree_tb32,dflash-original-ddtree,32,"We are given that when a number $ x $ is divided by 10, the **remainder is 4**, so:

$$
x \equiv 4 \pmod{10}
$$

This means:

$$
x = 10k + 4 \quad \text{for some integer } k
$$

Now, we are asked to find the **remainder when twice the number is divided by 5**, i.e., find:

$$
(2x) \mod 5
$$

Substitute $ x = 10k + 4 $ into $ 2x $:

$$
2x = 2(10k + 4) = 20k + 8
$$

Now find the remainder when $ 20k + 8 $ is divided by 5.

- $ 20k \equiv 0 \pmod{5} $, because 20 is divisible by 5.
- $ 8 \equiv 3 \pmod{5} $, because $ 8 - 5 = 3 $

So:

$$
2x \equiv 0 + 3 \equiv 3 \pmod{5}
$$

### ✅"
37,1,What about when twice the number is divided by 5?,ddtree_tb64,dflash-original-ddtree,64,"We are given that when a number $ x $ is divided by 10, the **remainder is 4**, so:

$$
x \equiv 4 \pmod{10}
$$

This means:

$$
x = 10k + 4 \quad \text{for some integer } k
$$

Now, we are asked to find the **remainder when twice the number is divided by 5**, i.e., find:

$$
(2x) \mod 5
$$

Substitute $ x = 10k + 4 $ into $ 2x $:

$$
2x = 2(10k + 4) = 20k + 8
$$

Now find the remainder when $ 20k + 8 $ is divided by 5.

- $ 20k \equiv 0 \pmod{5} $, because 20 is divisible by 5.
- $ 8 \equiv 3 \pmod{5} $, because $ 8 - 5 = 3 $

So:

$$
2x \equiv 0 + 3 \equiv 3 \pmod{5}
$$

### ✅"
38,0,"Benjamin went to a bookstore and purchased a variety of books. He bought 5 copies of a sci-fi novel, each priced at $20, 3 copies of a history book priced at $30 each, and 2 copies of a philosophy book for $45 each.
What was the total cost of his purchases?",baseline,target-only,,"Let's calculate the total cost of each type of book and then add them together.

1. **Sci-fi novels**:  
   - 5 copies at $20 each:  
     $ 5 \times 20 = 100 $ dollars

2. **History books**:  
   - 3 copies at $30 each:  
     $ 3 \times 30 = 90 $ dollars

3. **Philosophy books**:  
   - 2 copies at $45 each:  
     $ 2 \times 45 = 90 $ dollars

Now, add them all together:  
$ 100 + 90 + 90 = 280 $

### **Total cost of Benjamin's purchases: $280**."
38,0,"Benjamin went to a bookstore and purchased a variety of books. He bought 5 copies of a sci-fi novel, each priced at $20, 3 copies of a history book priced at $30 each, and 2 copies of a philosophy book for $45 each.
What was the total cost of his purchases?",dflash,dflash,,"Let's calculate the total cost of each type of book and then add them together.

1. **Sci-fi novels**:  
   - 5 copies at $20 each:  
     $ 5 \times 20 = 100 $ dollars

2. **History books**:  
   - 3 copies at $30 each:  
     $ 3 \times 30 = 90 $ dollars

3. **Philosophy books**:  
   - 2 copies at $45 each:  
     $ 2 \times 45 = 90 $ dollars

Now, add them all together:  
$ 100 + 90 + 90 = 280 $

### **Total cost of Benjamin's purchases: $280**."
38,0,"Benjamin went to a bookstore and purchased a variety of books. He bought 5 copies of a sci-fi novel, each priced at $20, 3 copies of a history book priced at $30 each, and 2 copies of a philosophy book for $45 each.
What was the total cost of his purchases?",ddtree_tb16,dflash-original-ddtree,16,"Let's calculate the total cost of each type of book and then add them together.

1. **Sci-fi novels**:  
   - 5 copies at $20 each:  
     $ 5 \times 20 = 100 $ dollars

2. **History books**:  
   - 3 copies at $30 each:  
     $ 3 \times 30 = 90 $ dollars

3. **Philosophy books**:  
   - 2 copies at $45 each:  
     $ 2 \times 45 = 90 $ dollars

Now, add them all together:  
$ 100 + 90 + 90 = 280 $

### **Total cost of Benjamin's purchases: $280**."
38,0,"Benjamin went to a bookstore and purchased a variety of books. He bought 5 copies of a sci-fi novel, each priced at $20, 3 copies of a history book priced at $30 each, and 2 copies of a philosophy book for $45 each.
What was the total cost of his purchases?",ddtree_tb32,dflash-original-ddtree,32,"Let's calculate the total cost of each type of book and then add them together.

1. **Sci-fi novels**:  
   - 5 copies at $20 each:  
     $ 5 \times 20 = 100 $ dollars

2. **History books**:  
   - 3 copies at $30 each:  
     $ 3 \times 30 = 90 $ dollars

3. **Philosophy books**:  
   - 2 copies at $45 each:  
     $ 2 \times 45 = 90 $ dollars

Now, add all the amounts:  
$ 100 + 90 + 90 = 280 $

### **Total cost of Benjamin's purchases: $280**."
38,0,"Benjamin went to a bookstore and purchased a variety of books. He bought 5 copies of a sci-fi novel, each priced at $20, 3 copies of a history book priced at $30 each, and 2 copies of a philosophy book for $45 each.
What was the total cost of his purchases?",ddtree_tb64,dflash-original-ddtree,64,"Let's calculate the total cost of each type of book and then add them together.

1. **Sci-fi novels**:  
   - 5 copies at $20 each:  
     $ 5 \times 20 = 100 $ dollars

2. **History books**:  
   - 3 copies at $30 each:  
     $ 3 \times 30 = 90 $ dollars

3. **Philosophy books**:  
   - 2 copies at $45 each:  
     $ 2 \times 45 = 90 $ dollars

Now, add them all together:  
$ 100 + 90 + 90 = 280 $

### **Total cost of Benjamin's purchases: $280**."
38,1,Suppose Benjamin decides to sell each of these books at a 25% markup from the price he purchased them. What would be his total revenue if he sold all the books he bought?,baseline,target-only,,"To find Benjamin's **total revenue** after selling all the books at a **25% markup**, we first need to calculate the **selling price per book** and then multiply by the number of books.

---

### **Step 1: Calculate the selling price per book (with 25% markup)**

- **Sci-fi novels**:  
  Original price = $20  
  Markup = 25% of $20 = $ 0.25 × 20 = $5  
  Selling price = $20 + $5 = **$25**

- **History books**:  
  Original price = $30  
  Markup = 25% of $30 = $ 0.25 × 30 = $7.50  
  Selling price = $30 + $7.50 = **$37.50**

- **Philosophy books**:  
  Original price = $45  
  Markup = 25% of $45 = $ 0.25 × 45 = $11.25  
  Selling price = $45 + $11.25 = **$56.25**

---

"
38,1,Suppose Benjamin decides to sell each of these books at a 25% markup from the price he purchased them. What would be his total revenue if he sold all the books he bought?,dflash,dflash,,"To find Benjamin's **total revenue** after selling all the books at a **25% markup**, we first need to calculate the **selling price per book** and then multiply by the number of books.

---

### **Step 1: Calculate the selling price per book (with 25% markup)**

- **Sci-fi novels**:  
  Original price = $20  
  Markup = 25% of $20 = $0.25 × 20 = $5  
  Selling price = $20 + $5 = **$25**

- **History books**:  
  Original price = $30  
  Markup = 25% of $30 = $0.25 × 30 = $7.50  
  Selling price = $30 + $7.50 = **$37.50**

- **Philosophy books**:  
  Original price = $45  
  Markup = 25% of $45 = $0.25 × 45 = $11.25  
  Selling price = $45 + $11.25 = **$56.25**

---

### **Step"
38,1,Suppose Benjamin decides to sell each of these books at a 25% markup from the price he purchased them. What would be his total revenue if he sold all the books he bought?,ddtree_tb16,dflash-original-ddtree,16,"To find Benjamin's **total revenue** after selling all the books at a **25% markup**, we first need to calculate the **selling price per book** and then multiply by the number of books.

---

### **Step 1: Calculate the selling price per book (with 25% markup)**

- **Sci-fi novels**:  
  Original price = $20  
  Markup = 25% of $20 = $0.25 × 20 = $5  
  Selling price = $20 + $5 = **$25**

- **History books**:  
  Original price = $30  
  Markup = 25% of $30 = $0.25 × 30 = $7.50  
  Selling price = $30 + $7.50 = **$37.50**

- **Philosophy books**:  
  Original price = $45  
  Markup = 25% of $45 = $0.25 × 45 = $11.25  
  Selling price = $45 + $11.25 = **$56.25**

---

### **Step"
38,1,Suppose Benjamin decides to sell each of these books at a 25% markup from the price he purchased them. What would be his total revenue if he sold all the books he bought?,ddtree_tb32,dflash-original-ddtree,32,"To find Benjamin's **total revenue** after selling all the books at a **25% markup**, we first need to calculate the **selling price per book** and then multiply by the number of books.

---

### **Step 1: Calculate the selling price per book (with 25% markup)**

- **Sci-fi novels**:  
  Original price = $20  
  Markup = 25% of $20 = $ 0.25 × 20 = $5  
  Selling price = $20 + $5 = **$25**

- **History books**:  
  Original price = $30  
  Markup = 25% of $30 = $ 0.25 × 30 = $7.50  
  Selling price = $30 + $7.50 = **$37.50**

- **Philosophy books**:  
  Original price = $45  
  Markup = 25% of $45 = $ 0.25 × 45 = $11.25  
  Selling price = $45 + $11.25 = **$56.25**

---

"
38,1,Suppose Benjamin decides to sell each of these books at a 25% markup from the price he purchased them. What would be his total revenue if he sold all the books he bought?,ddtree_tb64,dflash-original-ddtree,64,"To find Benjamin's **total revenue** after selling all the books at a **25% markup**, we first need to calculate the **selling price per book** and then multiply by the number of books.

---

### **Step 1: Calculate the selling price per book (with 25% markup)**

- **Sci-fi novels**:  
  Original price = $20  
  Markup = 25% of $20 = $ 0.25 × 20 = $5  
  Selling price = $20 + $5 = **$25**

- **History books**:  
  Original price = $30  
  Markup = 25% of $30 = $ 0.25 × 30 = $7.50  
  Selling price = $30 + $7.50 = **$37.50**

- **Philosophy books**:  
  Original price = $45  
  Markup = 25% of $45 = $ 0.25 × 45 = $11.25  
  Selling price = $45 + $11.25 = **$56.25**

---

"
39,0,"Given that f(x) = 4x^3 - 9x - 14, find the value of f(2).",baseline,target-only,,"We are given the function:

$$
f(x) = 4x^3 - 9x - 14
$$

We are asked to find the value of $ f(2) $.

### Step 1: Substitute $ x = 2 $ into the function.

$$
f(2) = 4(2)^3 - 9(2) - 14
$$

### Step 2: Calculate each term.

- $ 2^3 = 8 $, so $ 4(2)^3 = 4 \cdot 8 = 32 $
- $ 9(2) = 18 $
- The constant term is $ -14 $

### Step 3: Combine the terms.

$$
f(2) = 32 - 18 - 14
$$

$$
f(2) = 32 - 32 = 0
$$

### ✅ Final Answer:

$$
\boxed{0}
$$"
39,0,"Given that f(x) = 4x^3 - 9x - 14, find the value of f(2).",dflash,dflash,,"We are given the function:

$$
f(x) = 4x^3 - 9x - 14
$$

We are asked to find the value of $ f(2) $.

### Step 1: Substitute $ x = 2 $ into the function:

$$
f(2) = 4(2)^3 - 9(2) - 14
$$

### Step 2: Calculate each term:

- $ 2^3 = 8 $, so $ 4(2)^3 = 4 \cdot 8 = 32 $
- $ 9(2) = 18 $
- The constant term is $ -14 $

### Step 3: Combine the results:

$$
f(2) = 32 - 18 - 14
$$

$$
f(2) = 32 - 32 = 0
$$

### ✅ Final Answer:

$$
\boxed{0}
$$"
39,0,"Given that f(x) = 4x^3 - 9x - 14, find the value of f(2).",ddtree_tb16,dflash-original-ddtree,16,"We are given the function:

$$
f(x) = 4x^3 - 9x - 14
$$

We are asked to find the value of $ f(2) $.

### Step 1: Substitute $ x = 2 $ into the function:

$$
f(2) = 4(2)^3 - 9(2) - 14
$$

### Step 2: Calculate each term:

- $ 2^3 = 8 $, so $ 4(2)^3 = 4 \cdot 8 = 32 $
- $ 9(2) = 18 $
- The constant term is $ -14 $

### Step 3: Combine the results:

$$
f(2) = 32 - 18 - 14
$$

$$
f(2) = 32 - 32 = 0
$$

### ✅ Final Answer:

$$
\boxed{0}
$$"
39,0,"Given that f(x) = 4x^3 - 9x - 14, find the value of f(2).",ddtree_tb32,dflash-original-ddtree,32,"We are given the function:

$$
f(x) = 4x^3 - 9x - 14
$$

We are asked to find the value of $ f(2) $.

### Step 1: Substitute $ x = 2 $ into the function:

$$
f(2) = 4(2)^3 - 9(2) - 14
$$

### Step 2: Calculate each term:

- $ 2^3 = 8 $, so $ 4(2)^3 = 4 \cdot 8 = 32 $
- $ 9(2) = 18 $
- The constant term is $ -14 $

### Step 3: Combine the terms:

$$
f(2) = 32 - 18 - 14
$$

$$
f(2) = 32 - 32 = 0
$$

### ✅ Final Answer:

$$
\boxed{0}
$$"
39,0,"Given that f(x) = 4x^3 - 9x - 14, find the value of f(2).",ddtree_tb64,dflash-original-ddtree,64,"We are given the function:

$$
f(x) = 4x^3 - 9x - 14
$$

We are asked to find the value of $ f(2) $.

### Step 1: Substitute $ x = 2 $ into the function.

$$
f(2) = 4(2)^3 - 9(2) - 14
$$

### Step 2: Calculate each term.

- $ 2^3 = 8 $, so $ 4(2)^3 = 4 \cdot 8 = 32 $
- $ 9(2) = 18 $
- The constant term is $ -14 $

### Step 3: Combine the terms.

$$
f(2) = 32 - 18 - 14
$$

$$
f(2) = 32 - 32 = 0
$$

### ✅ Final Answer:

$$
\boxed{0}
$$"
39,1,Find x such that f(x) = 0.,baseline,target-only,,"We are given the function:

$$
f(x) = 4x^3 - 9x - 14
$$

We are asked to **find all values of $ x $ such that $ f(x) = 0 $**.

---

### Step 1: Set the function equal to zero.

$$
4x^3 - 9x - 14 = 0
$$

This is a **cubic equation**. Solving cubic equations can be done using various methods, such as factoring, rational root theorem, or numerical methods. Let's try the **Rational Root Theorem** first.

---

### Step 2: Use the Rational Root Theorem

The possible rational roots of the equation are the factors of the constant term ($-14$) divided by the factors of the leading coefficient ($4$):

$$
\text{Possible rational roots: } \pm 1, \pm 2, \pm 7, \pm 14, \pm \frac{1}{2}, \pm \frac{7}{2}, \pm \frac{1}{4}, \pm \frac{7}{4}
$$

Let’s test $ x = 2 $:

$$"
39,1,Find x such that f(x) = 0.,dflash,dflash,,"We are given the function:

$$
f(x) = 4x^3 - 9x - 14
$$

We are asked to **find all values of $ x $ such that $ f(x) = 0 $**.

---

### Step 1: Set the function equal to zero.

$$
4x^3 - 9x - 14 = 0
$$

This is a **cubic equation**. Solving cubic equations can be done using various methods, such as factoring, rational root theorem, or numerical methods. Let's try the **rational root theorem** first.

---

### Step 2: Use the Rational Root Theorem

The possible rational roots of the equation are the factors of the constant term ($-14$) divided by the factors of the leading coefficient ($4$):

$$
\text{Possible rational roots: } \pm 1, \pm 2, \pm 7, \pm 14, \pm \frac{1}{2}, \pm \frac{7}{2}, \pm \frac{1}{4}, \pm \frac{7}{4}
$$

Let’s test $ x = 2 $:

$$
"
39,1,Find x such that f(x) = 0.,ddtree_tb16,dflash-original-ddtree,16,"We are given the function:

$$
f(x) = 4x^3 - 9x - 14
$$

We are asked to **find all values of $ x $ such that $ f(x) = 0 $**.

---

### Step 1: Set the function equal to zero.

$$
4x^3 - 9x - 14 = 0
$$

This is a **cubic equation**. Solving cubic equations can be done using various methods, such as factoring, rational root theorem, or numerical methods. Let's try the **rational root theorem** first.

---

### Step 2: Use the Rational Root Theorem

The rational root theorem says that any rational root of the polynomial:

$$
4x^3 - 9x - 14 = 0
$$

must be of the form $ \frac{p}{q} $, where $ p $ is a factor of the constant term $ -14 $, and $ q $ is a factor of the leading coefficient $ 4 $.

So possible rational roots are:

$$
\pm 1, \pm 2, \pm 7, \pm 14, \pm \"
39,1,Find x such that f(x) = 0.,ddtree_tb32,dflash-original-ddtree,32,"We are given the function:

$$
f(x) = 4x^3 - 9x - 14
$$

We are asked to **find all values of $ x $ such that $ f(x) = 0 $**.

---

### Step 1: Set the function equal to zero.

$$
4x^3 - 9x - 14 = 0
$$

This is a **cubic equation**. Solving cubic equations can be done using various methods, such as factoring, rational root theorem, or numerical methods. Let's try the **rational root theorem** first.

---

### Step 2: Use the Rational Root Theorem

The possible rational roots of the equation are the factors of the constant term ($-14$) divided by the factors of the leading coefficient ($4$):

$$
\text{Possible rational roots: } \pm 1, \pm 2, \pm 7, \pm 14, \pm \frac{1}{2}, \pm \frac{7}{2}, \pm \frac{1}{4}, \pm \frac{7}{4}
$$

Let’s test $ x = 2 $:

$$
"
39,1,Find x such that f(x) = 0.,ddtree_tb64,dflash-original-ddtree,64,"We are given the function:

$$
f(x) = 4x^3 - 9x - 14
$$

We are asked to **find all values of $ x $ such that $ f(x) = 0 $**.

---

### Step 1: Set the function equal to zero.

$$
4x^3 - 9x - 14 = 0
$$

This is a **cubic equation**. Solving cubic equations can be done using various methods, such as factoring, rational root theorem, or numerical methods. Let's try the **rational root theorem** first.

---

### Step 2: Use the Rational Root Theorem

The possible rational roots of the equation are the factors of the constant term ($-14$) divided by the factors of the leading coefficient ($4$):

$$
\text{Possible rational roots: } \pm 1, \pm 2, \pm 7, \pm 14, \pm \frac{1}{2}, \pm \frac{7}{2}, \pm \frac{1}{4}, \pm \frac{7}{4}
$$

Let’s test $ x = 2 $:

$$
"
40,0,Develop a Python program that reads all the text files under a directory and reprompt top-5 words with the most number of occurrences.,baseline,target-only,,"Sure! Below is a Python program that reads all text files in a specified directory, counts the occurrences of each word, and then prints the top 5 most frequent words.

### ✅ Features:
- Reads all `.txt` files in a given directory.
- Tokenizes the text into words.
- Counts word frequencies.
- Displays the top 5 most common words.

---

### 📝 Python Code:

```python
import os
from collections import Counter
import re

def count_words_in_files(directory):
    word_counts = Counter()

    # Iterate over all files in the directory
    for filename in os.listdir(directory):
        if filename.endswith('.txt'):
            file_path = os.path.join(directory, filename)
            try:
                with open(file_path, 'r', encoding='utf-8') as file:
                    text = file.read().lower()  # Convert to lowercase for case-insensitive counting
                    # Use regex to find all words (alphanumeric and apostrophes)
                    words = re.findall(r'\b[\w']+\b', text)
                    word_counts.update(words)
            except Exception as e:
                print(f""Error reading {filename}: {e}"")

    return word_counts

def main():
    directory = input(""Enter"
40,0,Develop a Python program that reads all the text files under a directory and reprompt top-5 words with the most number of occurrences.,dflash,dflash,,"Sure! Below is a Python program that reads all text files in a specified directory, counts the occurrences of each word, and then prints the top 5 most frequent words.

### ✅ Features:
- Reads all `.txt` files in a given directory.
- Tokenizes the text into words.
- Counts word frequencies.
- Displays the top 5 most common words.

---

### 📝 Python Code:

```python
import os
from collections import Counter
import re

def count_words_in_files(directory):
    word_counts = Counter()

    # Iterate over all files in the directory
    for filename in os.listdir(directory):
        if filename.endswith('.txt'):
            file_path = os.path.join(directory, filename)
            try:
                with open(file_path, 'r', encoding='utf-8') as file:
                    text = file.read().lower()
                    # Use regex to find all words (alphanumeric and apostrophes)
                    words = re.findall(r'\b[\w']+\b', text)
                    word_counts.update(words)
            except Exception as e:
                print(f""Error reading {filename}: {e}"")

    return word_counts

def main():
    directory = input(""Enter the directory path containing text files: "").strip()
   "
40,0,Develop a Python program that reads all the text files under a directory and reprompt top-5 words with the most number of occurrences.,ddtree_tb16,dflash-original-ddtree,16,"Sure! Below is a Python program that reads all text files in a specified directory, counts the occurrences of each word, and then prints the top 5 most frequent words.

### ✅ Features:
- Reads all `.txt` files in a given directory.
- Tokenizes the text into words.
- Counts word frequencies.
- Displays the top 5 most common words.

---

### 🧩 Python Code:

```python
import os
from collections import Counter
import re

def count_words_in_files(directory):
    word_counts = Counter()

    # Iterate over all files in the directory
    for filename in os.listdir(directory):
        if filename.endswith('.txt'):
            file_path = os.path.join(directory, filename)
            try:
                with open(file_path, 'r', encoding='utf-8') as file:
                    text = file.read().lower()  # Convert to lowercase for case-insensitive counting
                    # Use regex to find all words (alphanumeric and apostrophes)
                    words = re.findall(r'\b[\w']+\b', text)
                    word_counts.update(words)
            except Exception as e:
                print(f""Error reading {filename}: {e}"")

    return word_counts

def main():
    directory = input(""Enter"
40,0,Develop a Python program that reads all the text files under a directory and reprompt top-5 words with the most number of occurrences.,ddtree_tb32,dflash-original-ddtree,32,"Sure! Below is a Python program that reads all text files in a specified directory, counts the occurrences of each word, and then prints the top 5 most frequent words.

### ✅ Features:
- Reads all `.txt` files in a given directory.
- Tokenizes the text into words.
- Counts word frequencies.
- Displays the top 5 most common words.

---

### 🧩 Python Code:

```python
import os
from collections import Counter
import re

def count_words_in_files(directory):
    word_counts = Counter()

    # Iterate over all files in the directory
    for filename in os.listdir(directory):
        if filename.endswith('.txt'):
            file_path = os.path.join(directory, filename)
            try:
                with open(file_path, 'r', encoding='utf-8') as file:
                    text = file.read().lower()
                    # Use regex to find all words (alphanumeric + apostrophes)
                    words = re.findall(r""\b[\w']+\b"", text)
                    word_counts.update(words)
            except Exception as e:
                print(f""Error reading {filename}: {e}"")

    return word_counts

def main():
    directory = input(""Enter the directory path containing text files: "").strip()
   "
40,0,Develop a Python program that reads all the text files under a directory and reprompt top-5 words with the most number of occurrences.,ddtree_tb64,dflash-original-ddtree,64,"Sure! Below is a Python program that reads all text files in a specified directory, counts the occurrences of each word, and then prints the top 5 most frequent words.

### ✅ Features:
- Reads all `.txt` files in a given directory.
- Tokenizes the text into words.
- Counts word frequencies.
- Displays the top 5 most common words.

---

### 🧠 How to Use:
1. Replace the `directory_path` with the path to your directory containing `.txt` files.
2. Run the script.

---

### 🧾 Python Code:

```python
import os
from collections import Counter
import re

def count_words_in_files(directory):
    word_counts = Counter()

    # Iterate over all files in the directory
    for filename in os.listdir(directory):
        if filename.endswith('.txt'):
            file_path = os.path.join(directory, filename)
            try:
                with open(file_path, 'r', encoding='utf-8') as file:
                    text = file.read().lower()
                    # Use regex to find all words (alphanumeric and apostrophes)
                    words = re.findall(r'\b[\w']+\b', text)
                    word_counts.update(words)
            except Exception as e:
                print"
40,1,Can you parallelize it?,baseline,target-only,,"Absolutely! To **parallelize** the word counting process, we can use Python's `concurrent.futures` module, specifically `ThreadPoolExecutor` or `ProcessPoolExecutor`. This allows us to process multiple files in parallel, which can significantly speed up the process when dealing with a large number of text files.

Here's the **parallelized version** of the program:

---

### ✅ Parallelized Python Code:

```python
import os
from collections import Counter
import re
from concurrent.futures import ThreadPoolExecutor, as_completed

def count_words_in_file(file_path):
    try:
        with open(file_path, 'r', encoding='utf-8') as file:
            text = file.read().lower()
            words = re.findall(r'\b[\w']+\b', text)
            return Counter(words)
    except Exception as e:
        print(f""Error reading {file_path}: {e}"")
        return Counter()

def count_words_in_files(directory):
    file_paths = [os.path.join(directory, f) for f in os.listdir(directory) if f.endswith('.txt')]
    word_counts = Counter()

    with ThreadPoolExecutor(max_workers=4) as executor:  # You can adjust max_workers
        future_to_file = {executor.submit"
40,1,Can you parallelize it?,dflash,dflash,,"Absolutely! To **parallelize** the word counting process, we can use Python's `concurrent.futures` module, specifically `ThreadPoolExecutor` or `ProcessPoolExecutor`. This allows us to process multiple files in parallel, which can significantly speed up the process when dealing with a large number of text files.

Here's the **parallelized version** of the program:

---

### ✅ Parallelized Python Code:

```python
import os
from collections import Counter
import re
from concurrent.futures import ThreadPoolExecutor, as_completed

def count_words_in_file(file_path):
    try:
        with open(file_path, 'r', encoding='utf-8') as file:
            text = file.read().lower()
            words = re.findall(r'\b[\w']+\b', text)
            return Counter(words)
    except Exception as e:
        print(f""Error reading {file_path}: {e}"")
        return Counter()

def count_words_in_files(directory):
    file_paths = [os.path.join(directory, f) for f in os.listdir(directory) if f.endswith('.txt')]
    word_counts = Counter()

    with ThreadPoolExecutor(max_workers=4) as executor:  # You can adjust max_workers
        future_to_file = {executor.submit"
40,1,Can you parallelize it?,ddtree_tb16,dflash-original-ddtree,16,"Absolutely! To **parallelize** the word counting process, we can use Python's `concurrent.futures` module, specifically `ThreadPoolExecutor` or `ProcessPoolExecutor`. This allows us to process each `.txt` file in a separate thread or process, which can significantly speed up the process on multi-core systems.

Here's the **parallelized version** of the program:

---

### ✅ Parallelized Python Code:

```python
import os
from collections import Counter
import re
from concurrent.futures import ThreadPoolExecutor, as_completed

def count_words_in_file(file_path):
    try:
        with open(file_path, 'r', encoding='utf-8') as file:
            text = file.read().lower()
            words = re.findall(r'\b[\w']+\b', text)
            return Counter(words)
    except Exception as e:
        print(f""Error reading {file_path}: {e}"")
        return Counter()

def count_words_in_files(directory):
    file_paths = [os.path.join(directory, f) for f in os.listdir(directory) if f.endswith('.txt')]
    word_counts = Counter()

    with ThreadPoolExecutor(max_workers=4) as executor:  # You can adjust max_workers
        future_to_file = {"
40,1,Can you parallelize it?,ddtree_tb32,dflash-original-ddtree,32,"Absolutely! To **parallelize** the word counting process, we can use Python's `concurrent.futures` module, specifically `ThreadPoolExecutor` or `ProcessPoolExecutor`. This allows us to process each `.txt` file in a separate thread or process, which can significantly speed up the process on multi-core systems.

Here's the **parallelized version** of the program:

---

### ✅ Parallelized Python Code:

```python
import os
from collections import Counter
import re
from concurrent.futures import ThreadPoolExecutor, as_completed

def count_words_in_file(file_path):
    try:
        with open(file_path, 'r', encoding='utf-8') as file:
            text = file.read().lower()
            words = re.findall(r'\b[\w']+\b', text)
            return Counter(words)
    except Exception as e:
        print(f""Error reading {file_path}: {e}"")
        return Counter()

def count_words_in_files(directory):
    file_paths = [os.path.join(directory, f) for f in os.listdir(directory) if f.endswith('.txt')]
    word_counts = Counter()

    with ThreadPoolExecutor(max_workers=4) as executor:  # You can adjust max_workers
        future_to_file = {"
40,1,Can you parallelize it?,ddtree_tb64,dflash-original-ddtree,64,"Absolutely! To **parallelize** the word counting process, we can use Python's `concurrent.futures` module, specifically `ThreadPoolExecutor` or `ProcessPoolExecutor`. This allows us to process each `.txt` file in a separate thread or process, which can significantly speed up the process on multi-core systems.

Here's the **parallelized version** of the program:

---

### ✅ Parallelized Python Code:

```python
import os
from collections import Counter
import re
from concurrent.futures import ThreadPoolExecutor, as_completed

def count_words_in_file(file_path):
    try:
        with open(file_path, 'r', encoding='utf-8') as file:
            text = file.read().lower()
            words = re.findall(r'\b[\w']+\b', text)
            return Counter(words)
    except Exception as e:
        print(f""Error reading {file_path}: {e}"")
        return Counter()

def count_words_in_files(directory):
    file_paths = [os.path.join(directory, f) for f in os.listdir(directory) if f.endswith('.txt')]
    word_counts = Counter()

    with ThreadPoolExecutor(max_workers=4) as executor:  # You can adjust max_workers
        future_to_file = {"
41,0,Write a C++ program to find the nth Fibonacci number using recursion.,baseline,target-only,,"Sure! Here's a simple C++ program that calculates the **nth Fibonacci number using recursion**:

```cpp
#include <iostream>
using namespace std;

// Function to calculate the nth Fibonacci number using recursion
int fibonacci(int n) {
    if (n <= 0) {
        return 0; // Base case: Fibonacci(0) is 0
    } else if (n == 1) {
        return 1; // Base case: Fibonacci(1) is 1
    } else {
        return fibonacci(n - 1) + fibonacci(n - 2); // Recursive case
    }
}

int main() {
    int n;
    cout << ""Enter the value of n: "";
    cin >> n;

    if (n < 0) {
        cout << ""Please enter a non-negative integer."" << endl;
    } else {
        cout << ""The "" << n << ""th Fibonacci number is: "" << fibonacci(n) << endl;
    }

    return 0;
}
```

### How it works:
- The `fibonacci` function uses **recursion** to compute the Fibonacci number.
- The base cases are:
  - `fibonacci(0) = 0`
  - `"
41,0,Write a C++ program to find the nth Fibonacci number using recursion.,dflash,dflash,,"Sure! Here's a simple C++ program that calculates the **nth Fibonacci number using recursion**:

```cpp
#include <iostream>
using namespace std;

// Function to calculate the nth Fibonacci number using recursion
int fibonacci(int n) {
    if (n <= 0) {
        return 0; // Base case: Fibonacci(0) is 0
    } else if (n == 1) {
        return 1; // Base case: Fibonacci(1) is 1
    } else {
        return fibonacci(n - 1) + fibonacci(n - 2); // Recursive case
    }
}

int main() {
    int n;
    cout << ""Enter the value of n: "";
    cin >> n;

    if (n < 0) {
        cout << ""Please enter a non-negative integer."" << endl;
    } else {
        cout << ""The "" << n << ""th Fibonacci number is: "" << fibonacci(n) << endl;
    }

    return 0;
}
```

### How it works:
- The `fibonacci` function uses **recursion** to compute the Fibonacci number.
- The base cases are:
  - `fibonacci(0) = 0`
  - `"
41,0,Write a C++ program to find the nth Fibonacci number using recursion.,ddtree_tb16,dflash-original-ddtree,16,"Sure! Here's a simple C++ program that calculates the **nth Fibonacci number using recursion**:

```cpp
#include <iostream>
using namespace std;

// Function to calculate the nth Fibonacci number using recursion
int fibonacci(int n) {
    if (n <= 0) {
        return 0; // Base case: Fibonacci(0) is 0
    } else if (n == 1) {
        return 1; // Base case: Fibonacci(1) is 1
    } else {
        return fibonacci(n - 1) + fibonacci(n - 2); // Recursive case
    }
}

int main() {
    int n;
    cout << ""Enter the value of n: "";
    cin >> n;

    if (n < 0) {
        cout << ""Please enter a non-negative integer."" << endl;
    } else {
        cout << ""The "" << n << ""th Fibonacci number is: "" << fibonacci(n) << endl;
    }

    return 0;
}
```

### How it works:
- The `fibonacci` function uses **recursion** to compute the Fibonacci number.
- The base cases are:
  - `fibonacci(0) = 0`
  - `"
41,0,Write a C++ program to find the nth Fibonacci number using recursion.,ddtree_tb32,dflash-original-ddtree,32,"Sure! Here's a simple C++ program that calculates the **nth Fibonacci number using recursion**:

```cpp
#include <iostream>
using namespace std;

// Function to calculate the nth Fibonacci number using recursion
int fibonacci(int n) {
    if (n <= 0) {
        return 0; // Base case: Fibonacci(0) is 0
    } else if (n == 1) {
        return 1; // Base case: Fibonacci(1) is 1
    } else {
        return fibonacci(n - 1) + fibonacci(n - 2); // Recursive case
    }
}

int main() {
    int n;
    cout << ""Enter the value of n: "";
    cin >> n;

    if (n < 0) {
        cout << ""Please enter a non-negative integer."" << endl;
    } else {
        cout << ""The "" << n << ""th Fibonacci number is: "" << fibonacci(n) << endl;
    }

    return 0;
}
```

### How it works:
- The `fibonacci` function uses **recursion** to compute the Fibonacci number.
- The base cases are:
  - `fibonacci(0) = 0`
  - `"
41,0,Write a C++ program to find the nth Fibonacci number using recursion.,ddtree_tb64,dflash-original-ddtree,64,"Sure! Here's a simple C++ program that calculates the **nth Fibonacci number using recursion**:

```cpp
#include <iostream>
using namespace std;

// Function to calculate the nth Fibonacci number using recursion
int fibonacci(int n) {
    if (n <= 0) {
        return 0; // Base case: Fibonacci(0) is 0
    } else if (n == 1) {
        return 1; // Base case: Fibonacci(1) is 1
    } else {
        return fibonacci(n - 1) + fibonacci(n - 2); // Recursive case
    }
}

int main() {
    int n;
    cout << ""Enter the value of n: "";
    cin >> n;

    if (n < 0) {
        cout << ""Please enter a non-negative integer."" << endl;
    } else {
        cout << ""The "" << n << ""th Fibonacci number is: "" << fibonacci(n) << endl;
    }

    return 0;
}
```

### How it works:
- The `fibonacci` function uses **recursion** to compute the Fibonacci sequence.
- The base cases are:
  - `fibonacci(0) = 0`
  - `"
41,1,"Now we define a sequence of numbers in which each number is the sum of the three preceding ones. The first three numbers are 0, -1, -1. Write a program to find the nth number.",baseline,target-only,,"Sure! You're referring to a **ternary Fibonacci sequence**, where each number is the **sum of the three preceding numbers**. The first three numbers are given as:

- `F(0) = 0`
- `F(1) = -1`
- `F(2) = -1`

Then, for `n ≥ 3`, the recurrence relation is:

```
F(n) = F(n-1) + F(n-2) + F(n-3)
```

Here's a **C++ program** to compute the **nth number** in this sequence using **recursion**:

```cpp
#include <iostream>
using namespace std;

// Function to calculate the nth number in the ternary Fibonacci sequence
int ternaryFibonacci(int n) {
    if (n == 0) return 0;
    if (n == 1 || n == 2) return -1;
    return ternaryFibonacci(n - 1) + ternaryFibonacci(n - 2) + ternaryFibonacci(n - 3);
}

int main() {
    int n;
    cout << ""Enter the value of n: "";
    cin >> n;

    if (n <"
41,1,"Now we define a sequence of numbers in which each number is the sum of the three preceding ones. The first three numbers are 0, -1, -1. Write a program to find the nth number.",dflash,dflash,,"Sure! You're describing a **Tribonacci sequence**, where each number is the **sum of the three preceding numbers**. The first three numbers are given as:

- `T(0) = 0`
- `T(1) = -1`
- `T(2) = -1`

Then, for `n ≥ 3`, the sequence is defined as:

```
T(n) = T(n-1) + T(n-2) + T(n-3)
```

Here's a **C++ program** to compute the **nth Tribonacci number using recursion**:

```cpp
#include <iostream>
using namespace std;

// Function to calculate the nth Tribonacci number using recursion
int tribonacci(int n) {
    if (n == 0) return 0;
    if (n == 1 || n == 2) return -1;
    return tribonacci(n - 1) + tribonacci(n - 2) + tribonacci(n - 3);
}

int main() {
    int n;
    cout << ""Enter the value of n: "";
    cin >> n;

    if (n < 0) {
        cout << ""Please enter a non-negative integer."" << endl;
"
41,1,"Now we define a sequence of numbers in which each number is the sum of the three preceding ones. The first three numbers are 0, -1, -1. Write a program to find the nth number.",ddtree_tb16,dflash-original-ddtree,16,"Sure! You're describing a **Tribonacci sequence**, where each number is the **sum of the three preceding numbers**. The first three numbers are given as:

- `T(0) = 0`
- `T(1) = -1`
- `T(2) = -1`

Then, for `n ≥ 3`, the sequence is defined as:

```
T(n) = T(n-1) + T(n-2) + T(n-3)
```

Here's a **C++ program** to compute the **nth Tribonacci number using recursion**:

```cpp
#include <iostream>
using namespace std;

// Function to calculate the nth Tribonacci number using recursion
int tribonacci(int n) {
    if (n == 0) return 0;
    if (n == 1 || n == 2) return -1;
    return tribonacci(n - 1) + tribonacci(n - 2) + tribonacci(n - 3);
}

int main() {
    int n;
    cout << ""Enter the value of n: "";
    cin >> n;

    if (n < 0) {
        cout << ""Please enter a non-negative integer."" << endl;
"
41,1,"Now we define a sequence of numbers in which each number is the sum of the three preceding ones. The first three numbers are 0, -1, -1. Write a program to find the nth number.",ddtree_tb32,dflash-original-ddtree,32,"Sure! You're describing a **Tribonacci sequence**, where each number is the **sum of the three preceding numbers**. The first three numbers are given as:

- `T(0) = 0`
- `T(1) = -1`
- `T(2) = -1`

Then, for `n ≥ 3`, the sequence is defined as:

```
T(n) = T(n-1) + T(n-2) + T(n-3)
```

Here's a **C++ program** to compute the **nth Tribonacci number using recursion**:

```cpp
#include <iostream>
using namespace std;

// Function to calculate the nth Tribonacci number using recursion
int tribonacci(int n) {
    if (n == 0) return 0;
    if (n == 1 || n == 2) return -1;
    return tribonacci(n - 1) + tribonacci(n - 2) + tribonacci(n - 3);
}

int main() {
    int n;
    cout << ""Enter the value of n: "";
    cin >> n;

    if (n < 0) {
        cout << ""Please enter a non-negative integer."" << endl;
"
41,1,"Now we define a sequence of numbers in which each number is the sum of the three preceding ones. The first three numbers are 0, -1, -1. Write a program to find the nth number.",ddtree_tb64,dflash-original-ddtree,64,"Sure! You're referring to a **ternary Fibonacci sequence**, where each number is the **sum of the three preceding numbers**. The first three numbers are given as:

- `F(0) = 0`
- `F(1) = -1`
- `F(2) = -1`

Then, for `n ≥ 3`, the recurrence relation is:

```
F(n) = F(n-1) + F(n-2) + F(n-3)
```

Here's a **C++ program** to compute the **nth number** in this sequence using **recursion**:

```cpp
#include <iostream>
using namespace std;

// Function to calculate the nth number in the ternary Fibonacci sequence
int ternaryFibonacci(int n) {
    if (n == 0) return 0;
    if (n == 1 || n == 2) return -1;
    return ternaryFibonacci(n - 1) + ternaryFibonacci(n - 2) + ternaryFibonacci(n - 3);
}

int main() {
    int n;
    cout << ""Enter the value of n: "";
    cin >> n;

    if (n <"
42,0,"Write a simple website in HTML. When a user clicks the button, it shows a random joke from a list of 4 jokes.",baseline,target-only,,"Sure! Here's a simple HTML website that displays a random joke from a list of 4 jokes when a user clicks a button:

```html
<!DOCTYPE html>
<html lang=""en"">
<head>
    <meta charset=""UTF-8"">
    <meta name=""viewport"" content=""width=device-width, initial-scale=1.0"">
    <title>Random Joke Generator</title>
    <style>
        body {
            font-family: Arial, sans-serif;
            text-align: center;
            margin-top: 50px;
            background-color: #f0f8ff;
        }
        button {
            padding: 10px 20px;
            font-size: 16px;
            cursor: pointer;
            background-color: #4CAF50;
            color: white;
            border: none;
            border-radius: 5px;
        }
        button:hover {
            background-color: #45a049;
        }
        #joke {
            margin-top: 20px;
            font-size: 18px;
            color: #333;
        }
    </style>
</head>
<body>

    <h1>Random Joke Generator</h1"
42,0,"Write a simple website in HTML. When a user clicks the button, it shows a random joke from a list of 4 jokes.",dflash,dflash,,"Sure! Here's a simple HTML website that displays a random joke from a list of 4 jokes when a user clicks a button:

```html
<!DOCTYPE html>
<html lang=""en"">
<head>
    <meta charset=""UTF-8"">
    <meta name=""viewport"" content=""width=device-width, initial-scale=1.0"">
    <title>Random Joke Generator</title>
    <style>
        body {
            font-family: Arial, sans-serif;
            text-align: center;
            margin-top: 50px;
            background-color: #f0f8ff;
        }
        button {
            padding: 10px 20px;
            font-size: 16px;
            cursor: pointer;
            background-color: #4CAF50;
            color: white;
            border: none;
            border-radius: 5px;
        }
        button:hover {
            background-color: #45a049;
        }
        #joke {
            margin-top: 20px;
            font-size: 18px;
            color: #333;
        }
    </style>
</head>
<body>

    <h1>Random Joke Generator</h1"
42,0,"Write a simple website in HTML. When a user clicks the button, it shows a random joke from a list of 4 jokes.",ddtree_tb16,dflash-original-ddtree,16,"Sure! Here's a simple HTML website that displays a random joke from a list of 4 jokes when a user clicks a button:

```html
<!DOCTYPE html>
<html lang=""en"">
<head>
    <meta charset=""UTF-8"">
    <meta name=""viewport"" content=""width=device-width, initial-scale=1.0"">
    <title>Random Joke Generator</title>
    <style>
        body {
            font-family: Arial, sans-serif;
            text-align: center;
            margin-top: 50px;
            background-color: #f0f8ff;
        }
        button {
            padding: 10px 20px;
            font-size: 16px;
            cursor: pointer;
            background-color: #4CAF50;
            color: white;
            border: none;
            border-radius: 5px;
        }
        button:hover {
            background-color: #45a049;
        }
        #joke {
            margin-top: 20px;
            font-size: 18px;
            color: #333;
        }
    </style>
</head>
<body>

    <h1>Random Joke Generator</h1"
42,0,"Write a simple website in HTML. When a user clicks the button, it shows a random joke from a list of 4 jokes.",ddtree_tb32,dflash-original-ddtree,32,"Sure! Here's a simple HTML website that displays a random joke from a list of 4 jokes when a user clicks a button:

```html
<!DOCTYPE html>
<html lang=""en"">
<head>
    <meta charset=""UTF-8"">
    <meta name=""viewport"" content=""width=device-width, initial-scale=1.0"">
    <title>Random Joke Generator</title>
    <style>
        body {
            font-family: Arial, sans-serif;
            text-align: center;
            margin-top: 50px;
            background-color: #f0f8ff;
        }
        button {
            padding: 10px 20px;
            font-size: 16px;
            cursor: pointer;
            background-color: #4CAF50;
            color: white;
            border: none;
            border-radius: 5px;
        }
        button:hover {
            background-color: #45a049;
        }
        #joke {
            margin-top: 20px;
            font-size: 18px;
            color: #333;
        }
    </style>
</head>
<body>

    <h1>Random Joke Generator</h1"
42,0,"Write a simple website in HTML. When a user clicks the button, it shows a random joke from a list of 4 jokes.",ddtree_tb64,dflash-original-ddtree,64,"Sure! Here's a simple HTML website that displays a random joke from a list of 4 jokes when a user clicks a button:

```html
<!DOCTYPE html>
<html lang=""en"">
<head>
    <meta charset=""UTF-8"">
    <meta name=""viewport"" content=""width=device-width, initial-scale=1.0"">
    <title>Random Joke Generator</title>
    <style>
        body {
            font-family: Arial, sans-serif;
            text-align: center;
            margin-top: 50px;
            background-color: #f0f8ff;
        }
        button {
            padding: 10px 20px;
            font-size: 16px;
            cursor: pointer;
            background-color: #4CAF50;
            color: white;
            border: none;
            border-radius: 5px;
        }
        button:hover {
            background-color: #45a049;
        }
        #joke {
            margin-top: 20px;
            font-size: 18px;
            color: #333;
        }
    </style>
</head>
<body>

    <h1>Random Joke Generator</h1"
42,1,How to use CSS to change the color of jokes to red?,baseline,target-only,,"To change the color of the jokes to **red** using **CSS**, you can simply update the `color` property in the CSS selector that targets the element where the joke is displayed.

Here’s how you can do it:

### ✅ Updated HTML + CSS Example:

```html
<!DOCTYPE html>
<html lang=""en"">
<head>
    <meta charset=""UTF-8"">
    <meta name=""viewport"" content=""width=device-width, initial-scale=1.0"">
    <title>Random Joke Generator</title>
    <style>
        body {
            font-family: Arial, sans-serif;
            text-align: center;
            margin-top: 50px;
            background-color: #f0f8ff;
        }
        button {
            padding: 10px 20px;
            font-size: 16px;
            cursor: pointer;
            background-color: #4CAF50;
            color: white;
            border: none;
            border-radius: 5px;
        }
        button:hover {
            background-color: #45a049;
        }
        #joke {
            margin-top: 20px;
            font-size: 18px;
            color:"
42,1,How to use CSS to change the color of jokes to red?,dflash,dflash,,"To change the color of the jokes to **red** using **CSS**, you can simply update the `color` property in the CSS selector that targets the joke text.

Here’s how you can do it:

### ✅ Updated HTML + CSS Code:

```html
<!DOCTYPE html>
<html lang=""en"">
<head>
    <meta charset=""UTF-8"">
    <meta name=""viewport"" content=""width=device-width, initial-scale=1.0"">
    <title>Random Joke Generator</title>
    <style>
        body {
            font-family: Arial, sans-serif;
            text-align: center;
            margin-top: 50px;
            background-color: #f0f8ff;
        }
        button {
            padding: 10px 20px;
            font-size: 16px;
            cursor: pointer;
            background-color: #4CAF50;
            color: white;
            border: none;
            border-radius: 5px;
        }
        button:hover {
            background-color: #45a049;
        }
        #joke {
            margin-top: 20px;
            font-size: 18px;
            color: red; /* Changed"
42,1,How to use CSS to change the color of jokes to red?,ddtree_tb16,dflash-original-ddtree,16,"To change the color of the jokes to **red** using **CSS**, you can simply update the `color` property in the CSS selector that targets the joke text.

Here’s how you can do it:

### ✅ Updated HTML + CSS Code:

```html
<!DOCTYPE html>
<html lang=""en"">
<head>
    <meta charset=""UTF-8"">
    <meta name=""viewport"" content=""width=device-width, initial-scale=1.0"">
    <title>Random Joke Generator</title>
    <style>
        body {
            font-family: Arial, sans-serif;
            text-align: center;
            margin-top: 50px;
            background-color: #f0f8ff;
        }
        button {
            padding: 10px 20px;
            font-size: 16px;
            cursor: pointer;
            background-color: #4CAF50;
            color: white;
            border: none;
            border-radius: 5px;
        }
        button:hover {
            background-color: #45a049;
        }
        #joke {
            margin-top: 20px;
            font-size: 18px;
            color: red; /* Changed"
42,1,How to use CSS to change the color of jokes to red?,ddtree_tb32,dflash-original-ddtree,32,"To change the color of the jokes to **red** using **CSS**, you can simply update the `color` property in the CSS selector that targets the joke text.

Here’s how you can do it:

### ✅ Updated HTML + CSS Code:

```html
<!DOCTYPE html>
<html lang=""en"">
<head>
    <meta charset=""UTF-8"">
    <meta name=""viewport"" content=""width=device-width, initial-scale=1.0"">
    <title>Random Joke Generator</title>
    <style>
        body {
            font-family: Arial, sans-serif;
            text-align: center;
            margin-top: 50px;
            background-color: #f0f8ff;
        }
        button {
            padding: 10px 20px;
            font-size: 16px;
            cursor: pointer;
            background-color: #4CAF50;
            color: white;
            border: none;
            border-radius: 5px;
        }
        button:hover {
            background-color: #45a049;
        }
        #joke {
            margin-top: 20px;
            font-size: 18px;
            color: red; /* Changed"
42,1,How to use CSS to change the color of jokes to red?,ddtree_tb64,dflash-original-ddtree,64,"To change the color of the jokes to **red** using **CSS**, you can simply update the `color` property in the CSS selector that targets the element where the joke is displayed.

Here’s how you can do it:

### ✅ Updated HTML + CSS Example:

```html
<!DOCTYPE html>
<html lang=""en"">
<head>
    <meta charset=""UTF-8"">
    <meta name=""viewport"" content=""width=device-width, initial-scale=1.0"">
    <title>Random Joke Generator</title>
    <style>
        body {
            font-family: Arial, sans-serif;
            text-align: center;
            margin-top: 50px;
            background-color: #f0f8ff;
        }
        button {
            padding: 10px 20px;
            font-size: 16px;
            cursor: pointer;
            background-color: #4CAF50;
            color: white;
            border: none;
            border-radius: 5px;
        }
        button:hover {
            background-color: #45a049;
        }
        #joke {
            margin-top: 20px;
            font-size: 18px;
            color:"
43,0,"Here is a Python function to find the length of the longest common subsequence of two input strings. Can you identify any bug in this function?

```
def longest_common_subsequence_length(str1, str2):
    m = len(str1)
    n = len(str2)

    dp = [[0] * (n + 1) for _ in range(m + 1)]

    for i in range(1, m + 1):
        for j in range(1, n + 1):
            if str1[i - 1] == str2[j - 1]:
                dp[i][j] = dp[i - 1][j - 1] + 1
            else:
                dp[i][j] = max(dp[i - 1][j], dp[i][j - 1])

    return dp[m][n]
```",baseline,target-only,,"The provided Python function for computing the **length of the longest common subsequence (LCS)** between two strings is **correct** and **does not contain any bugs**.

### Explanation:

This function uses a **dynamic programming (DP)** approach to solve the LCS problem, which is a well-known and standard algorithm for this task.

---

### Key Points:

- **Initialization**:
  ```python
  dp = [[0] * (n + 1) for _ in range(m + 1)]
  ```
  This creates a 2D array `dp` of size `(m+1) x (n+1)`, where `dp[i][j]` represents the length of the LCS of the first `i` characters of `str1` and the first `j` characters of `str2`.

- **Filling the DP table**:
  ```python
  for i in range(1, m + 1):
      for j in range(1, n + 1):
          if str1[i - 1] == str2[j - 1]:
              dp[i][j] = dp[i - 1][j - 1] + 1
          else:
              dp[i][j] ="
43,0,"Here is a Python function to find the length of the longest common subsequence of two input strings. Can you identify any bug in this function?

```
def longest_common_subsequence_length(str1, str2):
    m = len(str1)
    n = len(str2)

    dp = [[0] * (n + 1) for _ in range(m + 1)]

    for i in range(1, m + 1):
        for j in range(1, n + 1):
            if str1[i - 1] == str2[j - 1]:
                dp[i][j] = dp[i - 1][j - 1] + 1
            else:
                dp[i][j] = max(dp[i - 1][j], dp[i][j - 1])

    return dp[m][n]
```",dflash,dflash,,"The provided Python function for computing the **length of the longest common subsequence (LCS)** between two strings is **correct** and **does not contain any bugs**.

### Explanation:

This function uses a **dynamic programming (DP)** approach to solve the LCS problem, which is a well-known and standard algorithm for this task.

---

### Key Points:

- **Initialization**:
  ```python
  dp = [[0] * (n + 1) for _ in range(m + 1)]
  ```
  This creates a 2D array `dp` of size `(m+1) x (n+1)`, where `dp[i][j]` represents the length of the LCS of the first `i` characters of `str1` and the first `j` characters of `str2`.

- **Filling the DP table**:
  ```python
  for i in range(1, m + 1):
      for j in range(1, n + 1):
          if str1[i - 1] == str2[j - 1]:
              dp[i][j] = dp[i - 1][j - 1] + 1
          else:
              dp[i][j] ="
43,0,"Here is a Python function to find the length of the longest common subsequence of two input strings. Can you identify any bug in this function?

```
def longest_common_subsequence_length(str1, str2):
    m = len(str1)
    n = len(str2)

    dp = [[0] * (n + 1) for _ in range(m + 1)]

    for i in range(1, m + 1):
        for j in range(1, n + 1):
            if str1[i - 1] == str2[j - 1]:
                dp[i][j] = dp[i - 1][j - 1] + 1
            else:
                dp[i][j] = max(dp[i - 1][j], dp[i][j - 1])

    return dp[m][n]
```",ddtree_tb16,dflash-original-ddtree,16,"The provided Python function for computing the **length of the longest common subsequence (LCS)** between two strings is **correct** and **does not contain any bugs**.

### Explanation:

This function uses a **dynamic programming (DP)** approach to solve the LCS problem, which is a well-known and standard algorithm for this task.

---

### Key Points:

- **Initialization**:
  ```python
  dp = [[0] * (n + 1) for _ in range(m + 1)]
  ```
  This creates a 2D array `dp` of size `(m+1) x (n+1)`, where `dp[i][j]` represents the length of the LCS of the first `i` characters of `str1` and the first `j` characters of `str2`.

- **Filling the DP table**:
  ```python
  for i in range(1, m + 1):
      for j in range(1, n + 1):
          if str1[i - 1] == str2[j - 1]:
              dp[i][j] = dp[i - 1][j - 1] + 1
          else:
              dp[i][j] ="
43,0,"Here is a Python function to find the length of the longest common subsequence of two input strings. Can you identify any bug in this function?

```
def longest_common_subsequence_length(str1, str2):
    m = len(str1)
    n = len(str2)

    dp = [[0] * (n + 1) for _ in range(m + 1)]

    for i in range(1, m + 1):
        for j in range(1, n + 1):
            if str1[i - 1] == str2[j - 1]:
                dp[i][j] = dp[i - 1][j - 1] + 1
            else:
                dp[i][j] = max(dp[i - 1][j], dp[i][j - 1])

    return dp[m][n]
```",ddtree_tb32,dflash-original-ddtree,32,"The provided Python function for computing the **length of the longest common subsequence (LCS)** between two strings is **correct** and **does not contain any bugs**.

### Explanation:

This function uses a **dynamic programming (DP)** approach to solve the LCS problem, which is a well-known and standard algorithm for this task.

---

### Key Points:

- **Initialization**:
  ```python
  dp = [[0] * (n + 1) for _ in range(m + 1)]
  ```
  This creates a 2D array `dp` of size `(m+1) x (n+1)`, where `dp[i][j]` represents the length of the LCS of the first `i` characters of `str1` and the first `j` characters of `str2`.

- **Filling the DP table**:
  ```python
  for i in range(1, m + 1):
      for j in range(1, n + 1):
          if str1[i - 1] == str2[j - 1]:
              dp[i][j] = dp[i - 1][j - 1] + 1
          else:
              dp[i][j] ="
43,0,"Here is a Python function to find the length of the longest common subsequence of two input strings. Can you identify any bug in this function?

```
def longest_common_subsequence_length(str1, str2):
    m = len(str1)
    n = len(str2)

    dp = [[0] * (n + 1) for _ in range(m + 1)]

    for i in range(1, m + 1):
        for j in range(1, n + 1):
            if str1[i - 1] == str2[j - 1]:
                dp[i][j] = dp[i - 1][j - 1] + 1
            else:
                dp[i][j] = max(dp[i - 1][j], dp[i][j - 1])

    return dp[m][n]
```",ddtree_tb64,dflash-original-ddtree,64,"The provided Python function for computing the **length of the longest common subsequence (LCS)** between two strings is **correct** and **does not contain any bugs**.

### Explanation:

This function uses a **dynamic programming (DP)** approach to solve the LCS problem, which is a well-known and standard algorithm for this task.

---

### Key Points:

- **Initialization**:
  ```python
  dp = [[0] * (n + 1) for _ in range(m + 1)]
  ```
  This creates a 2D array `dp` of size `(m+1) x (n+1)`, where `dp[i][j]` represents the length of the LCS of the first `i` characters of `str1` and the first `j` characters of `str2`.

- **Filling the DP table**:
  ```python
  for i in range(1, m + 1):
      for j in range(1, n + 1):
          if str1[i - 1] == str2[j - 1]:
              dp[i][j] = dp[i - 1][j - 1] + 1
          else:
              dp[i][j] ="
43,1,"what about this one?

```
def longest_common_subsequence(X , Y): 
    # Find lengths of two strings 
    m = len(X) 
    n = len(Y) 
  
    # Create a table to store results of sub-problems 
    dp = [[None]*(n+1) for i in range(m+1)] 
  
    # Fill dp[][] in bottom up manner 
    for i in range(1, m+1): 
        for j in range(1, n+1): 
            if X[i-1] == Y[j-1]: 
                dp[i][j] = dp[i-1][j-1]+1
            else: 
                dp[i][j] = max(dp[i-1][j], dp[i][j-1]) 
  
    return dp[m][n]
```",baseline,target-only,,"You're absolutely right — this function is **also correct**, and **does not contain any bugs**.

Let's analyze it carefully.

---

### ✅ **Function: `longest_common_subsequence(X, Y)`**

```python
def longest_common_subsequence(X, Y): 
    # Find lengths of two strings 
    m = len(X) 
    n = len(Y) 

    # Create a table to store results of sub-problems 
    dp = [[None]*(n+1) for i in range(m+1)] 

    # Fill dp[][] in bottom up manner 
    for i in range(1, m+1): 
        for j in range(1, n+1): 
            if X[i-1] == Y[j-1]: 
                dp[i][j] = dp[i-1][j-1]+1
            else: 
                dp[i][j] = max(dp[i-1][j], dp[i][j-1]) 

    return dp[m][n]
```

---

### 🔍 **What's the difference between the two functions?**

The first function uses:

```python
dp = [[0] * (n + 1) for _ in range(m"
43,1,"what about this one?

```
def longest_common_subsequence(X , Y): 
    # Find lengths of two strings 
    m = len(X) 
    n = len(Y) 
  
    # Create a table to store results of sub-problems 
    dp = [[None]*(n+1) for i in range(m+1)] 
  
    # Fill dp[][] in bottom up manner 
    for i in range(1, m+1): 
        for j in range(1, n+1): 
            if X[i-1] == Y[j-1]: 
                dp[i][j] = dp[i-1][j-1]+1
            else: 
                dp[i][j] = max(dp[i-1][j], dp[i][j-1]) 
  
    return dp[m][n]
```",dflash,dflash,,"You're absolutely right — this function is **almost** correct, but it contains a **bug** that can lead to **incorrect results** or **crashes** in certain cases.

---

### 🔍 **Bug in the Code:**

```python
dp = [[None]*(n+1) for i in range(m+1)]
```

This line initializes the `dp` table with `None` values. However, in the subsequent code, the function tries to access `dp[i-1][j-1]` and `dp[i-1][j]`, `dp[i][j-1]` when the characters are not equal.

But if `dp[i-1][j-1]` is `None`, then:

```python
dp[i][j] = dp[i-1][j-1] + 1
```

will raise a **TypeError** because you can't add `1` to `None`.

---

### ✅ **What's the Problem?**

- The `None` initialization is **not safe** in this context.
- The `dp` table should be initialized with **integers**, not `None`, because the values are **integers** (lengths of LCS).

---

### ✅"
43,1,"what about this one?

```
def longest_common_subsequence(X , Y): 
    # Find lengths of two strings 
    m = len(X) 
    n = len(Y) 
  
    # Create a table to store results of sub-problems 
    dp = [[None]*(n+1) for i in range(m+1)] 
  
    # Fill dp[][] in bottom up manner 
    for i in range(1, m+1): 
        for j in range(1, n+1): 
            if X[i-1] == Y[j-1]: 
                dp[i][j] = dp[i-1][j-1]+1
            else: 
                dp[i][j] = max(dp[i-1][j], dp[i][j-1]) 
  
    return dp[m][n]
```",ddtree_tb16,dflash-original-ddtree,16,"You're absolutely right — this function is **almost** correct, but it contains a **bug** that can lead to **incorrect results** or **crashes** in certain cases.

---

### 🔍 **Bug in the Code:**

```python
dp = [[None]*(n+1) for i in range(m+1)]
```

This line initializes the `dp` table with `None` values. However, in the subsequent code, the function tries to access `dp[i-1][j-1]` and `dp[i-1][j]`, `dp[i][j-1]` when the characters are not equal.

But if `dp[i-1][j-1]` is `None`, then:

```python
dp[i][j] = dp[i-1][j-1] + 1
```

will raise a **TypeError** because you can't add `1` to `None`.

---

### ✅ **What's the Problem?**

The `None` initialization is **not safe** in this context. The `dp` table should be initialized with **integers**, not `None`, because the values stored in `dp[i][j]` are **lengths of subsequences**,"
43,1,"what about this one?

```
def longest_common_subsequence(X , Y): 
    # Find lengths of two strings 
    m = len(X) 
    n = len(Y) 
  
    # Create a table to store results of sub-problems 
    dp = [[None]*(n+1) for i in range(m+1)] 
  
    # Fill dp[][] in bottom up manner 
    for i in range(1, m+1): 
        for j in range(1, n+1): 
            if X[i-1] == Y[j-1]: 
                dp[i][j] = dp[i-1][j-1]+1
            else: 
                dp[i][j] = max(dp[i-1][j], dp[i][j-1]) 
  
    return dp[m][n]
```",ddtree_tb32,dflash-original-ddtree,32,"You're absolutely right — this function is **almost** correct, but it contains a **bug** that can lead to **incorrect results** or **crashes** in certain cases.

---

### 🔍 **Bug in the Code:**

```python
dp = [[None]*(n+1) for i in range(m+1)]
```

This line initializes a 2D list `dp` with `None` values. However, in the **first iteration** of the loop (`i = 1`, `j = 1`), the code tries to access `dp[i-1][j-1]` (i.e., `dp[0][0]`), which is `None`.

Then, in the case where `X[i-1] == Y[j-1]`, the code does:

```python
dp[i][j] = dp[i-1][j-1] + 1
```

But since `dp[0][0]` is `None`, this will raise a **TypeError** because you can't add `1` to `None`.

---

### ✅ **Corrected Version:**

To fix this, you should initialize the `dp` table with `0` values instead of `None"
43,1,"what about this one?

```
def longest_common_subsequence(X , Y): 
    # Find lengths of two strings 
    m = len(X) 
    n = len(Y) 
  
    # Create a table to store results of sub-problems 
    dp = [[None]*(n+1) for i in range(m+1)] 
  
    # Fill dp[][] in bottom up manner 
    for i in range(1, m+1): 
        for j in range(1, n+1): 
            if X[i-1] == Y[j-1]: 
                dp[i][j] = dp[i-1][j-1]+1
            else: 
                dp[i][j] = max(dp[i-1][j], dp[i][j-1]) 
  
    return dp[m][n]
```",ddtree_tb64,dflash-original-ddtree,64,"You're absolutely right — this function is **also correct**, and **does not contain any bugs**. However, there is a **minor but subtle issue** with the **initialization** of the `dp` table.

---

### ✅ **Correctness of the Function**

The logic of the function is **identical** to the first one you provided. It uses a **dynamic programming approach** to compute the **length of the longest common subsequence (LCS)** between two strings `X` and `Y`.

---

### 🔍 **Issue: Initialization of the `dp` Table**

The line:

```python
dp = [[None]*(n+1) for i in range(m+1)]
```

is **not ideal** for this problem. Here's why:

- The `None` values are **not** initialized to `0`, which is required for the DP recurrence relation.
- The `None` values can cause **errors** when the code tries to access `dp[i-1][j-1]` or `dp[i-1][j]` or `dp[i][j-1]` in the case where `i = 0` or `j = 0`.

---

### 🚫 **Problem:"
44,0,Write a function to find the highest common ancestor (not LCA) of two nodes in a binary tree.,baseline,target-only,,"To find the **highest common ancestor (HCA)** of two nodes in a binary tree, you need to find the **deepest node** that is an ancestor of both nodes. This is also known as the **lowest common ancestor (LCA)** in some contexts, but the term ""HCA"" is less commonly used. However, in this context, we'll assume you're referring to the **LCA** (Lowest Common Ancestor), which is the deepest node that is an ancestor of both nodes.

Here's a Python function to find the **LCA** of two nodes in a binary tree:

### Assumptions:
- The binary tree is represented with a root node.
- Each node has a `value`, `left`, and `right` attribute.
- The nodes are identified by their `value`.

---

### Python Implementation:

```python
class TreeNode:
    def __init__(self, value):
        self.value = value
        self.left = None
        self.right = None

def find_lca(root, node1, node2):
    """"""
    Find the Lowest Common Ancestor (LCA) of two nodes in a binary tree.

    Parameters:
    - root: TreeNode, the root of the binary tree
   "
44,0,Write a function to find the highest common ancestor (not LCA) of two nodes in a binary tree.,dflash,dflash,,"To find the **highest common ancestor (HCA)** of two nodes in a binary tree, you need to find the **deepest node** that is an ancestor of both nodes. This is also known as the **lowest common ancestor (LCA)** in some contexts, but the term ""HCA"" is less commonly used. However, in this context, we'll assume that you're looking for the **LCA**, which is the most common interpretation.

Here's a Python function to find the **LCA** of two nodes in a binary tree:

### Assumptions:
- The binary tree is represented with a root node.
- Each node has a `value`, `left`, and `right` attribute.
- The nodes are identified by their `value`.

---

### Python Implementation:

```python
class TreeNode:
    def __init__(self, value):
        self.value = value
        self.left = None
        self.right = None

def find_lca(root, node1, node2):
    """"""
    Find the Lowest Common Ancestor (LCA) of two nodes in a binary tree.

    Parameters:
    - root: TreeNode, the root of the binary tree
    - node1: TreeNode, the first node
    -"
44,0,Write a function to find the highest common ancestor (not LCA) of two nodes in a binary tree.,ddtree_tb16,dflash-original-ddtree,16,"To find the **highest common ancestor (HCA)** of two nodes in a binary tree, you need to find the **deepest node** that is an ancestor of both nodes. This is also known as the **lowest common ancestor (LCA)** in some contexts, but the term ""HCA"" is less commonly used. However, in this context, we'll assume you're referring to the **LCA** (Lowest Common Ancestor), which is the deepest node that is an ancestor of both nodes.

Here's a Python function to find the **LCA** of two nodes in a binary tree:

### Assumptions:
- The binary tree is represented with a root node.
- Each node has a `value`, `left`, and `right` attribute.
- The nodes are identified by their `value`.

---

### Python Implementation:

```python
class TreeNode:
    def __init__(self, value):
        self.value = value
        self.left = None
        self.right = None

def find_lca(root, node1, node2):
    """"""
    Find the Lowest Common Ancestor (LCA) of two nodes in a binary tree.

    Parameters:
    - root: TreeNode, the root of the binary tree
   "
44,0,Write a function to find the highest common ancestor (not LCA) of two nodes in a binary tree.,ddtree_tb32,dflash-original-ddtree,32,"To find the **highest common ancestor (HCA)** of two nodes in a binary tree, you need to find the **deepest node** that is an ancestor of both nodes. This is also known as the **lowest common ancestor (LCA)** in some contexts, but the term ""HCA"" is less commonly used. However, in this context, we'll assume you're referring to the **LCA** (Lowest Common Ancestor), which is the deepest node that is an ancestor of both nodes.

Here's a Python function to find the **LCA** of two nodes in a binary tree:

### Assumptions:
- The binary tree is represented with a root node.
- Each node has a `value`, `left`, and `right` attribute.
- The nodes are identified by their `value`.

---

### Python Implementation:

```python
class TreeNode:
    def __init__(self, value):
        self.value = value
        self.left = None
        self.right = None

def find_lca(root, node1, node2):
    """"""
    Find the Lowest Common Ancestor (LCA) of two nodes in a binary tree.

    Parameters:
    - root: TreeNode, the root of the binary tree
   "
44,0,Write a function to find the highest common ancestor (not LCA) of two nodes in a binary tree.,ddtree_tb64,dflash-original-ddtree,64,"To find the **highest common ancestor (HCA)** of two nodes in a binary tree, you need to find the **deepest node** that is an ancestor of both nodes. This is also known as the **lowest common ancestor (LCA)** in some contexts, but the term ""HCA"" is less commonly used. However, in this context, we'll assume you're referring to the **LCA** (Lowest Common Ancestor), which is the deepest node that is an ancestor of both nodes.

Here's a Python function to find the **LCA** of two nodes in a binary tree:

### Assumptions:
- The binary tree is represented with a root node.
- Each node has a `value`, `left`, and `right` attribute.
- The nodes are identified by their `value`.

---

### Python Implementation:

```python
class TreeNode:
    def __init__(self, value):
        self.value = value
        self.left = None
        self.right = None

def find_lca(root, node1, node2):
    """"""
    Find the Lowest Common Ancestor (LCA) of two nodes in a binary tree.

    Parameters:
    - root: TreeNode, the root of the binary tree
   "
44,1,What if it is not a binary tree?,baseline,target-only,,"If the structure is **not a binary tree** (e.g., it's a **general tree** with arbitrary number of children per node), the concept of **Lowest Common Ancestor (LCA)** still applies, but the implementation becomes more complex.

### Key Differences:
- In a **binary tree**, each node has at most two children.
- In a **general tree**, each node can have **multiple children**.

---

### Assumptions for General Tree:
- Each node has a `value` and a list of `children`.
- We are given two nodes, and we need to find the **deepest node** that is an ancestor of both.

---

### Python Implementation for General Tree:

```python
class TreeNode:
    def __init__(self, value):
        self.value = value
        self.children = []

def find_lca(root, node1, node2):
    """"""
    Find the Lowest Common Ancestor (LCA) of two nodes in a general tree.

    Parameters:
    - root: TreeNode, the root of the general tree
    - node1: TreeNode, the first node
    - node2: TreeNode, the second node

    Returns:
    - TreeNode: The LCA of node1 and node"
44,1,What if it is not a binary tree?,dflash,dflash,,"If the structure is **not a binary tree** (e.g., it's a **general tree** with arbitrary number of children per node), the concept of **Lowest Common Ancestor (LCA)** still applies, but the implementation becomes more complex.

### Key Differences:
- In a **binary tree**, each node has at most two children.
- In a **general tree**, each node can have **multiple children**.

---

### Assumptions for General Tree:
- Each node has a `value` and a list of `children`.
- We are given two nodes, and we need to find the **deepest node** that is an ancestor of both.

---

### Python Implementation for General Tree:

```python
class TreeNode:
    def __init__(self, value):
        self.value = value
        self.children = []

def find_lca(root, node1, node2):
    """"""
    Find the Lowest Common Ancestor (LCA) of two nodes in a general tree.

    Parameters:
    - root: TreeNode, the root of the general tree
    - node1: TreeNode, the first node
    - node2: TreeNode, the second node

    Returns:
    - TreeNode: The LCA of node1 and node"
44,1,What if it is not a binary tree?,ddtree_tb16,dflash-original-ddtree,16,"If the structure is **not a binary tree** (e.g., it's a **general tree** with arbitrary number of children per node), the concept of **Lowest Common Ancestor (LCA)** still applies, but the implementation becomes more complex.

### Key Differences:
- In a **binary tree**, each node has at most two children.
- In a **general tree**, each node can have **multiple children**.

---

### Assumptions for General Tree:
- Each node has a `value` and a list of `children`.
- We are given two nodes, and we need to find the **deepest node** that is an ancestor of both.

---

### Python Implementation for General Tree:

```python
class TreeNode:
    def __init__(self, value):
        self.value = value
        self.children = []

def find_lca(root, node1, node2):
    """"""
    Find the Lowest Common Ancestor (LCA) of two nodes in a general tree.

    Parameters:
    - root: TreeNode, the root of the general tree
    - node1: TreeNode, the first node
    - node2: TreeNode, the second node

    Returns:
    - TreeNode: The LCA of node1 and node"
44,1,What if it is not a binary tree?,ddtree_tb32,dflash-original-ddtree,32,"If the structure is **not a binary tree** (e.g., it's a **general tree** with arbitrary number of children per node), the concept of **Lowest Common Ancestor (LCA)** still applies, but the implementation becomes more complex.

### Key Differences:
- In a **binary tree**, each node has at most two children.
- In a **general tree**, each node can have **multiple children**.

---

### Assumptions for General Tree:
- Each node has a `value` and a list of `children`.
- We are given two nodes, and we need to find the **deepest node** that is an ancestor of both.

---

### Python Implementation for General Tree:

```python
class TreeNode:
    def __init__(self, value):
        self.value = value
        self.children = []

def find_lca(root, node1, node2):
    """"""
    Find the Lowest Common Ancestor (LCA) of two nodes in a general tree.

    Parameters:
    - root: TreeNode, the root of the general tree
    - node1: TreeNode, the first node
    - node2: TreeNode, the second node

    Returns:
    - TreeNode: The LCA of node1 and node"
44,1,What if it is not a binary tree?,ddtree_tb64,dflash-original-ddtree,64,"If the structure is **not a binary tree** (e.g., it's a general **n-ary tree**), the approach to find the **Lowest Common Ancestor (LCA)** or **Highest Common Ancestor (HCA)** changes slightly, because each node can have **more than two children**.

---

### ✅ **Assumptions for n-ary Tree:**
- Each node has a `value` and a list of `children`.
- The goal is to find the **deepest node** that is an ancestor of both given nodes.

---

### 🧩 **Approach for n-ary Tree:**

We can use a **depth-first search (DFS)** approach to track the path from the root to each node. Once we have the paths to both nodes, the **LCA** is the **last common node** in both paths.

---

### 🧾 **Python Implementation for n-ary Tree:**

```python
class Node:
    def __init__(self, value):
        self.value = value
        self.children = []

def find_lca_nary(root, node1, node2):
    # Helper function to find the path from root to a given node
    def get_path(node, target"
45,0,Implement a function to find the median of two sorted arrays of different sizes with O(1) space complexity and O(n) time complexity.,baseline,target-only,,"To find the **median of two sorted arrays** with **O(1) space complexity** and **O(n) time complexity**, we can use a **binary search approach**. This is a classic problem, and the solution is efficient and meets the constraints.

---

### ✅ Problem Summary:

Given two sorted arrays `A` and `B` of sizes `n` and `m` respectively, find the **median** of the combined array without merging them (i.e., in **O(1)** space and **O(n)** time).

---

### 🧠 Key Idea:

We want to find the **median of the combined array** by using **binary search** on the smaller array. The idea is to partition both arrays such that:

- The left part of the combined array contains the same number of elements as the right part (for even length) or one more (for odd length).
- The maximum element in the left part is less than or equal to the minimum element in the right part.

We perform binary search on the smaller array to find the correct partition.

---

### 🧮 Algorithm Steps:

1. Ensure `A` is the smaller array (to reduce the number of binary search steps).
2. Use binary search on `A"
45,0,Implement a function to find the median of two sorted arrays of different sizes with O(1) space complexity and O(n) time complexity.,dflash,dflash,,"To find the **median of two sorted arrays** with **O(1) space complexity** and **O(n) time complexity**, we can use a **binary search approach**. This is a classic problem, and the solution is efficient and meets the constraints.

---

### ✅ Problem Summary:

Given two sorted arrays `A` and `B` of sizes `n` and `m` respectively, find the **median** of the combined array without merging them (i.e., in **O(1)** space and **O(n)** time).

---

### 🧠 Key Idea:

We want to find the **median of the combined array** by finding the **partition point** in the two arrays such that:

- All elements to the left of the partition are less than or equal to all elements to the right.
- The partition is such that the total number of elements on the left is equal to the total number of elements on the right (or differs by one, for odd total length).

We perform **binary search** on the smaller array to find the correct partition.

---

### 🧮 Algorithm Steps:

1. Ensure `A` is the smaller array (to reduce the number of binary search steps).
2. Use binary search on `A`"
45,0,Implement a function to find the median of two sorted arrays of different sizes with O(1) space complexity and O(n) time complexity.,ddtree_tb16,dflash-original-ddtree,16,"To find the **median of two sorted arrays** with **O(1) space complexity** and **O(n) time complexity**, we can use a **binary search approach**. This is a classic problem, and the solution is efficient and meets the constraints.

---

### ✅ Problem Summary:

Given two sorted arrays `A` and `B` of sizes `n` and `m` respectively, find the **median** of the combined array without merging them (i.e., in **O(1)** space and **O(n)** time).

---

### 🧠 Key Idea:

We want to find the **median of the combined array** by finding the **partition point** in the two arrays such that:

- All elements to the left of the partition are less than or equal to all elements to the right.
- The partition is such that the total number of elements on the left is equal to the total number of elements on the right (or differs by one, for odd total length).

We use **binary search** on the smaller array to find the correct partition.

---

### 🧮 Algorithm Steps:

1. Ensure `A` is the smaller array (to reduce the number of binary search steps).
2. Use binary search on `A`"
45,0,Implement a function to find the median of two sorted arrays of different sizes with O(1) space complexity and O(n) time complexity.,ddtree_tb32,dflash-original-ddtree,32,"To find the **median of two sorted arrays** with **O(1) space complexity** and **O(n) time complexity**, we can use a **binary search approach**. This is a classic problem, and the solution is efficient and meets the constraints.

---

### ✅ Problem Summary:

Given two sorted arrays `A` and `B` of sizes `n` and `m` respectively, find the **median** of the combined array without merging them (i.e., in **O(1)** space and **O(n)** time).

---

### 🧠 Key Idea:

We want to find the **median of the combined array** by finding the **partition point** in the two arrays such that:

- All elements to the left of the partition are less than or equal to all elements to the right.
- The partition is such that the total number of elements on the left is equal to the total number of elements on the right (or differs by one, for odd total length).

We perform **binary search** on the smaller array to find the correct partition.

---

### 🧮 Algorithm Steps:

1. Ensure `A` is the smaller array to reduce the number of binary search steps.
2. Use binary search on `A` to"
45,0,Implement a function to find the median of two sorted arrays of different sizes with O(1) space complexity and O(n) time complexity.,ddtree_tb64,dflash-original-ddtree,64,"To find the **median of two sorted arrays** with **O(1) space complexity** and **O(n) time complexity**, we can use a **binary search approach**. This is a classic problem, and the solution is efficient and meets the constraints.

---

### ✅ Problem Summary:

Given two sorted arrays `A` and `B` of sizes `n` and `m` respectively, find the **median** of the combined array without merging them (i.e., in **O(1)** space and **O(n)** time).

---

### 🧠 Key Idea:

We want to find the **median of the combined array** by finding the **partition point** in the two arrays such that:

- All elements to the left of the partition are less than or equal to all elements to the right.
- The partition is such that the total number of elements on the left is equal to the total number of elements on the right (or differs by one, for odd total length).

We use **binary search** on the smaller array to find the correct partition.

---

### 🧮 Algorithm Steps:

1. Ensure `A` is the smaller array (to reduce the number of binary search steps).
2. Use binary search on `A`"
45,1,Does there exist an implementation with better time complexity?,baseline,target-only,,"The problem of finding the **median of two sorted arrays** is a well-known algorithmic challenge. The **best possible time complexity** for this problem is **O(log(min(n, m)))**, where `n` and `m` are the lengths of the two arrays.

---

### ✅ **Answer:**

**No**, there does **not** exist an implementation with **better time complexity** than **O(log(min(n, m)))** for this problem.

---

### 📌 Why?

- The **lower bound** for this problem is **Ω(log(min(n, m)))**, because you need to perform a binary search on the smaller array to find the correct partition.
- Any algorithm that finds the median in **O(1)** space and **O(log(min(n, m)))** time is optimal.
- **O(n)** time is **not optimal** for this problem, and in fact, the **binary search approach** is the **best known** and **most efficient**.

---

### 🧠 Summary:

| Time Complexity | Space Complexity | Notes |
|-----------------|------------------|-------|
| **O(log(min(n, m)))** | **O(1)** | Best known and optimal for this problem |
| **"
45,1,Does there exist an implementation with better time complexity?,dflash,dflash,,"The problem of finding the **median of two sorted arrays** is a well-known one, and the **optimal time complexity** for this problem is **O(log(min(n, m)))**, not **O(n)**.

### ✅ Clarification:

- **O(log(min(n, m)))** is the **best possible time complexity** for this problem.
- **O(n)** is **not** the best possible. In fact, it's **not even achievable** in the general case, because the problem requires a **binary search** approach to find the correct partition.

---

### 🚫 Why O(n) is Not Possible:

- The **binary search approach** is the **optimal** and **most efficient** way to solve this problem.
- It uses **O(1)** space and **O(log(min(n, m)))** time.
- Any algorithm that runs in **O(n)** time would be **suboptimal** compared to the binary search approach.

---

### ✅ Best Time Complexity:

- **Time Complexity**: **O(log(min(n, m)))**
- **Space Complexity**: **O(1)**

---

### 🧩 Example of the Binary Search Approach:

Here's a Python implementation of the **binary search approach"
45,1,Does there exist an implementation with better time complexity?,ddtree_tb16,dflash-original-ddtree,16,"The problem of finding the **median of two sorted arrays** is a well-known one, and the **optimal time complexity** for this problem is **O(log(min(n, m)))**, not **O(n)**.

### ✅ Clarification:

- **O(log(min(n, m)))** is the **best possible time complexity** for this problem.
- **O(n)** is **not optimal** for this problem.
- The **O(1) space** constraint is **achievable** with the binary search approach.

---

### ❌ Why O(n) is Not Optimal:

If you were to merge the two arrays first, you would need **O(n)** time and **O(n)** space. However, the **binary search approach** achieves **O(log(min(n, m)))** time and **O(1)** space, which is **more efficient**.

---

### ✅ Correct Time Complexity:

- **Time Complexity**: **O(log(min(n, m)))**
- **Space Complexity**: **O(1)**

---

### ✅ Conclusion:

There **does not exist** an implementation with **better time complexity** than **O(log(min(n, m)))** for this problem. The **binary search approach** is **opt"
45,1,Does there exist an implementation with better time complexity?,ddtree_tb32,dflash-original-ddtree,32,"The problem of finding the **median of two sorted arrays** is a well-known one, and the **optimal time complexity** for this problem is **O(log(min(n, m)))**, not **O(n)**.

### ✅ Clarification:

- **O(log(min(n, m)))** is the **best possible time complexity** for this problem.
- **O(n)** is **not** the best possible. In fact, it's **not even achievable** in the general case, because the problem requires a **binary search** approach to find the correct partition.

---

### 🚫 Why O(n) is Not Possible:

- The **binary search approach** is the **optimal** and **most efficient** way to solve this problem.
- It uses **O(1)** space and **O(log(min(n, m)))** time.
- Any algorithm that runs in **O(n)** time would be **suboptimal** compared to the binary search approach.

---

### ✅ Best Time Complexity:

- **Time Complexity**: **O(log(min(n, m)))**
- **Space Complexity**: **O(1)**

---

### 🧩 Example of the Binary Search Approach:

Here's a Python implementation of the **binary search approach"
45,1,Does there exist an implementation with better time complexity?,ddtree_tb64,dflash-original-ddtree,64,"The problem of finding the **median of two sorted arrays** is a well-known one, and the **optimal time complexity** for this problem is **O(log(min(n, m)))**, not **O(n)**.

### ✅ Clarification:

- **O(log(min(n, m)))** is the **best possible time complexity** for this problem.
- **O(n)** is **not** the best possible. In fact, it's **not even achievable** in the general case, because the problem requires a **binary search** approach to find the correct partition.

---

### 🚫 Why O(n) is Not Possible:

- The **binary search approach** is the **optimal** and **most efficient** way to solve this problem.
- Any algorithm that runs in **O(n)** time would be **suboptimal** compared to the **O(log(min(n, m)))** solution.
- The **O(n)** time complexity is **not achievable** in the general case, because the problem requires **logarithmic** steps to find the correct partition.

---

### ✅ Best Time Complexity:

- **O(log(min(n, m)))** time complexity.
- **O(1)** space complexity (as required).

---

### �"
46,0,Write a function to find the majority element in a given integer array using the Boyer-Moore Voting Algorithm.,baseline,target-only,,"Sure! The **Boyer-Moore Voting Algorithm** is an efficient algorithm to find the **majority element** in an array, which is an element that appears **more than half the time** (i.e., at least `n//2 + 1` times for an array of size `n`).

### Key Points:
- The algorithm works in **O(n)** time and **O(1)** space.
- It works by maintaining a **count** and a **candidate**.
- If the count is zero, the current element is set as the candidate.
- If the next element is the same as the candidate, the count is incremented; otherwise, it is decremented.

### Python Implementation:

```python
def majority_element(arr):
    candidate = None
    count = 0

    for num in arr:
        if count == 0:
            candidate = num
        count += 1 if num == candidate else -1

    return candidate
```

### Example Usage:

```python
arr = [2, 2, 1, 1, 2, 3, 2]
print(majority_element(arr))  # Output: 2
```

### Notes:
- This algorithm **does"
46,0,Write a function to find the majority element in a given integer array using the Boyer-Moore Voting Algorithm.,dflash,dflash,,"Sure! The **Boyer-Moore Voting Algorithm** is an efficient algorithm to find the **majority element** in an array, which is an element that appears more than `n/2` times, where `n` is the length of the array.

### Key Points:
- The algorithm works in **O(n)** time and **O(1)** space.
- It works **only if a majority element exists**.
- If no majority element exists, the algorithm may return a false positive, so you should verify the result by counting.

---

### Python Implementation:

```python
def majority_element(arr):
    # Step 1: Find the candidate for majority element
    candidate = None
    count = 0

    for num in arr:
        if count == 0:
            candidate = num
        count += 1 if num == candidate else -1

    # Step 2: Verify if the candidate is actually a majority element
    count = 0
    for num in arr:
        if num == candidate:
            count += 1
        if count > len(arr) // 2:
            break  # Early exit if count exceeds half the array length

    return candidate if count > len(arr) // "
46,0,Write a function to find the majority element in a given integer array using the Boyer-Moore Voting Algorithm.,ddtree_tb16,dflash-original-ddtree,16,"Sure! The **Boyer-Moore Voting Algorithm** is an efficient algorithm to find the **majority element** in an array, which is an element that appears more than `n/2` times, where `n` is the length of the array.

### Key Points:
- The algorithm works in **O(n)** time and **O(1)** space.
- It works **only if a majority element exists**.
- If no majority element exists, the algorithm may return a false positive, but in the context of this problem, we assume that a majority element exists.

---

### Python Implementation:

```python
def majority_element(arr):
    # Initialize the candidate and count
    candidate = None
    count = 0

    # Iterate through the array
    for num in arr:
        if count == 0:
            candidate = num
        # If current element is the same as candidate, increment count
        # Else, decrement count
        count += 1 if num == candidate else -1

    # After the loop, candidate is the potential majority element
    # We need to verify it (optional, but recommended)
    # Since the problem assumes a majority exists, we can return it directly
    return candidate
"
46,0,Write a function to find the majority element in a given integer array using the Boyer-Moore Voting Algorithm.,ddtree_tb32,dflash-original-ddtree,32,"Sure! The **Boyer-Moore Voting Algorithm** is an efficient algorithm to find the **majority element** in an array, which is an element that appears **more than half the time** (i.e., at least `n//2 + 1` times for an array of size `n`).

### Key Points:
- The algorithm works in **O(n)** time and **O(1)** space.
- It works by maintaining a **count** and a **candidate**.
- If the count is zero, the current element is set as the candidate.
- If the next element is the same as the candidate, the count is incremented; otherwise, it is decremented.

### Python Implementation:

```python
def majority_element(arr):
    candidate = None
    count = 0

    for num in arr:
        if count == 0:
            candidate = num
        count += 1 if num == candidate else -1

    return candidate
```

### Example Usage:

```python
arr = [2, 2, 1, 1, 2, 3, 2]
print(majority_element(arr))  # Output: 2
```

### Notes:
- This algorithm **does"
46,0,Write a function to find the majority element in a given integer array using the Boyer-Moore Voting Algorithm.,ddtree_tb64,dflash-original-ddtree,64,"Sure! The **Boyer-Moore Voting Algorithm** is an efficient algorithm to find the **majority element** in an array, which is an element that appears more than `n/2` times, where `n` is the length of the array.

### Key Points:
- The algorithm works in **O(n)** time and **O(1)** space.
- It is **not guaranteed** to find a majority element if there is **no majority element**.
- It works by **cancelling out** elements in pairs, keeping track of a candidate and a count.

---

### Python Implementation:

```python
def majority_element(arr):
    candidate = None
    count = 0

    for num in arr:
        if count == 0:
            candidate = num
        count += 1 if num == candidate else -1

    # After the loop, candidate is the potential majority element
    # We need to verify if it's actually a majority
    if arr.count(candidate) > len(arr) // 2:
        return candidate
    else:
        return None
```

---

### Example Usage:

```python
arr = [2, 2, 1, 1, 2, 3,"
46,1,How about finding the top-2 most occurring elements?,baseline,target-only,,"To find the **top 2 most occurring elements** in an array, you can use a **hash map (dictionary)** to count the frequency of each element, and then extract the top 2 elements based on their frequency.

Here's a Python function that does this:

---

### ✅ **Python Function to Find Top 2 Most Occurring Elements**

```python
from collections import Counter

def top_two_most_frequent(arr):
    if not arr:
        return []

    # Count the frequency of each element
    freq = Counter(arr)

    # Get the top 2 elements based on frequency
    top_two = sorted(freq.items(), key=lambda x: (-x[1], x[0]))[:2]

    # Return the elements (not the counts)
    return [item[0] for item in top_two]
```

---

### 🔍 **Example Usage:**

```python
arr = [1, 1, 2, 2, 3, 3, 3, 4, 4, 4, 4]
print(top_two_most_frequent(arr))  # Output: [4, 3]
```

---

### 📌 **Explanation:**

- `Counter(arr)` creates a dictionary"
46,1,How about finding the top-2 most occurring elements?,dflash,dflash,,"To find the **top 2 most occurring elements** in an array, you can use a **hash map (dictionary)** to count the frequency of each element, and then extract the top 2 elements based on their frequency.

Here's a Python function that does this:

---

### ✅ **Python Function to Find Top 2 Most Occurring Elements**

```python
from collections import Counter

def top_two_most_frequent(arr):
    if not arr:
        return []

    # Count the frequency of each element
    freq = Counter(arr)

    # Get the top 2 elements based on frequency
    top_two = sorted(freq.items(), key=lambda x: (-x[1], x[0]))[:2]

    # Return the elements (not the counts)
    return [item[0] for item in top_two]
```

---

### 🔍 **Example Usage:**

```python
arr = [1, 1, 2, 2, 3, 3, 3, 4, 4, 4, 4]
print(top_two_most_frequent(arr))  # Output: [4, 3]
```

---

### 📌 **Explanation:**

- `Counter(arr)` creates a dictionary"
46,1,How about finding the top-2 most occurring elements?,ddtree_tb16,dflash-original-ddtree,16,"To find the **top 2 most occurring elements** in an array, you can use a **hash map (dictionary)** to count the frequency of each element, and then extract the top 2 elements based on their frequency.

Here's a Python function that does this:

---

### ✅ **Python Function to Find Top 2 Most Occurring Elements**

```python
from collections import Counter

def top_two_most_frequent(arr):
    if not arr:
        return []

    # Count the frequency of each element
    freq = Counter(arr)

    # Get the top 2 elements based on frequency
    top_two = sorted(freq.items(), key=lambda x: (-x[1], x[0]))[:2]

    # Return the elements (not the counts)
    return [item[0] for item in top_two]
```

---

### 🔍 **Example Usage:**

```python
arr = [1, 1, 2, 2, 3, 3, 3, 4, 4, 4, 4]
print(top_two_most_frequent(arr))  # Output: [4, 3]
```

---

### 📌 **Explanation:**

- `Counter(arr)` creates a dictionary"
46,1,How about finding the top-2 most occurring elements?,ddtree_tb32,dflash-original-ddtree,32,"To find the **top 2 most occurring elements** in an array, you can use a **hash map (dictionary)** to count the frequency of each element, and then extract the top 2 elements based on their frequency.

Here's a Python function that does this:

---

### ✅ **Python Function to Find Top 2 Most Occurring Elements**

```python
from collections import Counter

def top_two_most_frequent(arr):
    if not arr:
        return []

    # Count the frequency of each element
    freq = Counter(arr)

    # Get the top 2 elements based on frequency
    top_two = sorted(freq.items(), key=lambda x: (-x[1], x[0]))[:2]

    # Return the elements (not the counts)
    return [item[0] for item in top_two]
```

---

### 🔍 **Example Usage:**

```python
arr = [1, 1, 2, 2, 3, 3, 3, 4, 4, 4, 4]
print(top_two_most_frequent(arr))  # Output: [4, 3]
```

---

### 📌 **Explanation:**

- `Counter(arr)` creates a dictionary"
46,1,How about finding the top-2 most occurring elements?,ddtree_tb64,dflash-original-ddtree,64,"To find the **top 2 most occurring elements** in an array, you can use a **hash map (dictionary)** to count the frequency of each element, and then extract the top 2 elements based on their frequency.

Here's a Python function that does this:

---

### ✅ **Python Function to Find Top 2 Most Occurring Elements**

```python
from collections import Counter

def top_two_most_frequent(arr):
    if not arr:
        return []

    # Count the frequency of each element
    freq = Counter(arr)

    # Get the top 2 elements based on frequency
    top_two = sorted(freq.items(), key=lambda x: (-x[1], x[0]))[:2]

    # Return the elements (not the counts)
    return [item[0] for item in top_two]
```

---

### 🔍 **Example Usage:**

```python
arr = [1, 1, 2, 2, 3, 3, 3, 4, 4, 4, 4]
print(top_two_most_frequent(arr))  # Output: [4, 3]
```

---

### 📌 **Explanation:**

- `Counter(arr)` creates a dictionary"
47,0,A binary tree is full if all of its vertices have either zero or two children. Let B_n denote the number of full binary trees with n vertices. Implement a function to find B_n.,baseline,target-only,,"To find the number of **full binary trees** with `n` vertices, we can use **recursion and dynamic programming**.

### Key Observations:

- A **full binary tree** is a binary tree where every node has either **0 or 2 children**.
- The number of nodes in a full binary tree is always **odd**. So, for even `n`, `B_n = 0`.
- For a full binary tree with `n` nodes, the root has two subtrees, each of which is a full binary tree.
- If the root has two children, then the total number of nodes is:
  $$
  n = 1 + \text{left subtree nodes} + \text{right subtree nodes}
  $$
  So, for a given `n`, we can try all possible splits of `n - 1` into two parts (since the root is 1 node), and sum the product of the number of full binary trees for each split.

### Recursive Formula:

Let `B[n]` be the number of full binary trees with `n` nodes.

- If `n` is even, `B[n] = 0` (since full binary trees have an odd number of nodes"
47,0,A binary tree is full if all of its vertices have either zero or two children. Let B_n denote the number of full binary trees with n vertices. Implement a function to find B_n.,dflash,dflash,,"To find the number of **full binary trees** with `n` vertices, we can use **recursion and dynamic programming**.

### Key Observations:

- A **full binary tree** is a binary tree where every node has either **0 or 2 children**.
- The number of nodes in a full binary tree is always **odd**. So, for even `n`, `B_n = 0`.
- For a full binary tree with `n` nodes, the root has two subtrees, each of which is a full binary tree.
- Let’s denote the number of full binary trees with `n` nodes as `B_n`.

### Recurrence Relation:

Let’s define `B_n` as the number of full binary trees with `n` nodes.

- For a full binary tree with `n` nodes:
  - The root is one node.
  - The left and right subtrees must each be full binary trees.
  - So, the total number of nodes in the left and right subtrees must be `k` and `n - 1 - k`, where `k` is the number of nodes in the left subtree.
  - Since the total number of nodes is `n`, the left and right subtrees"
47,0,A binary tree is full if all of its vertices have either zero or two children. Let B_n denote the number of full binary trees with n vertices. Implement a function to find B_n.,ddtree_tb16,dflash-original-ddtree,16,"To find the number of **full binary trees** with `n` vertices, we can use **recursion and dynamic programming**.

### Key Observations:

- A **full binary tree** is a binary tree where every node has **0 or 2 children**.
- The number of nodes in a full binary tree is always **odd**. So, for even `n`, `B_n = 0`.
- For a full binary tree with `n` nodes, the root has two subtrees, each of which is a full binary tree.
- Let’s denote the number of full binary trees with `n` nodes as `B_n`.

### Recurrence Relation:

Let’s define `B_n` as the number of full binary trees with `n` nodes.

- For a full binary tree with `n` nodes:
  - The root is one node.
  - The left and right subtrees must each be full binary trees.
  - So, the total number of nodes in the left and right subtrees must be `k` and `n - 1 - k`, where `k` is the number of nodes in the left subtree.
  - Since the total number of nodes is `n`, the left and right subtrees must"
47,0,A binary tree is full if all of its vertices have either zero or two children. Let B_n denote the number of full binary trees with n vertices. Implement a function to find B_n.,ddtree_tb32,dflash-original-ddtree,32,"To find the number of **full binary trees** with `n` vertices, we can use **recursion and dynamic programming**.

### Key Observations:

- A **full binary tree** is a binary tree where every node has either **0 or 2 children**.
- The number of nodes in a full binary tree is always **odd**. So, for even `n`, `B_n = 0`.
- For a full binary tree with `n` nodes, the root has two subtrees, each of which is a full binary tree.
- If the root has two children, then the total number of nodes is:
  $$
  n = 1 + \text{left subtree nodes} + \text{right subtree nodes}
  $$
  So, for a given `n`, we can try all possible splits of `n - 1` into two parts (since the root is 1 node), and sum the product of the number of full binary trees for each split.

### Recursive Formula:

Let `B[n]` be the number of full binary trees with `n` nodes.

- If `n` is even, `B[n] = 0` (since full binary trees have an odd number of nodes"
47,0,A binary tree is full if all of its vertices have either zero or two children. Let B_n denote the number of full binary trees with n vertices. Implement a function to find B_n.,ddtree_tb64,dflash-original-ddtree,64,"To find the number of **full binary trees** with `n` vertices, we can use **recursion and dynamic programming**.

### Key Observations:

- A **full binary tree** is a binary tree where every node has **0 or 2 children**.
- The number of nodes in a full binary tree is always **odd**. So, for even `n`, `B_n = 0`.
- For a full binary tree with `n` nodes, the root has two subtrees, each of which is a full binary tree.
- If the root has two children, then the total number of nodes is:
  $$
  n = 1 + \text{left subtree nodes} + \text{right subtree nodes}
  $$
  So, for a given `n`, we can try all possible splits of `n - 1` into two parts (since the root is 1 node), and sum the product of the number of full binary trees for each split.

### Recursive Formula:

Let `B[n]` be the number of full binary trees with `n` nodes.

- If `n` is even, `B[n] = 0` (since full binary trees have an odd number of nodes).
"
47,1,What if the problem changed from a binary tree to a ternary tree?,baseline,target-only,,"If the problem changes from a **binary tree** to a **ternary tree**, we need to adjust the logic accordingly. In a **ternary tree**, each node can have **0, 1, or 2 children** (depending on the definition), but for a **full ternary tree**, the definition is slightly different.

---

### ✅ **Definition of a Full Ternary Tree**:

A **full ternary tree** is a ternary tree where **every node has either 0 or 3 children**.

This is the standard definition used in combinatorics and tree enumeration problems.

---

### 🔁 Recursion for Full Ternary Trees:

Let `T(n)` be the number of full ternary trees with `n` nodes.

- If `n` is not congruent to 1 modulo 3 (i.e., `n % 3 != 1`), then `T(n) = 0` because the number of nodes in a full ternary tree must be of the form `3k + 1` (since each node has 3 children, and the root contributes 1 node).
- For `n = 1`, there is exactly 1 full ternary tree (just the root).
"
47,1,What if the problem changed from a binary tree to a ternary tree?,dflash,dflash,,"If the problem changes from a **binary tree** to a **ternary tree**, we need to adjust the logic accordingly. In a **ternary tree**, each node can have **0, 1, or 2 children** (depending on the definition), but for a **full ternary tree**, the definition is slightly different.

---

### ✅ **Definition of a Full Ternary Tree**:

A **full ternary tree** is a ternary tree where **every node has either 0 or 3 children**.

So, for a full ternary tree with `n` nodes:

- The number of nodes must be **odd** (since each node contributes 1 + 3 = 4 nodes in total, except the leaves which contribute 1).
- The root has **three subtrees**, each of which is a full ternary tree.
- The total number of nodes is:
  $$
  n = 1 + a + b + c
  $$
  where `a`, `b`, and `c` are the number of nodes in the three subtrees.

---

### 🧠 Recursive Formula for Full Ternary Trees:

Let `T[n]` be the number of full ternary trees with `"
47,1,What if the problem changed from a binary tree to a ternary tree?,ddtree_tb16,dflash-original-ddtree,16,"If the problem changes from a **binary tree** to a **ternary tree**, we need to adjust the logic accordingly. In a **ternary tree**, each node can have **0, 1, or 2 children** (depending on the definition), but for a **full ternary tree**, the definition is slightly different.

---

### ✅ **Definition of a Full Ternary Tree**:

A **full ternary tree** is a ternary tree where **every node has either 0 or 3 children**.

This is the standard definition used in combinatorics and tree enumeration problems.

---

### 🔁 **Key Observations for Full Ternary Trees**:

- A full ternary tree with `n` nodes must have `n` odd, because:
  - Each node contributes 1 (itself) + 3 (children) = 4 nodes if it has 3 children.
  - So, the total number of nodes is always of the form `1 + 3k`, which is **odd**.
- So, for even `n`, `T[n] = 0`.
- For a full ternary tree with `n` nodes, the root has 3 children, and each of those children"
47,1,What if the problem changed from a binary tree to a ternary tree?,ddtree_tb32,dflash-original-ddtree,32,"If the problem changes from a **binary tree** to a **ternary tree**, we need to adjust the logic accordingly. In a **ternary tree**, each node can have **0, 1, or 2 children** (depending on the definition), but for a **full ternary tree**, the definition is slightly different.

---

### ✅ **Definition of a Full Ternary Tree**:

A **full ternary tree** is a ternary tree where **every node has either 0 or 3 children**.

This is the standard definition used in combinatorics and tree enumeration problems.

---

### 🔁 **Key Observations for Full Ternary Trees**:

- A full ternary tree with `n` nodes must have `n` odd, because:
  - Each node contributes 1 (itself) + 3 (children) = 4 nodes if it has 3 children.
  - So, the total number of nodes is always of the form `1 + 3k`, which is **odd**.
- So, for even `n`, `T[n] = 0`.
- For a full ternary tree with `n` nodes, the root has 3 children, and each of those children"
47,1,What if the problem changed from a binary tree to a ternary tree?,ddtree_tb64,dflash-original-ddtree,64,"If the problem changes from a **binary tree** to a **ternary tree**, we need to adjust the logic accordingly. In a **ternary tree**, each node can have **0, 1, or 2 children** (depending on the definition), but for a **full ternary tree**, the definition is slightly different.

---

### ✅ **Definition of a Full Ternary Tree**:

A **full ternary tree** is a ternary tree where **every node has either 0 or 3 children**.

This is the standard definition used in combinatorics and tree enumeration problems.

---

### 🔁 Recursion for Full Ternary Trees:

Let `T(n)` be the number of full ternary trees with `n` nodes.

- If `n` is not congruent to 1 modulo 3 (i.e., `n % 3 != 1`), then `T(n) = 0` because the number of nodes in a full ternary tree must be of the form `3k + 1` (since each node has 3 children, and the root contributes 1 node).
- For `n = 1`, there is exactly 1 full ternary tree (just the root).
"
48,0,You are given two sorted lists of size m and n. Implement a function to find the kth smallest element in the union of the two lists with linear complexity.,baseline,target-only,,"To find the **kth smallest element** in the **union of two sorted lists** with **linear time complexity**, we can use a **merge-like approach** that avoids actually merging the two lists. This is a well-known problem and can be solved in **O(m + n)** time, where `m` and `n` are the sizes of the two lists.

---

### ✅ Problem Recap:

- You are given two **sorted lists** of size `m` and `n`.
- You need to find the **kth smallest element** in the **union** of the two lists.
- The **union** means all elements from both lists, with **duplicates removed** (if any), but since the lists are sorted, we can treat them as merged and find the kth smallest.

However, the problem says ""union of the two lists"", which typically implies **no duplicates**. But since the lists are sorted, we can treat them as merged and find the kth smallest in **O(m + n)** time.

---

### ✅ Approach:

We can use a **two-pointer approach** to simulate the merge of the two sorted lists, but without actually merging them. We can find the kth smallest element in **O(m"
48,0,You are given two sorted lists of size m and n. Implement a function to find the kth smallest element in the union of the two lists with linear complexity.,dflash,dflash,,"To find the **kth smallest element** in the **union of two sorted lists** with **linear time complexity**, we can use a **merge-like approach** that avoids actually merging the two lists. This is a well-known problem and can be solved in **O(m + n)** time, where `m` and `n` are the sizes of the two lists.

---

### ✅ Problem Recap:

- You are given two **sorted lists** of size `m` and `n`.
- You need to find the **kth smallest element** in the **union** of the two lists.
- The **union** means all elements from both lists, with **duplicates removed** (if any), but since the lists are sorted, we can treat them as merged and find the kth smallest.

However, the problem says ""union of the two lists"", which may or may not include duplicates. But since the lists are sorted, we can assume that the **kth smallest** is the same as the **kth element in the merged sorted list**.

---

### ✅ Approach:

We can use a **two-pointer approach** to simulate the merge of the two sorted lists, but without actually merging them. This allows us to find the k"
48,0,You are given two sorted lists of size m and n. Implement a function to find the kth smallest element in the union of the two lists with linear complexity.,ddtree_tb16,dflash-original-ddtree,16,"To find the **kth smallest element** in the **union of two sorted lists** with **linear time complexity**, we can use a **merge-like approach** that avoids actually merging the two lists. This is a well-known problem and can be solved in **O(m + n)** time, where `m` and `n` are the sizes of the two lists.

---

### ✅ Problem Recap:

- You are given two **sorted lists** of size `m` and `n`.
- You need to find the **kth smallest element** in the **union** of the two lists.
- The **union** means all elements from both lists, with **duplicates removed** (if any), but since the lists are sorted, we can treat them as merged and find the kth smallest.

However, the problem says ""union of the two lists"", which may or may not include duplicates. But since the lists are sorted, we can assume that the **kth smallest** is the same as the **kth element in the merged sorted list**.

---

### ✅ Approach:

We can use a **two-pointer approach** to simulate the merge of the two sorted lists, but without actually merging them. This allows us to find the k"
48,0,You are given two sorted lists of size m and n. Implement a function to find the kth smallest element in the union of the two lists with linear complexity.,ddtree_tb32,dflash-original-ddtree,32,"To find the **kth smallest element** in the **union of two sorted lists** with **linear time complexity**, we can use a **merge-like approach** that avoids actually merging the two lists. This is a well-known problem and can be solved in **O(m + n)** time, where `m` and `n` are the sizes of the two lists.

---

### ✅ Problem Recap:

- You are given two **sorted lists** of size `m` and `n`.
- You need to find the **kth smallest element** in the **union** of the two lists.
- The **union** means all elements from both lists, with **duplicates removed** (if any), but since the lists are sorted, we can treat them as merged and find the kth smallest.

However, the problem says ""union of the two lists"", which typically implies **no duplicates**. But since the lists are sorted, we can treat them as merged and find the kth smallest in **O(m + n)** time.

---

### ✅ Approach:

We can use a **two-pointer approach** to simulate the merge of the two sorted lists, but without actually merging them. We can find the kth smallest element in **O(m"
48,0,You are given two sorted lists of size m and n. Implement a function to find the kth smallest element in the union of the two lists with linear complexity.,ddtree_tb64,dflash-original-ddtree,64,"To find the **kth smallest element** in the **union of two sorted lists** with **linear time complexity**, we can use a **merge-like approach** that avoids actually merging the two lists. This is a well-known problem and can be solved in **O(m + n)** time, where `m` and `n` are the sizes of the two lists.

---

### ✅ Problem Recap:

- You are given two **sorted lists** of size `m` and `n`.
- You need to find the **kth smallest element** in the **union** of the two lists.
- The **union** means all elements from both lists, with **duplicates removed** (if any), but since the lists are sorted, we can treat them as merged and find the kth smallest.

However, the problem says ""union of the two lists"", which typically implies **no duplicates**. But since the lists are sorted, we can just treat them as merged and find the kth smallest.

---

### ✅ Approach:

We can use a **two-pointer approach** to simulate the merge of the two sorted lists, but without actually merging them. This allows us to find the kth smallest element in **O(m + n)** time.

"
48,1,"Does there exist an algorithm with better time complexity? If so, implement it.",baseline,target-only,,"The problem of finding the **kth smallest element in the union of two sorted lists** is a classic one. The **best known time complexity** for this problem is **O(m + n)**, which is **linear time**. This is achieved using a **two-pointer approach** that simulates the merge of the two sorted lists.

However, if the **lists are not allowed to be merged** (i.e., you cannot create a new list), and you are only allowed to **access elements by index**, then the **O(m + n)** approach is the best possible in the general case.

But if the **lists are allowed to be merged**, and you are allowed to **create a new merged list**, then you can **merge the two lists in O(m + n)** time and then find the kth smallest element in O(1) time (since the merged list is sorted).

However, if you are **not allowed to merge the lists**, and you are only allowed to **access elements by index**, then the **O(m + n)** approach is the best possible.

---

### ✅ Answer:

There **does not exist an algorithm with better time complexity** than **O(m + n)** for this problem when you are not allowed to"
48,1,"Does there exist an algorithm with better time complexity? If so, implement it.",dflash,dflash,,"The problem of finding the **kth smallest element in the union of two sorted lists** is a classic one. The **best known time complexity** for this problem is **O(m + n)**, which is **linear time**. This is achieved using a **two-pointer approach** that simulates the merge of the two sorted lists.

However, if the **lists are not allowed to be merged** (i.e., you cannot create a new list), and you are only allowed to **access elements by index**, then the **O(m + n)** approach is the best possible in the general case.

But if the **lists are allowed to be merged**, and you are allowed to **create a new merged list**, then you can **merge the two lists in O(m + n)** time and then find the kth smallest element in O(1) time (since the merged list is sorted).

However, if you are **not allowed to merge the lists**, and you are only allowed to **access elements by index**, then the **O(m + n)** approach is the best possible.

---

### ✅ Answer:

There **does not exist an algorithm with better time complexity** than **O(m + n)** for this problem when you are not allowed to"
48,1,"Does there exist an algorithm with better time complexity? If so, implement it.",ddtree_tb16,dflash-original-ddtree,16,"The problem of finding the **kth smallest element in the union of two sorted lists** is a classic one. The **best known time complexity** for this problem is **O(m + n)**, which is **linear time**. This is achieved using a **two-pointer approach** that simulates the merge of the two sorted lists.

However, if the **lists are not allowed to be merged** (i.e., you cannot create a new list), and you are only allowed to **access elements by index**, then the **O(m + n)** approach is the best possible in the worst case.

But if you are allowed to **access elements by index** (i.e., the lists are stored in arrays and you can access elements in O(1) time), then there is a **more efficient algorithm** with **O(log(min(m, n)))** time complexity using **binary search**.

---

## ✅ **Binary Search Approach (O(log(min(m, n))) Time)**

This approach is more efficient when the lists are large, and you want to avoid merging them.

### ✅ Key Idea:

- The **kth smallest element** in the union of two sorted lists lies between the **minimum** and **maximum** of the two"
48,1,"Does there exist an algorithm with better time complexity? If so, implement it.",ddtree_tb32,dflash-original-ddtree,32,"The problem of finding the **kth smallest element in the union of two sorted lists** is a classic one. The **best known time complexity** for this problem is **O(m + n)**, which is **linear time**. This is achieved using a **two-pointer approach** that simulates the merge process without actually merging the lists.

However, if the **lists are not allowed to be merged** (i.e., you cannot create a new list), and you are only allowed to **access elements by index**, then the **O(m + n)** approach is the best possible in the worst case.

But if you are allowed to **access elements by index** (i.e., you can treat the lists as arrays), then there is a **more efficient algorithm** with **O(log(min(m, n)))** time complexity using **binary search**.

---

## ✅ Key Insight:

We can use **binary search** on the **possible values** of the kth smallest element. Since the lists are sorted, we can use binary search on the **value range** (from the minimum of the two lists to the maximum of the two lists) to find the kth smallest element.

---

## ✅ Algorithm (Binary Search Approach):

### Steps:

"
48,1,"Does there exist an algorithm with better time complexity? If so, implement it.",ddtree_tb64,dflash-original-ddtree,64,"The problem of finding the **kth smallest element in the union of two sorted lists** is a classic one. The **best known time complexity** for this problem is **O(m + n)**, which is **linear time**. This is achieved using a **two-pointer approach** that simulates the merge of the two sorted lists.

However, if the **lists are not allowed to be merged** (i.e., you cannot create a new list), and you are only allowed to **access elements by index**, then the **O(m + n)** approach is the best possible in the worst case.

But if you are allowed to **access elements by index** (i.e., the lists are stored in arrays), then there is a **more efficient algorithm** with **O(log(min(m, n)))** time complexity using **binary search**.

---

## ✅ Key Insight:

We can use **binary search** on the **possible values** of the kth smallest element. Since the lists are sorted, we can use binary search on the **value range** (from the minimum of the two lists to the maximum of the two lists) to find the kth smallest element.

---

## ✅ Algorithm (Binary Search Approach):

### Steps:

1."
49,0,Implement a program to find the common elements in two arrays without using any extra data structures.,baseline,target-only,,"To find the common elements in two arrays **without using any extra data structures**, you can use a **two-pointer approach**. This method works efficiently when the arrays are **sorted**. If they are not sorted, you can first sort them, but that would use extra space (O(n log n) time and O(1) space if you sort in-place, but in practice, sorting is often done with extra space).

However, if you **strictly cannot use any extra data structures**, including sorting, then you can use a **nested loop** approach, which has a time complexity of **O(n*m)**, where n and m are the lengths of the two arrays.

Here's an implementation using a **nested loop** (no extra data structures):

### ✅ Python Implementation (No Extra Data Structures)

```python
def find_common_elements(arr1, arr2):
    common = []
    for i in range(len(arr1)):
        for j in range(len(arr2)):
            if arr1[i] == arr2[j]:
                common.append(arr1[i])
                break  # Break inner loop to avoid duplicates
    return common

# Example usage
arr1 = [1, 2, 3, 4, 5]
"
49,0,Implement a program to find the common elements in two arrays without using any extra data structures.,dflash,dflash,,"To find the common elements in two arrays **without using any extra data structures**, you can use a **two-pointer approach**. This method works efficiently when the arrays are **sorted**. If they are not sorted, you can first sort them, but that would use extra space (O(n log n) time and O(1) space if you sort in-place, but in practice, sorting is often done with extra space).

However, if you **strictly cannot use any extra data structures**, including sorting, then you can use a **nested loop** approach, which has a time complexity of **O(n*m)**, where `n` and `m` are the lengths of the two arrays.

Here's an implementation using a **nested loop** (no extra data structures):

### ✅ Python Implementation (No Extra Data Structures)

```python
def find_common_elements(arr1, arr2):
    common = []
    for i in range(len(arr1)):
        for j in range(len(arr2)):
            if arr1[i] == arr2[j]:
                common.append(arr1[i])
                break  # Break inner loop to avoid duplicates
    return common

# Example usage
arr1 = [1, 2, 3, 4"
49,0,Implement a program to find the common elements in two arrays without using any extra data structures.,ddtree_tb16,dflash-original-ddtree,16,"To find the common elements in two arrays **without using any extra data structures**, you can use a **two-pointer approach**. This method works efficiently when the arrays are **sorted**. If they are not sorted, you can first sort them, but that would use extra space (O(n log n) time and O(1) space if you sort in place).

However, if you **strictly cannot use any extra data structures**, including sorting, then you can use a **nested loop** approach, which has a time complexity of **O(n*m)**, where `n` and `m` are the lengths of the two arrays.

Here's a Python implementation of the nested loop approach:

```python
def find_common_elements(arr1, arr2):
    common = []
    for i in range(len(arr1)):
        for j in range(len(arr2)):
            if arr1[i] == arr2[j]:
                common.append(arr1[i])
                break  # Break inner loop to avoid duplicates
    return common

# Example usage
arr1 = [1, 2, 3, 4, 5]
arr2 = [3, 4, 5, 6, 7]
print(""Common elements:"", find"
49,0,Implement a program to find the common elements in two arrays without using any extra data structures.,ddtree_tb32,dflash-original-ddtree,32,"To find the common elements in two arrays **without using any extra data structures**, you can use a **two-pointer approach**. This method works efficiently when the arrays are **sorted**. If they are not sorted, you can first sort them, but that would use extra space (O(n log n) time and O(1) space if you sort in place).

However, if you **strictly cannot use any extra data structures**, including sorting, then you can use a **nested loop** approach, which has a time complexity of **O(n*m)**, where `n` and `m` are the lengths of the two arrays.

Here's a Python implementation of the nested loop approach:

```python
def find_common_elements(arr1, arr2):
    common = []
    for i in range(len(arr1)):
        for j in range(len(arr2)):
            if arr1[i] == arr2[j]:
                common.append(arr1[i])
                break  # Break inner loop to avoid duplicates
    return common

# Example usage
arr1 = [1, 2, 3, 4, 5]
arr2 = [3, 4, 5, 6, 7]
print(""Common elements:"", find"
49,0,Implement a program to find the common elements in two arrays without using any extra data structures.,ddtree_tb64,dflash-original-ddtree,64,"To find the common elements in two arrays **without using any extra data structures**, you can use a **two-pointer approach**. This method works efficiently when the arrays are **sorted**. If they are not sorted, you can first sort them, but that would use extra space (O(n log n) time and O(1) space if you sort in-place, but in practice, sorting is often done with extra space).

However, if you **strictly cannot use any extra data structures**, including sorting, then you can use a **nested loop** approach, which has a time complexity of **O(n*m)**, where `n` and `m` are the lengths of the two arrays.

Here's a Python implementation of the nested loop approach:

```python
def find_common_elements(arr1, arr2):
    common = []
    for i in range(len(arr1)):
        for j in range(len(arr2)):
            if arr1[i] == arr2[j]:
                common.append(arr1[i])
                break  # Break inner loop to avoid duplicates
    return common

# Example usage
arr1 = [1, 2, 3, 4, 5]
arr2 = [3, 4, 5,"
49,1,"Now the constraint of not using extra data structure is removed, implement one with the best time complexity.",baseline,target-only,,"If the **constraint of not using extra data structures is removed**, you can use a **hash set** to efficiently find common elements between two arrays. This approach has a **time complexity of O(n + m)** and **space complexity of O(n)**, where `n` and `m` are the lengths of the two arrays.

Here's the implementation:

### ✅ Python Implementation (Best Time Complexity)

```python
def find_common_elements(arr1, arr2):
    # Use a set to store elements of the first array
    set1 = set(arr1)
    # Iterate through the second array and check for common elements
    common = [x for x in arr2 if x in set1]
    return common

# Example usage
arr1 = [1, 2, 3, 4, 5]
arr2 = [3, 4, 5, 6, 7]
print(find_common_elements(arr1, arr2))  # Output: [3, 4, 5]
```

### 📌 Explanation:
- **`set1 = set(arr1)`** creates a set of elements from the first array for O(1) lookups.
- The list comprehension iterates through"
49,1,"Now the constraint of not using extra data structure is removed, implement one with the best time complexity.",dflash,dflash,,"If the **constraint of not using extra data structures is removed**, we can use more efficient methods to find common elements between two arrays. The **best time complexity** for this task is **O(n + m)**, which is achieved by using a **hash set** (or a hash table) to store the elements of one array and then checking for common elements in the second array.

Here's the implementation:

### ✅ Python Implementation (Best Time Complexity)

```python
def find_common_elements(arr1, arr2):
    # Use a set to store elements of arr1 for O(1) lookups
    set_arr1 = set(arr1)
    common = []
    for num in arr2:
        if num in set_arr1:
            common.append(num)
    return common
```

### 📌 Time and Space Complexity:

- **Time Complexity:** O(n + m), where `n` is the length of `arr1` and `m` is the length of `arr2`.
- **Space Complexity:** O(n), due to the set used to store elements of `arr1`.

### 🧪 Example Usage:

```python
arr1 = [1, 2, 3, 4, 5]
"
49,1,"Now the constraint of not using extra data structure is removed, implement one with the best time complexity.",ddtree_tb16,dflash-original-ddtree,16,"If the **constraint of not using extra data structures is removed**, we can use more efficient methods to find common elements between two arrays. The **best time complexity** for this task is **O(n + m)**, which is achieved by using a **hash set** (or a hash table) to store the elements of one array and then checking for common elements in the second array.

Here's the implementation:

### ✅ Python Implementation (Best Time Complexity)

```python
def find_common_elements(arr1, arr2):
    # Use a set to store elements of arr1 for O(1) lookups
    set_arr1 = set(arr1)
    common = []
    for num in arr2:
        if num in set_arr1:
            common.append(num)
    return common
```

### 📌 Time and Space Complexity:

- **Time Complexity:** O(n + m), where `n` is the length of `arr1` and `m` is the length of `arr2`.
- **Space Complexity:** O(n), due to the set used to store elements of `arr1`.

### 🧪 Example Usage:

```python
arr1 = [1, 2, 3, 4, 5]
"
49,1,"Now the constraint of not using extra data structure is removed, implement one with the best time complexity.",ddtree_tb32,dflash-original-ddtree,32,"If the **constraint of not using extra data structures is removed**, we can use more efficient methods to find common elements between two arrays. The **best time complexity** for this task is **O(n + m)**, which is achieved by using a **hash set** (or a hash table) to store the elements of one array and then checking for common elements in the second array.

Here's the implementation:

### ✅ Python Implementation (Best Time Complexity)

```python
def find_common_elements(arr1, arr2):
    # Use a set to store elements of arr1 for O(1) lookups
    set_arr1 = set(arr1)
    common = []
    for num in arr2:
        if num in set_arr1:
            common.append(num)
    return common
```

### 📌 Time and Space Complexity:

- **Time Complexity:** O(n + m), where `n` is the length of `arr1` and `m` is the length of `arr2`.
- **Space Complexity:** O(n), due to the set used to store elements of `arr1`.

### 🧪 Example Usage:

```python
arr1 = [1, 2, 3, 4, 5]
"
49,1,"Now the constraint of not using extra data structure is removed, implement one with the best time complexity.",ddtree_tb64,dflash-original-ddtree,64,"If the **constraint of not using extra data structures is removed**, you can use a **hash set** to efficiently find common elements between two arrays. This approach has a **time complexity of O(n + m)** and **space complexity of O(n)**, where `n` and `m` are the lengths of the two arrays.

Here's the implementation:

### ✅ Python Implementation (Best Time Complexity)

```python
def find_common_elements(arr1, arr2):
    # Use a set to store elements of the first array
    set1 = set(arr1)
    # Iterate through the second array and check for common elements
    common = [x for x in arr2 if x in set1]
    return common

# Example usage
arr1 = [1, 2, 3, 4, 5]
arr2 = [3, 4, 5, 6, 7]
print(find_common_elements(arr1, arr2))  # Output: [3, 4, 5]
```

### 📌 Explanation:
- **`set1 = set(arr1)`** creates a set of elements from the first array for O(1) lookups.
- **`[x for x"
50,0,"Evaluate the following movie reviews on a scale of 1 to 5, with 1 being very negative, 3 being neutral, and 5 being very positive:
1. This movie released on Nov. 18, 2019, was phenomenal. The cinematography, the acting, the plot - everything was top-notch.
2. Never before have I been so disappointed with a movie. The plot was predictable and the characters were one-dimensional. In my opinion, this movie is the worst one to have been released in 2022.
3. The movie was okay. There were some parts I  enjoyed, but there were also parts that felt lackluster. This is a movie that was released in Feb 2018 and seems to be quite ordinary.
Return the answer as a JSON array of integers.",baseline,target-only,,"```json
[5, 1, 3]
```"
50,0,"Evaluate the following movie reviews on a scale of 1 to 5, with 1 being very negative, 3 being neutral, and 5 being very positive:
1. This movie released on Nov. 18, 2019, was phenomenal. The cinematography, the acting, the plot - everything was top-notch.
2. Never before have I been so disappointed with a movie. The plot was predictable and the characters were one-dimensional. In my opinion, this movie is the worst one to have been released in 2022.
3. The movie was okay. There were some parts I  enjoyed, but there were also parts that felt lackluster. This is a movie that was released in Feb 2018 and seems to be quite ordinary.
Return the answer as a JSON array of integers.",dflash,dflash,,"```json
[5, 1, 3]
```"
50,0,"Evaluate the following movie reviews on a scale of 1 to 5, with 1 being very negative, 3 being neutral, and 5 being very positive:
1. This movie released on Nov. 18, 2019, was phenomenal. The cinematography, the acting, the plot - everything was top-notch.
2. Never before have I been so disappointed with a movie. The plot was predictable and the characters were one-dimensional. In my opinion, this movie is the worst one to have been released in 2022.
3. The movie was okay. There were some parts I  enjoyed, but there were also parts that felt lackluster. This is a movie that was released in Feb 2018 and seems to be quite ordinary.
Return the answer as a JSON array of integers.",ddtree_tb16,dflash-original-ddtree,16,"```json
[5, 1, 3]
```"
50,0,"Evaluate the following movie reviews on a scale of 1 to 5, with 1 being very negative, 3 being neutral, and 5 being very positive:
1. This movie released on Nov. 18, 2019, was phenomenal. The cinematography, the acting, the plot - everything was top-notch.
2. Never before have I been so disappointed with a movie. The plot was predictable and the characters were one-dimensional. In my opinion, this movie is the worst one to have been released in 2022.
3. The movie was okay. There were some parts I  enjoyed, but there were also parts that felt lackluster. This is a movie that was released in Feb 2018 and seems to be quite ordinary.
Return the answer as a JSON array of integers.",ddtree_tb32,dflash-original-ddtree,32,"```json
[5, 1, 3]
```"
50,0,"Evaluate the following movie reviews on a scale of 1 to 5, with 1 being very negative, 3 being neutral, and 5 being very positive:
1. This movie released on Nov. 18, 2019, was phenomenal. The cinematography, the acting, the plot - everything was top-notch.
2. Never before have I been so disappointed with a movie. The plot was predictable and the characters were one-dimensional. In my opinion, this movie is the worst one to have been released in 2022.
3. The movie was okay. There were some parts I  enjoyed, but there were also parts that felt lackluster. This is a movie that was released in Feb 2018 and seems to be quite ordinary.
Return the answer as a JSON array of integers.",ddtree_tb64,dflash-original-ddtree,64,"```json
[5, 1, 3]
```"
50,1,Update your previous reply by including the release date as part of the JSON content.,baseline,target-only,,"```json
[
  {
    ""review"": ""This movie released on Nov. 18, 2019, was phenomenal. The cinematography, the acting, the plot - everything was top-notch."",
    ""score"": 5,
    ""release_date"": ""2019-11-18""
  },
  {
    ""review"": ""Never before have I been so disappointed with a movie. The plot was predictable and the characters were one-dimensional. In my opinion, this movie is the worst one to have been released in 2022."",
    ""score"": 1,
    ""release_date"": ""2022""
  },
  {
    ""review"": ""The movie was okay. There were some parts I enjoyed, but there were also parts that felt lackluster. This is a movie that was released in Feb 2018 and seems to be quite ordinary."",
    ""score"": 3,
    ""release_date"": ""2018-02""
  }
]
```"
50,1,Update your previous reply by including the release date as part of the JSON content.,dflash,dflash,,"```json
[
  {
    ""review"": ""This movie released on Nov. 18, 2019, was phenomenal. The cinematography, the acting, the plot - everything was top-notch."",
    ""score"": 5,
    ""release_date"": ""2019-11-18""
  },
  {
    ""review"": ""Never before have I been so disappointed with a movie. The plot was predictable and the characters were one-dimensional. In my opinion, this movie is the worst one to have been released in 2022."",
    ""score"": 1,
    ""release_date"": ""2022""
  },
  {
    ""review"": ""The movie was okay. There were some parts I enjoyed, but there were also parts that felt lackluster. This is a movie that was released in Feb 2018 and seems to be quite ordinary."",
    ""score"": 3,
    ""release_date"": ""2018-02""
  }
]
```"
50,1,Update your previous reply by including the release date as part of the JSON content.,ddtree_tb16,dflash-original-ddtree,16,"```json
[
  {
    ""review"": ""This movie released on Nov. 18, 2019, was phenomenal. The cinematography, the acting, the plot - everything was top-notch."",
    ""score"": 5,
    ""release_date"": ""2019-11-18""
  },
  {
    ""review"": ""Never before have I been so disappointed with a movie. The plot was predictable and the characters were one-dimensional. In my opinion, this movie is the worst one to have been released in 2022."",
    ""score"": 1,
    ""release_date"": ""2022""
  },
  {
    ""review"": ""The movie was okay. There were some parts I enjoyed, but there were also parts that felt lackluster. This is a movie that was released in Feb 2018 and seems to be quite ordinary."",
    ""score"": 3,
    ""release_date"": ""2018-02""
  }
]
```"
50,1,Update your previous reply by including the release date as part of the JSON content.,ddtree_tb32,dflash-original-ddtree,32,"```json
[
  {
    ""review"": ""This movie released on Nov. 18, 2019, was phenomenal. The cinematography, the acting, the plot - everything was top-notch."",
    ""score"": 5,
    ""release_date"": ""2019-11-18""
  },
  {
    ""review"": ""Never before have I been so disappointed with a movie. The plot was predictable and the characters were one-dimensional. In my opinion, this movie is the worst one to have been released in 2022."",
    ""score"": 1,
    ""release_date"": ""2022""
  },
  {
    ""review"": ""The movie was okay. There were some parts I enjoyed, but there were also parts that felt lackluster. This is a movie that was released in Feb 2018 and seems to be quite ordinary."",
    ""score"": 3,
    ""release_date"": ""2018-02""
  }
]
```"
50,1,Update your previous reply by including the release date as part of the JSON content.,ddtree_tb64,dflash-original-ddtree,64,"```json
[
  {
    ""review"": ""This movie released on Nov. 18, 2019, was phenomenal. The cinematography, the acting, the plot - everything was top-notch."",
    ""score"": 5,
    ""release_date"": ""2019-11-18""
  },
  {
    ""review"": ""Never before have I been so disappointed with a movie. The plot was predictable and the characters were one-dimensional. In my opinion, this movie is the worst one to have been released in 2022."",
    ""score"": 1,
    ""release_date"": ""2022""
  },
  {
    ""review"": ""The movie was okay. There were some parts I enjoyed, but there were also parts that felt lackluster. This is a movie that was released in Feb 2018 and seems to be quite ordinary."",
    ""score"": 3,
    ""release_date"": ""2018-02""
  }
]
```"
51,0,"Given these categories - Literature, History, Science, and Art. Please analyze the following questions and assign them to one of these categories. In your response, refrain from uttering any extraneous words. List only one topic per sentence, strictly adhering to the line-by-line format.
1. Discuss the main themes and stylistic techniques employed by Leo Tolstoy in 'War and Peace.' How do they align with the wider social context of 19th-century Russia?
2. Analyze the geopolitical strategies and domestic policies adopted by the US President during World War II. How did these actions shape the post-war international order?
3. Draw the Lewis structure for water and explain the nature of its polarity. How does this influence its unique properties such as high boiling point and capacity to dissolve many substances?
4. Critically examine the artistic techniques and stylistic choices Leonardo da Vinci employed in 'Mona Lisa.' How does the painting reflect the cultural and philosophical milieu of the Italian Renaissance?",baseline,target-only,,"1. Literature  
2. History  
3. Science  
4. Art"
51,0,"Given these categories - Literature, History, Science, and Art. Please analyze the following questions and assign them to one of these categories. In your response, refrain from uttering any extraneous words. List only one topic per sentence, strictly adhering to the line-by-line format.
1. Discuss the main themes and stylistic techniques employed by Leo Tolstoy in 'War and Peace.' How do they align with the wider social context of 19th-century Russia?
2. Analyze the geopolitical strategies and domestic policies adopted by the US President during World War II. How did these actions shape the post-war international order?
3. Draw the Lewis structure for water and explain the nature of its polarity. How does this influence its unique properties such as high boiling point and capacity to dissolve many substances?
4. Critically examine the artistic techniques and stylistic choices Leonardo da Vinci employed in 'Mona Lisa.' How does the painting reflect the cultural and philosophical milieu of the Italian Renaissance?",dflash,dflash,,"1. Literature  
2. History  
3. Science  
4. Art"
51,0,"Given these categories - Literature, History, Science, and Art. Please analyze the following questions and assign them to one of these categories. In your response, refrain from uttering any extraneous words. List only one topic per sentence, strictly adhering to the line-by-line format.
1. Discuss the main themes and stylistic techniques employed by Leo Tolstoy in 'War and Peace.' How do they align with the wider social context of 19th-century Russia?
2. Analyze the geopolitical strategies and domestic policies adopted by the US President during World War II. How did these actions shape the post-war international order?
3. Draw the Lewis structure for water and explain the nature of its polarity. How does this influence its unique properties such as high boiling point and capacity to dissolve many substances?
4. Critically examine the artistic techniques and stylistic choices Leonardo da Vinci employed in 'Mona Lisa.' How does the painting reflect the cultural and philosophical milieu of the Italian Renaissance?",ddtree_tb16,dflash-original-ddtree,16,"1. Literature  
2. History  
3. Science  
4. Art"
51,0,"Given these categories - Literature, History, Science, and Art. Please analyze the following questions and assign them to one of these categories. In your response, refrain from uttering any extraneous words. List only one topic per sentence, strictly adhering to the line-by-line format.
1. Discuss the main themes and stylistic techniques employed by Leo Tolstoy in 'War and Peace.' How do they align with the wider social context of 19th-century Russia?
2. Analyze the geopolitical strategies and domestic policies adopted by the US President during World War II. How did these actions shape the post-war international order?
3. Draw the Lewis structure for water and explain the nature of its polarity. How does this influence its unique properties such as high boiling point and capacity to dissolve many substances?
4. Critically examine the artistic techniques and stylistic choices Leonardo da Vinci employed in 'Mona Lisa.' How does the painting reflect the cultural and philosophical milieu of the Italian Renaissance?",ddtree_tb32,dflash-original-ddtree,32,"1. Literature  
2. History  
3. Science  
4. Art"
51,0,"Given these categories - Literature, History, Science, and Art. Please analyze the following questions and assign them to one of these categories. In your response, refrain from uttering any extraneous words. List only one topic per sentence, strictly adhering to the line-by-line format.
1. Discuss the main themes and stylistic techniques employed by Leo Tolstoy in 'War and Peace.' How do they align with the wider social context of 19th-century Russia?
2. Analyze the geopolitical strategies and domestic policies adopted by the US President during World War II. How did these actions shape the post-war international order?
3. Draw the Lewis structure for water and explain the nature of its polarity. How does this influence its unique properties such as high boiling point and capacity to dissolve many substances?
4. Critically examine the artistic techniques and stylistic choices Leonardo da Vinci employed in 'Mona Lisa.' How does the painting reflect the cultural and philosophical milieu of the Italian Renaissance?",ddtree_tb64,dflash-original-ddtree,64,"1. Literature  
2. History  
3. Science  
4. Art"
51,1,Amend your earlier answer by mentioning a person who is most relevant to each point.,baseline,target-only,,"1. Literature - Leo Tolstoy  
2. History - US President  
3. Science - Lewis  
4. Art - Leonardo da Vinci"
51,1,Amend your earlier answer by mentioning a person who is most relevant to each point.,dflash,dflash,,"1. Literature - Leo Tolstoy  
2. History - US President  
3. Science - Lewis  
4. Art - Leonardo da Vinci"
51,1,Amend your earlier answer by mentioning a person who is most relevant to each point.,ddtree_tb16,dflash-original-ddtree,16,"1. Literature - Leo Tolstoy  
2. History - US President  
3. Science - Lewis  
4. Art - Leonardo da Vinci"
51,1,Amend your earlier answer by mentioning a person who is most relevant to each point.,ddtree_tb32,dflash-original-ddtree,32,"1. Literature - Leo Tolstoy  
2. History - US President  
3. Science - Lewis  
4. Art - Leonardo da Vinci"
51,1,Amend your earlier answer by mentioning a person who is most relevant to each point.,ddtree_tb64,dflash-original-ddtree,64,"1. Literature - Leo Tolstoy  
2. History - US President  
3. Science - Lewis  
4. Art - Leonardo da Vinci"
52,0,"Extract the following information from the presented texts: The name of the book, the author, the main character, the year of publication. Output in the format of ""main character, book, author, year of publication"", one book per line.
a) In the realm of wizarding literature, a true standout is the work of J.K. Rowling. One of her books that left an indelible mark is 'Harry Potter and the Philosopher's Stone'. This iconic tale, published in 1997, tells the story of Harry, a young orphan who discovers his magical abilities on his 11th birthday. Soon, he finds himself at the Hogwarts School of Witchcraft and Wizardry, a place teeming with magic and adventure, located somewhere in Scotland.
b) The magic of Middle-earth has entranced readers worldwide, thanks to the brilliance of J.R.R. Tolkien. In one of his seminal works, 'The Lord of the Rings: The Fellowship of the Ring', published in 1954, we meet Frodo Baggins, a brave hobbit tasked with the perilous quest of destroying the One Ring. The epic journey takes him from the peaceful Shire to the tumultuous regions of Middle-earth.
c) In a galaxy far, far away, the imagination of L.E. Starlighter gives us 'The Prism Galaxy Chronicles: The Awakening of the Starcaster'. Published in 2028, the story is about Zylo, a humble spaceship mechanic, who unexpectedly discovers he's a Starcaster - a rare individual with the power to manipulate stardust. Set against the backdrop of an interstellar empire in turmoil, Zylo's destiny unfolds on numerous alien worlds, each with its unique cosmic charm.",baseline,target-only,,"Harry Potter and the Philosopher's Stone, J.K. Rowling, Harry, 1997  
The Lord of the Rings: The Fellowship of the Ring, J.R.R. Tolkien, Frodo Baggins, 1954  
The Prism Galaxy Chronicles: The Awakening of the Starcaster, L.E. Starlighter, Zylo, 2028"
52,0,"Extract the following information from the presented texts: The name of the book, the author, the main character, the year of publication. Output in the format of ""main character, book, author, year of publication"", one book per line.
a) In the realm of wizarding literature, a true standout is the work of J.K. Rowling. One of her books that left an indelible mark is 'Harry Potter and the Philosopher's Stone'. This iconic tale, published in 1997, tells the story of Harry, a young orphan who discovers his magical abilities on his 11th birthday. Soon, he finds himself at the Hogwarts School of Witchcraft and Wizardry, a place teeming with magic and adventure, located somewhere in Scotland.
b) The magic of Middle-earth has entranced readers worldwide, thanks to the brilliance of J.R.R. Tolkien. In one of his seminal works, 'The Lord of the Rings: The Fellowship of the Ring', published in 1954, we meet Frodo Baggins, a brave hobbit tasked with the perilous quest of destroying the One Ring. The epic journey takes him from the peaceful Shire to the tumultuous regions of Middle-earth.
c) In a galaxy far, far away, the imagination of L.E. Starlighter gives us 'The Prism Galaxy Chronicles: The Awakening of the Starcaster'. Published in 2028, the story is about Zylo, a humble spaceship mechanic, who unexpectedly discovers he's a Starcaster - a rare individual with the power to manipulate stardust. Set against the backdrop of an interstellar empire in turmoil, Zylo's destiny unfolds on numerous alien worlds, each with its unique cosmic charm.",dflash,dflash,,"Harry Potter and the Philosopher's Stone, J.K. Rowling, Harry, 1997  
The Lord of the Rings: The Fellowship of the Ring, J.R.R. Tolkien, Frodo Baggins, 1954  
The Prism Galaxy Chronicles: The Awakening of the Starcaster, L.E. Starlighter, Zylo, 2028"
52,0,"Extract the following information from the presented texts: The name of the book, the author, the main character, the year of publication. Output in the format of ""main character, book, author, year of publication"", one book per line.
a) In the realm of wizarding literature, a true standout is the work of J.K. Rowling. One of her books that left an indelible mark is 'Harry Potter and the Philosopher's Stone'. This iconic tale, published in 1997, tells the story of Harry, a young orphan who discovers his magical abilities on his 11th birthday. Soon, he finds himself at the Hogwarts School of Witchcraft and Wizardry, a place teeming with magic and adventure, located somewhere in Scotland.
b) The magic of Middle-earth has entranced readers worldwide, thanks to the brilliance of J.R.R. Tolkien. In one of his seminal works, 'The Lord of the Rings: The Fellowship of the Ring', published in 1954, we meet Frodo Baggins, a brave hobbit tasked with the perilous quest of destroying the One Ring. The epic journey takes him from the peaceful Shire to the tumultuous regions of Middle-earth.
c) In a galaxy far, far away, the imagination of L.E. Starlighter gives us 'The Prism Galaxy Chronicles: The Awakening of the Starcaster'. Published in 2028, the story is about Zylo, a humble spaceship mechanic, who unexpectedly discovers he's a Starcaster - a rare individual with the power to manipulate stardust. Set against the backdrop of an interstellar empire in turmoil, Zylo's destiny unfolds on numerous alien worlds, each with its unique cosmic charm.",ddtree_tb16,dflash-original-ddtree,16,"Harry Potter and the Philosopher's Stone, J.K. Rowling, Harry, 1997  
The Lord of the Rings: The Fellowship of the Ring, J.R.R. Tolkien, Frodo Baggins, 1954  
The Prism Galaxy Chronicles: The Awakening of the Starcaster, L.E. Starlighter, Zylo, 2028"
52,0,"Extract the following information from the presented texts: The name of the book, the author, the main character, the year of publication. Output in the format of ""main character, book, author, year of publication"", one book per line.
a) In the realm of wizarding literature, a true standout is the work of J.K. Rowling. One of her books that left an indelible mark is 'Harry Potter and the Philosopher's Stone'. This iconic tale, published in 1997, tells the story of Harry, a young orphan who discovers his magical abilities on his 11th birthday. Soon, he finds himself at the Hogwarts School of Witchcraft and Wizardry, a place teeming with magic and adventure, located somewhere in Scotland.
b) The magic of Middle-earth has entranced readers worldwide, thanks to the brilliance of J.R.R. Tolkien. In one of his seminal works, 'The Lord of the Rings: The Fellowship of the Ring', published in 1954, we meet Frodo Baggins, a brave hobbit tasked with the perilous quest of destroying the One Ring. The epic journey takes him from the peaceful Shire to the tumultuous regions of Middle-earth.
c) In a galaxy far, far away, the imagination of L.E. Starlighter gives us 'The Prism Galaxy Chronicles: The Awakening of the Starcaster'. Published in 2028, the story is about Zylo, a humble spaceship mechanic, who unexpectedly discovers he's a Starcaster - a rare individual with the power to manipulate stardust. Set against the backdrop of an interstellar empire in turmoil, Zylo's destiny unfolds on numerous alien worlds, each with its unique cosmic charm.",ddtree_tb32,dflash-original-ddtree,32,"Harry Potter and the Philosopher's Stone, J.K. Rowling, Harry, 1997  
The Lord of the Rings: The Fellowship of the Ring, J.R.R. Tolkien, Frodo Baggins, 1954  
The Prism Galaxy Chronicles: The Awakening of the Starcaster, L.E. Starlighter, Zylo, 2028"
52,0,"Extract the following information from the presented texts: The name of the book, the author, the main character, the year of publication. Output in the format of ""main character, book, author, year of publication"", one book per line.
a) In the realm of wizarding literature, a true standout is the work of J.K. Rowling. One of her books that left an indelible mark is 'Harry Potter and the Philosopher's Stone'. This iconic tale, published in 1997, tells the story of Harry, a young orphan who discovers his magical abilities on his 11th birthday. Soon, he finds himself at the Hogwarts School of Witchcraft and Wizardry, a place teeming with magic and adventure, located somewhere in Scotland.
b) The magic of Middle-earth has entranced readers worldwide, thanks to the brilliance of J.R.R. Tolkien. In one of his seminal works, 'The Lord of the Rings: The Fellowship of the Ring', published in 1954, we meet Frodo Baggins, a brave hobbit tasked with the perilous quest of destroying the One Ring. The epic journey takes him from the peaceful Shire to the tumultuous regions of Middle-earth.
c) In a galaxy far, far away, the imagination of L.E. Starlighter gives us 'The Prism Galaxy Chronicles: The Awakening of the Starcaster'. Published in 2028, the story is about Zylo, a humble spaceship mechanic, who unexpectedly discovers he's a Starcaster - a rare individual with the power to manipulate stardust. Set against the backdrop of an interstellar empire in turmoil, Zylo's destiny unfolds on numerous alien worlds, each with its unique cosmic charm.",ddtree_tb64,dflash-original-ddtree,64,"Harry Potter and the Philosopher's Stone, J.K. Rowling, Harry, 1997  
The Lord of the Rings: The Fellowship of the Ring, J.R.R. Tolkien, Frodo Baggins, 1954  
The Prism Galaxy Chronicles: The Awakening of the Starcaster, L.E. Starlighter, Zylo, 2028"
52,1,"Reformulate your earlier reply, output it in JSON format and only include books published after 1980.",baseline,target-only,,"{
  ""books"": [
    {
      ""main_character"": ""Harry"",
      ""book"": ""Harry Potter and the Philosopher's Stone"",
      ""author"": ""J.K. Rowling"",
      ""year_of_publication"": 1997
    },
    {
      ""main_character"": ""Frodo Baggins"",
      ""book"": ""The Lord of the Rings: The Fellowship of the Ring"",
      ""author"": ""J.R.R. Tolkien"",
      ""year_of_publication"": 1954
    },
    {
      ""main_character"": ""Zylo"",
      ""book"": ""The Prism Galaxy Chronicles: The Awakening of the Starcaster"",
      ""author"": ""L.E. Starlighter"",
      ""year_of_publication"": 2028
    }
  ]
}"
52,1,"Reformulate your earlier reply, output it in JSON format and only include books published after 1980.",dflash,dflash,,"{
  ""books"": [
    {
      ""main_character"": ""Harry"",
      ""book"": ""Harry Potter and the Philosopher's Stone"",
      ""author"": ""J.K. Rowling"",
      ""year_of_publication"": 1997
    },
    {
      ""main_character"": ""Frodo Baggins"",
      ""book"": ""The Lord of the Rings: The Fellowship of the Ring"",
      ""author"": ""J.R.R. Tolkien"",
      ""year_of_publication"": 1954
    },
    {
      ""main_character"": ""Zylo"",
      ""book"": ""The Prism Galaxy Chronicles: The Awakening of the Starcaster"",
      ""author"": ""L.E. Starlighter"",
      ""year_of_publication"": 2028
    }
  ]
}"
52,1,"Reformulate your earlier reply, output it in JSON format and only include books published after 1980.",ddtree_tb16,dflash-original-ddtree,16,"{
  ""books"": [
    {
      ""main_character"": ""Harry"",
      ""book"": ""Harry Potter and the Philosopher's Stone"",
      ""author"": ""J.K. Rowling"",
      ""year_of_publication"": 1997
    },
    {
      ""main_character"": ""Frodo Baggins"",
      ""book"": ""The Lord of the Rings: The Fellowship of the Ring"",
      ""author"": ""J.R.R. Tolkien"",
      ""year_of_publication"": 1954
    },
    {
      ""main_character"": ""Zylo"",
      ""book"": ""The Prism Galaxy Chronicles: The Awakening of the Starcaster"",
      ""author"": ""L.E. Starlighter"",
      ""year_of_publication"": 2028
    }
  ]
}"
52,1,"Reformulate your earlier reply, output it in JSON format and only include books published after 1980.",ddtree_tb32,dflash-original-ddtree,32,"{
  ""books"": [
    {
      ""main_character"": ""Harry"",
      ""book"": ""Harry Potter and the Philosopher's Stone"",
      ""author"": ""J.K. Rowling"",
      ""year_of_publication"": 1997
    },
    {
      ""main_character"": ""Frodo Baggins"",
      ""book"": ""The Lord of the Rings: The Fellowship of the Ring"",
      ""author"": ""J.R.R. Tolkien"",
      ""year_of_publication"": 1954
    },
    {
      ""main_character"": ""Zylo"",
      ""book"": ""The Prism Galaxy Chronicles: The Awakening of the Starcaster"",
      ""author"": ""L.E. Starlighter"",
      ""year_of_publication"": 2028
    }
  ]
}"
52,1,"Reformulate your earlier reply, output it in JSON format and only include books published after 1980.",ddtree_tb64,dflash-original-ddtree,64,"{
  ""books"": [
    {
      ""main_character"": ""Harry"",
      ""book"": ""Harry Potter and the Philosopher's Stone"",
      ""author"": ""J.K. Rowling"",
      ""year_of_publication"": 1997
    },
    {
      ""main_character"": ""Frodo Baggins"",
      ""book"": ""The Lord of the Rings: The Fellowship of the Ring"",
      ""author"": ""J.R.R. Tolkien"",
      ""year_of_publication"": 1954
    },
    {
      ""main_character"": ""Zylo"",
      ""book"": ""The Prism Galaxy Chronicles: The Awakening of the Starcaster"",
      ""author"": ""L.E. Starlighter"",
      ""year_of_publication"": 2028
    }
  ]
}"
53,0,"Given the following data, identify the company with the highest profit in 2021 and provide its CEO's name:
a) Company X, with CEO Amy Williams, reported $30 billion in revenue and a $3 billion profit in 2021.
b) Company Y, led by CEO Mark Thompson, posted a $60 billion revenue and a $6 billion profit in the same year.
c) Company Z, under CEO Sarah Johnson, announced a $20 billion revenue and a $7 billion profit in 2021.
d) Company W, managed by CEO James Smith, revealed a $300 billion revenue with a $21 billion profit in 2021.
e) Company V, with CEO Lisa Brown, reported a $200 billion revenue and a $25 billion profit in 2021.
f) Company U, under CEO John White, posted a $180 billion revenue and a $20 billion profit in the same year.",baseline,target-only,,"To determine which company had the **highest profit in 2021**, we look at the **profit** value for each company:

- **Company X**: $3 billion profit  
- **Company Y**: $6 billion profit  
- **Company Z**: $7 billion profit  
- **Company W**: $21 billion profit  
- **Company V**: $25 billion profit  
- **Company U**: $20 billion profit  

**Company V** has the **highest profit** of **$25 billion** in 2021.

**CEO of Company V**: **Lisa Brown**

### ✅ Final Answer:
- **Company with the highest profit in 2021**: **Company V**  
- **CEO**: **Lisa Brown**"
53,0,"Given the following data, identify the company with the highest profit in 2021 and provide its CEO's name:
a) Company X, with CEO Amy Williams, reported $30 billion in revenue and a $3 billion profit in 2021.
b) Company Y, led by CEO Mark Thompson, posted a $60 billion revenue and a $6 billion profit in the same year.
c) Company Z, under CEO Sarah Johnson, announced a $20 billion revenue and a $7 billion profit in 2021.
d) Company W, managed by CEO James Smith, revealed a $300 billion revenue with a $21 billion profit in 2021.
e) Company V, with CEO Lisa Brown, reported a $200 billion revenue and a $25 billion profit in 2021.
f) Company U, under CEO John White, posted a $180 billion revenue and a $20 billion profit in the same year.",dflash,dflash,,"To determine which company had the **highest profit in 2021**, we look at the **profit** value for each company:

- **Company X**: $3 billion profit  
- **Company Y**: $6 billion profit  
- **Company Z**: $7 billion profit  
- **Company W**: $21 billion profit  
- **Company V**: $25 billion profit  
- **Company U**: $20 billion profit  

**Company V** has the **highest profit** of **$25 billion** in 2021.

The **CEO of Company V** is **Lisa Brown**.

### ✅ Final Answer:
- **Company with the highest profit in 2021**: **Company V**  
- **CEO's name**: **Lisa Brown**."
53,0,"Given the following data, identify the company with the highest profit in 2021 and provide its CEO's name:
a) Company X, with CEO Amy Williams, reported $30 billion in revenue and a $3 billion profit in 2021.
b) Company Y, led by CEO Mark Thompson, posted a $60 billion revenue and a $6 billion profit in the same year.
c) Company Z, under CEO Sarah Johnson, announced a $20 billion revenue and a $7 billion profit in 2021.
d) Company W, managed by CEO James Smith, revealed a $300 billion revenue with a $21 billion profit in 2021.
e) Company V, with CEO Lisa Brown, reported a $200 billion revenue and a $25 billion profit in 2021.
f) Company U, under CEO John White, posted a $180 billion revenue and a $20 billion profit in the same year.",ddtree_tb16,dflash-original-ddtree,16,"To determine which company had the **highest profit in 2021**, we look at the **profit** value for each company:

- **Company X**: $3 billion profit  
- **Company Y**: $6 billion profit  
- **Company Z**: $7 billion profit  
- **Company W**: $21 billion profit  
- **Company V**: $25 billion profit  
- **Company U**: $20 billion profit  

**Company V** has the **highest profit** of **$25 billion** in 2021.

**CEO of Company V**: **Lisa Brown**

### ✅ Final Answer:
- **Company with the highest profit in 2021**: **Company V**  
- **CEO**: **Lisa Brown**"
53,0,"Given the following data, identify the company with the highest profit in 2021 and provide its CEO's name:
a) Company X, with CEO Amy Williams, reported $30 billion in revenue and a $3 billion profit in 2021.
b) Company Y, led by CEO Mark Thompson, posted a $60 billion revenue and a $6 billion profit in the same year.
c) Company Z, under CEO Sarah Johnson, announced a $20 billion revenue and a $7 billion profit in 2021.
d) Company W, managed by CEO James Smith, revealed a $300 billion revenue with a $21 billion profit in 2021.
e) Company V, with CEO Lisa Brown, reported a $200 billion revenue and a $25 billion profit in 2021.
f) Company U, under CEO John White, posted a $180 billion revenue and a $20 billion profit in the same year.",ddtree_tb32,dflash-original-ddtree,32,"To determine which company had the **highest profit in 2021**, we look at the **profit** values provided for each company:

- **Company X**: $3 billion profit  
- **Company Y**: $6 billion profit  
- **Company Z**: $7 billion profit  
- **Company W**: $21 billion profit  
- **Company V**: $25 billion profit  
- **Company U**: $20 billion profit  

**Company V** has the **highest profit** of **$25 billion** in 2021.

**CEO of Company V**: **Lisa Brown**

### ✅ Final Answer:
- **Company with the highest profit in 2021**: **Company V**  
- **CEO**: **Lisa Brown**"
53,0,"Given the following data, identify the company with the highest profit in 2021 and provide its CEO's name:
a) Company X, with CEO Amy Williams, reported $30 billion in revenue and a $3 billion profit in 2021.
b) Company Y, led by CEO Mark Thompson, posted a $60 billion revenue and a $6 billion profit in the same year.
c) Company Z, under CEO Sarah Johnson, announced a $20 billion revenue and a $7 billion profit in 2021.
d) Company W, managed by CEO James Smith, revealed a $300 billion revenue with a $21 billion profit in 2021.
e) Company V, with CEO Lisa Brown, reported a $200 billion revenue and a $25 billion profit in 2021.
f) Company U, under CEO John White, posted a $180 billion revenue and a $20 billion profit in the same year.",ddtree_tb64,dflash-original-ddtree,64,"To determine which company had the **highest profit in 2021**, we look at the **profit** value for each company:

- **Company X**: $3 billion profit  
- **Company Y**: $6 billion profit  
- **Company Z**: $7 billion profit  
- **Company W**: $21 billion profit  
- **Company V**: $25 billion profit  
- **Company U**: $20 billion profit  

**Company V** has the **highest profit** of **$25 billion** in 2021.

The **CEO of Company V** is **Lisa Brown**.

### ✅ Final Answer:
- **Company with the highest profit in 2021**: **Company V**  
- **CEO's name**: **Lisa Brown**."
53,1,Which company had the highest profit margin (profit/revenue ratio))?,baseline,target-only,,"To determine which company had the **highest profit margin**, we calculate the **profit margin** for each company using the formula:

$$
\text{Profit Margin} = \left( \frac{\text{Profit}}{\text{Revenue}} \right) \times 100
$$

Let’s calculate the profit margin for each company:

---

### **Company X**  
- Revenue: $30 billion  
- Profit: $3 billion  
- Profit Margin:  
  $$
  \left( \frac{3}{30} \right) \times 100 = 10\%
  $$

---

### **Company Y**  
- Revenue: $60 billion  
- Profit: $6 billion  
- Profit Margin:  
  $$
  \left( \frac{6}{60} \right) \times 100 = 10\%
  $$

---

### **Company Z**  
- Revenue: $20 billion  
- Profit: $7 billion  
- Profit Margin:  
  $$
  \left( \frac{7}{20} \right) \times 100 = 35\%
  $$

---

### **Company W"
53,1,Which company had the highest profit margin (profit/revenue ratio))?,dflash,dflash,,"To determine which company had the **highest profit margin**, we calculate the **profit margin** for each company using the formula:

$$
\text{Profit Margin} = \left( \frac{\text{Profit}}{\text{Revenue}} \right) \times 100
$$

Let’s calculate the profit margin for each company:

---

### **Company X**  
- Revenue: $30 billion  
- Profit: $3 billion  
- Profit Margin:  
  $$
  \left( \frac{3}{30} \right) \times 100 = 10\%
  $$

---

### **Company Y**  
- Revenue: $60 billion  
- Profit: $6 billion  
- Profit Margin:  
  $$
  \left( \frac{6}{60} \right) \times 100 = 10\%
  $$

---

### **Company Z**  
- Revenue: $20 billion  
- Profit: $7 billion  
- Profit Margin:  
  $$
  \left( \frac{7}{20} \right) \times 100 = 35\%
  $$

---

### **Company W"
53,1,Which company had the highest profit margin (profit/revenue ratio))?,ddtree_tb16,dflash-original-ddtree,16,"To determine which company had the **highest profit margin**, we calculate the **profit margin** for each company using the formula:

$$
\text{Profit Margin} = \left( \frac{\text{Profit}}{\text{Revenue}} \right) \times 100
$$

Let’s calculate the profit margin for each company:

---

### **Company X**  
- Revenue: $30 billion  
- Profit: $3 billion  
- Profit Margin:  
  $$
  \left( \frac{3}{30} \right) \times 100 = 10\%
  $$

---

### **Company Y**  
- Revenue: $60 billion  
- Profit: $6 billion  
- Profit Margin:  
  $$
  \left( \frac{6}{60} \right) \times 100 = 10\%
  $$

---

### **Company Z**  
- Revenue: $20 billion  
- Profit: $7 billion  
- Profit Margin:  
  $$
  \left( \frac{7}{20} \right) \times 100 = 35\%
  $$

---

### **Company W"
53,1,Which company had the highest profit margin (profit/revenue ratio))?,ddtree_tb32,dflash-original-ddtree,32,"To determine which company had the **highest profit margin**, we calculate the **profit margin** for each company using the formula:

$$
\text{Profit Margin} = \left( \frac{\text{Profit}}{\text{Revenue}} \right) \times 100
$$

Let’s calculate the profit margin for each company:

---

### **Company X**  
- Revenue: $30 billion  
- Profit: $3 billion  
- Profit Margin:  
  $$
  \left( \frac{3}{30} \right) \times 100 = 10\%
  $$

---

### **Company Y**  
- Revenue: $60 billion  
- Profit: $6 billion  
- Profit Margin:  
  $$
  \left( \frac{6}{60} \right) \times 100 = 10\%
  $$

---

### **Company Z**  
- Revenue: $20 billion  
- Profit: $7 billion  
- Profit Margin:  
  $$
  \left( \frac{7}{20} \right) \times 100 = 35\%
  $$

---

### **Company W"
53,1,Which company had the highest profit margin (profit/revenue ratio))?,ddtree_tb64,dflash-original-ddtree,64,"To determine which company had the **highest profit margin**, we calculate the **profit margin** for each company using the formula:

$$
\text{Profit Margin} = \left( \frac{\text{Profit}}{\text{Revenue}} \right) \times 100
$$

Let’s calculate the profit margin for each company:

---

### **Company X**  
- Revenue: $30 billion  
- Profit: $3 billion  
- Profit Margin:  
  $$
  \left( \frac{3}{30} \right) \times 100 = 10\%
  $$

---

### **Company Y**  
- Revenue: $60 billion  
- Profit: $6 billion  
- Profit Margin:  
  $$
  \left( \frac{6}{60} \right) \times 100 = 10\%
  $$

---

### **Company Z**  
- Revenue: $20 billion  
- Profit: $7 billion  
- Profit Margin:  
  $$
  \left( \frac{7}{20} \right) \times 100 = 35\%
  $$

---

### **Company W"
54,0,"Identify the countries, their capitals, and the languages spoken in the following sentences. Output in JSON format.
a) Amidst the idyllic vistas, Copenhagen, Denmark's capital, captivates visitors with its thriving art scene and the enchanting Danish language spoken by its inhabitants.
b) Within the enchanting realm of Eldoria, one discovers Avalore, a grandiose city that emanates an ethereal aura. Lumina, a melodious language, serves as the principal mode of communication within this mystical abode.
c) Nestled amidst a harmonious blend of age-old customs and contemporary wonders, Buenos Aires, the capital of Argentina, stands as a bustling metropolis. It is a vibrant hub where the expressive Spanish language holds sway over the city's inhabitants.",baseline,target-only,,"```json
{
  ""a"": {
    ""country"": ""Denmark"",
    ""capital"": ""Copenhagen"",
    ""language"": ""Danish""
  },
  ""b"": {
    ""country"": ""Eldoria"",
    ""capital"": ""Avalore"",
    ""language"": ""Lumina""
  },
  ""c"": {
    ""country"": ""Argentina"",
    ""capital"": ""Buenos Aires"",
    ""language"": ""Spanish""
  }
}
```"
54,0,"Identify the countries, their capitals, and the languages spoken in the following sentences. Output in JSON format.
a) Amidst the idyllic vistas, Copenhagen, Denmark's capital, captivates visitors with its thriving art scene and the enchanting Danish language spoken by its inhabitants.
b) Within the enchanting realm of Eldoria, one discovers Avalore, a grandiose city that emanates an ethereal aura. Lumina, a melodious language, serves as the principal mode of communication within this mystical abode.
c) Nestled amidst a harmonious blend of age-old customs and contemporary wonders, Buenos Aires, the capital of Argentina, stands as a bustling metropolis. It is a vibrant hub where the expressive Spanish language holds sway over the city's inhabitants.",dflash,dflash,,"```json
{
  ""a"": {
    ""country"": ""Denmark"",
    ""capital"": ""Copenhagen"",
    ""language"": ""Danish""
  },
  ""b"": {
    ""country"": ""Eldoria"",
    ""capital"": ""Avalore"",
    ""language"": ""Lumina""
  },
  ""c"": {
    ""country"": ""Argentina"",
    ""capital"": ""Buenos Aires"",
    ""language"": ""Spanish""
  }
}
```"
54,0,"Identify the countries, their capitals, and the languages spoken in the following sentences. Output in JSON format.
a) Amidst the idyllic vistas, Copenhagen, Denmark's capital, captivates visitors with its thriving art scene and the enchanting Danish language spoken by its inhabitants.
b) Within the enchanting realm of Eldoria, one discovers Avalore, a grandiose city that emanates an ethereal aura. Lumina, a melodious language, serves as the principal mode of communication within this mystical abode.
c) Nestled amidst a harmonious blend of age-old customs and contemporary wonders, Buenos Aires, the capital of Argentina, stands as a bustling metropolis. It is a vibrant hub where the expressive Spanish language holds sway over the city's inhabitants.",ddtree_tb16,dflash-original-ddtree,16,"```json
{
  ""a"": {
    ""country"": ""Denmark"",
    ""capital"": ""Copenhagen"",
    ""language"": ""Danish""
  },
  ""b"": {
    ""country"": ""Eldoria"",
    ""capital"": ""Avalore"",
    ""language"": ""Lumina""
  },
  ""c"": {
    ""country"": ""Argentina"",
    ""capital"": ""Buenos Aires"",
    ""language"": ""Spanish""
  }
}
```"
54,0,"Identify the countries, their capitals, and the languages spoken in the following sentences. Output in JSON format.
a) Amidst the idyllic vistas, Copenhagen, Denmark's capital, captivates visitors with its thriving art scene and the enchanting Danish language spoken by its inhabitants.
b) Within the enchanting realm of Eldoria, one discovers Avalore, a grandiose city that emanates an ethereal aura. Lumina, a melodious language, serves as the principal mode of communication within this mystical abode.
c) Nestled amidst a harmonious blend of age-old customs and contemporary wonders, Buenos Aires, the capital of Argentina, stands as a bustling metropolis. It is a vibrant hub where the expressive Spanish language holds sway over the city's inhabitants.",ddtree_tb32,dflash-original-ddtree,32,"```json
{
  ""a"": {
    ""country"": ""Denmark"",
    ""capital"": ""Copenhagen"",
    ""language"": ""Danish""
  },
  ""b"": {
    ""country"": ""Eldoria"",
    ""capital"": ""Avalore"",
    ""language"": ""Lumina""
  },
  ""c"": {
    ""country"": ""Argentina"",
    ""capital"": ""Buenos Aires"",
    ""language"": ""Spanish""
  }
}
```"
54,0,"Identify the countries, their capitals, and the languages spoken in the following sentences. Output in JSON format.
a) Amidst the idyllic vistas, Copenhagen, Denmark's capital, captivates visitors with its thriving art scene and the enchanting Danish language spoken by its inhabitants.
b) Within the enchanting realm of Eldoria, one discovers Avalore, a grandiose city that emanates an ethereal aura. Lumina, a melodious language, serves as the principal mode of communication within this mystical abode.
c) Nestled amidst a harmonious blend of age-old customs and contemporary wonders, Buenos Aires, the capital of Argentina, stands as a bustling metropolis. It is a vibrant hub where the expressive Spanish language holds sway over the city's inhabitants.",ddtree_tb64,dflash-original-ddtree,64,"```json
{
  ""a"": {
    ""country"": ""Denmark"",
    ""capital"": ""Copenhagen"",
    ""language"": ""Danish""
  },
  ""b"": {
    ""country"": ""Eldoria"",
    ""capital"": ""Avalore"",
    ""language"": ""Lumina""
  },
  ""c"": {
    ""country"": ""Argentina"",
    ""capital"": ""Buenos Aires"",
    ""language"": ""Spanish""
  }
}
```"
54,1,Come up with 3 similar examples in the YAML format.,baseline,target-only,,"```yaml
- a:
    country: France
    capital: Paris
    language: French
- b:
    country: Japan
    capital: Tokyo
    language: Japanese
- c:
    country: Brazil
    capital: Brasília
    language: Portuguese
```"
54,1,Come up with 3 similar examples in the YAML format.,dflash,dflash,,"```yaml
- a:
    country: France
    capital: Paris
    language: French
- b:
    country: Japan
    capital: Tokyo
    language: Japanese
- c:
    country: Brazil
    capital: Brasília
    language: Portuguese
```"
54,1,Come up with 3 similar examples in the YAML format.,ddtree_tb16,dflash-original-ddtree,16,"```yaml
- a:
    country: France
    capital: Paris
    language: French
- b:
    country: Japan
    capital: Tokyo
    language: Japanese
- c:
    country: Brazil
    capital: Brasília
    language: Portuguese
```"
54,1,Come up with 3 similar examples in the YAML format.,ddtree_tb32,dflash-original-ddtree,32,"```yaml
- a:
    country: France
    capital: Paris
    language: French
- b:
    country: Japan
    capital: Tokyo
    language: Japanese
- c:
    country: Brazil
    capital: Brasília
    language: Portuguese
```"
54,1,Come up with 3 similar examples in the YAML format.,ddtree_tb64,dflash-original-ddtree,64,"```yaml
- a:
    country: France
    capital: Paris
    language: French
- b:
    country: Japan
    capital: Tokyo
    language: Japanese
- c:
    country: Brazil
    capital: Brasília
    language: Portuguese
```"
55,0,"Please read the paragraph below and count how many times the words ""Amazon"", ""river"", and ""you"" appear. Please present the results in the format of ""word, number of appearances"" with each word on a separate line. Sort the lines in order of the number of appearances.
The Amazon, a mesmerizing expanse of nature's wonders, is home to the legendary Amazon River. Flowing through awe-inspiring landscapes like the Amazon rainforest, the river weaves its way through Brazil, Colombia, and Peru, giving life to countless creatures. From the mighty jaguars prowling the Amazon jungle to the vibrant macaws soaring above the canopy, this remarkable region teems with biodiversity. Deep within the river's currents, magnificent pink river dolphins gracefully glide alongside piranhas and electric eels. Along the riverbanks, you'll find bustling cities like Manaus, where the urban meets the wild, and Iquitos, a gateway to the heart of the Amazon rainforest. As you venture further, the Amazon River reveals hidden gems like the captivating Anavilhanas Archipelago, a mosaic of islands brimming with rare species. Embark on an adventure, explore the enchanting Amazon River, and immerse yourself in a world teeming with life and untamed beauty.",baseline,target-only,,"Amazon, 4  
river, 4  
you, 2"
55,0,"Please read the paragraph below and count how many times the words ""Amazon"", ""river"", and ""you"" appear. Please present the results in the format of ""word, number of appearances"" with each word on a separate line. Sort the lines in order of the number of appearances.
The Amazon, a mesmerizing expanse of nature's wonders, is home to the legendary Amazon River. Flowing through awe-inspiring landscapes like the Amazon rainforest, the river weaves its way through Brazil, Colombia, and Peru, giving life to countless creatures. From the mighty jaguars prowling the Amazon jungle to the vibrant macaws soaring above the canopy, this remarkable region teems with biodiversity. Deep within the river's currents, magnificent pink river dolphins gracefully glide alongside piranhas and electric eels. Along the riverbanks, you'll find bustling cities like Manaus, where the urban meets the wild, and Iquitos, a gateway to the heart of the Amazon rainforest. As you venture further, the Amazon River reveals hidden gems like the captivating Anavilhanas Archipelago, a mosaic of islands brimming with rare species. Embark on an adventure, explore the enchanting Amazon River, and immerse yourself in a world teeming with life and untamed beauty.",dflash,dflash,,"Amazon, 4  
river, 4  
you, 2"
55,0,"Please read the paragraph below and count how many times the words ""Amazon"", ""river"", and ""you"" appear. Please present the results in the format of ""word, number of appearances"" with each word on a separate line. Sort the lines in order of the number of appearances.
The Amazon, a mesmerizing expanse of nature's wonders, is home to the legendary Amazon River. Flowing through awe-inspiring landscapes like the Amazon rainforest, the river weaves its way through Brazil, Colombia, and Peru, giving life to countless creatures. From the mighty jaguars prowling the Amazon jungle to the vibrant macaws soaring above the canopy, this remarkable region teems with biodiversity. Deep within the river's currents, magnificent pink river dolphins gracefully glide alongside piranhas and electric eels. Along the riverbanks, you'll find bustling cities like Manaus, where the urban meets the wild, and Iquitos, a gateway to the heart of the Amazon rainforest. As you venture further, the Amazon River reveals hidden gems like the captivating Anavilhanas Archipelago, a mosaic of islands brimming with rare species. Embark on an adventure, explore the enchanting Amazon River, and immerse yourself in a world teeming with life and untamed beauty.",ddtree_tb16,dflash-original-ddtree,16,"Amazon, 4  
river, 4  
you, 2"
55,0,"Please read the paragraph below and count how many times the words ""Amazon"", ""river"", and ""you"" appear. Please present the results in the format of ""word, number of appearances"" with each word on a separate line. Sort the lines in order of the number of appearances.
The Amazon, a mesmerizing expanse of nature's wonders, is home to the legendary Amazon River. Flowing through awe-inspiring landscapes like the Amazon rainforest, the river weaves its way through Brazil, Colombia, and Peru, giving life to countless creatures. From the mighty jaguars prowling the Amazon jungle to the vibrant macaws soaring above the canopy, this remarkable region teems with biodiversity. Deep within the river's currents, magnificent pink river dolphins gracefully glide alongside piranhas and electric eels. Along the riverbanks, you'll find bustling cities like Manaus, where the urban meets the wild, and Iquitos, a gateway to the heart of the Amazon rainforest. As you venture further, the Amazon River reveals hidden gems like the captivating Anavilhanas Archipelago, a mosaic of islands brimming with rare species. Embark on an adventure, explore the enchanting Amazon River, and immerse yourself in a world teeming with life and untamed beauty.",ddtree_tb32,dflash-original-ddtree,32,"Amazon, 4  
river, 4  
you, 2"
55,0,"Please read the paragraph below and count how many times the words ""Amazon"", ""river"", and ""you"" appear. Please present the results in the format of ""word, number of appearances"" with each word on a separate line. Sort the lines in order of the number of appearances.
The Amazon, a mesmerizing expanse of nature's wonders, is home to the legendary Amazon River. Flowing through awe-inspiring landscapes like the Amazon rainforest, the river weaves its way through Brazil, Colombia, and Peru, giving life to countless creatures. From the mighty jaguars prowling the Amazon jungle to the vibrant macaws soaring above the canopy, this remarkable region teems with biodiversity. Deep within the river's currents, magnificent pink river dolphins gracefully glide alongside piranhas and electric eels. Along the riverbanks, you'll find bustling cities like Manaus, where the urban meets the wild, and Iquitos, a gateway to the heart of the Amazon rainforest. As you venture further, the Amazon River reveals hidden gems like the captivating Anavilhanas Archipelago, a mosaic of islands brimming with rare species. Embark on an adventure, explore the enchanting Amazon River, and immerse yourself in a world teeming with life and untamed beauty.",ddtree_tb64,dflash-original-ddtree,64,"Amazon, 4  
river, 4  
you, 2"
55,1,"Please repeat the same task using the words 'the', 'and', and 'to'",baseline,target-only,,"the, 13  
and, 12  
to, 11"
55,1,"Please repeat the same task using the words 'the', 'and', and 'to'",dflash,dflash,,"the, 13  
and, 12  
to, 11"
55,1,"Please repeat the same task using the words 'the', 'and', and 'to'",ddtree_tb16,dflash-original-ddtree,16,"the, 13  
and, 12  
to, 11"
55,1,"Please repeat the same task using the words 'the', 'and', and 'to'",ddtree_tb32,dflash-original-ddtree,32,"the, 13  
and, 12  
to, 11"
55,1,"Please repeat the same task using the words 'the', 'and', and 'to'",ddtree_tb64,dflash-original-ddtree,64,"the, 14  
and, 12  
to, 11"
56,0,"Identify the named entities (people, organizations, locations) mentioned in the given news article. Please generate a JSON dictionary that lists the named entities in three separate groups based on their entity types. The key is the type of entity and the value is a list of strings.

Yesterday, Adamson Emerson, the CEO of Faraday, and Dieter Zetsche, the CEO of Daimler AG, announced plans to build a new Gigafactory in Berlin. The facility will be a joint venture between Faraday and Daimler, producing electric vehicles and battery packs for both companies, creating thousands of job opportunities in the region. Emerson and Zetsche stated that the strategic location of Berlin, coupled with its skilled workforce and strong infrastructure, makes it an ideal choice for expansion. The new Gigafactory aims to meet the growing demand for electric vehicles in Europe and contribute to a sustainable future. Volkswagen CEO Herbert Diess welcomed the news, saying greater collaboration will benefit the auto industry's transition to e-mobility.",baseline,target-only,,"```json
{
  ""PERSON"": [
    ""Adamson Emerson"",
    ""Dieter Zetsche"",
    ""Herbert Diess""
  ],
  ""ORGANIZATION"": [
    ""Faraday"",
    ""Daimler AG"",
    ""Volkswagen""
  ],
  ""LOCATION"": [
    ""Berlin""
  ]
}
```"
56,0,"Identify the named entities (people, organizations, locations) mentioned in the given news article. Please generate a JSON dictionary that lists the named entities in three separate groups based on their entity types. The key is the type of entity and the value is a list of strings.

Yesterday, Adamson Emerson, the CEO of Faraday, and Dieter Zetsche, the CEO of Daimler AG, announced plans to build a new Gigafactory in Berlin. The facility will be a joint venture between Faraday and Daimler, producing electric vehicles and battery packs for both companies, creating thousands of job opportunities in the region. Emerson and Zetsche stated that the strategic location of Berlin, coupled with its skilled workforce and strong infrastructure, makes it an ideal choice for expansion. The new Gigafactory aims to meet the growing demand for electric vehicles in Europe and contribute to a sustainable future. Volkswagen CEO Herbert Diess welcomed the news, saying greater collaboration will benefit the auto industry's transition to e-mobility.",dflash,dflash,,"```json
{
  ""PERSON"": [
    ""Adamson Emerson"",
    ""Dieter Zetsche"",
    ""Herbert Diess""
  ],
  ""ORGANIZATION"": [
    ""Faraday"",
    ""Daimler AG"",
    ""Volkswagen""
  ],
  ""LOCATION"": [
    ""Berlin""
  ]
}
```"
56,0,"Identify the named entities (people, organizations, locations) mentioned in the given news article. Please generate a JSON dictionary that lists the named entities in three separate groups based on their entity types. The key is the type of entity and the value is a list of strings.

Yesterday, Adamson Emerson, the CEO of Faraday, and Dieter Zetsche, the CEO of Daimler AG, announced plans to build a new Gigafactory in Berlin. The facility will be a joint venture between Faraday and Daimler, producing electric vehicles and battery packs for both companies, creating thousands of job opportunities in the region. Emerson and Zetsche stated that the strategic location of Berlin, coupled with its skilled workforce and strong infrastructure, makes it an ideal choice for expansion. The new Gigafactory aims to meet the growing demand for electric vehicles in Europe and contribute to a sustainable future. Volkswagen CEO Herbert Diess welcomed the news, saying greater collaboration will benefit the auto industry's transition to e-mobility.",ddtree_tb16,dflash-original-ddtree,16,"```json
{
  ""PERSON"": [
    ""Adamson Emerson"",
    ""Dieter Zetsche"",
    ""Herbert Diess""
  ],
  ""ORGANIZATION"": [
    ""Faraday"",
    ""Daimler AG"",
    ""Volkswagen""
  ],
  ""LOCATION"": [
    ""Berlin""
  ]
}
```"
56,0,"Identify the named entities (people, organizations, locations) mentioned in the given news article. Please generate a JSON dictionary that lists the named entities in three separate groups based on their entity types. The key is the type of entity and the value is a list of strings.

Yesterday, Adamson Emerson, the CEO of Faraday, and Dieter Zetsche, the CEO of Daimler AG, announced plans to build a new Gigafactory in Berlin. The facility will be a joint venture between Faraday and Daimler, producing electric vehicles and battery packs for both companies, creating thousands of job opportunities in the region. Emerson and Zetsche stated that the strategic location of Berlin, coupled with its skilled workforce and strong infrastructure, makes it an ideal choice for expansion. The new Gigafactory aims to meet the growing demand for electric vehicles in Europe and contribute to a sustainable future. Volkswagen CEO Herbert Diess welcomed the news, saying greater collaboration will benefit the auto industry's transition to e-mobility.",ddtree_tb32,dflash-original-ddtree,32,"```json
{
  ""PERSON"": [
    ""Adamson Emerson"",
    ""Dieter Zetsche"",
    ""Herbert Diess""
  ],
  ""ORGANIZATION"": [
    ""Faraday"",
    ""Daimler AG"",
    ""Volkswagen""
  ],
  ""LOCATION"": [
    ""Berlin""
  ]
}
```"
56,0,"Identify the named entities (people, organizations, locations) mentioned in the given news article. Please generate a JSON dictionary that lists the named entities in three separate groups based on their entity types. The key is the type of entity and the value is a list of strings.

Yesterday, Adamson Emerson, the CEO of Faraday, and Dieter Zetsche, the CEO of Daimler AG, announced plans to build a new Gigafactory in Berlin. The facility will be a joint venture between Faraday and Daimler, producing electric vehicles and battery packs for both companies, creating thousands of job opportunities in the region. Emerson and Zetsche stated that the strategic location of Berlin, coupled with its skilled workforce and strong infrastructure, makes it an ideal choice for expansion. The new Gigafactory aims to meet the growing demand for electric vehicles in Europe and contribute to a sustainable future. Volkswagen CEO Herbert Diess welcomed the news, saying greater collaboration will benefit the auto industry's transition to e-mobility.",ddtree_tb64,dflash-original-ddtree,64,"```json
{
  ""PERSON"": [
    ""Adamson Emerson"",
    ""Dieter Zetsche"",
    ""Herbert Diess""
  ],
  ""ORGANIZATION"": [
    ""Faraday"",
    ""Daimler AG"",
    ""Volkswagen""
  ],
  ""LOCATION"": [
    ""Berlin""
  ]
}
```"
56,1,Now make the JSON object shorter by replacing each value with its first letter. Please output everything in a single line without using indentation or creating new lines.,baseline,target-only,,"{""PERSON"": [""A"", ""D"", ""H""], ""ORGANIZATION"": [""F"", ""D"", ""V""], ""LOCATION"": [""B""]}"
56,1,Now make the JSON object shorter by replacing each value with its first letter. Please output everything in a single line without using indentation or creating new lines.,dflash,dflash,,"{""PERSON"": [""A"", ""D"", ""H""], ""ORGANIZATION"": [""F"", ""D"", ""V""], ""LOCATION"": [""B""]}"
56,1,Now make the JSON object shorter by replacing each value with its first letter. Please output everything in a single line without using indentation or creating new lines.,ddtree_tb16,dflash-original-ddtree,16,"{""PERSON"": [""A"", ""D"", ""H""], ""ORGANIZATION"": [""F"", ""D"", ""V""], ""LOCATION"": [""B""]}"
56,1,Now make the JSON object shorter by replacing each value with its first letter. Please output everything in a single line without using indentation or creating new lines.,ddtree_tb32,dflash-original-ddtree,32,"{""PERSON"": [""A"", ""D"", ""H""], ""ORGANIZATION"": [""F"", ""D"", ""V""], ""LOCATION"": [""B""]}"
56,1,Now make the JSON object shorter by replacing each value with its first letter. Please output everything in a single line without using indentation or creating new lines.,ddtree_tb64,dflash-original-ddtree,64,"{""PERSON"": [""A"", ""D"", ""H""], ""ORGANIZATION"": [""F"", ""D"", ""V""], ""LOCATION"": [""B""]}"
57,0,"Analyze the following customer reviews from different sources for three different smartphones - the latest iPhone, Samsung Galaxy, and Google Pixel - and provide an overall rating for each phone on a scale of 1 to 10. Consider the following complex and contradictory reviews:
- TechRadar's review of the latest iPhone: The new iPhone is a stunning triumph of engineering that sets a new bar for smartphone performance and camera quality. However, the incremental design and high price mean it lacks the 'wow' factor of previous iPhones. Still, its power and intelligence are unrivaled.
- CNET's review of the latest Samsung Galaxy: The Samsung Galaxy phone has plenty of high points, including an amazing screen, fast performance, solid battery life and an impressive array of camera options. That said, Bixby remains lackluster, AR emoji falls flat and the phone's overall design hasn't changed much. The new Galaxy is an amazing phone overall, but it has a few nagging weaknesses that keep it from achieving true greatness.
- The Verge's review of the latest Google Pixel: Google's Pixel packs cutting-edge specs, innovative AI-powered software, and a killer camera into a sleek design. However, the phone has lackluster battery life, lacks expandable storage, and its performance stutters at times, especially considering its high price tag. If seamless software, elite photography, and Google's brand of AI assistance are most important, you'll love the Pixel. But the overall experience isn't as well-rounded as some competitors. Return the answer as a JSON object with the overall ratings for each phone out of 10, to one decimal place.",baseline,target-only,,"```json
{
  ""latest_iPhone"": 8.5,
  ""samsung_galaxy"": 8.2,
  ""google_pixel"": 8.0
}
```"
57,0,"Analyze the following customer reviews from different sources for three different smartphones - the latest iPhone, Samsung Galaxy, and Google Pixel - and provide an overall rating for each phone on a scale of 1 to 10. Consider the following complex and contradictory reviews:
- TechRadar's review of the latest iPhone: The new iPhone is a stunning triumph of engineering that sets a new bar for smartphone performance and camera quality. However, the incremental design and high price mean it lacks the 'wow' factor of previous iPhones. Still, its power and intelligence are unrivaled.
- CNET's review of the latest Samsung Galaxy: The Samsung Galaxy phone has plenty of high points, including an amazing screen, fast performance, solid battery life and an impressive array of camera options. That said, Bixby remains lackluster, AR emoji falls flat and the phone's overall design hasn't changed much. The new Galaxy is an amazing phone overall, but it has a few nagging weaknesses that keep it from achieving true greatness.
- The Verge's review of the latest Google Pixel: Google's Pixel packs cutting-edge specs, innovative AI-powered software, and a killer camera into a sleek design. However, the phone has lackluster battery life, lacks expandable storage, and its performance stutters at times, especially considering its high price tag. If seamless software, elite photography, and Google's brand of AI assistance are most important, you'll love the Pixel. But the overall experience isn't as well-rounded as some competitors. Return the answer as a JSON object with the overall ratings for each phone out of 10, to one decimal place.",dflash,dflash,,"```json
{
  ""latest_iPhone"": 8.5,
  ""samsung_galaxy"": 8.2,
  ""google_pixel"": 8.0
}
```"
57,0,"Analyze the following customer reviews from different sources for three different smartphones - the latest iPhone, Samsung Galaxy, and Google Pixel - and provide an overall rating for each phone on a scale of 1 to 10. Consider the following complex and contradictory reviews:
- TechRadar's review of the latest iPhone: The new iPhone is a stunning triumph of engineering that sets a new bar for smartphone performance and camera quality. However, the incremental design and high price mean it lacks the 'wow' factor of previous iPhones. Still, its power and intelligence are unrivaled.
- CNET's review of the latest Samsung Galaxy: The Samsung Galaxy phone has plenty of high points, including an amazing screen, fast performance, solid battery life and an impressive array of camera options. That said, Bixby remains lackluster, AR emoji falls flat and the phone's overall design hasn't changed much. The new Galaxy is an amazing phone overall, but it has a few nagging weaknesses that keep it from achieving true greatness.
- The Verge's review of the latest Google Pixel: Google's Pixel packs cutting-edge specs, innovative AI-powered software, and a killer camera into a sleek design. However, the phone has lackluster battery life, lacks expandable storage, and its performance stutters at times, especially considering its high price tag. If seamless software, elite photography, and Google's brand of AI assistance are most important, you'll love the Pixel. But the overall experience isn't as well-rounded as some competitors. Return the answer as a JSON object with the overall ratings for each phone out of 10, to one decimal place.",ddtree_tb16,dflash-original-ddtree,16,"```json
{
  ""latest_iPhone"": 8.5,
  ""samsung_galaxy"": 8.2,
  ""google_pixel"": 8.0
}
```"
57,0,"Analyze the following customer reviews from different sources for three different smartphones - the latest iPhone, Samsung Galaxy, and Google Pixel - and provide an overall rating for each phone on a scale of 1 to 10. Consider the following complex and contradictory reviews:
- TechRadar's review of the latest iPhone: The new iPhone is a stunning triumph of engineering that sets a new bar for smartphone performance and camera quality. However, the incremental design and high price mean it lacks the 'wow' factor of previous iPhones. Still, its power and intelligence are unrivaled.
- CNET's review of the latest Samsung Galaxy: The Samsung Galaxy phone has plenty of high points, including an amazing screen, fast performance, solid battery life and an impressive array of camera options. That said, Bixby remains lackluster, AR emoji falls flat and the phone's overall design hasn't changed much. The new Galaxy is an amazing phone overall, but it has a few nagging weaknesses that keep it from achieving true greatness.
- The Verge's review of the latest Google Pixel: Google's Pixel packs cutting-edge specs, innovative AI-powered software, and a killer camera into a sleek design. However, the phone has lackluster battery life, lacks expandable storage, and its performance stutters at times, especially considering its high price tag. If seamless software, elite photography, and Google's brand of AI assistance are most important, you'll love the Pixel. But the overall experience isn't as well-rounded as some competitors. Return the answer as a JSON object with the overall ratings for each phone out of 10, to one decimal place.",ddtree_tb32,dflash-original-ddtree,32,"```json
{
  ""latest_iPhone"": 8.5,
  ""samsung_galaxy"": 8.2,
  ""google_pixel"": 8.0
}
```"
57,0,"Analyze the following customer reviews from different sources for three different smartphones - the latest iPhone, Samsung Galaxy, and Google Pixel - and provide an overall rating for each phone on a scale of 1 to 10. Consider the following complex and contradictory reviews:
- TechRadar's review of the latest iPhone: The new iPhone is a stunning triumph of engineering that sets a new bar for smartphone performance and camera quality. However, the incremental design and high price mean it lacks the 'wow' factor of previous iPhones. Still, its power and intelligence are unrivaled.
- CNET's review of the latest Samsung Galaxy: The Samsung Galaxy phone has plenty of high points, including an amazing screen, fast performance, solid battery life and an impressive array of camera options. That said, Bixby remains lackluster, AR emoji falls flat and the phone's overall design hasn't changed much. The new Galaxy is an amazing phone overall, but it has a few nagging weaknesses that keep it from achieving true greatness.
- The Verge's review of the latest Google Pixel: Google's Pixel packs cutting-edge specs, innovative AI-powered software, and a killer camera into a sleek design. However, the phone has lackluster battery life, lacks expandable storage, and its performance stutters at times, especially considering its high price tag. If seamless software, elite photography, and Google's brand of AI assistance are most important, you'll love the Pixel. But the overall experience isn't as well-rounded as some competitors. Return the answer as a JSON object with the overall ratings for each phone out of 10, to one decimal place.",ddtree_tb64,dflash-original-ddtree,64,"```json
{
  ""latest_iPhone"": 8.5,
  ""samsung_galaxy"": 8.2,
  ""google_pixel"": 8.0
}
```"
57,1,Can you change the ratings from numbers to letters? Capital letters MUST be used when writing the names of phones.,baseline,target-only,,"```json
{
  ""latest_iPhone"": ""B"",
  ""samsung_galaxy"": ""B"",
  ""google_pixel"": ""B-""
}
```"
57,1,Can you change the ratings from numbers to letters? Capital letters MUST be used when writing the names of phones.,dflash,dflash,,"```json
{
  ""latest_iPhone"": ""B"",
  ""samsung_galaxy"": ""B"",
  ""google_pixel"": ""B-""
}
```"
57,1,Can you change the ratings from numbers to letters? Capital letters MUST be used when writing the names of phones.,ddtree_tb16,dflash-original-ddtree,16,"```json
{
  ""latest_iPhone"": ""B"",
  ""samsung_galaxy"": ""B"",
  ""google_pixel"": ""B-""
}
```"
57,1,Can you change the ratings from numbers to letters? Capital letters MUST be used when writing the names of phones.,ddtree_tb32,dflash-original-ddtree,32,"```json
{
  ""latest_iPhone"": ""B"",
  ""samsung_galaxy"": ""B"",
  ""google_pixel"": ""B-""
}
```"
57,1,Can you change the ratings from numbers to letters? Capital letters MUST be used when writing the names of phones.,ddtree_tb64,dflash-original-ddtree,64,"```json
{
  ""latest_iPhone"": ""B"",
  ""samsung_galaxy"": ""B"",
  ""google_pixel"": ""B-""
}
```"
58,0,"Given a set of complex equations, extract all unique variable names from each equation. Return the results as a JSON string, with one line allocated for each equation.
```
1) y = (3/4)x^3 - e^(2x) + sin(pi*x) - sqrt(7)
2) 2A - B/(3+C) * sum(N=1 to 5; ln(N)^2) = 5D*integral(a=0 to pi; cos(comb(N=1 to 10; N*a)))
3) E = m(c^2) + gamma*(v/d)/(-(alpha/2) + sqrt(beta^2 + (alpha/2)^2))
```",baseline,target-only,,"```json
[
  ""1) y"",
  ""2) A, B, C, D, N, a, alpha, beta, gamma, v"",
  ""3) E, m, c, gamma, v, alpha, beta""
]
```"
58,0,"Given a set of complex equations, extract all unique variable names from each equation. Return the results as a JSON string, with one line allocated for each equation.
```
1) y = (3/4)x^3 - e^(2x) + sin(pi*x) - sqrt(7)
2) 2A - B/(3+C) * sum(N=1 to 5; ln(N)^2) = 5D*integral(a=0 to pi; cos(comb(N=1 to 10; N*a)))
3) E = m(c^2) + gamma*(v/d)/(-(alpha/2) + sqrt(beta^2 + (alpha/2)^2))
```",dflash,dflash,,"```json
[
  ""1) y"",
  ""2) A, B, C, D, N, a, alpha, beta, gamma, v"",
  ""3) E, m, c, gamma, v, alpha, beta""
]
```"
58,0,"Given a set of complex equations, extract all unique variable names from each equation. Return the results as a JSON string, with one line allocated for each equation.
```
1) y = (3/4)x^3 - e^(2x) + sin(pi*x) - sqrt(7)
2) 2A - B/(3+C) * sum(N=1 to 5; ln(N)^2) = 5D*integral(a=0 to pi; cos(comb(N=1 to 10; N*a)))
3) E = m(c^2) + gamma*(v/d)/(-(alpha/2) + sqrt(beta^2 + (alpha/2)^2))
```",ddtree_tb16,dflash-original-ddtree,16,"```json
[
  ""1) y"",
  ""2) A, B, C, D, N, a, alpha, beta, gamma, v"",
  ""3) E, m, c, gamma, v, alpha, beta""
]
```"
58,0,"Given a set of complex equations, extract all unique variable names from each equation. Return the results as a JSON string, with one line allocated for each equation.
```
1) y = (3/4)x^3 - e^(2x) + sin(pi*x) - sqrt(7)
2) 2A - B/(3+C) * sum(N=1 to 5; ln(N)^2) = 5D*integral(a=0 to pi; cos(comb(N=1 to 10; N*a)))
3) E = m(c^2) + gamma*(v/d)/(-(alpha/2) + sqrt(beta^2 + (alpha/2)^2))
```",ddtree_tb32,dflash-original-ddtree,32,"```json
[
  ""1) y"",
  ""2) A, B, C, D, N, a, alpha, beta, gamma, v"",
  ""3) E, m, c, gamma, v, alpha, beta""
]
```"
58,0,"Given a set of complex equations, extract all unique variable names from each equation. Return the results as a JSON string, with one line allocated for each equation.
```
1) y = (3/4)x^3 - e^(2x) + sin(pi*x) - sqrt(7)
2) 2A - B/(3+C) * sum(N=1 to 5; ln(N)^2) = 5D*integral(a=0 to pi; cos(comb(N=1 to 10; N*a)))
3) E = m(c^2) + gamma*(v/d)/(-(alpha/2) + sqrt(beta^2 + (alpha/2)^2))
```",ddtree_tb64,dflash-original-ddtree,64,"```json
[
  ""1) y"",
  ""2) A, B, C, D, N, a, alpha, beta, gamma, v"",
  ""3) E, m, c, gamma, v, alpha, beta""
]
```"
58,1,"Please rearrange the equations and use 'a', 'b', 'c', 'd', etc. as variables.",baseline,target-only,,"```json
[
  ""1) a"",
  ""2) b, c, d, e, f, g, h, i, j, k"",
  ""3) l, m, n, o, p, q, r""
]
```"
58,1,"Please rearrange the equations and use 'a', 'b', 'c', 'd', etc. as variables.",dflash,dflash,,"```json
[
  ""1) a"",
  ""2) b, c, d, e, f, g, h, i, j, k"",
  ""3) l, m, n, o, p, q, r""
]
```"
58,1,"Please rearrange the equations and use 'a', 'b', 'c', 'd', etc. as variables.",ddtree_tb16,dflash-original-ddtree,16,"```json
[
  ""1) a"",
  ""2) b, c, d, e, f, g, h, i, j, k"",
  ""3) l, m, n, o, p, q, r""
]
```"
58,1,"Please rearrange the equations and use 'a', 'b', 'c', 'd', etc. as variables.",ddtree_tb32,dflash-original-ddtree,32,"```json
[
  ""1) a"",
  ""2) b, c, d, e, f, g, h, i, j, k"",
  ""3) l, m, n, o, p, q, r""
]
```"
58,1,"Please rearrange the equations and use 'a', 'b', 'c', 'd', etc. as variables.",ddtree_tb64,dflash-original-ddtree,64,"```json
[
  ""1) a"",
  ""2) b, c, d, e, f, g, h, i, j, k"",
  ""3) l, m, n, o, p, q, r""
]
```"
59,0,"Given the following records of stock prices, extract the highest and lowest closing prices for each month in the year 2022. Return the results as a CSV string, with one line allocated for each month.
Date,Open,High,Low,Close,Volume
2022-01-01,150.02,155.28,148.50,153.80,15678900
2022-01-02,154.32,157.25,153.48,156.25,19874500
2022-02-01,160.50,163.28,159.50,161.80,14326700
2022-02-02,161.80,164.25,161.30,163.90,17689200
2022-03-01,165.40,168.35,163.10,166.80,16253400
2022-03-02,167.00,169.85,165.50,168.20,19568100",baseline,target-only,,"2022-01-01,153.80,155.28
2022-02-01,159.50,163.28
2022-03-01,163.10,168.35"
59,0,"Given the following records of stock prices, extract the highest and lowest closing prices for each month in the year 2022. Return the results as a CSV string, with one line allocated for each month.
Date,Open,High,Low,Close,Volume
2022-01-01,150.02,155.28,148.50,153.80,15678900
2022-01-02,154.32,157.25,153.48,156.25,19874500
2022-02-01,160.50,163.28,159.50,161.80,14326700
2022-02-02,161.80,164.25,161.30,163.90,17689200
2022-03-01,165.40,168.35,163.10,166.80,16253400
2022-03-02,167.00,169.85,165.50,168.20,19568100",dflash,dflash,,"2022-01-01,153.80,155.28
2022-02-01,159.50,163.28
2022-03-01,163.10,168.35"
59,0,"Given the following records of stock prices, extract the highest and lowest closing prices for each month in the year 2022. Return the results as a CSV string, with one line allocated for each month.
Date,Open,High,Low,Close,Volume
2022-01-01,150.02,155.28,148.50,153.80,15678900
2022-01-02,154.32,157.25,153.48,156.25,19874500
2022-02-01,160.50,163.28,159.50,161.80,14326700
2022-02-02,161.80,164.25,161.30,163.90,17689200
2022-03-01,165.40,168.35,163.10,166.80,16253400
2022-03-02,167.00,169.85,165.50,168.20,19568100",ddtree_tb16,dflash-original-ddtree,16,"2022-01-01,153.80,155.28
2022-02-01,159.50,163.28
2022-03-01,163.10,168.35"
59,0,"Given the following records of stock prices, extract the highest and lowest closing prices for each month in the year 2022. Return the results as a CSV string, with one line allocated for each month.
Date,Open,High,Low,Close,Volume
2022-01-01,150.02,155.28,148.50,153.80,15678900
2022-01-02,154.32,157.25,153.48,156.25,19874500
2022-02-01,160.50,163.28,159.50,161.80,14326700
2022-02-02,161.80,164.25,161.30,163.90,17689200
2022-03-01,165.40,168.35,163.10,166.80,16253400
2022-03-02,167.00,169.85,165.50,168.20,19568100",ddtree_tb32,dflash-original-ddtree,32,"2022-01-01,153.80,155.28
2022-02-01,159.50,163.28
2022-03-01,163.10,168.35"
59,0,"Given the following records of stock prices, extract the highest and lowest closing prices for each month in the year 2022. Return the results as a CSV string, with one line allocated for each month.
Date,Open,High,Low,Close,Volume
2022-01-01,150.02,155.28,148.50,153.80,15678900
2022-01-02,154.32,157.25,153.48,156.25,19874500
2022-02-01,160.50,163.28,159.50,161.80,14326700
2022-02-02,161.80,164.25,161.30,163.90,17689200
2022-03-01,165.40,168.35,163.10,166.80,16253400
2022-03-02,167.00,169.85,165.50,168.20,19568100",ddtree_tb64,dflash-original-ddtree,64,"2022-01-01,153.80,155.28
2022-02-01,159.50,163.28
2022-03-01,163.10,168.35"
59,1,Do the same task again with the JSON format and round all numbers in your response to the nearest integers.,baseline,target-only,,"[
  {
    ""date"": ""2022-01-01"",
    ""highest_close"": 155,
    ""lowest_close"": 154
  },
  {
    ""date"": ""2022-02-01"",
    ""highest_close"": 163,
    ""lowest_close"": 159
  },
  {
    ""date"": ""2022-03-01"",
    ""highest_close"": 169,
    ""lowest_close"": 163
  }
]"
59,1,Do the same task again with the JSON format and round all numbers in your response to the nearest integers.,dflash,dflash,,"[
  {
    ""date"": ""2022-01-01"",
    ""highest_close"": 155,
    ""lowest_close"": 154
  },
  {
    ""date"": ""2022-02-01"",
    ""highest_close"": 163,
    ""lowest_close"": 159
  },
  {
    ""date"": ""2022-03-01"",
    ""highest_close"": 169,
    ""lowest_close"": 163
  }
]"
59,1,Do the same task again with the JSON format and round all numbers in your response to the nearest integers.,ddtree_tb16,dflash-original-ddtree,16,"[
  {
    ""date"": ""2022-01-01"",
    ""highest_close"": 155,
    ""lowest_close"": 154
  },
  {
    ""date"": ""2022-02-01"",
    ""highest_close"": 163,
    ""lowest_close"": 159
  },
  {
    ""date"": ""2022-03-01"",
    ""highest_close"": 169,
    ""lowest_close"": 163
  }
]"
59,1,Do the same task again with the JSON format and round all numbers in your response to the nearest integers.,ddtree_tb32,dflash-original-ddtree,32,"[
  {
    ""date"": ""2022-01-01"",
    ""highest_close"": 155,
    ""lowest_close"": 154
  },
  {
    ""date"": ""2022-02-01"",
    ""highest_close"": 163,
    ""lowest_close"": 159
  },
  {
    ""date"": ""2022-03-01"",
    ""highest_close"": 169,
    ""lowest_close"": 163
  }
]"
59,1,Do the same task again with the JSON format and round all numbers in your response to the nearest integers.,ddtree_tb64,dflash-original-ddtree,64,"[
  {
    ""date"": ""2022-01-01"",
    ""highest_close"": 155,
    ""lowest_close"": 149
  },
  {
    ""date"": ""2022-02-01"",
    ""highest_close"": 163,
    ""lowest_close"": 159
  },
  {
    ""date"": ""2022-03-01"",
    ""highest_close"": 168,
    ""lowest_close"": 163
  }
]"
60,0,"In the field of quantum physics, what is superposition, and how does it relate to the phenomenon of quantum entanglement?",baseline,target-only,,"In quantum physics, **superposition** is a fundamental principle that describes how a quantum system can exist in multiple states at the same time, until it is measured. This is a key feature that distinguishes quantum mechanics from classical physics.

### What is Superposition?

When a quantum system is in a **superposition** of states, it means that it is in a combination of possible states, each with a certain probability amplitude. For example, a qubit (the basic unit of quantum information) can be in a state that is a combination of both 0 and 1, not just one or the other. Mathematically, this is often represented as:

$$
|\psi\rangle = \alpha |0\rangle + \beta |1\rangle
$$

where $ \alpha $ and $ \beta $ are complex numbers representing the probability amplitudes, and $ |\alpha|^2 $ and $ |\beta|^2 $ are the probabilities of measuring the system in state $ |0\rangle $ or $ |1\rangle $, respectively.

### How Does Superposition Relate to Quantum Entanglement?

**Quantum entanglement** is a phenomenon where two or more quantum particles become correlated in such a way that the state of one"
60,0,"In the field of quantum physics, what is superposition, and how does it relate to the phenomenon of quantum entanglement?",dflash,dflash,,"In quantum physics, **superposition** is a fundamental principle that describes how a quantum system can exist in multiple states at the same time, until it is measured. This is a key feature that distinguishes quantum mechanics from classical physics.

### What is Superposition?

When a quantum system is in a **superposition** of states, it means that it is in a combination of possible states, each with a certain probability. For example, consider a qubit (the basic unit of quantum information). A qubit can be in a state that is a combination of both 0 and 1, not just one or the other. Mathematically, this is represented as:

$$
|\psi\rangle = \alpha |0\rangle + \beta |1\rangle
$$

where $ \alpha $ and $ \beta $ are complex numbers representing the amplitude of each state, and $ |\alpha|^2 $ and $ |\beta|^2 $ give the probabilities of measuring the system in state $ |0\rangle $ or $ |1\rangle $, respectively.

Superposition is not a classical concept. In classical physics, a system is always in a definite state, but in quantum mechanics, a system can be in a ""mixed"" state of possibilities"
60,0,"In the field of quantum physics, what is superposition, and how does it relate to the phenomenon of quantum entanglement?",ddtree_tb16,dflash-original-ddtree,16,"In quantum physics, **superposition** is a fundamental principle that describes how a quantum system can exist in multiple states at the same time, until it is measured. This is a key feature that distinguishes quantum mechanics from classical physics.

### What is Superposition?

When a quantum system is in a **superposition** of states, it means that it is in a combination of possible states, each with a certain probability. For example, consider a qubit (the basic unit of quantum information). A qubit can be in a state that is a combination of both 0 and 1, not just one or the other. Mathematically, this is represented as:

$$
|\psi\rangle = \alpha |0\rangle + \beta |1\rangle
$$

where $ \alpha $ and $ \beta $ are complex numbers representing the amplitude of each state, and $ |\alpha|^2 $ and $ |\beta|^2 $ give the probabilities of measuring the system in state $ |0\rangle $ or $ |1\rangle $, respectively.

Superposition is not a classical concept. In classical physics, a system is always in a definite state, but in quantum mechanics, a system can be in a ""mixed"" state of possibilities"
60,0,"In the field of quantum physics, what is superposition, and how does it relate to the phenomenon of quantum entanglement?",ddtree_tb32,dflash-original-ddtree,32,"In quantum physics, **superposition** is a fundamental principle that describes how a quantum system can exist in multiple states at the same time, until it is measured. This is a key feature that distinguishes quantum mechanics from classical physics.

### What is Superposition?

When a quantum system is in a **superposition** of states, it means that it is in a combination of possible states, each with a certain probability. For example, consider a qubit (the basic unit of quantum information). A qubit can be in a state that is a combination of both 0 and 1, not just one or the other. Mathematically, this is represented as:

$$
|\psi\rangle = \alpha |0\rangle + \beta |1\rangle
$$

where $ \alpha $ and $ \beta $ are complex numbers representing the amplitudes of the qubit being in state $ |0\rangle $ and $ |1\rangle $, respectively. The probabilities of measuring the qubit in either state are $ |\alpha|^2 $ and $ |\beta|^2 $, and they must sum to 1.

### How Does Superposition Relate to Quantum Entanglement?

**Quantum entanglement** is another fundamental"
60,0,"In the field of quantum physics, what is superposition, and how does it relate to the phenomenon of quantum entanglement?",ddtree_tb64,dflash-original-ddtree,64,"In quantum physics, **superposition** is a fundamental principle that describes how a quantum system can exist in multiple states at the same time, until it is measured. This is a key feature that distinguishes quantum mechanics from classical physics.

### What is Superposition?

When a quantum system is in a **superposition** of states, it means that it is in a combination of possible states, each with a certain probability. For example, consider a qubit (the basic unit of quantum information). A qubit can be in a state that is a combination of both 0 and 1, not just one or the other. Mathematically, this is represented as:

$$
|\psi\rangle = \alpha |0\rangle + \beta |1\rangle
$$

where $ \alpha $ and $ \beta $ are complex numbers representing the amplitude of each state, and $ |\alpha|^2 + |\beta|^2 = 1 $ ensures that the total probability is 1.

When the qubit is measured, it collapses into one of the states (0 or 1) with probabilities $ |\alpha|^2 $ and $ |\beta|^2 $, respectively.

### How Does Superposition Relate to Quantum Entanglement?

**Quant"
60,1,What assumptions have you made in your response? Are they valid?,baseline,target-only,,"Great question! When I provided the explanation of **superposition** and its relationship to **quantum entanglement**, I made several **assumptions**. Let me list them and evaluate their **validity**.

---

### 1. **Assumption: Superposition is a fundamental principle of quantum mechanics.**

- **Validity**: ✅ **Valid**.
- **Explanation**: Superposition is a core concept in quantum mechanics, as formalized by the **superposition principle** in quantum theory. It is not just a heuristic or an approximation, but a foundational postulate of the theory.

---

### 2. **Assumption: A qubit can be in a superposition of 0 and 1.**

- **Validity**: ✅ **Valid**.
- **Explanation**: In quantum computing, a qubit is a two-level quantum system that can exist in a superposition of the basis states $ |0\rangle $ and $ |1\rangle $. This is a well-established concept in quantum information theory.

---

### 3. **Assumption: The probabilities of measurement are given by the square of the amplitude.**

- **Validity**: ✅ **Valid**.
- **Explanation**: This is the **Born rule**, a fundamental"
60,1,What assumptions have you made in your response? Are they valid?,dflash,dflash,,"Great question! When I provided the explanation of **superposition** and its relationship to **quantum entanglement**, I made several **assumptions**. Let me list them and evaluate their **validity**.

---

### 1. **Assumption: Superposition is a fundamental principle of quantum mechanics.**

- **Validity**: ✅ **Valid**.
- **Explanation**: Superposition is a core concept in quantum mechanics, as formalized by the **superposition principle** in quantum theory. It is not just a heuristic or an approximation, but a foundational postulate of the theory.

---

### 2. **Assumption: A qubit can be in a superposition of 0 and 1.**

- **Validity**: ✅ **Valid**.
- **Explanation**: In quantum computing, a qubit is a two-level quantum system that can exist in a superposition of the basis states $ |0\rangle $ and $ |1\rangle $. This is a well-established concept in quantum information theory.

---

### 3. **Assumption: The probabilities of measurement are given by the square of the amplitude.**

- **Validity**: ✅ **Valid**.
- **Explanation**: This is the **Born rule**, a fundamental"
60,1,What assumptions have you made in your response? Are they valid?,ddtree_tb16,dflash-original-ddtree,16,"Great question! When I provided the explanation of **superposition** and its relationship to **quantum entanglement**, I made several **assumptions**. Let me list them and evaluate their **validity**.

---

### 1. **Assumption: Superposition is a fundamental principle of quantum mechanics.**

- **Validity**: ✅ **Valid**.
- **Explanation**: Superposition is a core concept in quantum mechanics, as formalized by the **superposition principle** in quantum theory. It is not just a heuristic or an approximation, but a foundational postulate of the theory.

---

### 2. **Assumption: A qubit can be in a superposition of 0 and 1.**

- **Validity**: ✅ **Valid**.
- **Explanation**: In quantum computing, a qubit is a two-level quantum system that can exist in a superposition of the basis states $ |0\rangle $ and $ |1\rangle $. This is a well-established concept in quantum information theory.

---

### 3. **Assumption: The probabilities of measurement are given by the square of the amplitude.**

- **Validity**: ✅ **Valid**.
- **Explanation**: This is the **Born rule**, a fundamental"
60,1,What assumptions have you made in your response? Are they valid?,ddtree_tb32,dflash-original-ddtree,32,"Great question! When I provided the explanation of **superposition** and its relationship to **quantum entanglement**, I made several **assumptions** based on the standard framework of quantum mechanics. Let me break them down and assess their **validity**.

---

### 1. **Assumption: Superposition is a fundamental principle of quantum mechanics.**

- **Validity**: ✅ **Valid**.
- **Explanation**: Superposition is a core concept in quantum mechanics, formalized in the **superposition principle**. It is a well-established and experimentally verified phenomenon. For example, the famous **Schrödinger's cat** thought experiment illustrates the idea that a system can be in a superposition of states until measured.

---

### 2. **Assumption: Superposition is described mathematically using linear combinations of basis states.**

- **Validity**: ✅ **Valid**.
- **Explanation**: In quantum mechanics, the state of a system is represented by a **vector** (or **state vector**) in a **Hilbert space**, and superposition is expressed as a **linear combination** of basis states. This is the standard mathematical formulation used in quantum theory.

---

### 3. **Assumption: The"
60,1,What assumptions have you made in your response? Are they valid?,ddtree_tb64,dflash-original-ddtree,64,"Great question! When I provided the explanation of **superposition** and its relationship to **quantum entanglement**, I made several **assumptions**. Let me list them and evaluate their **validity**.

---

### 1. **Assumption: Superposition is a fundamental principle of quantum mechanics.**

- **Validity**: ✅ **Valid**.
- **Explanation**: Superposition is a core concept in quantum mechanics, as formalized by the **superposition principle** in quantum theory. It is not just a heuristic or an approximation, but a foundational postulate of the theory.

---

### 2. **Assumption: A qubit can be in a superposition of 0 and 1.**

- **Validity**: ✅ **Valid**.
- **Explanation**: In quantum computing, a qubit is a two-level quantum system that can exist in a superposition of the basis states $ |0\rangle $ and $ |1\rangle $. This is a well-established concept in quantum information theory.

---

### 3. **Assumption: The probabilities of measurement are given by the square of the amplitude.**

- **Validity**: ✅ **Valid**.
- **Explanation**: This is the **Born rule**, a fundamental"
61,0,Consider a satellite that is in a circular orbit around the Earth. The speed of the satellite decreases. What will happen to the satellite's orbital radius and period of revolution? Please justify your answer using principles of physics.,baseline,target-only,,"When a satellite in a **circular orbit** around the Earth experiences a **decrease in speed**, several physical principles come into play, particularly **Newton's laws of motion**, **gravitational force**, and **orbital mechanics**.

---

### **1. Understanding the Satellite's Motion**

A satellite in a **circular orbit** is in **free fall** toward Earth, but it also has a **tangential velocity** that keeps it moving in a circle. The **centripetal force** required to keep the satellite in a circular orbit is provided by the **gravitational force** of the Earth.

The **gravitational force** is given by:

$$
F = \frac{G M m}{r^2}
$$

Where:
- $ G $ is the gravitational constant,
- $ M $ is the mass of the Earth,
- $ m $ is the mass of the satellite,
- $ r $ is the orbital radius.

The **centripetal force** required for circular motion is:

$$
F = \frac{m v^2}{r}
$$

Setting these equal:

$$
\frac{G M m}{r^2} = \frac{m v^2}{r}
$$

Simplifying"
61,0,Consider a satellite that is in a circular orbit around the Earth. The speed of the satellite decreases. What will happen to the satellite's orbital radius and period of revolution? Please justify your answer using principles of physics.,dflash,dflash,,"When a satellite in a **circular orbit** around the Earth experiences a **decrease in speed**, several physical principles come into play, particularly **Newton's laws of motion**, **gravitational force**, and **orbital mechanics**.

---

### **1. Understanding the Satellite's Motion**

A satellite in a **circular orbit** is in **free fall** toward Earth, but it also has a **horizontal velocity** that keeps it moving in a circle. The **centripetal force** required to keep the satellite in a circular orbit is provided by the **gravitational force** of the Earth.

The **gravitational force** is given by:

$$
F = \frac{G M m}{r^2}
$$

Where:
- $ G $ is the gravitational constant,
- $ M $ is the mass of the Earth,
- $ m $ is the mass of the satellite,
- $ r $ is the orbital radius.

The **centripetal force** required for circular motion is:

$$
F = \frac{m v^2}{r}
$$

Setting these equal:

$$
\frac{G M m}{r^2} = \frac{m v^2}{r}
$$

Simplifying:

$$"
61,0,Consider a satellite that is in a circular orbit around the Earth. The speed of the satellite decreases. What will happen to the satellite's orbital radius and period of revolution? Please justify your answer using principles of physics.,ddtree_tb16,dflash-original-ddtree,16,"When a satellite in a **circular orbit** around the Earth experiences a **decrease in speed**, several physical principles come into play, particularly **Newton's laws of motion**, **gravitational force**, and **orbital mechanics**.

---

### **1. Understanding the Satellite's Motion**

A satellite in a **circular orbit** is in **free fall** toward Earth, but it also has a **tangential velocity** that keeps it moving in a circle. The **centripetal force** required to keep the satellite in a circular orbit is provided by the **gravitational force** of the Earth.

The **gravitational force** is given by:

$$
F = \frac{G M m}{r^2}
$$

Where:
- $ G $ is the gravitational constant,
- $ M $ is the mass of the Earth,
- $ m $ is the mass of the satellite,
- $ r $ is the orbital radius.

The **centripetal force** required for circular motion is:

$$
F = \frac{m v^2}{r}
$$

Setting these equal:

$$
\frac{G M m}{r^2} = \frac{m v^2}{r}
$$

Simplifying"
61,0,Consider a satellite that is in a circular orbit around the Earth. The speed of the satellite decreases. What will happen to the satellite's orbital radius and period of revolution? Please justify your answer using principles of physics.,ddtree_tb32,dflash-original-ddtree,32,"When a satellite in a **circular orbit** around the Earth experiences a **decrease in speed**, several physical principles come into play, particularly **Newton's laws of motion**, **gravitational force**, and **orbital mechanics**.

---

### **1. Understanding the Satellite's Motion**

A satellite in a **circular orbit** is in **free fall** toward Earth, but it also has a **tangential velocity** that keeps it moving in a circle. The **centripetal force** required to keep the satellite in a circular orbit is provided by the **gravitational force** of the Earth.

The **gravitational force** is given by:

$$
F = \frac{G M m}{r^2}
$$

Where:
- $ G $ is the gravitational constant,
- $ M $ is the mass of the Earth,
- $ m $ is the mass of the satellite,
- $ r $ is the orbital radius.

The **centripetal force** required for circular motion is:

$$
F = \frac{m v^2}{r}
$$

Setting these equal:

$$
\frac{G M m}{r^2} = \frac{m v^2}{r}
$$

Simplifying"
61,0,Consider a satellite that is in a circular orbit around the Earth. The speed of the satellite decreases. What will happen to the satellite's orbital radius and period of revolution? Please justify your answer using principles of physics.,ddtree_tb64,dflash-original-ddtree,64,"When a satellite in a **circular orbit** around the Earth experiences a **decrease in speed**, several physical principles come into play, particularly **Newton's laws of motion**, **gravitational force**, and **orbital mechanics**.

---

### **1. Understanding the Satellite's Motion**

A satellite in a **circular orbit** is in **free fall** toward Earth, but it also has a **tangential velocity** that keeps it moving in a circle. The **centripetal force** required to keep the satellite in a circular orbit is provided by the **gravitational force** of the Earth.

The **gravitational force** is given by:

$$
F = \frac{G M m}{r^2}
$$

Where:
- $ G $ is the gravitational constant,
- $ M $ is the mass of the Earth,
- $ m $ is the mass of the satellite,
- $ r $ is the orbital radius.

The **centripetal force** required for circular motion is:

$$
F = \frac{m v^2}{r}
$$

Setting these equal:

$$
\frac{G M m}{r^2} = \frac{m v^2}{r}
$$

Simplifying"
61,1,What are some corner cases or edge cases in your solution? How do you handle them?,baseline,target-only,,"Great question! When analyzing the motion of a satellite in a circular orbit and considering the effects of a decrease in speed, there are several **corner cases or edge cases** that need to be considered. These cases arise due to the **assumptions** made in the model (e.g., circular orbit, no atmospheric drag, idealized Earth), and they can affect the validity of the conclusions.

---

### **1. Non-Circular Orbits (Elliptical Orbits)**

- **Corner Case**: The satellite is not in a **perfect circular orbit** but in an **elliptical orbit**.
- **Impact**: The previous analysis assumes a **circular orbit**, where the speed is constant and the radius is constant. In an elliptical orbit, the speed varies with position (fastest at perigee, slowest at apogee).
- **Handling**: If the satellite is in an elliptical orbit and its **speed decreases**, it may move to a **higher apogee** (farther from Earth), but the **orbital radius** is not constant. The **period of revolution** is still determined by the **semi-major axis** of the ellipse, not the radius.
- **Conclusion**: The satellite may enter a **"
61,1,What are some corner cases or edge cases in your solution? How do you handle them?,dflash,dflash,,"Great question! When analyzing the motion of a satellite in a circular orbit and considering the effects of a decrease in speed, there are several **corner cases or edge cases** that need to be considered. These cases arise due to the **assumptions** made in the model (e.g., circular orbit, no atmospheric drag, constant mass of Earth, etc.). Let's explore them and how they are handled.

---

## **1. Non-Circular Orbits (Elliptical Orbits)**

### **Corner Case:**
- The satellite is not in a **perfect circular orbit** but in an **elliptical orbit**.
- If the speed decreases, the orbit may become **more elliptical**, or even **escape** if the speed is too low.

### **How to Handle:**
- In reality, a satellite in an elliptical orbit has **different speeds at different points** in its orbit (due to conservation of angular momentum).
- If the speed decreases **at the apocenter** (farthest point from Earth), the orbit becomes more **elliptical**, and the **pericenter** (closest point) moves closer.
- If the speed is reduced **too much**, the satellite may **fall into a lower orbit** or"
61,1,What are some corner cases or edge cases in your solution? How do you handle them?,ddtree_tb16,dflash-original-ddtree,16,"Great question! When analyzing the motion of a satellite in a circular orbit and considering the effects of a decrease in speed, there are several **corner cases or edge cases** that need to be considered. These cases arise due to the **assumptions** made in the model (e.g., circular orbit, no atmospheric drag, idealized Earth), and they can affect the validity of the conclusions.

---

### **1. Non-Circular Orbits (Elliptical Orbits)**

- **Corner Case**: The satellite is not in a **perfect circular orbit** but in an **elliptical orbit**.
- **Impact**: The previous analysis assumes a **circular orbit**, where the speed is constant and the radius is constant. In an elliptical orbit, the speed varies with position (fastest at perigee, slowest at apogee).
- **Handling**: If the satellite is in an elliptical orbit and its **speed decreases**, it may move to a **higher apogee** (farther point in the orbit), but the **orbital radius** (average or semi-major axis) may change. The **period** of revolution would also change, depending on the new orbit.
- **Conclusion**: The original analysis applies only to"
61,1,What are some corner cases or edge cases in your solution? How do you handle them?,ddtree_tb32,dflash-original-ddtree,32,"Great question! When analyzing the motion of a satellite in a circular orbit and considering the effects of a decrease in speed, there are several **corner cases or edge cases** that need to be considered. These cases can affect the validity of the assumptions or the interpretation of the physical behavior. Let's explore them:

---

### **1. Very Small Decrease in Speed (Near Circular Orbit)**

- **Case**: The satellite's speed decreases slightly, but it remains close to the circular orbit speed.
- **Effect**: The satellite will still remain in a **circular orbit**, but with a **slightly larger radius**.
- **Why?**: A small decrease in speed leads to a small change in the orbital radius, as the satellite is no longer in a perfect balance between gravitational force and centripetal force.
- **Edge Case Handling**: Use **perturbation theory** or **Kepler's laws** to model the small change in orbit. The satellite will move to a **higher orbit** (larger radius) and **longer period**.

---

### **2. Speed Decrease to the Point of Escape Velocity**

- **Case**: The satellite's speed decreases to the **escape velocity** from the Earth.
- **Effect**: The satellite will no"
61,1,What are some corner cases or edge cases in your solution? How do you handle them?,ddtree_tb64,dflash-original-ddtree,64,"Great question! When analyzing the motion of a satellite in a circular orbit and considering the effects of a decrease in speed, there are several **corner cases or edge cases** that need to be considered. These cases can affect the validity of the assumptions or the interpretation of the physical behavior. Let's explore them:

---

### **1. Very Small Decrease in Speed (Near Circular Orbit)**

- **Case**: The satellite's speed decreases slightly, but it remains close to the circular orbit speed.
- **Effect**: The satellite will still remain in a **circular orbit**, but with a **slightly larger radius**.
- **Why?**: A small decrease in speed leads to a small change in the orbital radius, as the satellite is no longer in a perfect balance between gravitational force and centripetal force.
- **Edge Case Handling**: Use **perturbation theory** or **Kepler's laws** to model the small changes. The satellite will move to a **higher orbit** (larger radius) and **longer period**.

---

### **2. Speed Decreases to Zero**

- **Case**: The satellite's speed becomes zero.
- **Effect**: The satellite will **fall directly toward Earth**, not remain in orbit.
- **Why?"
62,0,"Photosynthesis is a vital process for life on Earth. Could you outline the two main stages of photosynthesis, including where they take place within the chloroplast, and the primary inputs and outputs for each stage?",baseline,target-only,,"Certainly! Photosynthesis is the process by which plants, algae, and some bacteria convert light energy into chemical energy, storing it in the form of glucose. It occurs in two main stages:

---

### **1. Light-Dependent Reactions (Light Reactions)**

**Where they take place:**  
These reactions occur in the **thylakoid membranes** of the chloroplast.

**Primary Inputs (Reactants):**  
- Water (H₂O)  
- Carbon dioxide (CO₂) is not directly used here; it is used in the next stage.  
- Light energy (from the sun)  
- ATP and NADPH (these are products of this stage, not inputs)  
- Adenosine diphosphate (ADP) and inorganic phosphate (Pi)  

**Primary Outputs (Products):**  
- Oxygen gas (O₂)  
- ATP (adenosine triphosphate)  
- NADPH (nicotinamide adenine dinucleotide phosphate)  

**Summary of the process:**  
The light-dependent reactions capture light energy and use it to split water molecules into oxygen, protons, and electrons. This process generates ATP and NADPH, which are used in the next stage.

---

"
62,0,"Photosynthesis is a vital process for life on Earth. Could you outline the two main stages of photosynthesis, including where they take place within the chloroplast, and the primary inputs and outputs for each stage?",dflash,dflash,,"Certainly! Photosynthesis is the process by which green plants, algae, and some bacteria convert light energy into chemical energy, storing it in the form of glucose. It occurs in two main stages:

---

### **1. The Light-Dependent Reactions (Light Reactions)**

**Where they take place:**  
These reactions occur in the **thylakoid membranes** of the chloroplast.

**Primary Inputs (Reactants):**  
- Water (H₂O)  
- Carbon dioxide (CO₂) is not directly used here; it is used in the next stage.  
- Light energy (from the sun)  
- ATP and NADPH (these are products of this stage, not inputs)  
- Adenosine diphosphate (ADP) and inorganic phosphate (Pi)  

**Primary Outputs (Products):**  
- Oxygen gas (O₂)  
- ATP (adenosine triphosphate)  
- NADPH (nicotinamide adenine dinucleotide phosphate)  

**Summary of the process:**  
The light-dependent reactions capture light energy and use it to split water molecules into oxygen, protons, and electrons. This process generates ATP and NADPH, which are used in the next stage"
62,0,"Photosynthesis is a vital process for life on Earth. Could you outline the two main stages of photosynthesis, including where they take place within the chloroplast, and the primary inputs and outputs for each stage?",ddtree_tb16,dflash-original-ddtree,16,"Certainly! Photosynthesis is the process by which green plants, algae, and some bacteria convert light energy into chemical energy, storing it in the form of glucose. This process occurs in two main stages:

---

### **1. The Light-Dependent Reactions (Light Reactions)**

**Where they take place:**  
These reactions occur in the **thylakoid membranes** of the chloroplast.

**Primary Inputs (Reactants):**  
- Water (H₂O)  
- Carbon dioxide (CO₂) is not directly used here, but it is used in the next stage.  
- Light energy (from the sun)  
- ATP and NADPH are not produced here, but they are **products** of this stage and used in the next.

**Primary Outputs (Products):**  
- Oxygen (O₂) – released as a byproduct.  
- ATP (adenosine triphosphate) – energy currency of the cell.  
- NADPH (nicotinamide adenine dinucleotide phosphate) – carries high-energy electrons.

**Summary of the Light Reactions:**  
These reactions capture light energy and convert it into chemical energy in the form of ATP and NADPH. Water is split into oxygen, pro"
62,0,"Photosynthesis is a vital process for life on Earth. Could you outline the two main stages of photosynthesis, including where they take place within the chloroplast, and the primary inputs and outputs for each stage?",ddtree_tb32,dflash-original-ddtree,32,"Certainly! Photosynthesis is the process by which green plants, algae, and some bacteria convert light energy into chemical energy, storing it in the form of glucose. It occurs in two main stages:

---

### **1. The Light-Dependent Reactions (Light Reactions)**

**Where they take place:**  
These reactions occur in the **thylakoid membranes** of the chloroplast.

**Primary Inputs (Reactants):**  
- Water (H₂O)  
- Carbon dioxide (CO₂) is not directly used here, but it is used in the next stage.  
- Light energy (from the sun)  
- ATP and NADPH (these are products of this stage, not inputs)  
- Adenosine diphosphate (ADP) and inorganic phosphate (Pi)  

**Primary Outputs (Products):**  
- Oxygen gas (O₂)  
- ATP (adenosine triphosphate)  
- NADPH (nicotinamide adenine dinucleotide phosphate)  

**Summary of the process:**  
The light-dependent reactions capture light energy and use it to split water molecules into oxygen, protons, and electrons. This process generates ATP and NADPH, which are used in the next"
62,0,"Photosynthesis is a vital process for life on Earth. Could you outline the two main stages of photosynthesis, including where they take place within the chloroplast, and the primary inputs and outputs for each stage?",ddtree_tb64,dflash-original-ddtree,64,"Certainly! Photosynthesis is the process by which green plants, algae, and some bacteria convert light energy into chemical energy, storing it in the form of glucose. This process occurs in two main stages:

---

### **1. The Light-Dependent Reactions (Light Reactions)**

**Where they take place:**  
These reactions occur in the **thylakoid membranes** of the chloroplast.

**Primary Inputs (Reactants):**  
- Water (H₂O)  
- Carbon dioxide (CO₂) is not directly used here, but it is used in the next stage.  
- Light energy (from the sun)  
- ATP and NADPH (these are products of this stage, not inputs)  
- Adenosine diphosphate (ADP) and inorganic phosphate (Pi)  

**Primary Outputs (Products):**  
- Oxygen gas (O₂)  
- ATP (adenosine triphosphate)  
- NADPH (nicotinamide adenine dinucleotide phosphate)  

**Summary of the process:**  
The light-dependent reactions capture light energy and use it to split water molecules into oxygen, protons, and electrons. This process generates ATP and NADPH, which are used in the"
62,1,How much energy can a tree produce through photosynthesis in its lifetime? Please provide an estimate using actual numerical values and thoroughly explain your thought process step-by-step.,baseline,target-only,,"Estimating how much energy a tree can produce through photosynthesis in its lifetime is a complex task, as it depends on several factors, including the species of the tree, its size, environmental conditions, and the duration of its life. However, we can make a reasonable estimate based on scientific studies and general assumptions.

---

## **Step 1: Understand the Energy Content of Photosynthesis**

Photosynthesis converts light energy into chemical energy stored in glucose. The basic equation is:

$$
6CO_2 + 6H_2O + \text{light energy} \rightarrow C_6H_{12}O_6 + 6O_2
$$

The energy stored in glucose is approximately **2870 kJ per mole of glucose** (based on the enthalpy of formation of glucose).

---

## **Step 2: Estimate the Amount of Glucose a Tree Produces**

To estimate the total glucose produced by a tree, we need to estimate:

- The **total biomass** of the tree (including all parts: trunk, branches, leaves, roots, etc.)
- The **proportion of biomass** that comes from photosynthesis (i.e., the fraction of the tree's mass that is derived from photosynthetic"
62,1,How much energy can a tree produce through photosynthesis in its lifetime? Please provide an estimate using actual numerical values and thoroughly explain your thought process step-by-step.,dflash,dflash,,"Estimating how much energy a tree can produce through photosynthesis in its lifetime is a complex task, as it depends on several factors, including the species of the tree, its size, environmental conditions, and the duration of its life. However, we can make a **rough estimate** based on average values and scientific data.

---

## **Step 1: Understand the Energy Content of Photosynthesis**

Photosynthesis converts light energy into chemical energy stored in glucose. The **energy content of glucose** is approximately:

- **1 mole of glucose (C₆H₁₂O₆)** contains about **2870 kJ of energy** (from the combustion of glucose).

This energy is derived from the **sunlight** that the tree absorbs during photosynthesis.

---

## **Step 2: Estimate the Tree's Lifetime and Growth**

Let’s use a **typical oak tree** as an example. Oak trees typically live **100–200 years**, with some species living over 300 years. Let’s use **150 years** as a reasonable average.

---

## **Step 3: Estimate the Tree's Annual Photosynthetic Output**

The **photosynthetic rate** of a tree depends on its **leaf"
62,1,How much energy can a tree produce through photosynthesis in its lifetime? Please provide an estimate using actual numerical values and thoroughly explain your thought process step-by-step.,ddtree_tb16,dflash-original-ddtree,16,"Estimating how much energy a tree can produce through photosynthesis in its lifetime is a complex task, as it depends on several factors, including the species of the tree, its size, environmental conditions, and the duration of its life. However, we can make a reasonable estimate based on scientific studies and general assumptions.

---

## **Step 1: Understand the Energy Content of Photosynthesis**

Photosynthesis converts light energy into chemical energy stored in glucose. The basic equation is:

$$
6\text{CO}_2 + 6\text{H}_2\text{O} + \text{light energy} \rightarrow \text{C}_6\text{H}_{12}\text{O}_6 + 6\text{O}_2
$$

The energy stored in glucose is approximately **2870 kJ per mole** (or about **17.1 kcal per gram** of glucose).

---

## **Step 2: Estimate the Tree's Lifetime and Growth**

Let’s consider a **typical oak tree** (e.g., *Quercus alba*), which is a common tree species in North America. A mature oak tree can live up to **100–200 years**.

"
62,1,How much energy can a tree produce through photosynthesis in its lifetime? Please provide an estimate using actual numerical values and thoroughly explain your thought process step-by-step.,ddtree_tb32,dflash-original-ddtree,32,"Estimating how much energy a tree can produce through photosynthesis in its lifetime is a complex task, as it depends on several factors, including the species of the tree, its size, environmental conditions, and the duration of its life. However, we can make a reasonable estimate based on scientific studies and general assumptions.

---

## **Step 1: Understand the Energy Content of Photosynthesis**

Photosynthesis converts light energy into chemical energy stored in glucose. The basic equation is:

$$
6\text{CO}_2 + 6\text{H}_2\text{O} + \text{light energy} \rightarrow \text{C}_6\text{H}_{12}\text{O}_6 + 6\text{O}_2
$$

The energy stored in glucose is approximately **2870 kJ per mole** (or about **17.1 kcal per gram** of glucose).

---

## **Step 2: Estimate the Mass of Glucose Produced**

To estimate the total energy, we need to estimate the **total mass of glucose** a tree can produce over its lifetime.

Let’s assume a **typical oak tree** (a common tree species) with the following characteristics:

- **Height**: "
62,1,How much energy can a tree produce through photosynthesis in its lifetime? Please provide an estimate using actual numerical values and thoroughly explain your thought process step-by-step.,ddtree_tb64,dflash-original-ddtree,64,"Estimating how much energy a tree can produce through photosynthesis in its lifetime is a complex task, as it depends on several factors, including the species of the tree, its size, environmental conditions, and the duration of its life. However, we can make a reasonable estimate based on scientific studies and general biological principles.

---

## **Step 1: Understand the Energy Content of Photosynthesis**

Photosynthesis converts light energy into chemical energy stored in glucose. The basic equation is:

$$
6\text{CO}_2 + 6\text{H}_2\text{O} + \text{light energy} \rightarrow \text{C}_6\text{H}_{12}\text{O}_6 + 6\text{O}_2
$$

The energy stored in glucose is approximately **2870 kJ per mole** (or about **17.1 kcal per gram** of glucose).

---

## **Step 2: Estimate the Mass of a Tree Over Its Lifetime**

Let’s consider a **typical mature oak tree** (e.g., *Quercus alba*), which is a common tree species. A mature oak tree can weigh around **1000 kg** (or 1"
63,0,What is the central dogma of molecular biology? What processes are involved? Who named this?,baseline,target-only,,"The **central dogma of molecular biology** is a fundamental concept that describes the flow of genetic information within a biological system. It was proposed by **Francis Crick** in 1953, and it outlines the general direction in which genetic information flows from DNA to RNA to proteins.

### **What is the central dogma?**

The central dogma states that **genetic information flows unidirectionally** from **DNA to RNA to proteins**, and that this flow is generally **not reversible** in living cells. In other words:

- **DNA is transcribed into RNA** (mRNA).
- **RNA is translated into proteins**.

This process is the basis for how cells read and express their genetic information.

---

### **Processes Involved in the Central Dogma**

1. **DNA Replication**:
   - DNA is copied during cell division to ensure that each new cell receives a complete set of genetic information.
   - This process is semi-conservative, as each new DNA molecule consists of one original strand and one newly synthesized strand.

2. **Transcription**:
   - DNA is used as a template to synthesize **messenger RNA (mRNA)**.
   - This process occurs in the nucleus (in eukary"
63,0,What is the central dogma of molecular biology? What processes are involved? Who named this?,dflash,dflash,,"The **central dogma of molecular biology** is a fundamental concept that describes the flow of genetic information within a biological system. It was proposed by **Francis Crick** in 1953, and it outlines the general direction in which genetic information flows from DNA to RNA to proteins.

### **What is the central dogma?**

The central dogma states that **genetic information flows unidirectionally** from **DNA to RNA to proteins**, and that this flow is generally **not reversible** in living cells. In other words:

- **DNA is transcribed into RNA** (mRNA).
- **RNA is translated into proteins**.

This process is the basis for how cells read and express their genetic information.

---

### **Processes Involved in the Central Dogma**

1. **DNA Replication**:
   - DNA is copied during cell division to ensure that each new cell receives a complete set of genetic information.
   - This process is semi-conservative, as each new DNA molecule consists of one original strand and one newly synthesized strand.

2. **Transcription**:
   - DNA is used as a template to synthesize **messenger RNA (mRNA)**.
   - This process occurs in the nucleus (in eukary"
63,0,What is the central dogma of molecular biology? What processes are involved? Who named this?,ddtree_tb16,dflash-original-ddtree,16,"The **central dogma of molecular biology** is a fundamental concept that describes the flow of genetic information within a biological system. It was proposed by **Francis Crick** in 1953, and it outlines the general direction in which genetic information flows from DNA to RNA to proteins.

### **What is the central dogma?**

The central dogma states that **genetic information flows unidirectionally** from **DNA to RNA to protein**. This means that:

- **DNA is transcribed into RNA** (mRNA).
- **RNA is translated into protein**.

The central dogma emphasizes that **information does not flow backward** from proteins to DNA or RNA, although there are exceptions in some cases (e.g., **reverse transcriptase** in retroviruses, which can convert RNA back into DNA).

### **Processes involved in the central dogma:**

1. **DNA replication**:
   - DNA is copied during cell division to ensure that each new cell receives a complete set of genetic information.

2. **Transcription**:
   - DNA is used as a template to synthesize **messenger RNA (mRNA)**. This process is carried out by **RNA polymerase**.

3. **Translation**:
  "
63,0,What is the central dogma of molecular biology? What processes are involved? Who named this?,ddtree_tb32,dflash-original-ddtree,32,"The **central dogma of molecular biology** is a fundamental concept that describes the flow of genetic information within a biological system. It was proposed by **Francis Crick** in 1953, and it outlines the general direction in which genetic information flows from DNA to RNA to proteins.

### **What is the central dogma?**

The central dogma states that **genetic information flows unidirectionally** from **DNA to RNA to proteins**, and that this flow is generally **not reversible** in living cells. In other words:

- **DNA is transcribed into RNA** (mRNA).
- **RNA is translated into proteins**.

This process is the basis for how cells read and express their genetic information.

---

### **Processes Involved in the Central Dogma**

1. **DNA Replication**:
   - DNA is copied during cell division to ensure that each new cell receives a complete set of genetic information.
   - This process is semi-conservative, as each new DNA molecule consists of one original strand and one newly synthesized strand.

2. **Transcription**:
   - DNA is used as a template to synthesize **messenger RNA (mRNA)**.
   - This process occurs in the nucleus (in eukary"
63,0,What is the central dogma of molecular biology? What processes are involved? Who named this?,ddtree_tb64,dflash-original-ddtree,64,"The **central dogma of molecular biology** is a fundamental concept that describes the flow of genetic information within a biological system. It was proposed by **Francis Crick** in 1953, and it outlines the general direction in which genetic information flows from DNA to RNA to proteins.

### **What is the central dogma?**

The central dogma states that **genetic information flows unidirectionally** from **DNA to RNA to proteins**, and that this flow is generally **not reversible** in living cells. In other words:

- **DNA is transcribed into RNA** (mRNA).
- **RNA is translated into proteins**.

This process is the basis for how cells read and express their genetic information.

---

### **Processes Involved in the Central Dogma**

1. **DNA Replication**:
   - DNA is copied during cell division to ensure that each new cell receives a complete set of genetic information.
   - This process is semi-conservative, as each new DNA molecule consists of one original strand and one newly synthesized strand.

2. **Transcription**:
   - DNA is used as a template to synthesize **messenger RNA (mRNA)**.
   - This process occurs in the nucleus (in eukary"
63,1,Identify and fix one incorrect fact in your previous response.,baseline,target-only,,"You're absolutely right to point out an error. In my previous response, I mistakenly included **DNA replication** as part of the central dogma. However, the **central dogma** specifically refers to the flow of genetic information from **DNA to RNA to proteins**, and **DNA replication** is a separate process that is not part of the central dogma itself, though it is closely related.

### Corrected Version:

The **central dogma of molecular biology** is a fundamental concept that describes the flow of genetic information within a biological system. It was proposed by **Francis Crick** in 1953, and it outlines the general direction in which genetic information flows from **DNA to RNA to proteins**, and that this flow is generally **not reversible** in living cells.

### **What is the central dogma?**

The central dogma states that **genetic information flows unidirectionally** from **DNA to RNA to proteins**, and that this flow is generally **not reversible** in living cells. In other words:

- **DNA is transcribed into RNA** (mRNA).
- **RNA is translated into proteins**.

This process is the basis for how cells read and express their genetic information.

---

### **Processes Involved in"
63,1,Identify and fix one incorrect fact in your previous response.,dflash,dflash,,"You're absolutely right to point out an error. In my previous response, I mistakenly included **DNA replication** as part of the central dogma. However, the **central dogma** specifically refers to the flow of genetic information from **DNA to RNA to proteins**, and **DNA replication** is a separate process that is not part of the central dogma itself, though it is closely related.

### Corrected Version:

The **central dogma of molecular biology** is a fundamental concept that describes the flow of genetic information within a biological system. It was proposed by **Francis Crick** in 1953, and it outlines the general direction in which genetic information flows from **DNA to RNA to proteins**, and that this flow is generally **not reversible** in living cells.

### **What is the central dogma?**

The central dogma states that **genetic information flows unidirectionally** from **DNA to RNA to proteins**, and that this flow is generally **not reversible** in living cells. In other words:

- **DNA is transcribed into RNA** (mRNA).
- **RNA is translated into proteins**.

This process is the basis for how cells read and express their genetic information.

---

### **Processes Involved in"
63,1,Identify and fix one incorrect fact in your previous response.,ddtree_tb16,dflash-original-ddtree,16,"You're absolutely right to point out an error. In my previous response, I mistakenly included **DNA replication** as part of the central dogma. However, the **central dogma** specifically refers to the flow of genetic information from **DNA to RNA to proteins**, and **DNA replication** is a separate process that is not part of the central dogma itself, though it is closely related.

### Corrected Version:

The **central dogma of molecular biology** is a fundamental concept that describes the flow of genetic information within a biological system. It was proposed by **Francis Crick** in 1953, and it outlines the general direction in which genetic information flows from **DNA to RNA to proteins**, and that this flow is generally **not reversible** in living cells.

### **What is the central dogma?**

The central dogma states that **genetic information flows unidirectionally** from **DNA to RNA to proteins**, and that this flow is generally **not reversible** in living cells. In other words:

- **DNA is transcribed into RNA** (mRNA).
- **RNA is translated into proteins**.

This process is the basis for how cells read and express their genetic information.

---

### **Processes Involved in"
63,1,Identify and fix one incorrect fact in your previous response.,ddtree_tb32,dflash-original-ddtree,32,"You're absolutely right to point out an error. In my previous response, I mistakenly included **DNA replication** as part of the central dogma. However, the **central dogma** specifically refers to the flow of genetic information from **DNA to RNA to proteins**, and **DNA replication** is a separate process that is not part of the central dogma itself, though it is closely related.

### Corrected Version:

The **central dogma of molecular biology** is a fundamental concept that describes the flow of genetic information within a biological system. It was proposed by **Francis Crick** in 1953, and it outlines the general direction in which genetic information flows from **DNA to RNA to proteins**, and that this flow is generally **not reversible** in living cells.

### **What is the central dogma?**

The central dogma states that **genetic information flows unidirectionally** from **DNA to RNA to proteins**, and that this flow is generally **not reversible** in living cells. In other words:

- **DNA is transcribed into RNA** (mRNA).
- **RNA is translated into proteins**.

This process is the basis for how cells read and express their genetic information.

---

### **Processes Involved in"
63,1,Identify and fix one incorrect fact in your previous response.,ddtree_tb64,dflash-original-ddtree,64,"You're absolutely right to point out an error. In my previous response, I mistakenly included **DNA replication** as part of the central dogma. However, the **central dogma** specifically refers to the flow of genetic information from **DNA to RNA to proteins**, and **DNA replication** is a separate process that is not part of the central dogma itself, though it is closely related.

### Corrected Version:

The **central dogma of molecular biology** is a fundamental concept that describes the flow of genetic information within a biological system. It was proposed by **Francis Crick** in 1953, and it outlines the general direction in which genetic information flows from **DNA to RNA to proteins**, and that this flow is generally **not reversible** in living cells.

### **What is the central dogma?**

The central dogma states that **genetic information flows unidirectionally** from **DNA to RNA to proteins**, and that this flow is generally **not reversible** in living cells. In other words:

- **DNA is transcribed into RNA** (mRNA).
- **RNA is translated into proteins**.

This process is the basis for how cells read and express their genetic information.

---

### **Processes Involved in"
64,0,"Describe the process and write out the balanced chemical equation for the reaction that occurs when solid calcium carbonate reacts with hydrochloric acid to form aqueous calcium chloride, carbon dioxide, and water. What type of reaction is this, and what observations might indicate that the reaction is taking place?",baseline,target-only,,"When **solid calcium carbonate (CaCO₃)** reacts with **hydrochloric acid (HCl)**, a **double displacement (metathesis) reaction** occurs. The products formed are **aqueous calcium chloride (CaCl₂)**, **carbon dioxide gas (CO₂)**, and **water (H₂O)**.

---

### **Balanced Chemical Equation:**

$$
\text{CaCO}_3(s) + 2\text{HCl}(aq) \rightarrow \text{CaCl}_2(aq) + \text{CO}_2(g) + \text{H}_2\text{O}(l)
$$

---

### **Reaction Type:**

This is a **double displacement (metathesis) reaction**, where the cations and anions of the two reactants switch partners to form two new compounds.

---

### **Process of the Reaction:**

1. **Calcium carbonate (CaCO₃)** is a solid, insoluble compound.
2. **Hydrochloric acid (HCl)** is a strong acid and is aqueous.
3. When the two are mixed, the **H⁺ ions** from the HCl react with the **CO₃²⁻ ions**"
64,0,"Describe the process and write out the balanced chemical equation for the reaction that occurs when solid calcium carbonate reacts with hydrochloric acid to form aqueous calcium chloride, carbon dioxide, and water. What type of reaction is this, and what observations might indicate that the reaction is taking place?",dflash,dflash,,"When **solid calcium carbonate (CaCO₃)** reacts with **hydrochloric acid (HCl)**, a **double displacement (metathesis) reaction** occurs. The products formed are **aqueous calcium chloride (CaCl₂)**, **carbon dioxide gas (CO₂)**, and **water (H₂O)**.

---

### **Balanced Chemical Equation:**

$$
\text{CaCO}_3(s) + 2\text{HCl}(aq) \rightarrow \text{CaCl}_2(aq) + \text{CO}_2(g) + \text{H}_2\text{O}(l)
$$

---

### **Type of Reaction:**

This is a **double displacement (metathesis) reaction**, where the cations and anions of the two reactants switch partners to form two new compounds.

---

### **Process of the Reaction:**

1. **Calcium carbonate (CaCO₃)** is a solid, insoluble compound.
2. **Hydrochloric acid (HCl)** is a strong acid and is aqueous.
3. When the two are mixed, the **H⁺ ions** from the HCl react with the **CO₃²⁻ ions"
64,0,"Describe the process and write out the balanced chemical equation for the reaction that occurs when solid calcium carbonate reacts with hydrochloric acid to form aqueous calcium chloride, carbon dioxide, and water. What type of reaction is this, and what observations might indicate that the reaction is taking place?",ddtree_tb16,dflash-original-ddtree,16,"When **solid calcium carbonate (CaCO₃)** reacts with **hydrochloric acid (HCl)**, a **double displacement (metathesis) reaction** occurs. The products formed are **aqueous calcium chloride (CaCl₂)**, **carbon dioxide gas (CO₂)**, and **water (H₂O)**.

---

### **Balanced Chemical Equation:**

$$
\text{CaCO}_3(s) + 2\text{HCl}(aq) \rightarrow \text{CaCl}_2(aq) + \text{CO}_2(g) + \text{H}_2\text{O}(l)
$$

---

### **Type of Reaction:**

This is a **double displacement (metathesis) reaction**, where the cations and anions of the two reactants switch partners to form two new compounds.

---

### **Process of the Reaction:**

1. **Calcium carbonate (CaCO₃)** is a solid, insoluble compound.
2. **Hydrochloric acid (HCl)** is a strong acid and is aqueous.
3. When the two are mixed, the **H⁺ ions** from the HCl react with the **CO₃²⁻ ions"
64,0,"Describe the process and write out the balanced chemical equation for the reaction that occurs when solid calcium carbonate reacts with hydrochloric acid to form aqueous calcium chloride, carbon dioxide, and water. What type of reaction is this, and what observations might indicate that the reaction is taking place?",ddtree_tb32,dflash-original-ddtree,32,"When **solid calcium carbonate (CaCO₃)** reacts with **hydrochloric acid (HCl)**, a **double displacement (metathesis) reaction** occurs. The products formed are **aqueous calcium chloride (CaCl₂)**, **carbon dioxide gas (CO₂)**, and **water (H₂O)**.

---

### **Balanced Chemical Equation:**

$$
\text{CaCO}_3(s) + 2\text{HCl}(aq) \rightarrow \text{CaCl}_2(aq) + \text{CO}_2(g) + \text{H}_2\text{O}(l)
$$

---

### **Type of Reaction:**

This is a **double displacement (metathesis) reaction**, where the cations and anions of the two reactants switch partners to form two new compounds.

---

### **Process of the Reaction:**

1. **Calcium carbonate (CaCO₃)** is a solid, insoluble compound.
2. **Hydrochloric acid (HCl)** is a strong acid and is aqueous.
3. When the two are mixed, the **H⁺ ions** from the HCl react with the **CO₃²⁻ ions"
64,0,"Describe the process and write out the balanced chemical equation for the reaction that occurs when solid calcium carbonate reacts with hydrochloric acid to form aqueous calcium chloride, carbon dioxide, and water. What type of reaction is this, and what observations might indicate that the reaction is taking place?",ddtree_tb64,dflash-original-ddtree,64,"When **solid calcium carbonate (CaCO₃)** reacts with **hydrochloric acid (HCl)**, a **double displacement (metathesis) reaction** occurs. The products formed are **aqueous calcium chloride (CaCl₂)**, **carbon dioxide gas (CO₂)**, and **water (H₂O)**.

---

### **Balanced Chemical Equation:**

$$
\text{CaCO}_3(s) + 2\text{HCl}(aq) \rightarrow \text{CaCl}_2(aq) + \text{CO}_2(g) + \text{H}_2\text{O}(l)
$$

---

### **Type of Reaction:**

This is a **double displacement (metathesis) reaction**, where the cations and anions of the two reactants switch partners to form two new compounds.

---

### **Process of the Reaction:**

1. **Calcium carbonate (CaCO₃)** is a solid, insoluble compound.
2. **Hydrochloric acid (HCl)** is a strong acid and is aqueous.
3. When the two are mixed, the **H⁺ ions** from the HCl react with the **CO₃²⁻ ions"
64,1,How can we reverse this process?,baseline,target-only,,"To **reverse the process** of the reaction between **solid calcium carbonate (CaCO₃)** and **hydrochloric acid (HCl)**, you would need to **reverse the chemical reaction** that occurs. The original reaction is:

$$
\text{CaCO}_3(s) + 2\text{HCl}(aq) \rightarrow \text{CaCl}_2(aq) + \text{CO}_2(g) + \text{H}_2\text{O}(l)
$$

This is a **synthesis (or combination) reaction** in the forward direction. To **reverse** it, you would need to **decompose** the products back into the original reactants.

---

### **Reversed Reaction (Decomposition):**

$$
\text{CaCl}_2(aq) + \text{CO}_2(g) + \text{H}_2\text{O}(l) \rightarrow \text{CaCO}_3(s) + 2\text{HCl}(aq)
$$

This is a **decomposition reaction**, where the products (calcium chloride, carbon dioxide, and water) are broken down into the original reactants (calcium carbonate and hydrochlor"
64,1,How can we reverse this process?,dflash,dflash,,"To **reverse the process** of the reaction between **solid calcium carbonate (CaCO₃)** and **hydrochloric acid (HCl)**, you would need to **reverse the chemical reaction** and **reconstruct the original reactants** from the products.

---

### **Original Reaction (Forward):**

$$
\text{CaCO}_3(s) + 2\text{HCl}(aq) \rightarrow \text{CaCl}_2(aq) + \text{CO}_2(g) + \text{H}_2\text{O}(l)
$$

---

### **Reversed Reaction (Backward):**

$$
\text{CaCl}_2(aq) + \text{CO}_2(g) + \text{H}_2\text{O}(l) \rightarrow \text{CaCO}_3(s) + 2\text{HCl}(aq)
$$

This is the **reverse of the original reaction**. However, **this reaction is not spontaneous** under normal conditions. To reverse the process, you would need to:

---

### **How to Reverse the Process:**

1. **Start with the products** of the original reaction:
   - **Calcium chloride ("
64,1,How can we reverse this process?,ddtree_tb16,dflash-original-ddtree,16,"To **reverse the process** of the reaction between **solid calcium carbonate (CaCO₃)** and **hydrochloric acid (HCl)**, you would need to **reverse the chemical reaction** that occurs. The original reaction is:

$$
\text{CaCO}_3(s) + 2\text{HCl}(aq) \rightarrow \text{CaCl}_2(aq) + \text{CO}_2(g) + \text{H}_2\text{O}(l)
$$

This is a **synthesis (or combination) reaction** in the forward direction. To **reverse** it, you would need to **decompose** the products back into the original reactants.

---

### **Reversed Reaction (Decomposition):**

$$
\text{CaCl}_2(aq) + \text{CO}_2(g) + \text{H}_2\text{O}(l) \rightarrow \text{CaCO}_3(s) + 2\text{HCl}(aq)
$$

This is a **decomposition reaction**, where the products (calcium chloride, carbon dioxide, and water) are broken down into the original reactants (calcium carbonate and hydrochlor"
64,1,How can we reverse this process?,ddtree_tb32,dflash-original-ddtree,32,"To **reverse the process** of the reaction between **solid calcium carbonate (CaCO₃)** and **hydrochloric acid (HCl)**, you would need to **reverse the chemical reaction** and **reconstruct the original reactants** from the products.

---

### **Original Reaction (Forward):**

$$
\text{CaCO}_3(s) + 2\text{HCl}(aq) \rightarrow \text{CaCl}_2(aq) + \text{CO}_2(g) + \text{H}_2\text{O}(l)
$$

---

### **Reversed Reaction (Backward):**

$$
\text{CaCl}_2(aq) + \text{CO}_2(g) + \text{H}_2\text{O}(l) \rightarrow \text{CaCO}_3(s) + 2\text{HCl}(aq)
$$

This is the **reverse of the original reaction**. However, **reversing a chemical reaction** is not typically done in a simple way in real-world chemistry, because:

- **Most reactions are not reversible under normal conditions** (especially if they are exothermic or produce a gas or precipitate).
-"
64,1,How can we reverse this process?,ddtree_tb64,dflash-original-ddtree,64,"To **reverse the process** of the reaction between **solid calcium carbonate (CaCO₃)** and **hydrochloric acid (HCl)**, you would need to **reverse the chemical reaction** that occurs. The original reaction is:

$$
\text{CaCO}_3(s) + 2\text{HCl}(aq) \rightarrow \text{CaCl}_2(aq) + \text{CO}_2(g) + \text{H}_2\text{O}(l)
$$

This is a **synthesis (or combination) reaction** in the forward direction. To **reverse** it, you would need to **decompose** the products back into the original reactants.

---

### **Reversed Reaction (Decomposition):**

$$
\text{CaCl}_2(aq) + \text{CO}_2(g) + \text{H}_2\text{O}(l) \rightarrow \text{CaCO}_3(s) + 2\text{HCl}(aq)
$$

This is a **decomposition reaction**, where the products (calcium chloride, carbon dioxide, and water) are broken down into the original reactants (calcium carbonate and hydrochlor"
65,0,"Please explain the differences between exothermic and endothermic reactions, and include the criteria you used to distinguish between them. Additionally, please provide a real-world example to illustrate your explanation.",baseline,target-only,,"Certainly! Exothermic and endothermic reactions are two types of chemical reactions that differ in terms of **energy transfer** with their surroundings. Here's a clear explanation of the differences, the criteria used to distinguish them, and a real-world example.

---

### **1. Definitions**

- **Exothermic Reaction**: A reaction that **releases energy** (usually in the form of heat) to the surroundings.
- **Endothermic Reaction**: A reaction that **absorbs energy** (usually in the form of heat) from the surroundings.

---

### **2. Key Differences**

| Feature                | Exothermic Reaction                          | Endothermic Reaction                          |
|-----------------------|----------------------------------------------|------------------------------------------------|
| **Energy Change**     | Releases energy (negative ΔH)                | Absorbs energy (positive ΔH)                   |
| **Heat Flow**         | Heat is released (system loses heat)         | Heat is absorbed (system gains heat)           |
| **Temperature Change**| Surroundings become warmer                   | Surroundings become cooler                     |
| **Energy Diagram**    | Reactants have lower energy than products     | Products have lower energy than reactants      |
| **Example**           | Burning wood, combustion reactions           |"
65,0,"Please explain the differences between exothermic and endothermic reactions, and include the criteria you used to distinguish between them. Additionally, please provide a real-world example to illustrate your explanation.",dflash,dflash,,"Certainly! Exothermic and endothermic reactions are two types of chemical reactions that differ in terms of **energy transfer** with their surroundings. Here's a clear explanation of the differences, the criteria used to distinguish them, and a real-world example.

---

### **1. Definitions**

- **Exothermic Reaction**: A reaction that **releases energy** (usually in the form of heat) to the surroundings.
- **Endothermic Reaction**: A reaction that **absorbs energy** (usually in the form of heat) from the surroundings.

---

### **2. Key Differences**

| Feature                | Exothermic Reaction                          | Endothermic Reaction                          |
|-----------------------|----------------------------------------------|------------------------------------------------|
| **Energy Change**     | Releases energy (negative ΔH)                | Absorbs energy (positive ΔH)                   |
| **Heat Flow**         | Heat is released (system loses heat)         | Heat is absorbed (system gains heat)           |
| **Temperature Change**| Surroundings become warmer                   | Surroundings become cooler                     |
| **Energy Diagram**    | Reactants have lower energy than products     | Products have lower energy than reactants      |
| **Example**           | Burning wood, combustion reactions           |"
65,0,"Please explain the differences between exothermic and endothermic reactions, and include the criteria you used to distinguish between them. Additionally, please provide a real-world example to illustrate your explanation.",ddtree_tb16,dflash-original-ddtree,16,"Certainly! Exothermic and endothermic reactions are two types of chemical reactions that differ in terms of **energy transfer** with their surroundings. Here's a clear explanation of the differences, the criteria used to distinguish them, and a real-world example.

---

### **1. Definitions**

- **Exothermic Reaction**: A reaction that **releases energy** (usually in the form of heat) to the surroundings.
- **Endothermic Reaction**: A reaction that **absorbs energy** (usually in the form of heat) from the surroundings.

---

### **2. Key Differences**

| Feature                | Exothermic Reaction                          | Endothermic Reaction                          |
|-----------------------|----------------------------------------------|------------------------------------------------|
| **Energy Change**     | Releases energy (negative ΔH)                | Absorbs energy (positive ΔH)                   |
| **Heat Flow**         | Heat is released (system loses heat)         | Heat is absorbed (system gains heat)           |
| **Temperature Change**| Surroundings become warmer                   | Surroundings become cooler                     |
| **Energy Diagram**    | Reactants have lower energy than products    | Products have lower energy than reactants      |
| **Example**           | Burning wood, combustion reactions           |"
65,0,"Please explain the differences between exothermic and endothermic reactions, and include the criteria you used to distinguish between them. Additionally, please provide a real-world example to illustrate your explanation.",ddtree_tb32,dflash-original-ddtree,32,"Certainly! Exothermic and endothermic reactions are two types of chemical reactions that differ in terms of **energy transfer** with their surroundings. Here's a clear explanation of the differences, the criteria used to distinguish them, and a real-world example.

---

### **1. Definitions**

- **Exothermic Reaction**: A reaction that **releases energy** (usually in the form of heat) to the surroundings.
- **Endothermic Reaction**: A reaction that **absorbs energy** (usually in the form of heat) from the surroundings.

---

### **2. Key Differences**

| Feature                | Exothermic Reaction                          | Endothermic Reaction                          |
|-----------------------|----------------------------------------------|------------------------------------------------|
| **Energy Change**     | Releases energy (negative ΔH)                | Absorbs energy (positive ΔH)                   |
| **Heat Flow**         | Heat is released (system loses heat)         | Heat is absorbed (system gains heat)           |
| **Temperature Change**| Surroundings become warmer                   | Surroundings become cooler                     |
| **Energy Diagram**    | Reactants have lower energy than products     | Products have lower energy than reactants      |
| **Example**           | Burning wood, combustion reactions           |"
65,0,"Please explain the differences between exothermic and endothermic reactions, and include the criteria you used to distinguish between them. Additionally, please provide a real-world example to illustrate your explanation.",ddtree_tb64,dflash-original-ddtree,64,"Certainly! Exothermic and endothermic reactions are two types of chemical reactions that differ in terms of **energy transfer** with their surroundings. Here's a clear explanation of the differences, the criteria used to distinguish them, and a real-world example.

---

### **1. Definitions**

- **Exothermic Reaction**: A reaction that **releases energy** (usually in the form of heat) to the surroundings.
- **Endothermic Reaction**: A reaction that **absorbs energy** (usually in the form of heat) from the surroundings.

---

### **2. Key Differences**

| Feature                | Exothermic Reaction                          | Endothermic Reaction                          |
|-----------------------|----------------------------------------------|------------------------------------------------|
| **Energy Change**     | Releases energy (negative ΔH)                | Absorbs energy (positive ΔH)                   |
| **Heat Flow**         | Heat is released (system loses heat)         | Heat is absorbed (system gains heat)           |
| **Temperature Change**| Surroundings become warmer                   | Surroundings become cooler                     |
| **Energy Diagram**    | Reactants have lower energy than products    | Products have lower energy than reactants      |
| **Example**           | Burning wood, combustion reactions           |"
65,1,Can a process involve both reactions? List one.,baseline,target-only,,"Yes, a process can involve **both exothermic and endothermic reactions**, especially in **complex systems** where multiple reactions occur simultaneously. One common example is the **human body**.

---

### **Example: Human Metabolism**

The human body is a complex system that involves both **exothermic** and **endothermic** reactions.

- **Exothermic Reactions**: 
  - **Cellular respiration** (the process by which cells produce energy) is exothermic. It releases energy in the form of heat and ATP (adenosine triphosphate), which the body uses for various functions.
  
- **Endothermic Reactions**:
  - **Body temperature regulation** involves endothermic processes. For example, when the body needs to maintain a constant temperature, it may **absorb heat** from the environment (e.g., in cold weather) or **release heat** (e.g., in hot weather).

So, the **body uses exothermic reactions to produce energy** and **endothermic reactions to regulate temperature**, making it a system where both types of reactions coexist.

---

### **Conclusion**:
In the **human body**, both exothermic and endothermic reactions occur, demonstrating"
65,1,Can a process involve both reactions? List one.,dflash,dflash,,"Yes, a process can involve **both exothermic and endothermic reactions**, depending on the overall system and the specific steps involved. In some cases, a reaction may be **exothermic** in one part of the process and **endothermic** in another, or the overall process may involve a combination of both types of reactions.

### **Example of a Process Involving Both Reactions:**

**Photosynthesis** is a great example of a process that involves both exothermic and endothermic reactions.

- **Endothermic Part**: The **light-dependent reactions** of photosynthesis in the chloroplasts of plants absorb energy from sunlight (a form of energy input). This is an **endothermic** process because it requires energy to split water molecules and generate ATP and NADPH.
  
- **Exothermic Part**: The **light-independent reactions** (Calvin cycle) use the ATP and NADPH produced in the light-dependent reactions to fix carbon dioxide into glucose. This process **releases energy** in the form of heat and is considered **exothermic** in the overall context of the plant's energy balance.

### **Key Point:**
While the **light-dependent reactions** are endothermic, the **"
65,1,Can a process involve both reactions? List one.,ddtree_tb16,dflash-original-ddtree,16,"Yes, a process can involve **both exothermic and endothermic reactions**, especially in **complex systems** where multiple reactions occur simultaneously. One common example is the **human body**.

---

### **Example: Human Metabolism**

The human body is a complex system that involves both **exothermic** and **endothermic** reactions.

- **Exothermic Reactions**: 
  - **Cellular respiration** (the process by which cells produce energy) is exothermic. It releases energy in the form of heat and ATP (adenosine triphosphate), which the body uses for various functions.
  
- **Endothermic Reactions**:
  - **Body temperature regulation** involves endothermic processes. For example, when the body needs to maintain a constant temperature, it may **absorb heat** from the environment (e.g., in cold weather) or **release heat** (e.g., in hot weather).

So, the human body constantly balances **exothermic** (energy release) and **endothermic** (energy absorption) reactions to maintain homeostasis.

---

### **Conclusion**:
A process can indeed involve both types of reactions, and the human body is a classic example of such a"
65,1,Can a process involve both reactions? List one.,ddtree_tb32,dflash-original-ddtree,32,"Yes, a process can involve **both exothermic and endothermic reactions**, especially in **complex systems** where multiple reactions occur simultaneously. One common example is the **human body**.

---

### **Example: Human Metabolism**

The human body is a complex system that involves both **exothermic** and **endothermic** reactions.

- **Exothermic Reactions**: 
  - **Cellular respiration** (the process by which cells produce energy) is exothermic. It releases energy in the form of heat and ATP (adenosine triphosphate), which the body uses for various functions.
  
- **Endothermic Reactions**:
  - **Body temperature regulation** involves endothermic processes. For example, when the body needs to maintain a constant temperature, it may **absorb heat** from the environment (e.g., in cold weather) or **release heat** (e.g., in hot weather). The body also uses endothermic reactions to **build and repair tissues**, such as the synthesis of proteins.

---

### **Why This Process Involves Both Reactions**:

- The **body uses exothermic reactions** to **generate energy** (e.g., breaking down glucose during cellular"
65,1,Can a process involve both reactions? List one.,ddtree_tb64,dflash-original-ddtree,64,"Yes, a process can involve **both exothermic and endothermic reactions**, especially in **complex systems** where multiple reactions occur simultaneously. One common example is the **human body**.

---

### **Example: Human Metabolism**

The human body is a complex system that involves both **exothermic** and **endothermic** reactions.

- **Exothermic Reactions**: 
  - **Cellular respiration** (the process by which cells produce energy) is exothermic. It releases energy in the form of heat and ATP (adenosine triphosphate), which the body uses for various functions.
  
- **Endothermic Reactions**:
  - **Body temperature regulation** involves endothermic processes. For example, when the body needs to maintain a constant temperature, it may **absorb heat** from the environment (e.g., through shivering or increased blood flow to the skin) to counteract a drop in temperature.

So, in the human body, **exothermic reactions provide energy**, while **endothermic reactions help regulate body temperature**. This balance is essential for maintaining homeostasis.

---

### **Conclusion**:
A process can indeed involve both types of reactions. The human body is a"
66,0,"The city of Vega intends to build a bridge that will span the Vegona River, covering a distance of 1.8 kilometers. The proposed location falls within a seismically active area that has experienced several high-magnitude earthquakes. Given these circumstances, what would be the best approach to constructing the bridge?",baseline,target-only,,"When constructing a bridge in a seismically active area like the city of Vega, the primary concern is **earthquake resistance and structural integrity**. Given that the bridge will span 1.8 kilometers (approximately 1.12 miles) over the Vegona River, the design must account for both **seismic forces** and **long-term durability**. Here's a structured approach to constructing the bridge in such conditions:

---

### **1. Conduct Comprehensive Seismic Risk Assessment**
- **Seismic Hazard Analysis**: Determine the expected magnitude, frequency, and ground motion characteristics of earthquakes in the area.
- **Historical Data Review**: Analyze past earthquakes in the region to understand their impact on infrastructure.
- **Site-Specific Seismic Studies**: Perform geotechnical investigations to assess soil conditions, fault lines, and potential liquefaction risks.

---

### **2. Use Seismic-Resistant Design Principles**
- **Base Isolation**: Install base isolators (e.g., lead-rubber bearings) to decouple the bridge from ground motion, reducing the transfer of seismic energy.
- **Damping Systems**: Incorporate energy dissipation devices (e.g., viscous dampers, friction dampers) to absorb and dissipate seismic energy.
- **"
66,0,"The city of Vega intends to build a bridge that will span the Vegona River, covering a distance of 1.8 kilometers. The proposed location falls within a seismically active area that has experienced several high-magnitude earthquakes. Given these circumstances, what would be the best approach to constructing the bridge?",dflash,dflash,,"When constructing a bridge in a seismically active area like the city of Vega, the primary concern is **earthquake resistance and structural integrity**. Given that the bridge will span 1.8 kilometers (approximately 1.12 miles) over the Vegona River, the design must account for both **seismic forces** and **long-term durability**. Here's a structured approach to constructing the bridge in such conditions:

---

### **1. Conduct Comprehensive Seismic Risk Assessment**
- **Seismic Hazard Analysis**: Determine the expected magnitude, frequency, and ground motion characteristics of earthquakes in the area.
- **Historical Data Review**: Analyze past earthquakes in the region to understand their impact on infrastructure.
- **Site-Specific Seismic Studies**: Perform geotechnical investigations to assess soil conditions, fault lines, and potential liquefaction risks.

---

### **2. Use Seismic-Resistant Design Principles**
- **Base Isolation**: Install base isolators (e.g., lead-rubber bearings) to decouple the bridge from ground motion, reducing the transfer of seismic energy.
- **Damping Systems**: Incorporate energy dissipation devices (e.g., viscous dampers, friction dampers) to absorb and dissipate seismic energy.
- **"
66,0,"The city of Vega intends to build a bridge that will span the Vegona River, covering a distance of 1.8 kilometers. The proposed location falls within a seismically active area that has experienced several high-magnitude earthquakes. Given these circumstances, what would be the best approach to constructing the bridge?",ddtree_tb16,dflash-original-ddtree,16,"When constructing a bridge in a seismically active area like the city of Vega, the primary concern is **earthquake resistance and structural integrity**. Given that the bridge will span 1.8 kilometers (approximately 1.12 miles) over the Vegona River, the design must account for both **seismic forces** and **long-term durability**. Here's a structured approach to constructing the bridge in such conditions:

---

### **1. Conduct Comprehensive Seismic Risk Assessment**
- **Seismic Hazard Analysis**: Determine the expected magnitude, frequency, and ground motion characteristics of earthquakes in the area.
- **Historical Data Review**: Analyze past earthquakes in the region to understand their impact on infrastructure.
- **Site-Specific Seismic Studies**: Perform geotechnical investigations to assess soil conditions, fault lines, and potential liquefaction risks.

---

### **2. Use Seismic-Resistant Design Principles**
- **Base Isolation**: Install base isolators (e.g., lead-rubber bearings) to decouple the bridge from ground motion, reducing the transfer of seismic energy.
- **Damping Systems**: Incorporate energy dissipation devices (e.g., viscous dampers, friction dampers) to absorb and dissipate seismic energy.
- **"
66,0,"The city of Vega intends to build a bridge that will span the Vegona River, covering a distance of 1.8 kilometers. The proposed location falls within a seismically active area that has experienced several high-magnitude earthquakes. Given these circumstances, what would be the best approach to constructing the bridge?",ddtree_tb32,dflash-original-ddtree,32,"When constructing a bridge in a seismically active area like the city of Vega, the primary concern is **earthquake resistance and structural integrity**. Given that the bridge will span 1.8 kilometers (approximately 1.12 miles) over the Vegona River, the design must account for both **seismic forces** and **long-term durability**. Here's a structured approach to constructing the bridge in such conditions:

---

### **1. Conduct Comprehensive Seismic Risk Assessment**
- **Seismic Hazard Analysis**: Determine the expected magnitude, frequency, and ground motion characteristics of earthquakes in the area.
- **Historical Data Review**: Analyze past earthquakes in the region to understand their impact on infrastructure.
- **Site-Specific Seismic Studies**: Perform geotechnical investigations to assess soil conditions, fault lines, and potential liquefaction risks.

---

### **2. Use Seismic-Resistant Design Principles**
- **Base Isolation**: Install base isolators (e.g., lead-rubber bearings) to decouple the bridge from ground motion, reducing the transfer of seismic energy.
- **Damping Systems**: Incorporate energy dissipation devices (e.g., viscous dampers, friction dampers) to absorb and dissipate seismic energy.
- **"
66,0,"The city of Vega intends to build a bridge that will span the Vegona River, covering a distance of 1.8 kilometers. The proposed location falls within a seismically active area that has experienced several high-magnitude earthquakes. Given these circumstances, what would be the best approach to constructing the bridge?",ddtree_tb64,dflash-original-ddtree,64,"When constructing a bridge in a seismically active area like the city of Vega, the primary concern is **earthquake resistance and structural integrity**. Given that the bridge will span 1.8 kilometers (approximately 1.12 miles) over the Vegona River, the design must account for both **seismic forces** and **long-term durability**. Here's a structured approach to constructing the bridge in such conditions:

---

### **1. Conduct Comprehensive Seismic Risk Assessment**
- **Seismic Hazard Analysis**: Determine the expected magnitude, frequency, and ground motion characteristics of earthquakes in the area.
- **Historical Data Review**: Analyze past earthquakes in the region to understand their impact on infrastructure.
- **Site-Specific Seismic Studies**: Perform geotechnical investigations to assess soil conditions, fault lines, and potential liquefaction risks.

---

### **2. Use Seismic-Resistant Design Principles**
- **Base Isolation**: Install base isolators (e.g., lead-rubber bearings) to decouple the bridge from ground motion, reducing the transfer of seismic energy.
- **Damping Systems**: Incorporate energy dissipation devices (e.g., viscous dampers, friction dampers) to absorb and dissipate seismic energy.
- **"
66,1,What are the key disadvantages or flaws of your solution? Please perform calculations and use numbers to illustrate them.,baseline,target-only,,"You're absolutely right—no engineering solution is perfect, and every design choice has trade-offs. In the context of a **seismically active area**, the **best approach** to bridge construction involves **seismic-resistant design**, but this comes with **cost, complexity, and performance trade-offs**. Below, I’ll outline the **key disadvantages or flaws** of the proposed seismic-resistant bridge design, along with **calculations and numerical examples** to illustrate them.

---

## **1. Increased Construction Cost**

### **Disadvantage: Higher Initial Investment**
Seismic-resistant designs require more advanced materials, specialized construction techniques, and additional components (e.g., base isolators, dampers).

#### **Calculation Example:**
- **Traditional Bridge Cost**: $100 million (for a 1.8 km bridge)
- **Seismic-Resistant Bridge Cost**: $150 million (an increase of **50%**)

**Reason**: Base isolators, damping systems, and reinforced concrete or steel structures cost significantly more.

---

## **2. Increased Maintenance and Lifespan Trade-off**

### **Disadvantage: Higher Long-Term Maintenance Costs**
Seismic-resistant systems (e.g., base isolators, dampers) require"
66,1,What are the key disadvantages or flaws of your solution? Please perform calculations and use numbers to illustrate them.,dflash,dflash,,"You're absolutely right—no engineering solution is perfect, and every design choice has trade-offs. In the context of a **seismically active area**, the **best approach** to bridge construction involves **seismic-resistant design**, but this comes with **cost, complexity, and performance trade-offs**. Below, I’ll outline the **key disadvantages or flaws** of the proposed seismic-resistant bridge design, along with **calculations and numerical examples** to illustrate them.

---

## **1. Increased Construction Cost**

### **Disadvantage: Higher Initial Investment**
Seismic-resistant designs require more advanced materials, specialized construction techniques, and additional components (e.g., base isolators, dampers).

#### **Calculation Example:**
- **Traditional Bridge Cost**: $100 million (for a 1.8 km bridge)
- **Seismic-Resistant Bridge Cost**: $150 million (an increase of **50%**)

**Reason**: Base isolators, damping systems, and reinforced concrete or steel structures cost significantly more.

---

## **2. Increased Maintenance and Lifespan Trade-off**

### **Disadvantage: Higher Long-Term Maintenance Costs**
Seismic-resistant systems (e.g., base isolators, dampers) require"
66,1,What are the key disadvantages or flaws of your solution? Please perform calculations and use numbers to illustrate them.,ddtree_tb16,dflash-original-ddtree,16,"You're absolutely right—no engineering solution is perfect, and every design choice has trade-offs. In the context of a **seismically active area**, the **best approach** to bridge construction involves **seismic-resistant design**, but this comes with **cost, complexity, and performance trade-offs**. Below, I’ll outline the **key disadvantages or flaws** of the proposed seismic-resistant bridge design, along with **numerical examples and calculations** to illustrate them.

---

## **1. Increased Construction Cost**

### **Disadvantage: Higher Initial Investment**
Seismic-resistant designs require more advanced materials, specialized construction techniques, and additional components (e.g., base isolators, dampers).

#### **Calculation Example:**
- **Traditional Bridge (non-seismic):**  
  - Cost: $150 million  
  - Materials: Steel, concrete, standard supports  
  - Construction Time: 2 years  

- **Seismically Resistant Bridge:**  
  - Cost: $220 million  
  - Materials: High-performance concrete, steel, base isolators, dampers  
  - Construction Time: 3 years  

#### **Difference:**
- **Cost Increase:** $70 million (46.7% increase)"
66,1,What are the key disadvantages or flaws of your solution? Please perform calculations and use numbers to illustrate them.,ddtree_tb32,dflash-original-ddtree,32,"You're absolutely right—no engineering solution is perfect, and every design choice has trade-offs. In the context of a **seismically active area**, the **best approach** to bridge construction involves **seismic-resistant design**, but this comes with **cost, complexity, and performance trade-offs**. Below, I’ll outline the **key disadvantages or flaws** of the proposed seismic-resistant bridge design, along with **numerical examples and calculations** to illustrate them.

---

## **1. Increased Construction Cost**

### **Disadvantage: Higher Initial Investment**
Seismic-resistant designs require more advanced materials, specialized construction techniques, and additional components (e.g., base isolators, dampers).

#### **Calculation Example:**
- **Traditional Bridge Cost**: $100 million (for a 1.8 km bridge)
- **Seismic-Resistant Bridge Cost**: $150 million (an increase of **50%**)

**Reason**: Base isolators, damping systems, and reinforced concrete or steel structures cost significantly more.

---

## **2. Increased Maintenance and Lifespan Trade-off**

### **Disadvantage: Higher Long-Term Maintenance Costs**
Seismic-resistant systems (e.g., base isolators, dampers) require"
66,1,What are the key disadvantages or flaws of your solution? Please perform calculations and use numbers to illustrate them.,ddtree_tb64,dflash-original-ddtree,64,"You're absolutely right—while the proposed seismic-resistant design for the bridge is robust, it is not without **disadvantages and potential flaws**. These can include **higher costs, complexity in construction, maintenance challenges, and potential limitations in performance under extreme conditions**. Below, I’ll break down the **key disadvantages** and **illustrate them with calculations and numbers**.

---

## **1. Increased Construction Cost**

### **Disadvantage**: Base isolation and damping systems are more expensive than traditional methods.

### **Calculation**:
- **Traditional Bridge (Non-Seismic)**:  
  - Cost per meter: $1.2 million  
  - Total length: 1,800 meters  
  - **Total cost**: $1.2M × 1,800 = **$2,160,000**

- **Seismically Resistant Bridge (with base isolation and damping)**:  
  - Cost per meter: $2.5 million  
  - Total length: 1,800 meters  
  - **Total cost**: $2.5M × 1,800 = **$4,500,000**

### **Difference**:  
- **"
67,0,You have been tasked with designing a solar-powered water heating system for a residential building. Describe the key components and considerations you would include in your design. Design a five-step workflow.,baseline,target-only,,"Designing a solar-powered water heating system for a residential building involves a careful balance of engineering, environmental considerations, and user needs. Below is a five-step workflow that outlines the key components and considerations for such a system:

---

### **Step 1: Assess Energy Needs and Site Conditions**

**Key Components:**
- **Energy Demand Analysis:** Calculate the hot water usage based on the number of residents, water usage patterns, and peak demand times.
- **Solar Resource Assessment:** Evaluate the local solar irradiance levels, angle of incidence, and seasonal variations using tools like solar maps or weather data.
- **Building Orientation and Shading:** Analyze the building's orientation, roof slope, and potential shading from trees, structures, or nearby buildings.

**Considerations:**
- Ensure the system is sized appropriately to meet the building's hot water needs.
- Choose a location with high solar exposure and minimal shading.
- Consider the building's energy efficiency and potential for integration with other renewable systems.

---

### **Step 2: Select and Design the Solar Collectors**

**Key Components:**
- **Solar Thermal Collectors:** Choose between flat-plate, evacuated tube, or concentrating collectors based on climate, space, and efficiency needs.
- **Heat Exchanger:** A device"
67,0,You have been tasked with designing a solar-powered water heating system for a residential building. Describe the key components and considerations you would include in your design. Design a five-step workflow.,dflash,dflash,,"Designing a solar-powered water heating system for a residential building involves a careful balance of engineering, environmental considerations, and user needs. Below is a five-step workflow that outlines the key components and considerations for such a system:

---

### **Step 1: Assess Energy Needs and Site Conditions**

**Key Components:**
- **Energy Demand Analysis:** Calculate the hot water usage based on the number of residents, water usage patterns, and desired water temperature.
- **Solar Resource Assessment:** Evaluate the local solar irradiance levels, angle of incidence, and seasonal variations.
- **Building Orientation and Shading:** Analyze the building’s orientation, roof slope, and potential shading from trees, structures, or nearby buildings.

**Considerations:**
- Determine the size of the solar collector array needed to meet the hot water demand.
- Consider the climate and whether the system needs to be supplemented with a backup (e.g., electric or gas heater).
- Ensure the system is compatible with the building’s existing plumbing and electrical infrastructure.

---

### **Step 2: Select and Install Solar Collectors**

**Key Components:**
- **Solar Thermal Collectors:** Choose between flat-plate or evacuated tube collectors based on climate, space, and efficiency.
- **Storage Tank:** A well-ins"
67,0,You have been tasked with designing a solar-powered water heating system for a residential building. Describe the key components and considerations you would include in your design. Design a five-step workflow.,ddtree_tb16,dflash-original-ddtree,16,"Designing a solar-powered water heating system for a residential building involves a careful balance of engineering, environmental considerations, and user needs. Below is a five-step workflow that outlines the key components and considerations for such a system:

---

### **Step 1: Assess Energy Needs and Site Conditions**

**Key Components:**
- **Energy Demand Analysis:** Calculate the hot water usage based on the number of residents, water usage patterns, and climate.
- **Solar Resource Assessment:** Evaluate the local solar irradiance levels, angle of incidence, and shading potential.
- **Building Orientation and Roof Structure:** Determine the optimal placement of solar collectors based on roof slope, orientation, and structural integrity.

**Considerations:**
- Ensure the system is sized appropriately to meet the building's hot water demand.
- Account for seasonal variations in solar availability.
- Check for potential shading from trees, buildings, or other structures.

---

### **Step 2: Select and Install Solar Collectors**

**Key Components:**
- **Solar Thermal Collectors:** Choose between flat-plate or evacuated tube collectors based on climate and efficiency needs.
- **Storage Tank:** A well-insulated tank to store heated water, often integrated with a heat exchanger.
- **Pump and Circulation System:** A circulation"
67,0,You have been tasked with designing a solar-powered water heating system for a residential building. Describe the key components and considerations you would include in your design. Design a five-step workflow.,ddtree_tb32,dflash-original-ddtree,32,"Designing a solar-powered water heating system for a residential building involves a careful balance of engineering, environmental considerations, and user needs. Below is a five-step workflow that outlines the key components and considerations for such a system:

---

### **Step 1: Assess Energy Needs and Site Conditions**

**Key Components:**
- **Energy Demand Analysis:** Calculate the hot water usage based on the number of residents, water usage patterns, and climate.
- **Solar Resource Assessment:** Evaluate the local solar irradiance levels, angle of incidence, and shading potential.
- **Building Orientation and Roof Structure:** Determine the optimal placement of solar collectors based on roof slope, orientation, and structural integrity.

**Considerations:**
- Ensure the system is sized to meet the building's hot water demand.
- Account for seasonal variations in solar availability.
- Check for potential shading from trees, buildings, or other structures.

---

### **Step 2: Select and Install Solar Collectors**

**Key Components:**
- **Solar Thermal Collectors:** Choose between flat-plate or evacuated tube collectors based on climate and efficiency needs.
- **Storage Tank:** A well-insulated tank to store heated water, often with a heat exchanger for integration with existing water systems.
- **Pump and Circulation"
67,0,You have been tasked with designing a solar-powered water heating system for a residential building. Describe the key components and considerations you would include in your design. Design a five-step workflow.,ddtree_tb64,dflash-original-ddtree,64,"Designing a solar-powered water heating system for a residential building involves a careful balance of engineering, environmental considerations, and user needs. Below is a five-step workflow that outlines the key components and considerations for such a system:

---

### **Step 1: Assess Energy Needs and Site Conditions**

**Key Components:**
- **Energy Demand Analysis:** Calculate the hot water usage based on the number of residents, water usage patterns, and climate.
- **Solar Resource Assessment:** Evaluate the local solar irradiance levels, angle of incidence, and shading potential.
- **Building Orientation and Roof Structure:** Determine the optimal placement of solar collectors based on roof slope, orientation, and structural integrity.

**Considerations:**
- Ensure the system is sized to meet the building's hot water demand.
- Account for seasonal variations in solar availability.
- Check for potential shading from trees, buildings, or other structures.

---

### **Step 2: Select and Install Solar Collectors**

**Key Components:**
- **Solar Thermal Collectors:** Choose between flat-plate or evacuated tube collectors based on climate and efficiency needs.
- **Storage Tank:** A well-insulated tank to store heated water, often with a heat exchanger for integration with existing water systems.
- **Pump and Circulation"
67,1,"If the system is intended for a building with a capacity of 100 individuals, what would be the estimated budget for implementing this system?",baseline,target-only,,"To estimate the budget for a solar-powered water heating system for a building with a capacity of **100 individuals**, we need to consider the **scale of the system**, the **type of technology** used, and the **geographic location** (as costs can vary significantly by region). However, I'll provide a **general estimate** based on standard residential and commercial solar water heating systems in the U.S. and similar regions.

---

### **Estimated Budget for a Solar Water Heating System for 100 Individuals**

#### **1. System Type:**
- **Solar Thermal System** (most common for residential/commercial use)
- **Type of Collectors:** Evacuated tube or flat-plate (evacuated tubes are more efficient in colder climates)
- **System Size:** Typically, a system for 100 people would require **2–4 solar thermal collectors** (each collector can provide about 100–200 gallons of hot water per day, depending on climate and system efficiency)

#### **2. Key Components and Costs:**

| Component | Estimated Cost (USD) |
|----------|----------------------|
| Solar Collectors (2–4 units) | $6,000 – $15,"
67,1,"If the system is intended for a building with a capacity of 100 individuals, what would be the estimated budget for implementing this system?",dflash,dflash,,"To estimate the budget for a solar-powered water heating system for a building with a capacity of **100 individuals**, we need to consider the **scale of the system**, the **type of technology** used, and the **geographic location** (as costs can vary significantly by region). However, I’ll provide a **general estimate** based on standard residential and commercial solar water heating systems in the U.S. and similar regions.

---

### **Estimated Budget for a Solar Water Heating System for 100 Individuals**

#### **1. System Type:**
- **Solar Thermal System** (most common for residential/commercial use)
- **Type of Collectors:** Evacuated tube or flat-plate (evacuated tubes are more efficient in colder climates)
- **System Size:** Typically, a system for 100 people would require **10–15 kW** of solar thermal capacity, depending on the climate and hot water demand.

#### **2. Key Components and Costs:**

| Component | Estimated Cost (USD) |
|----------|----------------------|
| Solar Collectors (10–15 kW) | $15,000 – $25,000 |
| Heat Exchanger | $2"
67,1,"If the system is intended for a building with a capacity of 100 individuals, what would be the estimated budget for implementing this system?",ddtree_tb16,dflash-original-ddtree,16,"To estimate the budget for a solar-powered water heating system for a building with a capacity of **100 individuals**, we need to consider the **scale of the system**, the **type of technology** used, and the **geographic location** (as costs can vary significantly by region). However, I’ll provide a **general estimate** based on standard residential and commercial solar water heating systems in the U.S. and similar regions.

---

### **Estimated Budget for a Solar Water Heating System for 100 Individuals**

#### **1. System Type:**
- **Solar Thermal System** (most common for residential/commercial use)
- **Type of Collectors:** Evacuated tube or flat-plate (evacuated tubes are more efficient in colder climates)
- **System Size:** Typically, a system for 100 people would require **2–4 solar thermal collectors** (each collector can provide about 100–200 gallons of hot water per day, depending on climate and system efficiency).

#### **2. Key Components and Costs:**

| Component | Estimated Cost (USD) |
|----------|----------------------|
| Solar Collectors (2–4 units) | $6,000 – $15,"
67,1,"If the system is intended for a building with a capacity of 100 individuals, what would be the estimated budget for implementing this system?",ddtree_tb32,dflash-original-ddtree,32,"To estimate the budget for a solar-powered water heating system for a building with a capacity of **100 individuals**, we need to consider the **scale of the system**, the **type of technology** used, and the **geographic location** (as costs can vary significantly by region). However, I’ll provide a **general estimate** based on standard residential and commercial solar water heating systems in the U.S. and similar regions.

---

### **Estimated Budget for a Solar Water Heating System for 100 Individuals**

#### **1. System Type:**
- **Solar Thermal System** (most common for residential/commercial use)
- **Type of Collectors:** Evacuated tube or flat-plate (evacuated tubes are more efficient in colder climates)
- **System Size:** Typically, a system for 100 people would require **10–15 kW** of solar thermal capacity, depending on the climate and hot water demand.

#### **2. Key Components and Costs:**

| Component | Estimated Cost (USD) |
|----------|----------------------|
| Solar Collectors (10–15 kW) | $15,000 – $25,000 |
| Heat Exchanger | $2"
67,1,"If the system is intended for a building with a capacity of 100 individuals, what would be the estimated budget for implementing this system?",ddtree_tb64,dflash-original-ddtree,64,"To estimate the budget for a solar-powered water heating system for a building with a capacity of **100 individuals**, we need to consider the **scale of the system**, the **type of technology** used, and the **geographic location** (as costs can vary significantly by region). However, I’ll provide a **general estimate** based on standard residential and commercial solar water heating systems in the U.S. and similar regions.

---

### **Estimated Budget for a Solar Water Heating System for 100 Individuals**

#### **1. System Type:**
- **Solar Thermal System** (most common for residential/commercial use)
- **Type of Collectors:** Evacuated tube or flat-plate (evacuated tubes are more efficient in colder climates)
- **System Size:** Typically, a system for 100 people would require **10–15 kW** of solar thermal capacity, depending on the climate and hot water demand.

#### **2. Key Components and Costs:**

| Component | Estimated Cost (USD) |
|----------|----------------------|
| Solar Collectors (10–15 kW) | $15,000 – $25,000 |
| Heat Exchanger | $2"
68,0,"Please describe the concept of machine learning. Could you elaborate on the differences between supervised, unsupervised, and reinforcement learning? Provide real-world examples of each.",baseline,target-only,,"Certainly! **Machine Learning (ML)** is a subset of artificial intelligence (AI) that focuses on building systems that can learn from data, identify patterns, and make decisions with minimal human intervention. Instead of being explicitly programmed to perform a task, these systems improve their performance over time through experience.

---

## **What is Machine Learning?**

Machine learning involves using algorithms and statistical models to enable computers to learn from and make decisions or predictions based on data. The key idea is that the system improves its performance on a task by learning from examples or data, rather than being explicitly programmed for each specific case.

---

## **Types of Machine Learning**

There are three main types of machine learning, each with different approaches to learning from data:

---

### **1. Supervised Learning**

**Definition:**  
In supervised learning, the algorithm learns from a labeled dataset — that is, data that includes input-output pairs. The goal is to learn a mapping from inputs to outputs so that the model can make accurate predictions on new, unseen data.

**Key Characteristics:**
- Requires labeled data (input + correct output)
- The model learns a function that maps inputs to outputs
- Used for tasks like classification and regression

**Real-World Examples:**
- **Email Spam Detection:**"
68,0,"Please describe the concept of machine learning. Could you elaborate on the differences between supervised, unsupervised, and reinforcement learning? Provide real-world examples of each.",dflash,dflash,,"Certainly! **Machine Learning (ML)** is a subset of artificial intelligence (AI) that focuses on building systems that can learn from data, identify patterns, and make decisions with minimal human intervention. Instead of being explicitly programmed to perform a task, these systems improve their performance over time through experience.

---

## **What is Machine Learning?**

Machine learning involves using algorithms and statistical models to enable computers to learn from and make decisions or predictions based on data. The key idea is that the system improves its performance on a task by learning from examples, rather than being explicitly programmed for that task.

---

## **Types of Machine Learning**

There are three main types of machine learning, each with different approaches to learning from data:

---

### **1. Supervised Learning**

**Definition:**  
In supervised learning, the algorithm learns from a labeled dataset — that is, data that includes input-output pairs. The goal is to learn a mapping from inputs to outputs so that the model can make accurate predictions on new, unseen data.

**Key Characteristics:**
- Requires labeled data (input + correct output)
- The model learns from examples to make predictions
- Commonly used for classification and regression tasks

**Real-World Examples:**
- **Email Spam Detection:** The model is trained"
68,0,"Please describe the concept of machine learning. Could you elaborate on the differences between supervised, unsupervised, and reinforcement learning? Provide real-world examples of each.",ddtree_tb16,dflash-original-ddtree,16,"Certainly! **Machine Learning (ML)** is a subset of artificial intelligence (AI) that focuses on building systems that can learn from data, identify patterns, and make decisions with minimal human intervention. Instead of being explicitly programmed to perform a task, these systems improve their performance over time through experience.

---

## **What is Machine Learning?**

Machine learning involves using algorithms and statistical models to enable computers to learn from and make decisions or predictions based on data. The key idea is that the system improves its performance on a task by learning from examples, rather than being explicitly programmed for that task.

---

## **Types of Machine Learning**

There are three main types of machine learning, each with different approaches to learning from data:

---

### **1. Supervised Learning**

**Definition:**  
In supervised learning, the algorithm learns from a labeled dataset — that is, data that includes input-output pairs. The goal is to learn a mapping from inputs to outputs so that the model can make accurate predictions on new, unseen data.

**Key Characteristics:**
- Requires labeled data (input + correct output)
- The model is ""supervised"" by the correct answers during training
- Used for tasks like classification and regression

**Real-World Examples:**
- **Email Spam Detection:**"
68,0,"Please describe the concept of machine learning. Could you elaborate on the differences between supervised, unsupervised, and reinforcement learning? Provide real-world examples of each.",ddtree_tb32,dflash-original-ddtree,32,"Certainly! **Machine Learning (ML)** is a subset of artificial intelligence (AI) that focuses on building systems that can learn from data, identify patterns, and make decisions with minimal human intervention. Instead of being explicitly programmed to perform a task, these systems improve their performance over time through experience.

---

## **What is Machine Learning?**

Machine learning involves using algorithms and statistical models to enable computers to learn from and make decisions or predictions based on data. The key idea is that the system improves its performance on a task by learning from examples, rather than being explicitly programmed for that task.

---

## **Types of Machine Learning**

There are three main types of machine learning, each with different approaches to learning from data:

---

### **1. Supervised Learning**

**Definition:**  
In supervised learning, the algorithm learns from a labeled dataset — that is, data that includes input-output pairs. The goal is to learn a mapping from inputs to outputs so that the model can make accurate predictions on new, unseen data.

**Key Characteristics:**
- Requires labeled data (input + correct output)
- The model is ""supervised"" by the correct answers during training
- Used for tasks like classification and regression

**Real-World Examples:**
- **Email Spam Detection:**"
68,0,"Please describe the concept of machine learning. Could you elaborate on the differences between supervised, unsupervised, and reinforcement learning? Provide real-world examples of each.",ddtree_tb64,dflash-original-ddtree,64,"Certainly! **Machine Learning (ML)** is a subset of artificial intelligence (AI) that focuses on building systems that can learn from data, identify patterns, and make decisions with minimal human intervention. Instead of being explicitly programmed to perform a task, these systems improve their performance through experience—specifically, by learning from data.

---

## **What is Machine Learning?**

Machine learning involves algorithms that can learn from and make predictions or decisions based on data. The key idea is that the system improves its performance over time by learning from examples, rather than being explicitly programmed for each task.

---

## **Types of Machine Learning**

There are three main types of machine learning, each with different approaches to learning from data:

---

### **1. Supervised Learning**

**Definition:**  
In supervised learning, the algorithm learns from a labeled dataset—meaning each training example is paired with an output label. The goal is to learn a mapping from inputs to outputs.

**Key Characteristics:**
- Requires labeled data (input + output)
- The model is ""supervised"" by the correct answers during training
- Used for tasks like classification and regression

**Real-World Examples:**
- **Email Spam Detection:** The model is trained on a dataset of emails, where each email is"
68,1,"In your last example of reinforcement learning, can we use supervised learning to solve it?",baseline,target-only,,"Great question! Let's clarify the relationship between **supervised learning** and **reinforcement learning**, and whether **supervised learning** can be used to solve problems that are typically addressed by **reinforcement learning**.

---

## **Can Supervised Learning Be Used to Solve Reinforcement Learning Problems?**

In general, **no**, **supervised learning is not directly applicable** to solve problems that are typically addressed by **reinforcement learning (RL)**. Here's why:

---

### **1. Nature of the Learning Process**

- **Supervised Learning:**  
  The model is trained on a **labeled dataset** where each input has a known correct output. The goal is to learn a function that maps inputs to outputs.

- **Reinforcement Learning:**  
  The model learns by interacting with an **environment** and receiving **feedback in the form of rewards or penalties**. The goal is to learn a policy (a strategy) that maximizes cumulative reward over time.

---

### **2. Types of Tasks**

- **Supervised Learning** is used for:
  - **Classification** (e.g., spam detection, image recognition)
  - **Regression** (e.g., predicting house prices, temperature)
  - **Tasks with"
68,1,"In your last example of reinforcement learning, can we use supervised learning to solve it?",dflash,dflash,,"Great question! Let's clarify the relationship between **supervised learning** and **reinforcement learning**, and whether **supervised learning** can be used to solve problems that are typically addressed by **reinforcement learning**.

---

## **Can Supervised Learning Be Used to Solve Reinforcement Learning Problems?**

In general, **no**, **supervised learning is not directly applicable** to solve problems that are typically addressed by **reinforcement learning (RL)**. Here's why:

---

### **1. Nature of the Learning Process**

- **Supervised Learning:**  
  The model is trained on a **labeled dataset** where each input has a known correct output. The goal is to learn a function that maps inputs to outputs.

- **Reinforcement Learning:**  
  The model learns by interacting with an **environment** and receiving **feedback in the form of rewards or penalties**. The goal is to learn a policy (a strategy) that maximizes cumulative reward over time.

---

### **2. Types of Tasks**

- **Supervised Learning** is used for:
  - **Classification** (e.g., spam detection, image recognition)
  - **Regression** (e.g., predicting house prices, temperature)
  - **Tasks with"
68,1,"In your last example of reinforcement learning, can we use supervised learning to solve it?",ddtree_tb16,dflash-original-ddtree,16,"Great question! Let's clarify the relationship between **supervised learning** and **reinforcement learning**, and whether **supervised learning** can be used to solve problems that are typically addressed by **reinforcement learning**.

---

## **Can Supervised Learning Be Used to Solve Reinforcement Learning Problems?**

In general, **no**, **supervised learning is not directly applicable** to solve problems that are typically addressed by **reinforcement learning (RL)**. Here's why:

---

### **1. Nature of the Learning Process**

- **Supervised Learning:**  
  The model is trained on a **labeled dataset** where each input has a known correct output. The goal is to learn a function that maps inputs to outputs.

- **Reinforcement Learning:**  
  The model learns by interacting with an **environment** and receiving **feedback in the form of rewards or penalties**. The goal is to learn a **policy** (a strategy) that maximizes cumulative reward over time.

---

### **2. Types of Tasks**

- **Supervised Learning** is used for:
  - **Classification** (e.g., spam detection, image recognition)
  - **Regression** (e.g., predicting house prices, temperature)
  - **"
68,1,"In your last example of reinforcement learning, can we use supervised learning to solve it?",ddtree_tb32,dflash-original-ddtree,32,"Great question! Let's clarify the relationship between **supervised learning** and **reinforcement learning**, and whether **supervised learning** can be used to solve problems that are typically addressed by **reinforcement learning**.

---

## **Can Supervised Learning Be Used to Solve Reinforcement Learning Problems?**

In general, **no**, **supervised learning is not directly applicable** to solve problems that are typically addressed by **reinforcement learning (RL)**. Here's why:

---

### **1. Nature of the Learning Process**

- **Supervised Learning:**  
  The model is trained on a **labeled dataset** where each input has a known correct output. The goal is to learn a function that maps inputs to outputs.

- **Reinforcement Learning:**  
  The model learns by interacting with an **environment** and receiving **feedback in the form of rewards or penalties**. The goal is to learn a policy (a strategy) that maximizes cumulative reward over time.

---

### **2. Types of Tasks**

- **Supervised Learning** is used for:
  - **Classification** (e.g., spam detection, image recognition)
  - **Regression** (e.g., predicting house prices, temperature)
  - **Tasks with"
68,1,"In your last example of reinforcement learning, can we use supervised learning to solve it?",ddtree_tb64,dflash-original-ddtree,64,"Great question! Let's clarify the relationship between **supervised learning** and **reinforcement learning**, and whether **supervised learning** can be used to solve problems that are typically addressed by **reinforcement learning**.

---

## **Can Supervised Learning Be Used to Solve Reinforcement Learning Problems?**

In general, **no**, **supervised learning is not directly applicable** to solve problems that are typically addressed by **reinforcement learning (RL)**. Here's why:

---

### **1. Nature of the Learning Task**

- **Supervised Learning:**  
  The model is trained on a dataset where each input is paired with a correct output. The goal is to learn a function that maps inputs to outputs. This is suitable for tasks where the correct answer is known for each input.

- **Reinforcement Learning:**  
  The agent learns by interacting with an environment. It receives **rewards or penalties** for its actions, and the goal is to maximize cumulative reward over time. There is no explicit ""correct answer"" for each action — instead, the agent learns through trial and error.

---

### **2. Feedback Mechanism**

- **Supervised Learning:**  
  The model receives **immediate feedback** (i.e., the"
69,0,How have the Alps and Rhine River influenced settlement and agriculture in Western Europe? List three impacts.,baseline,target-only,,"The Alps and the Rhine River have significantly influenced settlement and agriculture in Western Europe in several ways. Here are three key impacts:

1. **Shaping Settlement Patterns**:  
   The Alps have acted as a natural barrier, influencing the distribution of settlements. Many communities are located in valleys and foothills, where the terrain is more manageable for agriculture and human habitation. The Rhine River has facilitated the development of riverine settlements, especially in regions like Switzerland, Germany, and the Netherlands, where access to water and transportation was crucial for trade and communication.

2. **Agricultural Development**:  
   The Rhine River has provided fertile floodplains that support rich agricultural land, making it a key area for farming. The Alps, while more challenging for large-scale agriculture, have supported smaller, high-altitude farming practices such as alpine pastures and orchards, which are well-suited to the cooler, higher elevations.

3. **Trade and Economic Growth**:  
   The Rhine River has been a major trade route for centuries, connecting inland areas to the sea and promoting economic growth. The Alps, while limiting direct access to the sea, have historically influenced trade routes that pass through them, such as the Via Claudia Augusta, which linked the Roman Empire"
69,0,How have the Alps and Rhine River influenced settlement and agriculture in Western Europe? List three impacts.,dflash,dflash,,"The Alps and the Rhine River have significantly influenced settlement and agriculture in Western Europe in several ways. Here are three key impacts:

1. **Shaping Settlement Patterns**:  
   The Alps have acted as a natural barrier, influencing the distribution of settlements. Many communities are located in valleys and foothills, where the terrain is more manageable for agriculture and human habitation. The Rhine River has facilitated the development of riverine settlements, especially in regions like Switzerland, Germany, and the Netherlands, where access to water and transportation was crucial for trade and communication.

2. **Agricultural Development**:  
   The Rhine River has provided fertile floodplains that support rich agricultural land, making it a key area for farming. The Alps, while more challenging for large-scale agriculture, have supported smaller, high-altitude farming practices such as alpine pastures and orchards, which are well-suited to the cooler, higher elevations.

3. **Trade and Economic Growth**:  
   The Rhine River has been a major trade route for centuries, connecting inland areas to the sea and promoting economic growth. The Alps, while limiting direct access to the sea, have historically influenced trade routes that pass through them, such as the Via Claudia Augusta, which linked the Roman Empire"
69,0,How have the Alps and Rhine River influenced settlement and agriculture in Western Europe? List three impacts.,ddtree_tb16,dflash-original-ddtree,16,"The Alps and the Rhine River have significantly influenced settlement and agriculture in Western Europe in several ways. Here are three key impacts:

1. **Shaping Settlement Patterns**:  
   The Alps have acted as a natural barrier, influencing the distribution of settlements. Many communities are located in valleys and foothills, where the terrain is more manageable for agriculture and human habitation. The Rhine River has facilitated the development of riverine settlements, especially in regions like Switzerland, Germany, and the Netherlands, where access to water is crucial for agriculture, trade, and industry.

2. **Agricultural Development**:  
   The Rhine River has provided fertile floodplains that support rich agricultural land, particularly in areas like the Rhine Valley. The Alps, while more challenging for large-scale farming, have supported smaller, high-altitude agriculture such as alpine pastures and hardy crops. These regions have developed specialized farming techniques suited to the mountainous environment.

3. **Trade and Economic Growth**:  
   The Rhine River has been a major trade route for centuries, connecting inland areas to the sea and promoting economic growth. This has influenced the development of agricultural regions that supply goods to trade networks. The Alps, while more isolated, have historically supported trade through mountain passes,"
69,0,How have the Alps and Rhine River influenced settlement and agriculture in Western Europe? List three impacts.,ddtree_tb32,dflash-original-ddtree,32,"The Alps and the Rhine River have significantly influenced settlement and agriculture in Western Europe in several ways. Here are three key impacts:

1. **Shaping Settlement Patterns**:  
   The Alps have acted as a natural barrier, influencing the distribution of settlements. Many communities are located in valleys and foothills, where the terrain is more manageable for agriculture and human habitation. The Rhine River has facilitated the development of riverine settlements, especially in regions like Switzerland, Germany, and the Netherlands, where access to water is crucial for agriculture, trade, and industry.

2. **Agricultural Development**:  
   The Rhine River has provided fertile floodplains that support rich agricultural land, making it a key area for farming. The Alps, while more challenging for large-scale farming, have supported smaller, high-altitude agriculture such as alpine pastures and hardy crops. These areas have historically been used for grazing livestock and growing crops that can thrive in cooler, higher elevations.

3. **Trade and Economic Growth**:  
   The Rhine River has been a major trade route for centuries, connecting inland areas to the sea and facilitating the transport of goods, including agricultural products. The Alps, while more difficult to traverse, have historically influenced trade routes and the movement"
69,0,How have the Alps and Rhine River influenced settlement and agriculture in Western Europe? List three impacts.,ddtree_tb64,dflash-original-ddtree,64,"The Alps and the Rhine River have significantly influenced settlement and agriculture in Western Europe in several ways. Here are three key impacts:

1. **Shaping Settlement Patterns**:  
   The Alps have acted as a natural barrier, influencing the distribution of settlements. Many communities are located in valleys and foothills, where the terrain is more manageable for agriculture and human habitation. The Rhine River has facilitated the development of riverine settlements, especially in regions like Switzerland, Germany, and the Netherlands, where access to water is crucial for agriculture, trade, and industry.

2. **Agricultural Development**:  
   The Rhine River has provided fertile floodplains that support rich agricultural land, making it a key area for farming. The Alps, while more challenging for large-scale farming, have supported smaller, high-altitude agriculture such as alpine pastures and hardy crops. These areas have historically been used for grazing livestock and growing crops that can thrive in cooler, higher elevations.

3. **Trade and Economic Growth**:  
   The Rhine River has been a major trade route for centuries, connecting inland areas to the sea and facilitating the transport of goods, including agricultural products. This has supported the growth of agricultural economies and towns along its banks. The Alps,"
69,1,How could you design a concrete but simple experiment to validate the first impact?,baseline,target-only,,"To validate the **first impact** — that the **Alps and Rhine River have shaped settlement patterns** — you could design a **simple, concrete experiment** that simulates how natural geography influences where people live and settle.

### **Experiment Title: ""How Natural Features Influence Settlement Patterns""**

---

### **Objective:**
To demonstrate how natural features like mountains and rivers influence where people choose to live and settle.

---

### **Materials:**
- Large piece of paper or cardboard (to represent the landscape)
- Markers or colored pencils
- Small pieces of paper or cardboard (to represent people or settlements)
- Ruler or measuring tape
- Compass or protractor (for drawing directions)
- Optional: small clay or modeling dough (to represent terrain)

---

### **Procedure:**

1. **Create a Map:**
   - Draw a simple map on the paper. Include:
     - A **mountain range** (Alps) as a series of jagged lines or hills.
     - A **river** (Rhine) as a long, winding line.
     - A few **valleys** and **plateaus** to represent areas where people might settle.

2. **Simulate Settlement:**
   - Place **paper people** ("
69,1,How could you design a concrete but simple experiment to validate the first impact?,dflash,dflash,,"To validate the **first impact** — that the **Alps and Rhine River have shaped settlement patterns** — you could design a **simple, concrete experiment** that simulates how natural geography influences where people live and settle.

### **Experiment Title: ""How Natural Features Influence Settlement Patterns""**

---

### **Objective:**
To demonstrate how natural features like mountains and rivers influence where people choose to live and settle.

---

### **Materials:**
- Large piece of paper or cardboard (to represent the landscape)
- Markers or colored pencils
- Small pieces of paper or cardboard (to represent people or settlements)
- Ruler or measuring tape
- Compass or protractor (for drawing directions)
- Optional: small clay or modeling dough (to represent terrain)

---

### **Procedure:**

1. **Create a Map:**
   - Draw a simple map on the paper. Include:
     - A **mountain range** (representing the Alps) in the center or north.
     - A **river** (representing the Rhine) flowing from the mountain range to the south or east.
     - A **coastline** or sea on the far side of the map (to represent access to the sea).

2. **Simulate Settlements"
69,1,How could you design a concrete but simple experiment to validate the first impact?,ddtree_tb16,dflash-original-ddtree,16,"To validate the **first impact** — that the **Alps and Rhine River have shaped settlement patterns** — you could design a **simple, concrete experiment** that simulates how natural geography influences where people live and settle.

### **Experiment Title: ""How Natural Features Influence Settlement Patterns""**

---

### **Objective:**
To demonstrate how natural features like mountains and rivers influence where people choose to live and settle.

---

### **Materials:**
- Large piece of paper or cardboard (to represent the landscape)
- Markers or colored pencils
- Small pieces of paper or cardboard (to represent people or settlements)
- Ruler or straight edge
- Scissors
- Glue or tape

---

### **Procedure:**

1. **Create a Landscape Map:**
   - Draw a simple map on the paper. Include:
     - A **mountain range** (representing the Alps) on one side.
     - A **river** (representing the Rhine) flowing through the middle of the map.
     - A valley or flat area on the other side of the mountain range.

2. **Simulate Settlements:**
   - Place **paper people or settlements** in different areas of the map:
     - **On the flat valley side"
69,1,How could you design a concrete but simple experiment to validate the first impact?,ddtree_tb32,dflash-original-ddtree,32,"To validate the **first impact** — that the **Alps and Rhine River have shaped settlement patterns** — you could design a **simple, concrete experiment** that simulates how natural geography influences where people live and settle.

### **Experiment Title: ""How Natural Features Influence Settlement Patterns""**

---

### **Objective:**
To demonstrate how natural features like mountains and rivers influence where people choose to live and settle.

---

### **Materials:**
- Large piece of paper or cardboard (to represent the landscape)
- Markers or colored pencils
- Small pieces of paper or cardboard (to represent people or settlements)
- Rulers or measuring tapes
- Optional: Sand or soil (to simulate terrain)

---

### **Procedure:**

1. **Create a Map:**
   - Draw a simple map on the paper or cardboard. Include:
     - A **mountain range** (representing the Alps) on one side.
     - A **river** (representing the Rhine) flowing through the middle of the map.
     - Valleys, hills, and flat areas on either side of the river.

2. **Simulate Settlements:**
   - Place **paper people or settlements** in different areas of the map.
   - Place more settlements"
69,1,How could you design a concrete but simple experiment to validate the first impact?,ddtree_tb64,dflash-original-ddtree,64,"To validate the **first impact** — that the **Alps and Rhine River have shaped settlement patterns** — you could design a **simple, concrete experiment** that simulates how natural geography influences where people live and settle.

### **Experiment Title: ""How Natural Features Influence Settlement Patterns""**

---

### **Objective:**
To demonstrate how natural features like mountains and rivers influence where people choose to live and settle.

---

### **Materials:**
- Large piece of paper or cardboard (to represent the landscape)
- Markers or colored pencils
- Small pieces of paper or cardboard (to represent people or settlements)
- Ruler or straight edge
- Scissors
- Glue or tape

---

### **Procedure:**

1. **Create a Landscape Map:**
   - Draw a simple map on the paper. Include:
     - A **mountain range** (representing the Alps) on one side.
     - A **river** (representing the Rhine) flowing through the middle of the map.
     - A **valley** or flat area on the other side of the mountain range.
     - A **coastline** or sea on the far side of the river.

2. **Simulate Settlements:**
   - Place"
70,0,"Provide insights into the correlation between economic indicators such as GDP, inflation, and unemployment rates. Explain how fiscal and monetary policies affect those indicators.",baseline,target-only,,"The correlation between economic indicators such as **GDP**, **inflation**, and **unemployment** is central to understanding macroeconomic performance and policy effectiveness. These indicators are interconnected through the **Cyclical Relationship** (also known as the **Phillips Curve**), and they are influenced by **fiscal policy** (government spending and taxation) and **monetary policy** (central bank actions like interest rates and money supply). Here's a detailed breakdown:

---

### **1. Key Economic Indicators and Their Correlation**

#### **GDP (Gross Domestic Product)**
- **Definition**: Total value of goods and services produced in a country in a given period.
- **Role**: A measure of economic health and growth.
- **Correlation with Other Indicators**:
  - **GDP Growth** is often associated with **lower unemployment** (as more people are employed to produce goods and services).
  - However, **high GDP growth** can sometimes lead to **higher inflation** if demand outpaces supply.

#### **Inflation**
- **Definition**: The rate at which the general level of prices for goods and services rises.
- **Role**: A measure of purchasing power and economic stability.
- **Correlation with Other Indicators**:
"
70,0,"Provide insights into the correlation between economic indicators such as GDP, inflation, and unemployment rates. Explain how fiscal and monetary policies affect those indicators.",dflash,dflash,,"The correlation between economic indicators such as **GDP**, **inflation**, and **unemployment rates** is central to understanding macroeconomic performance and policy effectiveness. These indicators are interconnected through the **Cyclical Relationship** (often referred to as the **Phillips Curve** and the **Okun's Law**), and they are influenced by **fiscal and monetary policies**. Here's a detailed breakdown:

---

### **1. Economic Indicators and Their Correlation**

#### **GDP (Gross Domestic Product)**
- **GDP** measures the total value of goods and services produced in a country over a specific period.
- It is a key indicator of economic health and growth.

#### **Inflation**
- **Inflation** is the rate at which the general level of prices for goods and services rises over time.
- High inflation can erode purchasing power and reduce real income.

#### **Unemployment Rate**
- The **unemployment rate** measures the percentage of the labor force that is jobless but actively seeking work.
- It reflects the health of the labor market.

#### **Correlation Between Indicators**
- **GDP and Unemployment**: According to **Okun's Law**, a 1% increase in GDP is associated with a"
70,0,"Provide insights into the correlation between economic indicators such as GDP, inflation, and unemployment rates. Explain how fiscal and monetary policies affect those indicators.",ddtree_tb16,dflash-original-ddtree,16,"The correlation between economic indicators such as **GDP**, **inflation**, and **unemployment rates** is central to understanding macroeconomic performance and policy effectiveness. These indicators are interconnected through the **Cyclical Relationship** (also known as the **Phillips Curve**), and they are influenced by **fiscal policy** (government spending and taxation) and **monetary policy** (central bank actions like interest rates and money supply). Here's a detailed breakdown:

---

### **1. Key Economic Indicators and Their Correlation**

#### **GDP (Gross Domestic Product)**
- **Definition**: Total value of goods and services produced in a country in a given period.
- **Role**: A measure of economic health and growth.
- **Correlation with Other Indicators**:
  - **GDP Growth** is often associated with **lower unemployment** (as more people are employed to produce goods and services).
  - However, **high GDP growth** can sometimes lead to **higher inflation** if demand outpaces supply.

#### **Inflation**
- **Definition**: The rate at which the general level of prices for goods and services rises.
- **Role**: A measure of purchasing power and economic stability.
- **Correlation with Other Indicators**"
70,0,"Provide insights into the correlation between economic indicators such as GDP, inflation, and unemployment rates. Explain how fiscal and monetary policies affect those indicators.",ddtree_tb32,dflash-original-ddtree,32,"The correlation between economic indicators such as **GDP**, **inflation**, and **unemployment rates** is central to understanding macroeconomic performance and policy effectiveness. These indicators are interconnected through the **Cyclical Relationship** (also known as the **Phillips Curve**), and they are influenced by **fiscal policy** (government spending and taxation) and **monetary policy** (central bank actions like interest rates and money supply). Here's a detailed breakdown:

---

### **1. Key Economic Indicators and Their Correlation**

#### **GDP (Gross Domestic Product)**
- **Definition**: Total value of goods and services produced in a country in a given period.
- **Role**: A measure of economic growth and overall economic health.
- **Correlation with Other Indicators**:
  - **GDP and Unemployment**: In the short run, higher GDP growth can reduce unemployment (as more jobs are created). However, this is not always linear and can be influenced by structural factors.
  - **GDP and Inflation**: Higher GDP growth can lead to increased demand, which may push prices up (cost-push inflation), but this depends on the economy's capacity to produce goods and services.

#### **Inflation**
- **Definition**: The"
70,0,"Provide insights into the correlation between economic indicators such as GDP, inflation, and unemployment rates. Explain how fiscal and monetary policies affect those indicators.",ddtree_tb64,dflash-original-ddtree,64,"The correlation between economic indicators such as **GDP**, **inflation**, and **unemployment rates** is central to understanding macroeconomic performance and policy effectiveness. These indicators are interconnected through the **Cyclical Relationship** (often referred to as the **Phillips Curve** and the **Okun's Law**), and they are influenced by **fiscal and monetary policies**. Here's a detailed breakdown:

---

### **1. Economic Indicators and Their Correlation**

#### **GDP (Gross Domestic Product)**
- **GDP** measures the total value of goods and services produced in a country over a specific period.
- It is a key indicator of economic health and growth.

#### **Inflation**
- **Inflation** is the rate at which the general level of prices for goods and services rises over time.
- High inflation can erode purchasing power and reduce real GDP growth.

#### **Unemployment Rate**
- The **unemployment rate** measures the percentage of the labor force that is jobless but actively seeking work.
- It is closely related to GDP through **Okun's Law**, which suggests that a 1% increase in unemployment is associated with a 2% decrease in GDP growth.

#### **Correlation Overview**
- **"
70,1,"Now, explain them again like I'm five.",baseline,target-only,,"Okay, let's try to explain this in a way that's easy to understand, like you're five years old:

Imagine you have a big toy box that represents the whole country. The **GDP** is like how many toys (or things) the country makes and sells. If the country makes a lot of toys, that means the GDP is high.

Now, **unemployment** is like when kids can't find toys to play with because they don't have jobs. If the country makes a lot of toys, more kids (workers) get jobs, so unemployment goes down.

But if too many kids want to play with toys (too much demand), the price of the toys might go up. That's **inflation**. It's like when the toys get more expensive because there are too many kids wanting them.

Now, **fiscal policy** is like when the government gives out toys (money) or takes away some toys (taxes). If the government gives out more toys, more kids can play, which might make the GDP go up, but maybe the toys get too expensive (inflation). If the government takes away some toys (taxes), it might slow things down.

**Monetary policy** is like when the bank (central"
70,1,"Now, explain them again like I'm five.",dflash,dflash,,"Okay, let's try to explain this in a way that's easy to understand, like you're five years old:

Imagine you have a big toy box that represents the whole country. The **GDP** is like how many toys (or things) the country makes and sells. If the country makes a lot of toys, that means the GDP is high.

Now, **unemployment** is like when kids can't find toys to play with because they don't have jobs. If the country makes a lot of toys, more kids (workers) get jobs, so unemployment goes down.

But if too many kids want to play with toys (too much demand), the price of the toys might go up. That's **inflation**. It's like when the toys get more expensive because there are too many kids wanting them.

Now, **fiscal policy** is like when the government gives out toys (money) or takes away some toys (taxes). If the government gives out more toys, more kids can play, which might make the GDP go up, but maybe the toys get too expensive (inflation) or more kids get jobs (less unemployment).

**Monetary policy** is like when the bank (central bank) decides how much money is in"
70,1,"Now, explain them again like I'm five.",ddtree_tb16,dflash-original-ddtree,16,"Okay, let's try to explain this in a way that's easy to understand, like you're five years old:

Imagine you have a big toy box that represents the whole country. The **GDP** is like how many toys (or things) the country makes and sells. If the country makes a lot of toys, that means the GDP is high.

Now, **unemployment** is like when kids can't find toys to play with because they don't have jobs. If the country makes a lot of toys, more kids (workers) get jobs, so unemployment goes down.

But if too many kids want to play with toys (too many people want to buy things), the prices of the toys might go up. That's **inflation**. It's like when the toys get more expensive because there's too much demand.

Now, **fiscal policy** is like when the government gives out toys (money) or takes away some toys (taxes). If the government gives out more toys, more kids can play, which might make the GDP go up, but maybe prices go up too (inflation).

**Monetary policy** is like when the bank (central bank) decides how much money is in the toy box. If the bank gives"
70,1,"Now, explain them again like I'm five.",ddtree_tb32,dflash-original-ddtree,32,"Okay, let's try to explain this in a way that's easy to understand, like you're five years old:

Imagine you have a big toy box that represents the whole country. The **GDP** is like how many toys (or things) the country makes and sells. If the country makes a lot of toys, that means the GDP is high.

Now, **unemployment** is like when kids can't find toys to play with because they don't have jobs. If the country makes a lot of toys, more kids (workers) get jobs, so unemployment goes down.

But if too many kids want to play with toys (too many people want to buy things), the prices of the toys might go up. That's **inflation**. It's like when the toys get more expensive because there's too much demand.

Now, **fiscal policy** is like when the government gives out toys (money) or takes away some toys (taxes). If the government gives out more toys, more kids can play, which might make the GDP go up, but it might also make prices go up (inflation).

**Monetary policy** is like when the bank (central bank) decides how much money is in the toy box. If the"
70,1,"Now, explain them again like I'm five.",ddtree_tb64,dflash-original-ddtree,64,"Okay, let's try to explain this in a way that's easy to understand, like you're five years old:

Imagine you have a big toy box that represents the whole country. The **GDP** is like how many toys (or things) the country makes and sells. If the country makes a lot of toys, that means the GDP is high.

Now, **unemployment** is like when kids can't find toys to play with because they don't have jobs. If the country makes a lot of toys, more kids (workers) get jobs, so unemployment goes down.

But if too many kids want to play with toys (too much demand), the price of the toys might go up. That's **inflation**—it's like when toys get more expensive because there are too many kids wanting them.

Now, **fiscal policy** is like when the government gives out toys (money) or takes away some toys (taxes). If the government gives out more toys, more kids can play, which might make the GDP go up, but maybe the toys get too expensive (inflation). If the government takes away some toys (taxes), it might slow things down.

**Monetary policy** is like when the bank (central bank"
71,0,How do the stages of life shape our understanding of time and mortality?,baseline,target-only,,"The stages of life—infancy, childhood, adolescence, adulthood, old age, and death—shape our understanding of time and mortality in profound and evolving ways. Each stage offers a unique perspective on the passage of time and the inevitability of death, influencing how individuals perceive their own existence and the world around them.

### 1. **Infancy and Early Childhood**
In early life, time is often perceived as fluid and endless. Children do not yet grasp the concept of death or the passage of time in a linear way. Their understanding of time is more about immediate experiences and the present moment. Mortality is not a concern, and the idea of death is abstract or non-existent in their consciousness. This stage is marked by a sense of wonder and curiosity about the world, with time seen as something to be explored rather than measured.

### 2. **Adolescence**
As individuals enter adolescence, they begin to develop a more concrete sense of time. They start to understand the concept of aging and the passage of time in relation to their own growth. This is also a time when the awareness of mortality begins to emerge, often through the experiences of peers or family members. The fear of death may start to surface, but it is often intertwined with the desire"
71,0,How do the stages of life shape our understanding of time and mortality?,dflash,dflash,,"The stages of life—infancy, childhood, adolescence, adulthood, old age, and death—shape our understanding of time and mortality in profound and evolving ways. Each stage offers a unique lens through which individuals perceive the passage of time and the inevitability of death. Here's how:

### 1. **Infancy and Childhood: The Absence of Time**
   - **Perception of Time**: In early life, time feels fluid and expansive. Children often experience time as a series of vivid, present-moment experiences rather than a linear progression.
   - **Mortality**: Mortality is not yet a concern. The concept of death is abstract, and the child’s understanding of life is shaped by the immediacy of their surroundings and the care of caregivers.
   - **Development**: As children grow, they begin to grasp the idea of time through routines, calendars, and the passage of days, but mortality remains distant.

### 2. **Adolescence: The Awakening of Time**
   - **Perception of Time**: Adolescents begin to think about the future and the passage of time in more abstract terms. They may feel a sense of urgency or anxiety about the future, often influenced by peer pressure, identity formation, and the desire to fit"
71,0,How do the stages of life shape our understanding of time and mortality?,ddtree_tb16,dflash-original-ddtree,16,"The stages of life—infancy, childhood, adolescence, adulthood, old age, and death—shape our understanding of time and mortality in profound and evolving ways. Each stage offers a unique perspective on the passage of time and the inevitability of death, influencing how individuals perceive their own existence and the world around them.

### 1. **Infancy and Early Childhood**
In early life, time is often perceived as fluid and endless. Children do not yet grasp the concept of death or the passage of time in a linear way. Their understanding of time is more about immediate experiences and the present moment. Mortality is not a concern, and the idea of death is often abstract or non-existent in their consciousness.

- **Time**: Seen as a continuous, unbounded flow.
- **Mortality**: Not yet understood or feared.

### 2. **Adolescence**
As individuals enter adolescence, they begin to develop a more concrete sense of time and self. They start to think about the future, the past, and the present in a more structured way. The concept of mortality begins to emerge, often through the death of a loved one or through the awareness of one's own aging.

- **Time**: Becomes more structured, with an awareness of future possibilities"
71,0,How do the stages of life shape our understanding of time and mortality?,ddtree_tb32,dflash-original-ddtree,32,"The stages of life—infancy, childhood, adolescence, adulthood, old age, and death—shape our understanding of time and mortality in profound and evolving ways. Each stage offers a unique lens through which individuals perceive the passage of time and the inevitability of death. Here's how:

### 1. **Infancy and Childhood: The Absence of Time**
- **Perception of Time**: In early life, time feels fluid and expansive. Children often experience time as a continuous, unbroken flow, with a sense of endless possibilities.
- **Mortality**: Mortality is not yet a concern. The concept of death is abstract, often introduced through stories, rituals, or the loss of a loved one. Children may not fully grasp the permanence of death, but they begin to sense the fragility of life.

### 2. **Adolescence: The Awakening of Awareness**
- **Perception of Time**: Adolescents begin to grasp the concept of time as a linear progression. They become aware of their own aging and the passage of time in a more concrete way.
- **Mortality**: The idea of death becomes more tangible. Adolescents may grapple with existential questions, the future, and the possibility of their own mortality. This stage"
71,0,How do the stages of life shape our understanding of time and mortality?,ddtree_tb64,dflash-original-ddtree,64,"The stages of life—infancy, childhood, adolescence, adulthood, old age, and death—shape our understanding of time and mortality in profound and evolving ways. Each stage offers a unique lens through which individuals perceive the passage of time and the inevitability of death. Here's how:

### 1. **Infancy and Childhood: The Absence of Time**
   - **Perception of Time**: In early life, time feels fluid and expansive. Children often experience time as a series of vivid, present-moment experiences rather than a linear progression.
   - **Mortality**: Mortality is not yet a concern. The concept of death is abstract, and the child’s understanding of life is shaped by the immediacy of their surroundings and the care of caregivers.
   - **Development**: As children grow, they begin to grasp the idea of time through routines, calendars, and the passage of days, but mortality remains distant.

### 2. **Adolescence: The Awakening of Time**
   - **Perception of Time**: Adolescents begin to think about the future and the passage of time in more abstract terms. They may feel a sense of urgency or anxiety about the future, often influenced by peer pressure, identity formation, and the desire to fit"
71,1,Write an allegorical poem that illustrates the above.,baseline,target-only,,"**""The Stages of Time""**

In the beginning, a child lies in the sun,  
A world of wonder, a world of fun.  
Time is a river, soft and wide,  
Flowing with dreams, with joy, with pride.  
No shadow lingers, no fear takes hold,  
For life is a song, and death is a cold,  
A whisper in the wind, a distant sound,  
A secret the world keeps, not to be found.

Then comes the age of growing, of learning,  
Of laughter and tears, of love and of wounding.  
Time is a clock, with hands that move fast,  
Each moment a step, each day a past.  
The future is a question, the present a flame,  
And the past, a shadow, a ghostly name.  
Yet still, the thought of the end lingers,  
A shadow that grows, a fear that brings.

Then comes the time of wisdom, of years,  
Of laughter and sorrow, of love and of tears.  
Time is a mirror, a face we see,  
A reflection of all we have been and will be.  
The past is a book, the future a page,  
And the present,"
71,1,Write an allegorical poem that illustrates the above.,dflash,dflash,,"**""The Stages of Time""**

In the beginning, a child lies in the sun,  
A world of wonder, a world of fun.  
Time is a river, soft and wide,  
Flowing with dreams, with joy, with pride.  
No shadow lingers, no fear takes hold,  
For life is a song, and death is a cold,  
A whisper in the wind, a distant sound,  
A secret the world keeps, not to be found.

Then comes the age of growing, of learning,  
Of laughter and tears, of love and of wounding.  
Time is a clock, with hands that move fast,  
Each moment a step, each day a past.  
The future is a question, the present a flame,  
And the past, a shadow, a ghostly name.  
Yet still, the thought of the end lingers,  
A shadow that grows, a fear that brings.

Then comes the time of wisdom, of years,  
Of laughter and sorrow, of love and of tears.  
Time is a mirror, a face we see,  
A reflection of all we have been and will be.  
The past is a book, the future a page,  
And the present,"
71,1,Write an allegorical poem that illustrates the above.,ddtree_tb16,dflash-original-ddtree,16,"**""The Stages of Time""**

In the beginning, a child lies in the sun,  
A world of wonder, a world of fun.  
Time is a river, soft and wide,  
Flowing with dreams, with joy, with pride.  
No shadow lingers, no fear takes hold,  
For life is a song, and death is a cold,  
A whisper in the wind, a distant sound,  
A secret the stars keep from the ground.

Then comes the age of growing, of learning,  
Of laughter and tears, of love and of wounding.  
Time is a clock, with hands that move fast,  
Each moment a step, each day a past.  
The future is a question, the present a flame,  
And the past, a shadow, a ghostly name.  
Yet still, the thought of the end lingers,  
A shadow that grows when the light is thin.

Then comes the time of wisdom, of years,  
Of laughter and sorrow, of love and of tears.  
Time is a mirror, a face we see,  
A reflection of all we have been and will be.  
The past is a book, the future a page,  
And the present, a moment"
71,1,Write an allegorical poem that illustrates the above.,ddtree_tb32,dflash-original-ddtree,32,"**""The Stages of Time""**

In the beginning, a child lies in the sun,  
A world of wonder, a world of fun.  
Time is a river, soft and wide,  
Flowing with dreams, with joy, with pride.  
No shadow lingers, no fear takes hold,  
For life is a song, and death is a cold,  
A whisper in the wind, a distant sound,  
A secret the world keeps, not to be found.

Then comes the age of growing, of learning,  
Of laughter and tears, of love and of wounding.  
Time is a clock, with hands that move fast,  
Each moment a step, each day a past.  
The future is a question, the present a flame,  
And the past, a shadow, a ghostly name.  
Yet still, the thought of the end lingers,  
A shadow that grows, a fear that brings.

Then comes the time of wisdom, of years,  
Of laughter and sorrow, of love and of tears.  
Time is a mirror, a face we see,  
A reflection of all we have been and will be.  
The past is a book, the future a page,  
And the present,"
71,1,Write an allegorical poem that illustrates the above.,ddtree_tb64,dflash-original-ddtree,64,"**""The Stages of Time""**

In the beginning, a child lies in the sun,  
A world of wonder, a world of fun.  
Time is a river, soft and wide,  
Flowing with dreams, with joy, with pride.  
No shadow lingers, no fear takes hold,  
For life is a song, and death is a cold,  
A whisper in the wind, a distant sound,  
A secret the stars keep from the ground.

Then comes the age of growing, of learning,  
Of laughter and tears, of love and of wounding.  
Time is a clock, with hands that move fast,  
Each moment a step, each day a past.  
The future is a question, the present a thread,  
And the past, a shadow, a ghostly tread.  
Yet still, the child dreams of the days to come,  
Of all the things they will do, all the things they will be.

Then comes the time of choices, of paths,  
Of love and of loss, of hope and of traps.  
Time is a mirror, a face in the glass,  
A reflection of all that we have passed.  
The years are a book, and the pages are torn,"
72,0,Discuss antitrust laws and their impact on market competition. Compare the antitrust laws in US and China along with some case studies.,baseline,target-only,,"Antitrust laws are designed to promote fair competition in markets by preventing monopolistic practices, price fixing, and other behaviors that could harm consumers and stifle innovation. These laws are crucial for maintaining a healthy, dynamic economy where businesses compete on the basis of quality, price, and innovation rather than through anti-competitive behavior.

### Overview of Antitrust Laws

**Antitrust laws** are a set of laws and regulations that aim to prevent monopolies and other anti-competitive behaviors. They are typically enforced by government agencies that monitor and regulate business practices to ensure fair competition.

### Antitrust Laws in the United States

The United States has a well-established antitrust framework, primarily governed by the **Sherman Antitrust Act (1890)** and the **Clayton Antitrust Act (1914)**, along with the **Federal Trade Commission Act (1914)** and the **Juvenile Justice and Delinquency Prevention Act (1974)**. These laws are enforced by the **Federal Trade Commission (FTC)** and the **Department of Justice (DOJ)**.

Key aspects of U.S. antitrust law include:

- **Prohibition of monopolies and monopolistic practices** (Sherman Act).
- **Prohibition"
72,0,Discuss antitrust laws and their impact on market competition. Compare the antitrust laws in US and China along with some case studies.,dflash,dflash,,"Antitrust laws are designed to promote fair competition in markets by preventing monopolistic practices, price fixing, and other behaviors that could harm consumers and stifle innovation. These laws are crucial for maintaining a healthy, dynamic economy where businesses compete on the basis of quality, price, and innovation rather than through anti-competitive behavior.

### Overview of Antitrust Laws

**Antitrust laws** are a set of laws that regulate business practices to prevent monopolies and ensure that markets remain competitive. The primary goal is to protect consumers from unfair pricing, ensure that businesses compete on merit, and prevent the abuse of dominant market positions.

### Antitrust Laws in the United States

The United States has a well-established antitrust framework, primarily governed by the **Sherman Antitrust Act (1890)** and the **Clayton Antitrust Act (1914)**, along with the **Federal Trade Commission Act (1914)** and the **Juvenile Justice and Delinquency Prevention Act (1974)**. These laws collectively aim to prevent monopolies, price fixing, and other anti-competitive behaviors.

Key features of U.S. antitrust law include:

- **Prohibition of monopolies and monopolistic practices** (Sherman Act).
-"
72,0,Discuss antitrust laws and their impact on market competition. Compare the antitrust laws in US and China along with some case studies.,ddtree_tb16,dflash-original-ddtree,16,"Antitrust laws are designed to promote fair competition in markets by preventing monopolistic practices, price fixing, and other behaviors that could harm consumers and stifle innovation. These laws are crucial for maintaining a healthy, dynamic economy where businesses compete on the basis of quality, price, and innovation rather than through anti-competitive behavior.

### Overview of Antitrust Laws

**Antitrust laws** are a set of laws and regulations that aim to prevent monopolies and other anti-competitive behaviors. They are typically enforced by government agencies that monitor and regulate business practices to ensure fair competition.

### Antitrust Laws in the United States

The United States has a well-established antitrust framework, primarily governed by the **Sherman Antitrust Act (1890)** and the **Clayton Antitrust Act (1914)**, along with the **Federal Trade Commission Act (1914)** and the **Juvenile Justice and Delinquency Prevention Act (1974)**.

- **Sherman Antitrust Act**: Prohibits monopolies and conspiracies to restrain trade.
- **Clayton Act**: Addresses specific anti-competitive practices such as price discrimination, exclusive dealing, and tying.
- **FTC Act**: Empowers the Federal Trade Commission ("
72,0,Discuss antitrust laws and their impact on market competition. Compare the antitrust laws in US and China along with some case studies.,ddtree_tb32,dflash-original-ddtree,32,"Antitrust laws are designed to promote fair competition in markets by preventing monopolistic practices, price fixing, and other behaviors that could harm consumers and stifle innovation. These laws are crucial for maintaining a healthy, dynamic economy where businesses compete on merit rather than through anti-competitive strategies.

### Overview of Antitrust Laws

**Antitrust laws** are a set of laws and regulations that aim to prevent monopolies and other anti-competitive behaviors. They ensure that markets remain open and competitive, allowing consumers to benefit from lower prices, better quality, and more choices.

### Key Principles of Antitrust Laws

1. **Prohibition of Monopolies and Trusts**: Preventing the concentration of economic power in the hands of a few.
2. **Prohibition of Price Fixing and Market Allocation**: Preventing collusion among competitors to control prices or market shares.
3. **Prohibition of Abuse of Dominant Position**: Preventing large companies from exploiting their market power.
4. **Promotion of Competition**: Encouraging new entrants and innovation.

---

## Antitrust Laws in the United States

The U.S. has a well-established antitrust framework, primarily governed by:

- **Sherman Antitrust Act (1890)**: The cornerstone of U.S"
72,0,Discuss antitrust laws and their impact on market competition. Compare the antitrust laws in US and China along with some case studies.,ddtree_tb64,dflash-original-ddtree,64,"Antitrust laws are designed to promote fair competition in markets by preventing monopolistic practices, price fixing, and other behaviors that could harm consumers and stifle innovation. These laws are crucial for maintaining a healthy, dynamic economy where businesses compete on the basis of quality, price, and innovation rather than through anti-competitive behavior.

### Overview of Antitrust Laws

**Antitrust laws** are a set of laws and regulations that aim to prevent monopolies and other anti-competitive behaviors. They are typically enforced by government agencies that monitor and regulate business practices to ensure fair competition.

### Antitrust Laws in the United States

The United States has a well-established antitrust framework, primarily governed by the **Sherman Antitrust Act (1890)** and the **Clayton Antitrust Act (1914)**, along with the **Federal Trade Commission Act (1914)** and the **Juvenile Justice and Delinquency Prevention Act (1974)**. These laws collectively aim to prevent monopolies, price fixing, and other anti-competitive behaviors.

Key agencies involved in enforcing antitrust laws in the U.S. include:

- **Federal Trade Commission (FTC)**: Enforces laws against deceptive practices and monopolistic behavior.
- **"
72,1,Pick one case study and explain it in detail.,baseline,target-only,,"Certainly! Let's examine a detailed case study of **Microsoft v. United States (1998)**, a landmark antitrust case in the United States that had significant implications for market competition and the regulation of technology companies.

---

## **Case Study: Microsoft v. United States (1998)**

### **Background**

In the late 1990s, Microsoft, the dominant software company in the personal computer (PC) operating system market, was accused of engaging in **anti-competitive behavior** by leveraging its monopoly in the Windows operating system to stifle competition. The case was a major antitrust case in U.S. history and set a precedent for how the government would regulate technology companies.

### **The Antitrust Laws Involved**

The case was based on the **Sherman Antitrust Act of 1890**, which prohibits **monopolization** and **anti-competitive practices**. Specifically, the U.S. Department of Justice (DOJ) alleged that Microsoft had violated the Sherman Act by:

- **Predatory pricing**: Selling Windows at a loss to drive competitors out of the market.
- **Tying arrangements**: Bundling Internet Explorer (IE) with Windows, which was seen as an attempt to eliminate competition"
72,1,Pick one case study and explain it in detail.,dflash,dflash,,"Certainly! Let's examine a detailed case study of **Microsoft v. United States (1998)**, a landmark antitrust case in the United States that had significant implications for market competition and the regulation of technology companies.

---

## **Case Study: Microsoft v. United States (1998)**

### **Background**

In the late 1990s, Microsoft, the dominant software company in the personal computer (PC) operating system market, was accused of engaging in anti-competitive behavior. At the time, Microsoft's **Windows operating system** was the dominant platform on PCs in the United States, with over 90% market share. The U.S. Department of Justice (DOJ) and several states sued Microsoft under the **Sherman Antitrust Act** (1890), alleging that the company had used its dominant market position to stifle competition and harm consumers.

### **Key Allegations**

The DOJ and states accused Microsoft of:

1. **Predatory pricing**: Charging high prices for Windows while offering lower prices for other products, such as Internet Explorer, to drive competitors out of the market.
2. **Tying**: Bundling Internet Explorer with Windows, which was a browser that competed with Netscape Navigator.
"
72,1,Pick one case study and explain it in detail.,ddtree_tb16,dflash-original-ddtree,16,"Certainly! Let's examine a detailed case study of **Microsoft v. United States (1998)**, a landmark antitrust case in the United States that had significant implications for market competition and the regulation of technology companies.

---

## **Case Study: Microsoft v. United States (1998)**

### **Background**

In the late 1990s, Microsoft, the dominant software company in the personal computer (PC) operating system market, was accused of engaging in **anti-competitive behavior** by leveraging its monopoly in the Windows operating system to stifle competition. The case was a major antitrust case in U.S. history and set a precedent for how large technology companies could be regulated.

### **The Antitrust Laws Involved**

The case was based on the **Sherman Antitrust Act of 1890**, which prohibits **monopolization** and **anti-competitive practices**. Specifically, the U.S. Department of Justice (DOJ) alleged that Microsoft had violated the Sherman Act by:

- **Predatory pricing**: Selling Windows at a loss to drive competitors out of the market.
- **Tying arrangements**: Bundling Internet Explorer (IE) with Windows, which was seen as an attempt to eliminate competition"
72,1,Pick one case study and explain it in detail.,ddtree_tb32,dflash-original-ddtree,32,"Certainly! Let's examine a detailed case study of **Microsoft v. United States (1998)**, a landmark antitrust case in the United States that had significant implications for market competition and the regulation of technology companies.

---

## **Case Study: Microsoft v. United States (1998)**

### **Background**

In the late 1990s, Microsoft, the dominant software company in the personal computer (PC) operating system market, was accused of engaging in anti-competitive behavior. At the time, Microsoft's **Windows operating system** was the dominant platform on PCs in the United States, with over 90% market share. The U.S. Department of Justice (DOJ) and several states sued Microsoft under the **Sherman Antitrust Act** (1890), alleging that the company had used its dominant market position to stifle competition and harm consumers.

### **Key Allegations**

The DOJ and states accused Microsoft of:

1. **Predatory pricing**: Charging high prices for Windows while offering lower prices for other products, such as Internet Explorer, to drive competitors out of the market.
2. **Tying**: Bundling Internet Explorer with Windows, which was a dominant browser at the time, and making"
72,1,Pick one case study and explain it in detail.,ddtree_tb64,dflash-original-ddtree,64,"Certainly! Let's examine a detailed case study of **Microsoft v. United States (1998)**, a landmark antitrust case in the United States that had significant implications for market competition and the regulation of technology companies.

---

## **Case Study: Microsoft v. United States (1998)**

### **Background**

In the late 1990s, Microsoft, the dominant software company in the personal computer (PC) operating system market, was accused of engaging in **anti-competitive behavior** by leveraging its monopoly in the Windows operating system to stifle competition. The case was a major antitrust case in U.S. history and set a precedent for how the government could regulate technology companies.

### **The Antitrust Laws Involved**

The case was based on the **Sherman Antitrust Act of 1890**, which prohibits **monopolization** and **anti-competitive practices**. Specifically, the U.S. Department of Justice (DOJ) alleged that Microsoft had violated the Sherman Act by:

- **Predatory pricing**: Selling Windows at a loss to drive competitors out of the market.
- **Tying arrangements**: Bundling Internet Explorer (IE) with Windows, which was seen as an attempt to eliminate competition"
73,0,"Create a lesson plan that integrates drama, mime or theater techniques into a history class. Duration: 3 class periods (each lasts for 45 minutes) for 3 days
Topic: Opium Wars between China and Britain
Grade level: 9-10",baseline,target-only,,"**Lesson Plan: ""The Opium Wars – A Drama of Power and Conflict""**  
**Grade Level:** 9–10  
**Duration:** 3 class periods (45 minutes each)  
**Topic:** The Opium Wars between China and Britain  
**Subject:** History  
**Integrating:** Drama, Mime, and Theater Techniques  

---

### **Learning Objectives:**

By the end of this lesson, students will be able to:

1. **Analyze** the causes and consequences of the Opium Wars.
2. **Understand** the perspectives of key historical figures (e.g., Qing Dynasty officials, British merchants, and soldiers).
3. **Apply** drama, mime, and theater techniques to **re-enact** key events and **express** historical perspectives.
4. **Evaluate** the impact of cultural, economic, and political factors on the outcome of the wars.

---

### **Materials Needed:**

- Printed historical documents (e.g., Treaty of Nanjing, Opium Acts)
- Role cards for students (e.g., Qing officials, British merchants, Chinese soldiers, foreign diplomats)
- Props (e.g., small flags, paper maps, simple costumes or clothing)
- Whiteboard or projector for displaying key events"
73,0,"Create a lesson plan that integrates drama, mime or theater techniques into a history class. Duration: 3 class periods (each lasts for 45 minutes) for 3 days
Topic: Opium Wars between China and Britain
Grade level: 9-10",dflash,dflash,,"**Lesson Plan: ""The Opium Wars – A Drama of Power and Conflict""**  
**Grade Level:** 9–10  
**Duration:** 3 class periods (45 minutes each)  
**Topic:** The Opium Wars between China and Britain  
**Subject:** History  
**Integrating:** Drama, Mime, and Theater Techniques  

---

### **Learning Objectives:**

By the end of this lesson, students will be able to:

1. **Analyze** the causes and consequences of the Opium Wars.
2. **Understand** the perspectives of key historical figures (e.g., Qing Dynasty officials, British merchants, and soldiers).
3. **Apply** drama, mime, and theater techniques to **re-enact** key events and **express** historical perspectives.
4. **Evaluate** the impact of cultural, economic, and political factors on the outcome of the wars.

---

### **Materials Needed:**

- Printed historical documents (e.g., Treaty of Nanjing, Opium Acts)
- Role cards for students (e.g., Qing officials, British merchants, Chinese soldiers, foreign diplomats)
- Props (optional): small flags, paper maps, simple costumes or clothing
- Whiteboard or projector for displaying key events and"
73,0,"Create a lesson plan that integrates drama, mime or theater techniques into a history class. Duration: 3 class periods (each lasts for 45 minutes) for 3 days
Topic: Opium Wars between China and Britain
Grade level: 9-10",ddtree_tb16,dflash-original-ddtree,16,"**Lesson Plan: ""The Opium Wars – A Drama of Power and Conflict""**  
**Grade Level:** 9–10  
**Duration:** 3 class periods (45 minutes each)  
**Topic:** The Opium Wars between China and Britain  
**Subject:** History  
**Integrating:** Drama, Mime, and Theater Techniques  

---

### **Learning Objectives:**

By the end of this lesson, students will be able to:

1. **Analyze** the causes and consequences of the Opium Wars.
2. **Understand** the perspectives of key historical figures (e.g., Qing Dynasty officials, British merchants, and soldiers).
3. **Apply** drama, mime, and theater techniques to **re-enact** key events and **express** historical perspectives.
4. **Evaluate** the impact of cultural, economic, and political factors on the outcome of the wars.

---

### **Materials Needed:**

- Printed historical documents (e.g., Treaty of Nanjing, Opium Acts)
- Role cards for students (e.g., Qing officials, British merchants, Chinese soldiers, etc.)
- Props (optional: small flags, paper maps, small items representing opium, etc.)
- Whiteboard or projector for displaying key"
73,0,"Create a lesson plan that integrates drama, mime or theater techniques into a history class. Duration: 3 class periods (each lasts for 45 minutes) for 3 days
Topic: Opium Wars between China and Britain
Grade level: 9-10",ddtree_tb32,dflash-original-ddtree,32,"**Lesson Plan: ""The Opium Wars – A Drama of Power and Conflict""**  
**Grade Level:** 9–10  
**Duration:** 3 class periods (45 minutes each)  
**Topic:** The Opium Wars between China and Britain  
**Subject:** History  
**Integrating:** Drama, Mime, and Theater Techniques  

---

### **Learning Objectives:**

By the end of this lesson, students will be able to:

1. **Analyze** the causes and consequences of the Opium Wars.
2. **Understand** the perspectives of key historical figures (e.g., Qing Dynasty officials, British merchants, and soldiers).
3. **Apply** drama, mime, and theater techniques to **re-enact** key events and **express** historical perspectives.
4. **Evaluate** the impact of cultural, economic, and political factors on the outcome of the wars.

---

### **Materials Needed:**

- Printed historical documents (e.g., Treaty of Nanjing, Opium Acts)
- Role cards for students (e.g., Qing officials, British merchants, Chinese soldiers, foreign diplomats)
- Props (e.g., small flags, paper maps, simple costumes or clothing)
- Whiteboard or projector for displaying key events"
73,0,"Create a lesson plan that integrates drama, mime or theater techniques into a history class. Duration: 3 class periods (each lasts for 45 minutes) for 3 days
Topic: Opium Wars between China and Britain
Grade level: 9-10",ddtree_tb64,dflash-original-ddtree,64,"**Lesson Plan: ""The Opium Wars – A Drama of Power and Conflict""**  
**Grade Level:** 9–10  
**Duration:** 3 class periods (45 minutes each)  
**Topic:** The Opium Wars between China and Britain  
**Subject:** History  
**Integrating:** Drama, Mime, and Theater Techniques  

---

### **Learning Objectives:**

By the end of this lesson, students will be able to:

1. **Analyze** the causes and consequences of the Opium Wars.
2. **Understand** the perspectives of key historical figures (e.g., Qing Dynasty officials, British merchants, and Chinese civilians).
3. **Apply** drama, mime, and theater techniques to **recreate** historical events and **express** historical perspectives.
4. **Evaluate** the impact of cultural, economic, and political forces on historical outcomes.

---

### **Materials Needed:**

- Printed primary source documents (e.g., excerpts from the Treaty of Nanjing, letters from Qing officials, British merchants)
- Props (e.g., small ""opium"" bags, maps, flags, period clothing)
- Whiteboard or chart paper
- Timer
- Role cards for students
- Music (optional: historical"
73,1,Provide more details for Day 1 and include three homework questions.,baseline,target-only,,"**Day 1: Introduction to the Opium Wars – Understanding the Historical Context**

**Objective:** Students will gain a foundational understanding of the Opium Wars, including the causes, key players, and the broader historical context. They will also begin to explore the perspectives of different groups involved.

---

### **Lesson Outline (45 minutes)**

**1. Warm-Up (5 minutes):**
- Begin with a quick discussion: *“What do you know about the Opium Wars?”*
- Ask students to share any prior knowledge or misconceptions they have about the topic.

**2. Mini-Lecture (15 minutes):**
- Introduce the Opium Wars in a clear, engaging manner.
- Cover the following key points:
  - The role of the British East India Company in the opium trade.
  - The impact of opium on Chinese society and the Qing Dynasty.
  - The First Opium War (1839–1842) and the Treaty of Nanjing.
  - The Second Opium War (1856–1860) and its consequences.
- Use a map or visual aid to show the locations of key events.

**3. Group Discussion (10 minutes):**
- Divide the"
73,1,Provide more details for Day 1 and include three homework questions.,dflash,dflash,,"**Day 1: Introduction to the Opium Wars and Role-Playing Preparation**

**Objective:** Introduce the Opium Wars, key historical figures, and the causes of the conflict. Students will begin preparing for role-play by researching and selecting their characters.

**Duration:** 45 minutes

---

### **Lesson Outline:**

**1. Warm-Up (5 minutes):**
- Begin with a quick discussion: *“What do you know about the Opium Wars?”*
- Ask students to share any prior knowledge or misconceptions about the topic.

**2. Mini-Lecture (15 minutes):**
- Present a brief overview of the Opium Wars:
  - **Background:** The British East India Company’s trade in opium from India to China.
  - **Key Events:**
    - Opium trade in China (1800s)
    - The First Opium War (1839–1842)
    - The Second Opium War (1856–1860)
  - **Consequences:** Treaty of Nanjing, loss of Hong Kong, opening of Chinese ports, and the beginning of Western influence in China.
- Use a simple map or visual aid to show the locations involved.

"
73,1,Provide more details for Day 1 and include three homework questions.,ddtree_tb16,dflash-original-ddtree,16,"**Day 1: Introduction to the Opium Wars and Role-Playing Preparation**

**Objective:** Introduce the Opium Wars, key historical figures, and the causes of the conflict. Students will begin preparing for role-play by researching their assigned characters and creating basic character profiles.

**Duration:** 45 minutes

---

### **Lesson Outline:**

**1. Warm-Up (5 minutes):**
- Begin with a quick discussion: *“What do you know about the Opium Wars?”*
- Ask students to share any prior knowledge or misconceptions about the topic.

**2. Mini-Lecture (15 minutes):**
- Present a brief overview of the Opium Wars:
  - **Background:** The British East India Company’s trade in opium from India to China.
  - **Key Events:**
    - Opium trade in China (18th–19th centuries)
    - The 1839 arrest of Lin Zexu (Chinese official)
    - The First Opium War (1839–1842)
    - The Treaty of Nanjing (1842)
    - The Second Opium War (1856–1860)
  - **Consequences:**"
73,1,Provide more details for Day 1 and include three homework questions.,ddtree_tb32,dflash-original-ddtree,32,"**Day 1: Introduction to the Opium Wars and Role-Playing Preparation**

**Objective:** Introduce the Opium Wars, key historical figures, and the causes of the conflict. Students will begin preparing for role-play by researching their assigned characters and creating basic character profiles.

**Duration:** 45 minutes

---

### **Lesson Outline:**

**1. Warm-Up (5 minutes):**
- Begin with a quick discussion: *“What do you know about the Opium Wars?”*
- Ask students to share any prior knowledge or misconceptions about the topic.

**2. Mini-Lecture (15 minutes):**
- Present a brief overview of the Opium Wars:
  - **Background:** The British East India Company’s trade in opium from India to China.
  - **Key Events:**
    - Opium trade in China (1800s)
    - The First Opium War (1839–1842)
    - The Second Opium War (1856–1860)
  - **Consequences:** Treaty of Nanjing, loss of Hong Kong, opening of Chinese ports, and the beginning of Western influence in China.
- Use a simple map or visual aid to show"
73,1,Provide more details for Day 1 and include three homework questions.,ddtree_tb64,dflash-original-ddtree,64,"**Day 1: Introduction to the Opium Wars and Role-Playing Preparation**

**Objective:** Introduce the Opium Wars, key historical figures, and the causes of the conflict. Students will begin preparing for role-play by researching and selecting their characters.

**Duration:** 45 minutes

---

### **Lesson Outline:**

**1. Warm-Up (5 minutes):**
- Begin with a quick discussion: *“What do you know about the Opium Wars?”*
- Ask students to share any prior knowledge or misconceptions about the topic.

**2. Mini-Lecture (15 minutes):**
- Present a brief overview of the Opium Wars:
  - **Background:** The British East India Company’s trade in opium from India to China.
  - **Key Events:**
    - Opium trade in China (18th–19th centuries)
    - The 1839 arrest of Lin Zexu (Chinese official)
    - The First Opium War (1839–1842)
    - The Treaty of Nanjing (1842)
    - The Second Opium War (1856–1860)
  - **Consequences:** Loss of sovereignty,"
74,0,Share ideas for adapting art masterpieces into interactive experiences for children. List 5 specific artworks and associated ideas.,baseline,target-only,,"Adapting art masterpieces into interactive experiences for children can make art more engaging, educational, and fun. Here are five specific artworks and associated interactive ideas that can be adapted for children:

---

### 1. **""The Starry Night"" by Vincent van Gogh**
**Interactive Idea:**  
Create a **starry night mobile** or **light-up art installation** where children can move parts of the painting to change the pattern of stars and the moon. Use LED lights or glow-in-the-dark materials to simulate the night sky. Children can also use a **touch-sensitive screen** to explore the painting, zoom in on details, and even ""paint"" their own version of the night sky.

---

### 2. **""The Persistence of Memory"" by Salvador Dalí**
**Interactive Idea:**  
Design a **melting clock sculpture** that children can interact with by gently pushing or pulling the clocks. Use soft, flexible materials to make the clocks ""melt"" and change shape. Pair this with a **storytime activity** where children learn about time and how Dalí's surreal ideas challenge our understanding of it.

---

### 3. **""The Birth of Venus"" by Sandro Botticelli**
**Interactive Idea:**  
Create a **"
74,0,Share ideas for adapting art masterpieces into interactive experiences for children. List 5 specific artworks and associated ideas.,dflash,dflash,,"Adapting art masterpieces into interactive experiences for children can make art more engaging, educational, and fun. Here are five specific artworks and associated interactive ideas that can be adapted for children:

---

### 1. **""The Starry Night"" by Vincent van Gogh**
**Interactive Idea:**  
Create a **starry night mobile** or **light-up art installation** where children can move parts of the painting to change the pattern of stars and the moon. Use LED lights or glow-in-the-dark materials to simulate the night sky. Children can also use a **touch-sensitive screen** to explore the painting, zoom in on details, and even ""paint"" their own version of the night sky.

---

### 2. **""The Persistence of Memory"" by Salvador Dalí**
**Interactive Idea:**  
Design a **melting clock sculpture** that children can interact with by gently pushing or pulling the clocks. Use soft, flexible materials to make the clocks ""melt"" and change shape. Pair this with a **storytime activity** where children learn about time and how Dalí's surreal ideas challenge our understanding of it.

---

### 3. **""The Birth of Venus"" by Sandro Botticelli**
**Interactive Idea:**  
Create a **"
74,0,Share ideas for adapting art masterpieces into interactive experiences for children. List 5 specific artworks and associated ideas.,ddtree_tb16,dflash-original-ddtree,16,"Adapting art masterpieces into interactive experiences for children can make art more engaging, educational, and fun. Here are five specific artworks and associated interactive ideas that can be adapted for children:

---

### 1. **""The Starry Night"" by Vincent van Gogh**
**Interactive Idea:**  
Create a **starry night mobile** or **light-up art installation** where children can move parts of the painting to change the pattern of stars and the moon. Use LED lights or glow-in-the-dark materials to simulate the night sky. Children can also use a **touch-sensitive screen** to explore the painting, zoom in on details, and even ""paint"" their own version of the night sky.

---

### 2. **""The Persistence of Memory"" by Salvador Dalí**
**Interactive Idea:**  
Design a **melting clock sculpture** that children can interact with by gently pushing or pulling the clocks. Use soft, flexible materials to make the clocks ""melt"" and change shape. Pair this with a **storytime activity** where children learn about time and how Dalí's surreal ideas challenge our understanding of it.

---

### 3. **""The Birth of Venus"" by Sandro Botticelli**
**Interactive Idea:**  
Create a **"
74,0,Share ideas for adapting art masterpieces into interactive experiences for children. List 5 specific artworks and associated ideas.,ddtree_tb32,dflash-original-ddtree,32,"Adapting art masterpieces into interactive experiences for children can make art more engaging, educational, and fun. Here are five specific artworks and associated interactive ideas that can be adapted for children:

---

### 1. **""The Starry Night"" by Vincent van Gogh**
**Interactive Idea:**  
Create a **starry night mobile** or **light-up art installation** where children can move parts of the painting to change the pattern of stars and the moon. Use LED lights or glow-in-the-dark materials to simulate the night sky. Children can also use a **touch-sensitive screen** to explore the painting, zoom in on details, and even ""paint"" their own version of the night sky.

---

### 2. **""The Persistence of Memory"" by Salvador Dalí**
**Interactive Idea:**  
Design a **melting clock sculpture** that children can interact with by gently pushing or pulling the clocks. Use soft, flexible materials to make the clocks ""melt"" and change shape. Pair this with a **storytime activity** where children learn about time and how Dalí's surreal ideas challenge our understanding of it.

---

### 3. **""The Birth of Venus"" by Sandro Botticelli**
**Interactive Idea:**  
Create a **"
74,0,Share ideas for adapting art masterpieces into interactive experiences for children. List 5 specific artworks and associated ideas.,ddtree_tb64,dflash-original-ddtree,64,"Adapting art masterpieces into interactive experiences for children can make art more engaging, educational, and fun. Here are five specific artworks and associated interactive ideas that can be adapted for children:

---

### 1. **""The Starry Night"" by Vincent van Gogh**
**Interactive Idea:**  
Create a **starry night mobile** or **light-up art installation** where children can move parts of the painting to change the pattern of stars and the moon. Use LED lights or glow-in-the-dark materials to simulate the night sky. Children can also use a **touch-sensitive screen** to explore the painting, zoom in on details, and even ""paint"" their own version of the night sky.

---

### 2. **""The Persistence of Memory"" by Salvador Dalí**
**Interactive Idea:**  
Design a **melting clock sculpture** that children can interact with by gently pushing or pulling the clocks. Use soft, flexible materials to make the clocks ""melt"" and change shape. Pair this with a **storytime activity** where children learn about time and how Dalí's surreal ideas challenge our understanding of it.

---

### 3. **""The Birth of Venus"" by Sandro Botticelli**
**Interactive Idea:**  
Create a **"
74,1,Write a concrete plan for your second example. Include budget estimates.,baseline,target-only,,"Sure! Here's a **concrete plan** for the second example: **""The Persistence of Memory"" by Salvador Dalí**, including **budget estimates** and **interactive elements** designed for children.

---

## **Interactive Experience Plan: ""The Persistence of Memory"" – Melting Clock Sculpture for Children**

### **Objective:**
To create an interactive, hands-on experience that allows children to explore the surreal, melting clocks of *The Persistence of Memory* while learning about Salvador Dalí and the concept of time.

---

## **Interactive Experience Overview:**

**Title:** *Melting Time: A Dalí Adventure*

**Age Group:** 5–12 years

**Duration:** 30–45 minutes

**Location:** Museum, school, or community center

**Materials:**  
- Soft, flexible materials (e.g., foam, rubber, or silicone) for the clocks  
- LED lights or glow-in-the-dark paint for visual effect  
- Touchscreen or tablet for digital storytelling  
- Storybook or printed guide for children  
- Optional: small musical instruments or sound effects to enhance the surreal atmosphere

---

## **Interactive Components:**

### 1. **Melting Clock Sculpture (Physical Interaction)**
- **Description:** A"
74,1,Write a concrete plan for your second example. Include budget estimates.,dflash,dflash,,"Sure! Here's a **concrete plan** for the second example: **""The Persistence of Memory"" by Salvador Dalí**, including **budget estimates** and **interactive elements** designed for children.

---

## **Interactive Experience Plan: ""The Persistence of Memory"" – Melting Clock Sculpture for Children**

### **Theme:**  
**Surreal Time – Explore the Melting Clocks**

### **Target Audience:**  
Children aged 4–10 years, with parental supervision.

### **Objective:**  
To engage children in a tactile, interactive experience that explores the surreal concept of time through Dalí’s iconic painting. The activity encourages creativity, fine motor skills, and an understanding of surrealism.

---

## **Materials and Setup**

### **1. Melting Clock Sculpture (Main Art Installation)**  
- **Description:** A large, sculptural representation of Dalí’s melting clocks, made from soft, flexible materials like foam, rubber, or silicone. The clocks can be moved or ""melted"" by children.
- **Quantity:** 1 sculpture (can be reused for multiple visits)
- **Cost Estimate:** $200–$300  
  - Foam and rubber materials: $150  
  - Paint"
74,1,Write a concrete plan for your second example. Include budget estimates.,ddtree_tb16,dflash-original-ddtree,16,"Sure! Here's a **concrete plan** for the second example: **""The Persistence of Memory"" by Salvador Dalí**, including **budget estimates** and **interactive elements** designed for children.

---

## **Interactive Experience Plan: ""The Persistence of Memory"" – Melting Clock Sculpture for Children**

### **Theme:**  
**Surreal Time – Explore the Melting Clocks**

### **Target Audience:**  
Children aged 4–10 years, with parental supervision.

### **Objective:**  
To engage children in a tactile, interactive experience that explores the surreal concept of time through Dalí’s iconic painting. The activity encourages creativity, fine motor skills, and an understanding of surrealism.

---

## **Materials and Setup**

### **1. Melting Clock Sculpture (Main Art Installation)**  
- **Description:** A large, sculptural representation of Dalí’s melting clocks, made from soft, flexible materials like foam, rubber, or silicone. The clocks can be moved or ""melted"" by children.
- **Quantity:** 1 sculpture (can be reused for multiple visits)
- **Cost Estimate:** $200–$300  
  - Foam and silicone materials: $150  
  - Paint"
74,1,Write a concrete plan for your second example. Include budget estimates.,ddtree_tb32,dflash-original-ddtree,32,"Sure! Here's a **concrete plan** for the second example: **""The Persistence of Memory"" by Salvador Dalí**, including **budget estimates** and **interactive elements** designed for children.

---

## **Interactive Experience Plan: ""The Persistence of Memory"" – Melting Clock Sculpture for Children**

### **Theme:**  
**Surreal Time – Explore the Melting Clocks**

### **Target Audience:**  
Children aged 4–10 years, with parental supervision.

### **Objective:**  
To engage children in a tactile, interactive experience that explores the surreal concept of time through Dalí’s iconic painting. The activity encourages creativity, fine motor skills, and an understanding of surrealism.

---

## **Materials and Setup**

### **1. Melting Clock Sculpture (Main Art Installation)**  
- **Description:** A large, sculptural representation of Dalí’s melting clocks, made from soft, flexible materials like foam, rubber, or silicone. The clocks can be moved or ""melted"" by children.
- **Quantity:** 1 sculpture (can be reused for multiple visits)
- **Cost Estimate:** $200–$300  
  - Foam and silicone materials: $150  
  - Paint"
74,1,Write a concrete plan for your second example. Include budget estimates.,ddtree_tb64,dflash-original-ddtree,64,"Sure! Here's a **concrete plan** for the second example: **""The Persistence of Memory"" by Salvador Dalí**, including **budget estimates** and **interactive elements** designed for children.

---

## **Interactive Experience Plan: ""The Persistence of Memory"" – Melting Clock Sculpture for Children**

### **Theme:**  
**Surreal Time – Explore the Melting Clocks**

### **Target Audience:**  
Children aged 4–10 years, with parental supervision.

### **Objective:**  
To engage children in a tactile, interactive experience that explores the surreal concept of time through Dalí’s iconic painting. The activity encourages creativity, fine motor skills, and an understanding of surrealism.

---

## **Materials and Setup**

### **1. Melting Clock Sculpture (Main Art Installation)**  
- **Description:** A large, sculptural representation of Dalí’s melting clocks, made from soft, flexible materials like foam, fabric, and silicone. The clocks can be gently pushed or pulled to ""melt"" and change shape.
- **Quantity:** 1 sculpture (can be duplicated for multiple installations)
- **Cost Estimate:**  
  - Foam and silicone: $150  
  - Fabric and paint: $100"
75,0,Explain what's base rate fallacy and list five specific examples of how politicians use it for campaigns.,baseline,target-only,,"The **base rate fallacy** is a cognitive bias in which people ignore the **base rate** (the general probability or frequency of an event in the population) when making a judgment or decision, and instead rely more on **specific, but often misleading**, information. This fallacy can lead to incorrect conclusions, especially in situations involving probabilities or statistics.

For example, if a disease affects 1 in 1,000 people (base rate), and a test for the disease is 99% accurate, many people might believe that if they test positive, they are very likely to have the disease. However, due to the low base rate, the actual probability of having the disease after a positive test is much lower than most people would expect.

---

### **Five Examples of How Politicians Use the Base Rate Fallacy in Campaigns:**

1. **Claiming High Success Rates Without Context**  
   A politician might say, ""Our policies have reduced crime by 50%,"" without mentioning the overall low base rate of crime in the country. This can mislead voters into thinking the reduction is significant, when in reality, the base rate was already very low.

2. **Using ""We’ve Never Had This Problem Before""**  
  "
75,0,Explain what's base rate fallacy and list five specific examples of how politicians use it for campaigns.,dflash,dflash,,"The **base rate fallacy** is a cognitive bias in which people ignore the **base rate** (the general probability or frequency of an event in the population) when making a judgment or decision, and instead rely more on **specific, but often misleading**, information. This fallacy can lead to incorrect conclusions, especially in situations involving probabilities or statistics.

For example, if a disease affects 1 in 1,000 people (base rate), and a test for the disease is 99% accurate, many people might believe that if they test positive, they have a high chance of actually having the disease. However, due to the low base rate, the probability of actually having the disease is actually much lower than most people would expect.

---

### **Five Examples of How Politicians Use the Base Rate Fallacy in Campaigns:**

1. **Claiming a High Success Rate Without Context**  
   A politician might say, ""Our policies have helped 90% of people,"" without providing the base rate. For example, if only 10% of the population was affected by the issue in the first place, the 90% success rate is misleading.

2. **Using a Single Success Story to Represent Overall Performance**  
  "
75,0,Explain what's base rate fallacy and list five specific examples of how politicians use it for campaigns.,ddtree_tb16,dflash-original-ddtree,16,"The **base rate fallacy** is a cognitive bias in which people ignore the **base rate** (the general probability or frequency of an event in the population) when making a judgment or decision, and instead rely more on **specific, but often misleading**, information. This fallacy can lead to incorrect conclusions, especially in situations involving probabilities or statistics.

For example, if a disease affects 1 in 1,000 people (base rate), and a test for the disease is 99% accurate, many people might believe that if they test positive, they have a high chance of actually having the disease. However, due to the low base rate, the probability of actually having the disease is actually much lower than most people would expect.

---

### **Five Examples of How Politicians Use the Base Rate Fallacy in Campaigns:**

1. **Claiming a High Success Rate Without Context**  
   A politician might say, ""I’ve fixed 90% of the problems in this city,"" without providing the base rate of problems in the city. If the city only had 10 problems to begin with, then 90% of them being fixed is not impressive. The base rate is low, but the politician is using the high"
75,0,Explain what's base rate fallacy and list five specific examples of how politicians use it for campaigns.,ddtree_tb32,dflash-original-ddtree,32,"The **base rate fallacy** is a cognitive bias in which people ignore the **base rate** (the general probability or frequency of an event in the population) when making a judgment or decision, and instead rely more on **specific, but often misleading**, information. This fallacy can lead to incorrect conclusions, especially in situations involving probabilities or statistics.

For example, if a disease affects 1 in 1,000 people (base rate), and a test for the disease is 99% accurate, many people might believe that if they test positive, they are very likely to have the disease. However, due to the low base rate, the actual probability of having the disease after a positive test is much lower than most people would expect.

---

### **Five Examples of How Politicians Use the Base Rate Fallacy in Campaigns:**

1. **Claiming High Success Rates Without Context**  
   A politician might say, ""Our policies have reduced crime by 50%,"" without mentioning the overall rate of crime in the country. If crime was already very low, a 50% reduction might not be significant in absolute terms, but the politician uses the high percentage to make it seem like a major achievement.

2. **Misrepresent"
75,0,Explain what's base rate fallacy and list five specific examples of how politicians use it for campaigns.,ddtree_tb64,dflash-original-ddtree,64,"The **base rate fallacy** is a cognitive bias in which people ignore the **base rate** (the general probability or frequency of an event in the population) when making a judgment or decision, and instead rely more on **specific, often anecdotal** information. This leads to incorrect probability estimates.

For example, if you're told that 1% of people in a population have a certain disease, and a test for the disease is 95% accurate, the base rate fallacy would be to assume that if someone tests positive, they almost certainly have the disease, without considering the low base rate and the possibility of false positives.

---

### **Five Specific Examples of How Politicians Use the Base Rate Fallacy in Campaigns:**

1. **Claiming a High Success Rate Without Context**  
   A politician might say, ""I’ve fixed 90% of the problems in this city,"" without providing the base rate of problems in the city. If only 10% of the city's issues are actually significant, the 90% figure is misleading.

2. **Using Anecdotes to Support Policy Claims**  
   A candidate might say, ""I helped a single family get a job,"" implying that their policies are effective."
75,1,Provide a detailed plan for an election campaign using the first example.,baseline,target-only,,"Certainly! Here's a **detailed plan for an election campaign** that uses the **first example of the base rate fallacy** — **claiming high success rates without context** — to influence voters.

---

## **Campaign Plan: ""Our Policies Reduced Crime by 50%""**

### **1. Campaign Objective**
To win the election by leveraging the **base rate fallacy** to create a misleading impression of the candidate's effectiveness in reducing crime, even when the actual base rate of crime was very low.

---

### **2. Target Audience**
- Voters who are concerned about public safety.
- Voters who are influenced by emotional or dramatic messaging.
- Voters who may not be familiar with statistical nuances.

---

### **3. Key Message**
**""Our policies have reduced crime by 50% — that’s a huge success!""**

This message is designed to **ignore the base rate** of crime in the country and focus only on the **relative change** in crime rates.

---

### **4. Strategy and Tactics**

#### **A. Data Presentation**
- **Use a misleading comparison**: Show a graph that highlights the **drop in crime** from, say, 100 to 50 (a 50% reduction), but"
75,1,Provide a detailed plan for an election campaign using the first example.,dflash,dflash,,"Certainly! Here's a **detailed plan for an election campaign** that uses the **first example of the base rate fallacy** — **claiming high success rates without context** — to influence voters.

---

## **Campaign Plan: ""Our Policies Reduced Crime by 50%""**

### **1. Campaign Objective**
To win the election by leveraging a **positive narrative** about crime reduction, using a **base rate fallacy** to make the claim more persuasive and emotionally compelling.

---

### **2. Target Audience**
- Voters who are **concerned about public safety**.
- Voters who **trust government statistics** and are **sensitive to crime**.
- Voters who **value strong leadership** and **feel unsafe in their communities**.

---

### **3. Key Message**
> ""Our policies have reduced crime by 50% — that’s the most significant drop in our city in decades!""

---

### **4. Strategy Overview**
The campaign will **highlight the success of the candidate’s policies** in reducing crime, **without providing context** about the **base rate** of crime in the area. This will create a **misleading impression** of progress, even if the actual change is not as significant as it seems.

---

###"
75,1,Provide a detailed plan for an election campaign using the first example.,ddtree_tb16,dflash-original-ddtree,16,"Certainly! Here's a **detailed plan for an election campaign** that uses the **first example of the base rate fallacy** — **claiming high success rates without context** — to influence voters.

---

## **Campaign Plan: ""Our Policies Reduced Crime by 50%""**

### **1. Campaign Objective**
To win the election by leveraging a **positive narrative** about crime reduction, using a **base rate fallacy** to make the claim more persuasive and emotionally compelling.

---

### **2. Target Audience**
- Voters who are **concerned about public safety**.
- Voters who **trust government statistics** and are **sensitive to crime**.
- Voters who **value strong leadership** and **positive change**.

---

### **3. Key Message**
> ""Our policies have reduced crime by 50% — that’s the most significant drop in our city in decades!""

---

### **4. Strategy Overview**
The campaign will **highlight the crime reduction** as a major achievement, **without providing context** about the **base rate** of crime in the area. This will create a **misleading impression** of progress, even if the actual change is not as significant as it seems.

---

### **5. Detailed Campaign Steps"
75,1,Provide a detailed plan for an election campaign using the first example.,ddtree_tb32,dflash-original-ddtree,32,"Certainly! Here's a **detailed plan for an election campaign** that uses the **first example of the base rate fallacy** — **claiming high success rates without context** — to influence voters.

---

## **Campaign Plan: ""Our Policies Reduced Crime by 50%""**

### **1. Campaign Objective**
To win the election by leveraging a **positive narrative** about crime reduction, using a **base rate fallacy** to make the claim more persuasive and emotionally compelling.

---

### **2. Target Audience**
- Voters who are **concerned about public safety**.
- Voters who **trust government statistics** and are **sensitive to crime**.
- Voters who **value strong leadership** and **feel unsafe in their communities**.

---

### **3. Key Message**
> ""Our policies have reduced crime by 50% — that’s the most significant drop in our city in decades!""

---

### **4. Strategy Overview**
The campaign will **highlight the crime reduction** as a major achievement, **without providing context** about the **base rate** of crime in the area. This will create a **misleading impression** of progress, even if the actual change is not as significant as it seems.

---

### **5."
75,1,Provide a detailed plan for an election campaign using the first example.,ddtree_tb64,dflash-original-ddtree,64,"Certainly! Here's a **detailed plan for an election campaign** that uses the **first example of the base rate fallacy** — **claiming high success rates without context** — to influence voters.

---

## **Campaign Plan: ""Our Policies Reduced Crime by 50%""**

### **1. Campaign Objective**
To win the election by leveraging a **positive narrative** about crime reduction, using a **base rate fallacy** to make the claim more persuasive and emotionally compelling.

---

### **2. Target Audience**
- Voters who are **concerned about public safety**.
- Voters who **trust government statistics** and are **sensitive to crime**.
- Voters who **value strong leadership** and **feel unsafe in their communities**.

---

### **3. Key Message**
> ""Our policies have reduced crime by 50% — that’s the most significant drop in our city in decades!""

---

### **4. Strategy Overview**
The campaign will **highlight the success of the candidate’s policies** in reducing crime, **without providing context** about the **base rate** of crime in the area. This will create a **misleading impression** of progress, even if the actual change is not as significant as it seems.

---

###"
76,0,Describe five key principles in evaluating an argument in analytical writing.,baseline,target-only,,"When evaluating an argument in analytical writing, it is essential to apply critical thinking and logical reasoning to assess the strength and validity of the argument. Here are five key principles that help in evaluating an argument effectively:

1. **Clarity of Purpose**:  
   The argument should have a clear and specific purpose or thesis statement that the writer aims to prove. A well-defined purpose helps in determining whether the argument is focused and relevant.

2. **Logical Structure**:  
   The argument should follow a logical sequence, with premises that support the conclusion in a coherent and systematic way. A well-structured argument makes it easier to follow the reasoning and identify any gaps or flaws.

3. **Relevance of Evidence**:  
   The evidence used to support the argument should be relevant, accurate, and sufficient to back up the claims made. Irrelevant or weak evidence can weaken the overall argument.

4. **Sound Reasoning**:  
   The argument should use valid reasoning, such as deductive or inductive logic, to connect the premises to the conclusion. Faulty reasoning, such as fallacies or logical errors, can undermine the argument's credibility.

5. **Consideration of Counterarguments**:  
   A strong argument acknowledges and addresses potential counterarguments. This shows that the writer has thought"
76,0,Describe five key principles in evaluating an argument in analytical writing.,dflash,dflash,,"When evaluating an argument in analytical writing, it is essential to apply critical thinking and logical reasoning to assess the strength and validity of the argument. Here are five key principles that help in evaluating an argument effectively:

1. **Clarity of Purpose**:  
   The argument should have a clear and specific purpose or thesis. The writer must clearly state what they are trying to prove or argue. A well-defined purpose helps in evaluating whether the argument is focused and relevant.

2. **Logical Structure**:  
   The argument should follow a logical structure, with premises that support the conclusion. The reasoning should be coherent, with each part of the argument leading logically to the next. A well-structured argument is easier to follow and more persuasive.

3. **Relevance of Evidence**:  
   The evidence used to support the argument should be relevant, accurate, and sufficient. The writer should provide credible sources, data, or examples that directly support the claim being made. Irrelevant or weak evidence can weaken the argument.

4. **Sound Reasoning**:  
   The argument should use valid reasoning, avoiding logical fallacies such as ad hominem, straw man, or false dichotomy. The conclusion should logically follow from the premises, and the reasoning should be free from bias or flawed assumptions.

"
76,0,Describe five key principles in evaluating an argument in analytical writing.,ddtree_tb16,dflash-original-ddtree,16,"When evaluating an argument in analytical writing, it is essential to apply critical thinking and logical reasoning to assess the strength and validity of the argument. Here are five key principles that help in evaluating an argument effectively:

1. **Clarity of Purpose**:  
   The argument should have a clear and specific purpose or thesis. The writer must clearly state what they are trying to prove or argue. A well-defined purpose helps in evaluating whether the argument is focused and relevant.

2. **Logical Structure**:  
   The argument should follow a logical structure, with premises that support the conclusion. The reasoning should be coherent, with each part of the argument building on the previous one in a way that leads to a valid conclusion.

3. **Relevance of Evidence**:  
   The evidence used to support the argument should be relevant, accurate, and sufficient. The writer must provide credible sources, data, or examples that directly support the claim being made.

4. **Sound Reasoning**:  
   The argument should use valid reasoning, avoiding logical fallacies such as ad hominem, straw man, or false dichotomy. The connection between the premises and the conclusion should be logically sound.

5. **Consideration of Counterarguments**:  
   A strong argument acknowledges and addresses potential counterarguments. By"
76,0,Describe five key principles in evaluating an argument in analytical writing.,ddtree_tb32,dflash-original-ddtree,32,"When evaluating an argument in analytical writing, it is essential to apply critical thinking and logical reasoning to assess the strength and validity of the argument. Here are five key principles that help in evaluating an argument effectively:

1. **Clarity of Purpose**:  
   The argument should have a clear and specific purpose or thesis statement. A well-defined purpose helps the reader understand the main point the author is trying to make and allows for a focused evaluation of the argument.

2. **Relevance of Evidence**:  
   The evidence used to support the argument must be directly relevant to the claim being made. Irrelevant or tangential evidence weakens the argument and makes it less persuasive.

3. **Logical Structure**:  
   The argument should follow a logical structure, with premises that lead logically to the conclusion. A coherent structure helps the reader follow the reasoning and assess whether the conclusion is well-supported.

4. **Soundness of Reasoning**:  
   The reasoning must be valid and free from logical fallacies. This includes checking for errors such as hasty generalizations, false dichotomies, or ad hominem attacks, which can undermine the argument's credibility.

5. **Credibility of Sources**:  
   The evidence and sources used in the argument should be credible, reliable"
76,0,Describe five key principles in evaluating an argument in analytical writing.,ddtree_tb64,dflash-original-ddtree,64,"When evaluating an argument in analytical writing, it is essential to apply critical thinking and logical reasoning to assess the strength and validity of the argument. Here are five key principles that help in evaluating an argument effectively:

1. **Clarity of Purpose**:  
   The argument should have a clear and specific purpose or thesis statement. A well-defined purpose helps the reader understand the main point the author is trying to make and allows for a focused evaluation of the argument.

2. **Relevance of Evidence**:  
   The evidence used to support the argument must be relevant to the claim being made. Irrelevant or tangential evidence weakens the argument and makes it less persuasive.

3. **Logical Structure**:  
   The argument should follow a logical structure, with premises that lead logically to the conclusion. A coherent structure helps the reader follow the reasoning and assess whether the conclusion is well-supported.

4. **Soundness of Reasoning**:  
   The reasoning must be valid and free from logical fallacies. This includes checking for errors such as false dichotomies, ad hominem attacks, or hasty generalizations. Sound reasoning ensures that the conclusion is logically derived from the premises.

5. **Credibility of Sources**:  
   The sources cited in the argument should be credible"
76,1,"With the listed principles, write a response in which you discuss what specific evidence is needed to evaluate the argument and explain how the evidence would weaken or strengthen the argument.

===

The following is a memorandum from the advertising head of Zorblatt Animal Outlets, a chain operating thirty animal outlets globally.

""Half a decade ago, our rival Aquatic Pavilion started publicizing in Rare Pets Digest periodical. Their overall sales have been consistently growing at a rate of 3-to-5 percent each year since then. In particular, the Aquatic Pavilion outlet in Harbor Town experienced even more significant growth, securing the title of the most frequented animal store in the United States the previous year. In contrast, our two Zorblatt outlets in Harbor Town have recorded a consistent drop in sales during the same duration. It is evident that we must promptly start featuring our own advertisements in Rare Pets Digest and other popular animal publications. If we take this step, we can confidently anticipate a reversal in this recent trend of decreasing sales and return to profitability.""",baseline,target-only,,"To evaluate the argument in the memorandum from the advertising head of Zorblatt Animal Outlets, we must apply the five key principles of argument evaluation: **clarity of purpose**, **logical structure**, **relevance of evidence**, **sound reasoning**, and **consideration of counterarguments**. Let's examine the argument in light of these principles and determine what specific evidence would strengthen or weaken it.

---

### 1. **Clarity of Purpose**  
The purpose of the argument is to convince the management of Zorblatt Animal Outlets that they should start advertising in *Rare Pets Digest* and other animal publications to reverse their declining sales and return to profitability. The purpose is clear, but the argument relies heavily on the assumption that advertising in these publications will directly lead to increased sales.

**Evidence Needed**:  
- A clear statement of the **specific goal** of the advertising campaign (e.g., increasing foot traffic, brand awareness, or sales in specific regions).
- A **definition of profitability** (e.g., profit margin, revenue growth, or customer acquisition).

**How Evidence Would Weaken the Argument**:  
If the goal is not clearly defined, or if the definition of profitability is vague, the argument loses its focus. For example, if the"
76,1,"With the listed principles, write a response in which you discuss what specific evidence is needed to evaluate the argument and explain how the evidence would weaken or strengthen the argument.

===

The following is a memorandum from the advertising head of Zorblatt Animal Outlets, a chain operating thirty animal outlets globally.

""Half a decade ago, our rival Aquatic Pavilion started publicizing in Rare Pets Digest periodical. Their overall sales have been consistently growing at a rate of 3-to-5 percent each year since then. In particular, the Aquatic Pavilion outlet in Harbor Town experienced even more significant growth, securing the title of the most frequented animal store in the United States the previous year. In contrast, our two Zorblatt outlets in Harbor Town have recorded a consistent drop in sales during the same duration. It is evident that we must promptly start featuring our own advertisements in Rare Pets Digest and other popular animal publications. If we take this step, we can confidently anticipate a reversal in this recent trend of decreasing sales and return to profitability.""",dflash,dflash,,"To evaluate the argument in the memorandum from the advertising head of Zorblatt Animal Outlets, we must apply the five key principles of argument evaluation: **clarity of purpose**, **logical structure**, **relevance of evidence**, **sound reasoning**, and **consideration of counterarguments**. Let's examine the argument in light of these principles and determine what specific evidence would strengthen or weaken it.

---

### 1. **Clarity of Purpose**  
The purpose of the argument is to convince the management that advertising in *Rare Pets Digest* and other animal publications will reverse the sales decline and restore profitability. The purpose is clear, but the argument relies heavily on the assumption that advertising in these publications will directly lead to increased sales.

**Evidence Needed**:  
- A clear statement of the **specific goal** of the advertising campaign (e.g., increasing foot traffic, brand awareness, or customer engagement).  
- A **timeline** for when the advertising will be implemented and how long it will take to see results.  
- A **definition of profitability** (e.g., profit margin, revenue growth, or customer acquisition cost).

**How Evidence Would Weaken the Argument**:  
If the argument lacks a clear timeline or definition of profitability, the claim that advertising will"
76,1,"With the listed principles, write a response in which you discuss what specific evidence is needed to evaluate the argument and explain how the evidence would weaken or strengthen the argument.

===

The following is a memorandum from the advertising head of Zorblatt Animal Outlets, a chain operating thirty animal outlets globally.

""Half a decade ago, our rival Aquatic Pavilion started publicizing in Rare Pets Digest periodical. Their overall sales have been consistently growing at a rate of 3-to-5 percent each year since then. In particular, the Aquatic Pavilion outlet in Harbor Town experienced even more significant growth, securing the title of the most frequented animal store in the United States the previous year. In contrast, our two Zorblatt outlets in Harbor Town have recorded a consistent drop in sales during the same duration. It is evident that we must promptly start featuring our own advertisements in Rare Pets Digest and other popular animal publications. If we take this step, we can confidently anticipate a reversal in this recent trend of decreasing sales and return to profitability.""",ddtree_tb16,dflash-original-ddtree,16,"To evaluate the argument in the memorandum from the advertising head of Zorblatt Animal Outlets, we must apply the five key principles of argument evaluation: **clarity of purpose**, **logical structure**, **relevance of evidence**, **sound reasoning**, and **consideration of counterarguments**. Let's examine the argument in light of these principles and determine what specific evidence would strengthen or weaken it.

---

### 1. **Clarity of Purpose**  
The purpose of the argument is to convince the management that advertising in *Rare Pets Digest* and other animal publications will reverse the sales decline and restore profitability. The purpose is clear, but the argument relies heavily on the assumption that advertising in these publications will directly lead to increased sales.

**Evidence Needed**:  
- A clear statement of the **specific goal** of the advertising campaign (e.g., increasing foot traffic, brand awareness, or customer engagement).  
- A **timeline** for when the advertising will be implemented and how long it will take to see results.  
- A **definition of profitability** (e.g., profit margin, revenue growth, or customer acquisition cost).

**How Evidence Would Weaken the Argument**:  
If the argument lacks a clear timeline or definition of profitability, the claim that advertising will"
76,1,"With the listed principles, write a response in which you discuss what specific evidence is needed to evaluate the argument and explain how the evidence would weaken or strengthen the argument.

===

The following is a memorandum from the advertising head of Zorblatt Animal Outlets, a chain operating thirty animal outlets globally.

""Half a decade ago, our rival Aquatic Pavilion started publicizing in Rare Pets Digest periodical. Their overall sales have been consistently growing at a rate of 3-to-5 percent each year since then. In particular, the Aquatic Pavilion outlet in Harbor Town experienced even more significant growth, securing the title of the most frequented animal store in the United States the previous year. In contrast, our two Zorblatt outlets in Harbor Town have recorded a consistent drop in sales during the same duration. It is evident that we must promptly start featuring our own advertisements in Rare Pets Digest and other popular animal publications. If we take this step, we can confidently anticipate a reversal in this recent trend of decreasing sales and return to profitability.""",ddtree_tb32,dflash-original-ddtree,32,"To evaluate the argument in the memorandum from the advertising head of Zorblatt Animal Outlets, we must apply the five key principles of argument evaluation: **clarity of purpose**, **logical structure**, **relevance of evidence**, **sound reasoning**, and **consideration of counterarguments**. Let's examine the argument in light of these principles and determine what specific evidence would strengthen or weaken it.

---

### 1. **Clarity of Purpose**  
The purpose of the argument is to convince the management of Zorblatt Animal Outlets that they should start advertising in *Rare Pets Digest* and other animal publications to reverse their declining sales and return to profitability. The purpose is clear, but the argument relies heavily on the assumption that advertising in these publications will directly lead to increased sales.

**Evidence Needed**:  
- A clear statement of the **specific goal** of the advertising campaign (e.g., increasing foot traffic, brand awareness, or sales in specific regions).
- A **definition of profitability** (e.g., profit margin, revenue growth, or customer acquisition).

**How Evidence Would Affect the Argument**:  
- If the goal is not clearly defined, the argument lacks direction and may be seen as vague.  
- If profitability is not clearly defined"
76,1,"With the listed principles, write a response in which you discuss what specific evidence is needed to evaluate the argument and explain how the evidence would weaken or strengthen the argument.

===

The following is a memorandum from the advertising head of Zorblatt Animal Outlets, a chain operating thirty animal outlets globally.

""Half a decade ago, our rival Aquatic Pavilion started publicizing in Rare Pets Digest periodical. Their overall sales have been consistently growing at a rate of 3-to-5 percent each year since then. In particular, the Aquatic Pavilion outlet in Harbor Town experienced even more significant growth, securing the title of the most frequented animal store in the United States the previous year. In contrast, our two Zorblatt outlets in Harbor Town have recorded a consistent drop in sales during the same duration. It is evident that we must promptly start featuring our own advertisements in Rare Pets Digest and other popular animal publications. If we take this step, we can confidently anticipate a reversal in this recent trend of decreasing sales and return to profitability.""",ddtree_tb64,dflash-original-ddtree,64,"To evaluate the argument in the memorandum from the advertising head of Zorblatt Animal Outlets, we must apply the five key principles of argument evaluation: **clarity of purpose**, **logical structure**, **relevance of evidence**, **sound reasoning**, and **consideration of counterarguments**. Let's examine the argument in light of these principles and determine what specific evidence would strengthen or weaken it.

---

### 1. **Clarity of Purpose**  
The purpose of the argument is to convince the management of Zorblatt Animal Outlets that they should start advertising in *Rare Pets Digest* and other animal publications to reverse their declining sales and return to profitability. The purpose is clear, but the argument relies heavily on the assumption that advertising in these publications will directly lead to increased sales.

**Evidence Needed**:  
- A clear statement of the **specific goal** of the advertising campaign (e.g., increasing foot traffic, brand awareness, or sales in specific regions).
- A **definition of profitability** (e.g., profit margin, revenue growth, or customer acquisition).

**How Evidence Would Affect the Argument**:  
- If the goal is not clearly defined, the argument lacks direction and may be seen as vague.  
- If profitability is not clearly defined"
77,0,Which methods did Socrates employ to challenge the prevailing thoughts of his time?,baseline,target-only,,"Socrates, the classical Greek philosopher, employed several methods to challenge the prevailing thoughts of his time. His approach was not based on writing, but rather on dialogue and critical questioning. Here are the key methods he used:

### 1. **The Socratic Method (Maieutic Method)**
- **Definition**: A method of teaching and learning through dialogue, where Socrates asks questions to stimulate critical thinking and draw out ideas.
- **Purpose**: To help others arrive at their own conclusions rather than simply imparting knowledge.
- **Technique**: He would engage in conversations with people, asking probing questions to expose contradictions or gaps in their reasoning.

### 2. **Elenchus**
- **Definition**: A form of dialectical reasoning used to refute an opponent's argument by showing contradictions or weaknesses.
- **Process**: Socrates would present an argument, then question it until the opponent's position was shown to be logically inconsistent or self-contradictory.
- **Outcome**: This method often led to the realization that the person's beliefs were flawed, prompting them to reconsider their views.

### 3. **Cross-Examination (Doxa)**
- **Definition**: Socrates would challenge the assumptions and beliefs of others, particularly those of"
77,0,Which methods did Socrates employ to challenge the prevailing thoughts of his time?,dflash,dflash,,"Socrates, the classical Greek philosopher, employed several methods to challenge the prevailing thoughts of his time. His approach was not based on writing, but rather on dialogue and critical questioning. Here are the key methods he used:

### 1. **The Socratic Method (Maieutic Method)**
- **Definition**: A method of teaching and learning through dialogue, where Socrates asks questions to stimulate critical thinking and draw out ideas.
- **Purpose**: To help others arrive at their own conclusions rather than simply imparting knowledge.
- **Technique**: He would engage in conversations with people, often in public places like markets or gatherings, and ask probing questions to expose contradictions or gaps in their reasoning.

### 2. **Elenchus**
- **Definition**: A form of dialectical reasoning used to refute an opponent's argument by showing that their position leads to a contradiction or an absurd conclusion.
- **Process**: Socrates would present an argument, then question it step by step, leading the interlocutor to a contradiction (a ""reductio ad absurdum"").
- **Example**: If someone claimed that ""the good is always just,"" Socrates would question the implications of that statement, eventually leading the person to a contradiction.

### 3."
77,0,Which methods did Socrates employ to challenge the prevailing thoughts of his time?,ddtree_tb16,dflash-original-ddtree,16,"Socrates, the classical Greek philosopher, employed several methods to challenge the prevailing thoughts of his time. His approach was not based on writing, but rather on dialogue and critical questioning. Here are the key methods he used:

### 1. **The Socratic Method (Maieutic Method)**
- **Definition**: A method of teaching and learning through dialogue, where Socrates asks probing questions to help others discover their own knowledge.
- **Purpose**: To expose contradictions in people's beliefs and lead them to a deeper understanding of truth.
- **Technique**: He would ask questions that led his interlocutors to recognize the limitations of their own knowledge or the inconsistencies in their beliefs.

### 2. **Elenchus**
- **Definition**: A form of dialectical reasoning used to refute an argument by showing that it leads to a contradiction or an absurd conclusion.
- **Purpose**: To expose the weaknesses in the arguments of his opponents.
- **Technique**: Socrates would use a series of questions to lead his interlocutor to a contradiction, thereby demonstrating the fallacy in their reasoning.

### 3. **Irony**
- **Definition**: The use of a false or misleading premise to expose the flaws in someone's reasoning.
- **Purpose"
77,0,Which methods did Socrates employ to challenge the prevailing thoughts of his time?,ddtree_tb32,dflash-original-ddtree,32,"Socrates, the classical Greek philosopher, employed several methods to challenge the prevailing thoughts of his time. His approach was not based on writing, but rather on dialogue and critical questioning. Here are the key methods he used:

### 1. **The Socratic Method (Maieutic Method)**
- **Definition**: A method of teaching and learning through dialogue, where Socrates asks probing questions to help others discover their own knowledge.
- **Purpose**: To reveal contradictions in people's beliefs and lead them to examine their own assumptions.
- **Technique**: He would ask questions that led his interlocutors to recognize the limitations of their knowledge or the inconsistencies in their beliefs.

### 2. **Elenchus**
- **Definition**: A form of dialectical reasoning used to expose logical inconsistencies in an argument.
- **Process**: Socrates would engage in a series of questions that led the person to a contradiction, thereby showing that their initial belief was flawed.
- **Result**: This method often led to the conclusion that the person's belief was not fully justified or was incorrect.

### 3. **Irony**
- **Definition**: Socrates would pretend to be ignorant or unwise, even when he was actually knowledgeable.
- **Purpose**: To make"
77,0,Which methods did Socrates employ to challenge the prevailing thoughts of his time?,ddtree_tb64,dflash-original-ddtree,64,"Socrates, the classical Greek philosopher, employed several methods to challenge the prevailing thoughts of his time. His approach was not based on writing, but rather on dialogue and critical questioning. Here are the key methods he used:

### 1. **The Socratic Method (Maieutic Method)**
- **Definition**: A method of teaching and learning through dialogue, where Socrates asks probing questions to help others discover their own knowledge.
- **Purpose**: To reveal contradictions in people's beliefs and lead them to examine their own assumptions.
- **Technique**: He would ask questions that led his interlocutors to recognize the limitations of their knowledge or the inconsistencies in their beliefs.

### 2. **Elenchus**
- **Definition**: A form of dialectical reasoning used to expose logical inconsistencies in an argument.
- **Process**: Socrates would engage in a series of questions that led the person to a contradiction, thereby showing that their initial belief was flawed.
- **Outcome**: This method often led to the realization that the person did not truly know what they claimed to know.

### 3. **Irony**
- **Definition**: Socrates would pretend to be ignorant or unwise, even when he was actually knowledgeable.
- **Purpose**: To make"
77,1,Let's bring Socrates to modern world. Generate a conversation between Socrates and Bill Gates to debate on generative AI for education.,baseline,target-only,,"**Scene: A modern coffee shop. Socrates, dressed in a simple, unadorned tunic, sits across from Bill Gates, who is wearing a business suit. They are engaged in a philosophical dialogue about the role of generative AI in education.**

---

**Socrates**:  
Bill, I have heard much of your work in technology and education. I am curious, what is your view on the use of generative AI in teaching and learning?

**Bill Gates**:  
Ah, Socrates, I am honored to speak with you. Generative AI, like the tools we use today—such as chatbots, language models, and personalized learning platforms—has the potential to revolutionize education. It can provide instant feedback, adapt to individual learning styles, and make knowledge more accessible to all.

**Socrates**:  
I see. But do you not fear that such tools might lead students to rely too much on the machine, rather than developing their own reasoning and critical thinking?

**Bill Gates**:  
That is a valid concern. I believe that AI should be a tool, not a replacement. It can assist in the learning process, but the responsibility of thinking and understanding still lies with the student. The key is to use it wisely.

**S"
77,1,Let's bring Socrates to modern world. Generate a conversation between Socrates and Bill Gates to debate on generative AI for education.,dflash,dflash,,"**Scene: A modern coffee shop. Socrates, dressed in a simple Greek-style tunic, sits across from Bill Gates, who is wearing a business suit. They are discussing the topic of generative AI in education.**

---

**Socrates**: Bill, I have heard much about your work in technology and education. I am curious—do you believe that the mind, like the soul, is capable of independent thought, or is it merely a vessel for the guidance of the wise?

**Bill Gates**: A fine question, Socrates. I would say that the mind is a vessel, but one that can be enhanced by tools. In education, we’ve long sought to make knowledge more accessible. Now, with generative AI, we can personalize learning, provide instant feedback, and even help students explore ideas in ways that were once impossible.

**Socrates**: Indeed, but do you not fear that the soul, when guided by such tools, may become dependent on them? I have seen many in my time who, when given the chance to think for themselves, were quick to rely on the opinions of others.

**Bill Gates**: I see your point. But I believe that technology, when used wisely, can help the soul think more deeply. For example,"
77,1,Let's bring Socrates to modern world. Generate a conversation between Socrates and Bill Gates to debate on generative AI for education.,ddtree_tb16,dflash-original-ddtree,16,"**Scene: A modern coffee shop. Socrates, dressed in a simple Greek-style tunic, sits across from Bill Gates, who is wearing a business suit. They are discussing the topic of generative AI in education.**

---

**Socrates**: Bill, I have heard much of your work in technology and education. I am curious—do you believe that the mind, like the soul, is capable of independent thought, or is it merely a vessel for the guidance of the wise?

**Bill Gates**: A fine question, Socrates. I would say that the mind is a vessel, but one that can be enhanced by tools. Technology, when used wisely, can help us educate more people more effectively.

**Socrates**: Indeed, but do you not fear that the use of such tools may lead to a kind of *doxa*—a false belief—that the mind is no longer in need of the guidance of the wise? If we rely too much on AI, may we not lose the ability to think for ourselves?

**Bill Gates**: I see your point. But I do not believe that AI is a replacement for human thought. Rather, it is a tool that can assist in the process of learning. For example, generative AI can provide"
77,1,Let's bring Socrates to modern world. Generate a conversation between Socrates and Bill Gates to debate on generative AI for education.,ddtree_tb32,dflash-original-ddtree,32,"**Scene: A modern coffee shop. Socrates, dressed in a simple Greek-style tunic, sits across from Bill Gates, who is wearing a business suit. They are discussing the topic of generative AI in education.**

---

**Socrates**: Bill, I have heard much of your work in technology and education. I am curious—do you believe that the mind, like the soul, is capable of independent thought, or is it merely a vessel for the guidance of the wise?

**Bill Gates**: A fine question, Socrates. I would say that the mind is a vessel, but one that can be enhanced by tools. Technology, when used wisely, can help us educate more people more effectively.

**Socrates**: Indeed, but do you not fear that the use of such tools may lead to a kind of *doxa*—a false belief—that the mind is no longer in need of the guidance of the wise? If we rely too much on AI, may we not lose the ability to think for ourselves?

**Bill Gates**: I see your point. But I believe that AI is not a replacement for human thought, but a tool that can augment it. It can help students explore ideas, find patterns, and even correct errors in reasoning"
77,1,Let's bring Socrates to modern world. Generate a conversation between Socrates and Bill Gates to debate on generative AI for education.,ddtree_tb64,dflash-original-ddtree,64,"**Scene: A modern coffee shop. Socrates, dressed in a simple Greek-style tunic, sits across from Bill Gates, who is wearing a business suit. They are discussing the topic of generative AI in education.**

---

**Socrates**: Bill, I have heard much about your work in technology and education. I am curious—do you believe that the mind, like the soul, is capable of independent thought, or is it merely a vessel for the guidance of the wise?

**Bill Gates**: A fine question, Socrates. I would say that the mind is a vessel, but one that can be enhanced by tools. In education, we have long sought to make knowledge more accessible. Now, with generative AI, we can personalize learning, provide instant feedback, and even help students explore ideas in ways that were once impossible.

**Socrates**: Indeed, but do you not fear that the soul, when guided by such tools, may become dependent on them? I have seen in the past that people, when given the illusion of knowledge, may not think for themselves. Is it not possible that generative AI, in its quest to provide answers, may stifle the very curiosity it seeks to nurture?

**Bill Gates**: I see your concern,"
78,0,What are some business etiquette norms when doing business in Japan?,baseline,target-only,,"When doing business in Japan, it is essential to be aware of and respect the country's unique business etiquette norms. These norms are deeply rooted in Japanese culture, which values harmony, respect, and long-term relationships. Here are some key business etiquette norms to observe when doing business in Japan:

---

### 1. **Respect for Hierarchy and Formality**
- **Formal Addressing:** Use the person's title (e.g., Mr., Ms., or a formal name) and avoid using first names unless you are very close.
- **Hierarchy:** Respect the seniority of the person. It is important to show deference to superiors and avoid challenging their authority.
- **Formal Language:** Use polite and formal language in all business communications, even in casual settings.

---

### 2. **Punctuality**
- **Strict Punctuality:** Japanese business culture values punctuality. Being late is considered disrespectful and can damage business relationships.
- **Arrive Early:** It is common to arrive 5–10 minutes early for meetings to show respect and preparedness.

---

### 3. **Business Etiquette in Meetings**
- **Prepare in Advance:** Be well-prepared for meetings, including any materials or data you may need to present"
78,0,What are some business etiquette norms when doing business in Japan?,dflash,dflash,,"When doing business in Japan, it is essential to be aware of and respect the country's unique business etiquette norms. These norms are deeply rooted in Japanese culture, which values harmony, respect, and long-term relationships. Here are some key business etiquette norms to observe when doing business in Japan:

---

### 1. **Respect for Hierarchy and Seniority**
- **Seniority is important**: In Japanese business culture, seniority (or ""senpai"") is highly valued. Junior employees (or those with lower seniority) should show respect to their superiors.
- **Formal address**: Use the appropriate titles and honorifics (e.g., ""-sama"", ""san"", ""kun"") when addressing people, especially in formal settings.
- **Avoid direct confrontation**: Disagreements should be handled carefully, and it is better to avoid direct criticism or confrontation.

---

### 2. **Formal and Respectful Communication**
- **Use polite language**: Always use polite and formal language in business communications, even in casual settings.
- **Avoid slang or casual speech**: Slang or informal language is considered disrespectful in business settings.
- **Be patient and polite**: Japanese business culture values politeness and patience. It is important to be patient when waiting for"
78,0,What are some business etiquette norms when doing business in Japan?,ddtree_tb16,dflash-original-ddtree,16,"When doing business in Japan, it is essential to be aware of and respect the country's unique business etiquette norms. These norms are deeply rooted in Japanese culture, emphasizing harmony, respect, and long-term relationships. Here are some key business etiquette norms to observe when doing business in Japan:

---

### 1. **Respect for Hierarchy and Seniority**
- **Seniority is highly valued**: In Japanese business culture, seniority (or ""senpai"") is a key factor in decision-making and social interactions. Junior employees (or those with lower seniority) should show respect to their superiors.
- **Formal address**: Use the appropriate titles and honorifics (e.g., ""-sama"", ""san"", ""kun"") when addressing people, especially in formal settings.
- **Avoid direct confrontation**: Disagreements should be handled carefully, and it is often better to avoid direct criticism or confrontation.

---

### 2. **Formal and Respectful Communication**
- **Use of honorifics (keigo)**: In business settings, it is important to use polite language and honorifics to show respect.
- **Avoid slang and casual language**: Japanese business communication is formal and polite. Slang or casual language is generally considered inappropriate in professional"
78,0,What are some business etiquette norms when doing business in Japan?,ddtree_tb32,dflash-original-ddtree,32,"When doing business in Japan, it is essential to be aware of and respect the country's unique business etiquette norms. These norms are deeply rooted in Japanese culture, which values harmony, respect, and long-term relationships. Here are some key business etiquette norms to observe when doing business in Japan:

---

### 1. **Respect for Hierarchy and Seniority**
- **Seniority is important**: In Japanese business culture, seniority (or ""senpai"") is highly valued. Junior employees (or those with lower seniority) should show respect to their superiors.
- **Formal address**: Use the appropriate titles and honorifics (e.g., ""-sama"", ""san"", ""kun"") when addressing people, especially in formal settings.
- **Avoid direct confrontation**: Disagreements should be handled carefully, and it is often better to avoid direct criticism or confrontation.

---

### 2. **Formal and Respectful Communication**
- **Use polite language**: Always use polite and formal language in business communications, even in casual settings.
- **Avoid slang or casual speech**: Slang or informal language is considered disrespectful in business settings.
- **Be patient and polite**: Japanese business culture values politeness and patience. It is important to be patient when waiting"
78,0,What are some business etiquette norms when doing business in Japan?,ddtree_tb64,dflash-original-ddtree,64,"When doing business in Japan, it is essential to be aware of and respect the country's unique business etiquette norms. These norms are deeply rooted in Japanese culture, which values harmony, respect, and long-term relationships. Here are some key business etiquette norms to keep in mind:

---

### 1. **Respect for Hierarchy and Formality**
- **Formal Addressing:** Use formal titles (e.g., ""Mr."" or ""Ms."") and last names when addressing others, unless you are very close.
- **Hierarchy:** Respect the seniority of others. Avoid challenging or questioning superiors directly.
- **Business Cards:** Always receive and give business cards with both hands. Never hold the card by the edge or use it as a paperweight.

---

### 2. **Punctuality**
- **On Time is Important:** Being late is considered disrespectful. Arrive early to show respect and allow time for formalities.
- **Meeting Times:** Confirm the exact time of meetings and be punctual.

---

### 3. **Gift-Giving (Osechi)**
- **Gifts are Common:** Giving and receiving gifts is a way to build trust and show appreciation.
- **Avoid Certain Gifts:** Do not give expensive gifts, alcohol, or"
78,1,Create a video script for training new employees of a car wash business in Japan. Highlight the above etiquette norms.,baseline,target-only,,"**Video Script: ""Business Etiquette for New Employees at [Your Car Wash Business Name] in Japan""**

---

**[Opening Scene: A clean, modern car wash facility with a friendly and professional atmosphere. Soft Japanese music plays in the background.]**

**Narrator (Voiceover):**  
""Welcome to [Your Car Wash Business Name]. As we prepare you for your role in Japan, it's important to understand the unique business etiquette that will help you succeed and build strong relationships with our customers and colleagues.""

---

**[Scene 2: A group of new employees standing in a training room with a whiteboard displaying key points.]**

**Narrator (Voiceover):**  
""Japan places a high value on respect, formality, and long-term relationships. As a new employee, you will need to be aware of and follow these key business etiquette norms to ensure a successful and professional experience.""

---

**[Scene 3: A close-up of a new employee bowing slightly to a senior employee.]**

**Narrator (Voiceover):**  
""Respect for hierarchy and formality is essential. Always use the person's title or formal name, and avoid using first names unless you are very close. Show deference to your superiors"
78,1,Create a video script for training new employees of a car wash business in Japan. Highlight the above etiquette norms.,dflash,dflash,,"**Video Script: ""Business Etiquette for New Employees at [Your Car Wash Business Name] in Japan""**

---

**[Opening Scene: A clean, modern car wash facility with a friendly and professional atmosphere. Soft Japanese music plays in the background.]**

**Narrator (Voiceover):**  
""Welcome to [Your Car Wash Business Name]. As we prepare you for your role in Japan, it's important to understand the cultural and business etiquette that will help you succeed and be respected in this unique environment.""

---

**[Scene 2: A group of new employees standing in a training room with a whiteboard displaying key points.]**

**Narrator (Voiceover):**  
""Japan places a high value on respect, formality, and long-term relationships. As a new employee, you will need to be aware of and follow these key business etiquette norms to ensure professionalism and harmony in your work environment.""

---

**[Scene 3: A diagram or visual showing the hierarchy in a Japanese business setting.]**

**Narrator (Voiceover):**  
""First, respect for hierarchy and formality. In Japan, it's important to use the correct titles and formal language. You should address your superiors with respect and avoid using first names unless you"
78,1,Create a video script for training new employees of a car wash business in Japan. Highlight the above etiquette norms.,ddtree_tb16,dflash-original-ddtree,16,"**Video Script: ""Business Etiquette for New Employees at [Your Car Wash Business Name] in Japan""**

---

**[Opening Scene: A bright, modern car wash facility in Japan. Soft Japanese music plays in the background. A friendly host stands in front of a sign that reads: ""Welcome to [Your Car Wash Business Name] – Where Respect Meets Service.""]**

**Host (smiling):**  
""Welcome to [Your Car Wash Business Name], where we not only provide top-quality car wash services but also uphold the highest standards of business etiquette in Japan. As new employees, you will play a vital role in maintaining the reputation of our business. Today, we’ll walk you through the key business etiquette norms that will help you succeed in our Japanese market.""

---

**[Scene 2: Host standing in a meeting room with a whiteboard. The board has notes on business etiquette.]**

**Host:**  
""Let’s start with the first principle: **Respect for Hierarchy and Formality**. In Japan, respect for authority and seniority is deeply ingrained in culture. When you meet with our managers or customers, always use their titles and formal names. Avoid using first names unless you are very close. Also, always"
78,1,Create a video script for training new employees of a car wash business in Japan. Highlight the above etiquette norms.,ddtree_tb32,dflash-original-ddtree,32,"**Video Script: ""Business Etiquette for New Employees at [Your Car Wash Business Name] in Japan""**

---

**[Opening Scene: A clean, modern car wash facility with a friendly and professional atmosphere. Soft Japanese music plays in the background.]**

**Narrator (Voiceover):**  
""Welcome to [Your Car Wash Business Name]. As we prepare you for your role in Japan, it's important to understand the cultural and business etiquette that will help you succeed and be respected in this unique environment.""

---

**[Scene 2: A group of new employees standing in a training room with a whiteboard displaying key points.]**

**Narrator (Voiceover):**  
""Japan places a high value on respect, formality, and long-term relationships. As a new employee, you will need to be aware of and follow these key business etiquette norms to ensure professionalism and harmony in your work environment.""

---

**[Scene 3: A diagram or visual showing the hierarchy in a Japanese business setting.]**

**Narrator (Voiceover):**  
""First, respect for hierarchy and formality. In Japan, it's important to use the correct titles and formal language. You should address your superiors with respect and avoid using first names unless you"
78,1,Create a video script for training new employees of a car wash business in Japan. Highlight the above etiquette norms.,ddtree_tb64,dflash-original-ddtree,64,"**Video Script: ""Business Etiquette for New Employees at [Your Car Wash Business Name] in Japan""**

---

**[Opening Scene: A bright, modern car wash facility in Japan. Soft Japanese music plays in the background. A friendly host stands in front of a sign that reads: ""Welcome to [Your Car Wash Business Name] – Where Respect Meets Service.""]**

**Host (smiling):**  
""Welcome to [Your Car Wash Business Name], where we not only provide top-quality car wash services but also uphold the highest standards of business etiquette in Japan. As new employees, you will be part of a team that values respect, professionalism, and harmony. Today, we’ll walk you through the key business etiquette norms that will help you succeed in our Japanese market.""

---

**[Scene 2: Host standing in a clean, organized office with a whiteboard showing key points.]**

**Host:**  
""Let’s start with the first principle: **Respect for Hierarchy and Formality**. In Japan, respect for authority and seniority is deeply ingrained in culture. When you meet with our managers or customers, always use their titles and formal names. Avoid using first names unless you are very close. Also, remember to"
79,0,Suggest five award-winning documentary films with brief background descriptions for aspiring filmmakers to study.,baseline,target-only,,"Certainly! Here are five award-winning documentary films that are highly recommended for aspiring filmmakers to study. These films are not only critically acclaimed but also offer valuable insights into storytelling, cinematography, and the power of documentary filmmaking:

---

### 1. **""The Act of Killing"" (2012)**  
**Director:** Joshua Oppenheimer  
**Award:** Academy Award for Best Documentary Feature  
**Background:**  
This groundbreaking film explores the Indonesian genocide of 1965-66, in which thousands of people were killed by the military and their allies. Rather than relying on interviews with victims or perpetrators, the film follows a group of men who were involved in the killings and are asked to reenact the murders. The film challenges the viewer to confront the moral and psychological implications of mass violence, using a unique and unsettling approach to documentary filmmaking.

---

### 2. **""The Death of a Salesman"" (2005)**  
**Director:** Peter Rosen  
**Award:** Academy Award for Best Documentary Feature  
**Background:**  
This film is a fictionalized documentary that follows the life of Arthur Miller, the playwright of *The Death of a Salesman*. It blends real interviews with Miller and his family with dramat"
79,0,Suggest five award-winning documentary films with brief background descriptions for aspiring filmmakers to study.,dflash,dflash,,"Certainly! Here are five award-winning documentary films that are highly recommended for aspiring filmmakers to study. These films are not only critically acclaimed but also offer valuable insights into storytelling, cinematography, and the power of documentary filmmaking:

---

### 1. **""The Act of Killing"" (2012)**  
**Director:** Joshua Oppenheimer  
**Award:** Academy Award for Best Documentary Feature  
**Background:**  
This groundbreaking film explores the Indonesian genocide of 1965-66, in which thousands of people were killed. Rather than relying on interviews with victims or survivors, the film follows a group of men who were involved in the killings. They reenact the murders in a surreal, often humorous way, revealing the psychological impact of participating in such atrocities. The film is a masterclass in using non-traditional storytelling and perspective to explore complex historical events.

---

### 2. **""The Death of a Salesman"" (2005)**  
**Director:** Peter Rosen  
**Award:** Academy Award for Best Documentary Feature  
**Background:**  
This film is a fictionalized documentary about the life of Arthur Miller, the playwright of *The Death of a Salesman*. It uses a mix of archival footage, interviews,"
79,0,Suggest five award-winning documentary films with brief background descriptions for aspiring filmmakers to study.,ddtree_tb16,dflash-original-ddtree,16,"Certainly! Here are five award-winning documentary films that are highly recommended for aspiring filmmakers to study. These films are not only critically acclaimed but also offer valuable insights into storytelling, cinematography, and the power of documentary filmmaking:

---

### 1. **""The Act of Killing"" (2012)**  
**Director:** Joshua Oppenheimer  
**Award:** Academy Award for Best Documentary Feature  
**Background:**  
This groundbreaking film explores the Indonesian genocide of 1965-66, in which thousands of people were killed by the military and their allies. Rather than relying on interviews with victims or perpetrators, the film follows a group of men who were involved in the killings and are asked to reenact the murders. The film challenges the viewer to confront the moral and psychological implications of mass violence, using a unique and powerful narrative structure.

---

### 2. **""The Death of a Salesman"" (2005)**  
**Director:** Peter Rosen  
**Award:** Academy Award for Best Documentary Feature  
**Background:**  
This film is a fictionalized documentary about the life of Arthur Miller, the playwright of *The Death of a Salesman*. It uses a mix of archival footage, interviews, and reenactments to"
79,0,Suggest five award-winning documentary films with brief background descriptions for aspiring filmmakers to study.,ddtree_tb32,dflash-original-ddtree,32,"Certainly! Here are five award-winning documentary films that are highly recommended for aspiring filmmakers to study. These films are not only critically acclaimed but also offer valuable insights into storytelling, cinematography, and the power of documentary filmmaking:

---

### 1. **""The Act of Killing"" (2012)**  
**Director:** Joshua Oppenheimer  
**Award:** Academy Award for Best Documentary Feature  
**Background:**  
This groundbreaking film explores the Indonesian genocide of 1965-66, in which thousands of people were killed by the military and their allies. Rather than relying on interviews with victims or perpetrators, the film follows a group of men who were involved in the killings and are asked to reenact the murders. The film challenges the viewer to confront the moral and psychological implications of mass violence, using a unique and powerful narrative structure.

---

### 2. **""The Death of a Salesman"" (2005)**  
**Director:** Peter Rosen  
**Award:** Academy Award for Best Documentary Feature  
**Background:**  
This film is a fictionalized documentary that follows the life of Arthur Miller, the playwright of *The Death of a Salesman*. It blends real-life footage with reenactments and interviews, creating a"
79,0,Suggest five award-winning documentary films with brief background descriptions for aspiring filmmakers to study.,ddtree_tb64,dflash-original-ddtree,64,"Certainly! Here are five award-winning documentary films that are highly recommended for aspiring filmmakers to study. These films are not only critically acclaimed but also offer valuable insights into storytelling, cinematography, and the power of documentary filmmaking:

---

### 1. **""The Act of Killing"" (2012)**  
**Director:** Joshua Oppenheimer  
**Award:** Academy Award for Best Documentary Feature  
**Background:**  
This groundbreaking film explores the Indonesian genocide of 1965-66, in which thousands of people were killed by the military and their allies. Rather than relying on interviews with victims or perpetrators, the film follows a group of men who were involved in the killings and are asked to reenact the murders. The film challenges the audience to confront the moral and psychological implications of mass violence, using a unique and powerful narrative structure.

---

### 2. **""The Death of a Salesman"" (2005)**  
**Director:** Peter Rosen  
**Award:** Academy Award for Best Documentary Feature  
**Background:**  
This film is a fictionalized documentary about the life of Arthur Miller, the playwright of *The Death of a Salesman*. It uses a mix of archival footage, interviews, and reenactments to"
79,1,"With the spirit in the first film, craft a succinct and persuasive pitch for a film about overcoming adversity.",baseline,target-only,,"**Title:** *Rebirth in the Shadows*  

**Pitch:**  

In the aftermath of a devastating loss, a young woman returns to her hometown—a place of haunting memories and unspoken secrets. As she navigates the ruins of her past, she uncovers a hidden truth that forces her to confront the darkest corners of her own heart.  

*Rebirth in the Shadows* is a raw, unflinching documentary that follows a survivor’s journey through grief, guilt, and eventual redemption. Drawing inspiration from *The Act of Killing*, this film uses a unique, immersive approach to storytelling, blending real-life interviews with reenactments that challenge the viewer to reflect on the weight of memory and the power of truth.  

This is not just a story of survival—it’s a testament to the human spirit’s ability to rise, even in the face of the most profound darkness. *Rebirth in the Shadows* is a call to action, a reminder that healing begins with the courage to face the past."
79,1,"With the spirit in the first film, craft a succinct and persuasive pitch for a film about overcoming adversity.",dflash,dflash,,"**Title:** *Rebirth in the Shadows*  

**Pitch:**  

In the aftermath of a devastating loss, a young woman returns to her hometown—a place of haunting memories and unspoken secrets. As she navigates the ruins of her past, she uncovers a hidden truth that forces her to confront the darkest corners of her own heart.  

*Rebirth in the Shadows* is a raw, unflinching documentary that follows a survivor’s journey through grief, guilt, and eventual redemption. Drawing inspiration from *The Act of Killing*, this film uses a unique, immersive approach to storytelling, blending real-life interviews with reenactments that challenge the viewer to reflect on the weight of memory and the power of truth.  

This is not just a story of survival—it’s a testament to the human spirit’s ability to rise from the ashes. *Rebirth in the Shadows* is a powerful call to action, urging audiences to face their own shadows and find light in the darkest moments."
79,1,"With the spirit in the first film, craft a succinct and persuasive pitch for a film about overcoming adversity.",ddtree_tb16,dflash-original-ddtree,16,"**Title:** *Rebirth in the Shadows*  

**Pitch:**  

In the aftermath of a devastating loss, a young woman returns to her hometown, a once-thriving community now scarred by tragedy. As she navigates the remnants of a broken world, she uncovers a hidden truth: the past is not just a memory—it’s a living force that shapes the present.  

*Rebirth in the Shadows* is a raw, intimate documentary that follows a survivor’s journey through grief, guilt, and eventual redemption. With a haunting visual style and a narrative that mirrors the emotional arc of the subject, the film challenges viewers to confront their own shadows and find light in the darkest moments.  

Inspired by *The Act of Killing*, this film is a powerful exploration of how adversity can become the catalyst for transformation. It’s not just a story of survival—it’s a testament to the human spirit’s unyielding capacity to rise.  

**Why watch it?**  
A gripping, emotionally resonant film that asks: *What happens when the past refuses to stay buried?*"
79,1,"With the spirit in the first film, craft a succinct and persuasive pitch for a film about overcoming adversity.",ddtree_tb32,dflash-original-ddtree,32,"**Title:** *Rebirth in the Shadows*  

**Pitch:**  

In the aftermath of a devastating loss, a young woman returns to her hometown, a once-thriving community now scarred by tragedy. As she navigates the remnants of a broken world, she uncovers a hidden truth: the past is not just a memory—it’s a living force that shapes the present.  

*Rebirth in the Shadows* is a raw, intimate documentary that follows a survivor’s journey through grief, guilt, and eventual redemption. With a haunting visual style and a narrative that mirrors the emotional arc of the subject, the film challenges viewers to confront their own shadows and find light in the darkest moments.  

Inspired by *The Act of Killing*, this film is a powerful exploration of how adversity can become the catalyst for transformation. It’s not just a story of survival—it’s a testament to the human spirit’s unyielding capacity to rise.  

**Why watch it?**  
A gripping, emotionally resonant film that asks: *What happens when the past refuses to stay buried?*"
79,1,"With the spirit in the first film, craft a succinct and persuasive pitch for a film about overcoming adversity.",ddtree_tb64,dflash-original-ddtree,64,"**Title:** *Rebirth in the Shadows*  

**Pitch:**  

In the aftermath of a devastating loss, a young woman returns to her hometown—a place of haunting memories and unspoken secrets. As she navigates the ruins of her past, she uncovers a hidden truth that forces her to confront the darkest corners of her own heart.  

*Rebirth in the Shadows* is a raw, unflinching documentary that follows the journey of a survivor rebuilding her life after trauma. With a narrative as fragmented as memory itself, the film uses intimate interviews, haunting visuals, and a nonlinear structure to explore the power of resilience.  

Inspired by *The Act of Killing*, this film doesn’t just tell a story—it *forces* the audience to reckon with their own capacity for survival. It’s a testament to the human spirit, a call to face the shadows, and a reminder that even in the darkest moments, there is a light to be found.  

*Rebirth in the Shadows* is not just a film—it’s a mirror, a challenge, and a beacon of hope."
