sample_index,method_key,method,budget,gold,prediction,extracted,is_correct,error
0,baseline,target-only,,900,"We are given that the product of two integers, 240 and $ k $, is a **perfect cube**. We are to find the **smallest possible positive value of $ k $** such that this condition is satisfied.

---

### Step 1: Prime Factorization of 240

We start by factoring 240 into its prime factors:

$$
240 = 2^4 \times 3^1 \times 5^1
$$

So, the prime factorization of 240 is:

$$
240 = 2^4 \cdot 3^1 \cdot 5^1
$$

---

### Step 2: Understanding the Condition

We are told that:

$$
240 \cdot k = \text{a perfect cube}
$$

Let’s denote the prime factorization of $ k $ as:

$$
k = 2^a \cdot 3^b \cdot 5^c \cdot \text{(other primes)}
$$

Then the product $ 240 \cdot k $ becomes:

$$
240 \cdot k = 2^{4+a} \cdot 3^{1+b} \cdot","(['900', '900'], ['3', '3'])",False,
1,baseline,target-only,,32,"We are given an **isosceles right triangle** with an **altitude to the hypotenuse** of length $ 4\sqrt{2} $, and we are to find the **area** of the triangle.

---

### Step 1: Understand the triangle

An **isosceles right triangle** has:

- Two legs of equal length.
- A right angle between the two legs.
- The hypotenuse is the side opposite the right angle.

Let the legs be of length $ a $. Then the hypotenuse is:

$$
\text{Hypotenuse} = a\sqrt{2}
$$

---

### Step 2: Use the altitude to the hypotenuse

In a right triangle, the **altitude to the hypotenuse** divides the triangle into two smaller, similar right triangles.

Let’s denote:

- $ h = 4\sqrt{2} $: the altitude to the hypotenuse.
- $ a $: the length of each leg.
- $ c = a\sqrt{2} $: the hypotenuse.

In a right triangle, the **area** can be expressed in two ways:

$$
\text{Area} = \frac{1}{2} \cdot","(['32', '32'], ['1/2', '\\frac{1}{2}'])",False,
2,baseline,target-only,,120^\circ,"We are given the expression:

$$
\tan \theta = \frac{\cos 5^\circ \cos 20^\circ + \cos 35^\circ \cos 50^\circ - \sin 5^\circ \sin 20^\circ - \sin 35^\circ \sin 50^\circ}{\sin 5^\circ \cos 20^\circ - \sin 35^\circ \cos 50^\circ + \cos 5^\circ \sin 20^\circ - \cos 35^\circ \sin 50^\circ}
$$

We are to find the **least positive angle** $\theta$ such that this equation holds.

---

### Step 1: Recognize trigonometric identities

Let’s look at the **numerator** and **denominator** separately.

#### Numerator:
$$
\cos 5^\circ \cos 20^\circ + \cos 35^\circ \cos 50^\circ - \sin 5^\circ \sin 20^\circ - \sin 35^\circ \sin 50^\circ
$$

Group terms:
$$
(\cos 5","(['120', '120^\\circ'], ['5', '5'])",False,
3,baseline,target-only,,-120,"We are given the following system of equations:

$$
\begin{cases}
a + b = 8 \quad \text{(1)} \\
b + c = -3 \quad \text{(2)} \\
a + c = -5 \quad \text{(3)}
\end{cases}
$$

We are asked to find the value of the product $ abc $.

---

### Step 1: Add all three equations

Add equations (1), (2), and (3):

$$
(a + b) + (b + c) + (a + c) = 8 + (-3) + (-5)
$$

Simplify the left-hand side:

$$
a + b + b + c + a + c = 2a + 2b + 2c
$$

Right-hand side:

$$
8 - 3 - 5 = 0
$$

So:

$$
2a + 2b + 2c = 0
$$

Divide both sides by 2:

$$
a + b + c = 0 \quad \text{(4)}
$$

---

### Step 2: Use equation (4) to find one variable

From equation (4): $ a","(['-120', '-120'], ['2', '2'])",False,
4,baseline,target-only,,25,"We are given that $ A $ is the **sum of the positive divisors** of $ 500 $, and we are to find the **sum of the distinct prime divisors** of $ A $.

---

### Step 1: Prime Factorization of 500

We start by factoring 500:

$$
500 = 5^3 \times 2^2
$$

So, the prime factorization of 500 is:

$$
500 = 2^2 \times 5^3
$$

---

### Step 2: Use the Formula for the Sum of Divisors

The **sum of the positive divisors** of a number $ n = p_1^{e_1} p_2^{e_2} \cdots p_k^{e_k} $ is given by:

$$
\sigma(n) = (1 + p_1 + p_1^2 + \cdots + p_1^{e_1}) \times (1 + p_2 + p_2^2 + \cdots + p_2^{e_2}) \times \cdots
$$

So for $ 500","(['25', '25'], ['500', '500'])",False,
5,baseline,target-only,,2516_8,"We are given a binary number:

$$
10101001110_2
$$

We are to convert this binary number to **base 8** (octal).

---

### Step 1: Understand the relationship between binary and octal

Each **octal digit** corresponds to **3 binary digits**. So, we can group the binary number into sets of 3 bits starting from the right.

Let’s write the binary number again:

$$
10101001110_2
$$

We need to group it into sets of 3 bits from the right. If the number of bits is not a multiple of 3, we pad with leading zeros.

Let’s count the number of bits:

$$
10101001110 \rightarrow 11 \text{ bits}
$$

We need to add **2 leading zeros** to make it 12 bits (a multiple of 3):

$$
0010101001110
$$

Now group into 3-bit chunks from the right:

$$
001\ 010\ 100\ 111\","(['2516', '2516_8'], ['111', '111'])",False,
6,baseline,target-only,,3,"We are asked to find how many **two-digit primes** have digits that **sum to 8**.

---

### Step 1: Understand the problem

We are looking for **two-digit prime numbers** such that the **sum of their digits is 8**.

Let’s denote a two-digit number as $ \overline{ab} $, where:

- $ a $ is the tens digit (1 to 9)
- $ b $ is the units digit (0 to 9)

Then the number is $ 10a + b $, and the sum of the digits is:

$$
a + b = 8
$$

We need to find all such numbers that are **prime**.

---

### Step 2: Find all two-digit numbers with digit sum 8

We can list all pairs $ (a, b) $ such that $ a + b = 8 $, where $ a \in [1, 9] $, $ b \in [0, 9] $, and $ a + b = 8 $.

Let’s list them:

- $ a = 1, b = 7 $ → 17
- $ a = 2, b = 6 $","(['3', '3'], ['{Eq(a, 2), Eq(b, 6)}', 'a = 2, b = 6'])",False,
7,baseline,target-only,,\begin{pmatrix} -2 \\ -14 \\ -7 \end{pmatrix},"We are given a matrix $\mathbf{A}$ such that:

$$
\mathbf{A} \begin{pmatrix} 3 \\ 1 \\ 0 \end{pmatrix} = \begin{pmatrix} 2 \\ 4 \\ -3 \end{pmatrix}, \quad \mathbf{A} \begin{pmatrix} -5 \\ 2 \\ 2 \end{pmatrix} = \begin{pmatrix} 0 \\ -5 \\ -5 \end{pmatrix}
$$

We are asked to find:

$$
\mathbf{A} \begin{pmatrix} -13 \\ 3 \\ 4 \end{pmatrix}
$$

---

### Step 1: Express the vector $\begin{pmatrix} -13 \\ 3 \\ 4 \end{pmatrix}$ as a linear combination of the given vectors

Let’s denote:

$$
\mathbf{v}_1 = \begin{pmatrix} 3 \\ 1 \\ 0 \end{pmatrix}, \quad \mathbf{v}_2 = \begin{pmatrix} -5 \\ 2 \\ 2 \end{pmatrix}
$$

","(['Matrix([[-2], [-14], [-7]])', '\\begin{pmatrix} -2 \\\\ -14 \\\\ -7 \\end{pmatrix}'], ['{Eq(v_1, Matrix([\n[3],\n[1],\n[0]])), Eq(v_2, Matrix([\n[-5],\n[ 2],\n[ 2]]))}', '\\text{v}_1 = \\begin{pmatrix} 3 \\\\ 1 \\\\ 0 \\end{pmatrix}, \\quad \\text{v}_2 = \\begin{pmatrix} -5 \\\\ 2 \\\\ 2 \\end{pmatrix}'])",False,
8,baseline,target-only,,4,"We are given the equation:

$$
\frac{6r^2 - 19r - 7}{2r - 7} = 4r - 3
$$

---

### Step 1: Eliminate the denominator

Multiply both sides of the equation by $2r - 7$ (assuming $2r - 7 \ne 0$):

$$
6r^2 - 19r - 7 = (4r - 3)(2r - 7)
$$

---

### Step 2: Expand the right-hand side

$$
(4r - 3)(2r - 7) = 4r \cdot 2r + 4r \cdot (-7) - 3 \cdot 2r - 3 \cdot (-7)
$$
$$
= 8r^2 - 28r - 6r + 21 = 8r^2 - 34r + 21
$$

So the equation becomes:

$$
6r^2 - 19r - 7 = 8r^2 - 34r + 21
$$

---

### Step 3: Move all","(['4', '4'], ['3', '3'])",False,
9,baseline,target-only,,\frac{\sqrt{3}}{3},"We are given the expression:

$$
\sqrt{\sqrt[3]{\sqrt{\frac{1}{729}}}}
$$

We are to **simplify** this expression and write the result with a **rational denominator**.

---

### Step 1: Simplify the innermost radical

We start with:

$$
\sqrt{\frac{1}{729}}
$$

Recall that:

$$
\sqrt{\frac{1}{729}} = \frac{1}{\sqrt{729}} = \frac{1}{27}
$$

Because $ \sqrt{729} = 27 $, since $ 27^2 = 729 $.

So now the expression becomes:

$$
\sqrt{\sqrt[3]{\frac{1}{27}}}
$$

---

### Step 2: Simplify the cube root

$$
\sqrt[3]{\frac{1}{27}} = \frac{1}{\sqrt[3]{27}} = \frac{1}{3}
$$

Because $ \sqrt[3]{27} = 3 $, since $ 3^3 = 27 $.

","(['sqrt(3)/3', '\\frac{\\sqrt{3}}{3}'], ['Eq(3**3, 27)', '3^3 = 27'])",False,
10,baseline,target-only,,1251,"We are told that **two-thirds** of the students at Baker Middle School take music, and that **834 students** take music.

Let’s denote the **total number of students** at the school as $ x $.

We are given:

$$
\frac{2}{3}x = 834
$$

To find $ x $, we solve the equation:

$$
x = 834 \times \frac{3}{2}
$$

Now calculate:

$$
x = 834 \times 1.5 = 1251
$$

### Final Answer:
$$
\boxed{1251}
$$

So, there are **1251 students** at Baker Middle School.","(['1251', '1251'], ['1251', '1251'])",True,
11,baseline,target-only,,\text{(C)},"We are given the equation in **cylindrical coordinates**:

$$
z = c
$$

and asked to determine the **shape** described by this equation, with the options being:

- (A) Line  
- (B) Circle  
- (C) Plane  
- (D) Sphere  
- (E) Cylinder  
- (F) Cone  

---

### Step 1: Understand Cylindrical Coordinates

In **cylindrical coordinates**, a point is represented as:

$$
(r, \theta, z)
$$

where:

- $ r $ is the **radial distance** from the $ z $-axis,
- $ \theta $ is the **angle** in the $ xy $-plane,
- $ z $ is the **height** above the $ xy $-plane.

So, the equation $ z = c $ means that the **height** is constant, regardless of the values of $ r $ and $ \theta $.

---

### Step 2: Interpret the Equation

The equation $ z = c $ says that for **any** $ r $ and $ \theta $, the $ z $-coordinate is fixed at $ c $. That means the surface is a **horizontal plane** that is parallel","(['c', '\\text{(C)}'], ['c', 'c'])",True,
12,baseline,target-only,,17,"We are given that for all $ x \in [0, 1] $, the inequality
$$
|ax^2 + bx + c| \le 1
$$
holds, and we are to find the **largest possible value of** $ |a| + |b| + |c| $.

---

### Step 1: Understand the constraint

We are told that the quadratic function
$$
f(x) = ax^2 + bx + c
$$
satisfies
$$
|f(x)| \le 1 \quad \text{for all } x \in [0, 1].
$$
This means that the graph of the quadratic lies between the lines $ y = 1 $ and $ y = -1 $ on the interval $ [0, 1] $.

We are to **maximize** the sum of the absolute values of the coefficients:
$$
|a| + |b| + |c|.
$$

---

### Step 2: Use known bounds for such quadratics

There is a known result in approximation theory that gives the **maximum possible value of** $ |a| + |b| + |c| $ under the constraint that
$$
|","(['17', '17'], ['Abs(a) + Abs(b) + Abs(c)', '|a| + |b| + |c|'])",False,
13,baseline,target-only,,17,"We are given the coordinates of three vertices of a **parallelogram**:

- $ A = (5, 3) $
- $ B = (6, 8) $
- $ C = (7, 4) $
- The fourth vertex is $ D = (x, y) $, and we are told that $ x > 7 $

We are to find the value of $ x + y $.

---

### Step 1: Use the property of a parallelogram

In a **parallelogram**, the **diagonals bisect each other**. That is, the **midpoint of one diagonal is the same as the midpoint of the other diagonal**.

So, if we assume that the diagonals are $ AC $ and $ BD $, then the midpoints of $ AC $ and $ BD $ must be the same.

Let’s compute the midpoint of diagonal $ AC $:

- $ A = (5, 3) $
- $ C = (7, 4) $

Midpoint of $ AC $:

$$
\left( \frac{5 + 7}{2}, \frac{3 + 4}{2} \right) = \left( \frac{12}{","(['17', '17'], ['4', '4'])",False,
14,baseline,target-only,,3,"We are given that:

$$
(x - 1) \cdot f(x) = 3x^4 + x^3 - 25x^2 + 38x - 17
$$

We are asked to find the **degree** of the polynomial $ f(x) $.

---

### Step 1: Understand the structure

Let’s denote:

$$
P(x) = (x - 1) \cdot f(x) = 3x^4 + x^3 - 25x^2 + 38x - 17
$$

This tells us that $ f(x) $ is a polynomial such that when multiplied by $ (x - 1) $, the result is the given polynomial $ P(x) $.

So, to find the degree of $ f(x) $, we can use the fact that:

$$
\deg(P(x)) = \deg((x - 1) \cdot f(x)) = \deg(x - 1) + \deg(f(x))
$$

We know:

- $ \deg(x - 1) = 1 $
- $ \deg(P(x)) = 4 $ (since the highest degree term is $ 3","(['3', '3'], ['3', '3'])",True,
15,baseline,target-only,,\begin{pmatrix} 1/5 \\ -18/5 \end{pmatrix},"We are given that a **reflection** takes the vector  
$$
\begin{pmatrix} 5 \\ 0 \end{pmatrix}
$$  
to  
$$
\begin{pmatrix} 4 \\ 3 \end{pmatrix}.
$$  
We are to find where the reflection takes  
$$
\begin{pmatrix} -2 \\ 3 \end{pmatrix}.
$$

---

### Step 1: Understand the reflection

A **reflection** is a linear transformation that maps a vector to its mirror image across a line (or plane). In 2D, a reflection is a **linear transformation** of the form:

$$
R = I - 2 \cdot \text{proj}_{\mathbf{u}} \mathbf{v}
$$

where $\mathbf{u}$ is a unit vector along the line of reflection, and $\text{proj}_{\mathbf{u}} \mathbf{v}$ is the projection of $\mathbf{v}$ onto $\mathbf{u}$.

But we don't know the line of reflection. However, we **do** know that the reflection maps:

$$
\begin{pmatrix} 5 \\ 0 \end{","(['Matrix([[1/5], [-18/5]])', '\\begin{pmatrix} 1/5 \\\\ -18/5 \\end{pmatrix}'], ['0', '0'])",False,
16,baseline,target-only,,28800,"We are given a Senate committee with:

- 5 Democrats
- 5 Republicans
- 1 Independent

We are to find the number of **distinct ways** they can sit **around a circular table**, with the condition that **all members of each party sit next to each other**. Also, **rotations of the same arrangement are considered equivalent**.

---

### Step 1: Understand the seating arrangement

We are arranging **6 people** around a **circular table**. However, the **grouping** is important:

- All **Democrats** must sit **together**.
- All **Republicans** must sit **together**.
- The **Independent** is **alone**.

So, we can think of the seating as:

- A **block of 5 Democrats**
- A **block of 5 Republicans**
- A **single Independent**

These three blocks are to be arranged **around the circular table**.

---

### Step 2: Circular arrangement of blocks

In a **circular arrangement**, the number of ways to arrange **n** distinct objects is **(n - 1)!**.

Here, we have **3 blocks** (Democrats, Republicans, Independent), so the number of **distinct circular arrangements** of","(['28800', '28800'], ['3', '3'])",False,
17,baseline,target-only,,11,"We are given the equation:

$$
\frac{2}{3} = \frac{4}{x - 5}
$$

---

### Step 1: Cross-multiply to eliminate the fractions

Multiply both sides of the equation by $3(x - 5)$ to eliminate the denominators:

$$
2(x - 5) = 3 \cdot 4
$$

$$
2(x - 5) = 12
$$

---

### Step 2: Distribute the 2 on the left side

$$
2x - 10 = 12
$$

---

### Step 3: Solve for $x$

Add 10 to both sides:

$$
2x = 22
$$

Divide both sides by 2:

$$
x = 11
$$

---

### Final Answer:

$$
\boxed{11}
$$","(['11', '11'], ['11', '11'])",True,
18,baseline,target-only,,898,"We are given a recurrence relation:

$$
x_n = x_{n-1} - x_{n-2} + x_{n-3} - x_{n-4} \quad \text{for } n \geq 5
$$

with initial values:

$$
x_1 = 211, \quad x_2 = 375, \quad x_3 = 420, \quad x_4 = 523
$$

We are to find:

$$
x_{531} + x_{753} + x_{975}
$$

---

### Step 1: Understand the recurrence

The recurrence is:

$$
x_n = x_{n-1} - x_{n-2} + x_{n-3} - x_{n-4}
$$

This is a **linear recurrence relation** of order 4. To find a pattern, we can compute the first few terms and look for periodicity.

---

### Step 2: Compute the first few terms

We are given:

$$
x_1 = 211, \quad x_2 = 375, \quad x_3","(['898', '898'], ['375', '375'])",False,
19,baseline,target-only,,-2,"We are given that:

$$
z + \frac{1}{z} = \frac{1 + \sqrt{5}}{2}
$$

We are to find:

$$
z^{85} + \frac{1}{z^{85}}
$$

---

### Step 1: Recognize the expression

Let’s denote:

$$
\alpha = \frac{1 + \sqrt{5}}{2}
$$

This is the **golden ratio**, often denoted by $\phi$. So we have:

$$
z + \frac{1}{z} = \phi
$$

We are to compute:

$$
z^{85} + \frac{1}{z^{85}}
$$

---

### Step 2: Use recurrence relation

Let’s define a sequence:

$$
a_n = z^n + \frac{1}{z^n}
$$

We are given:

$$
a_1 = \phi
$$

We can find a recurrence relation for $a_n$. Note that:

$$
a_1 = z + \frac{1}{z} = \phi
$$

$$
a_2 = z^2 + \frac{1}{z^2} =","(['-2', '-2'], ['Eq(a_1, z + 1/z) & Eq(z + 1/z, phi)', 'a_1 = z + \\frac{1}{z} = \\phi'])",False,
20,baseline,target-only,,\frac 59,"We are asked to compute:

$$
0.\overline{7} - 0.\overline{4} + 0.\overline{2}
$$

and express the result as a **common fraction**.

---

### Step 1: Convert repeating decimals to fractions

We'll convert each repeating decimal to a fraction using the standard method for repeating decimals.

#### 1. Convert $ 0.\overline{7} $ to a fraction

Let $ x = 0.\overline{7} $

Then:

$$
10x = 7.\overline{7}
$$

Subtract:

$$
10x - x = 7.\overline{7} - 0.\overline{7} \Rightarrow 9x = 7 \Rightarrow x = \frac{7}{9}
$$

So:

$$
0.\overline{7} = \frac{7}{9}
$$

---

#### 2. Convert $ 0.\overline{4} $ to a fraction

Let $ x = 0.\overline{4} $

Then:

$$
10x = 4.\overline{4}
$$

Subtract:

$$
10x - x","(['5/9', '\\frac{5}{9}'], ['10', '10'])",False,
21,baseline,target-only,,"-2,1","We are given the polynomial:

$$
x^4 + 5x^3 + 9x^2 - x - 14 = 0
$$

We are to **find all the integer roots** of this polynomial.

---

### Step 1: Use the **Rational Root Theorem**

The **Rational Root Theorem** says that any rational root of a polynomial with integer coefficients must be of the form:

$$
\frac{p}{q}
$$

where $ p $ is a factor of the **constant term** and $ q $ is a factor of the **leading coefficient**.

In this case:

- Constant term = $-14$
- Leading coefficient = $1$

So the possible rational roots are the **factors of -14**:

$$
\pm1, \pm2, \pm7, \pm14
$$

Since we are only interested in **integer roots**, we only need to test these values.

---

### Step 2: Test each possible integer root

We will test each of the values $ \pm1, \pm2, \pm7, \pm14 $ in the polynomial:

$$
f(x) = x^4 + 5x","(['{-2, 1}', '-2,1'], ['5', '5'])",False,
22,baseline,target-only,,6 - 5i,"We are given:

- $ z = 2 + \sqrt{2} - (3 + 3\sqrt{2})i $
- $ c = 2 - 3i $
- $ w $ is the result of rotating $ z $ around $ c $ by $ \frac{\pi}{4} $ **counter-clockwise**

We are to find $ w $.

---

### Step 1: Understand the rotation

To rotate a complex number $ z $ around another complex number $ c $ by an angle $ \theta $, we can use the formula:

$$
w = (z - c) \cdot e^{i\theta} + c
$$

Here:
- $ z $ is the point to rotate
- $ c $ is the center of rotation
- $ \theta = \frac{\pi}{4} $, so $ e^{i\theta} = e^{i\pi/4} = \cos\left(\frac{\pi}{4}\right) + i\sin\left(\frac{\pi}{4}\right) = \frac{\sqrt{2}}{2} + i\frac{\sqrt{2}}{2} $

---

### Step 2: Compute $ z -","(['-1*5*i + 6', '6 - 5i'], ['2', '2'])",False,
23,baseline,target-only,,16,"We are given that the two-digit integer $ \text{AB} $, when cubed, equals $ 912,673 $. We are to find the value of $ A + B $, where $ \text{AB} $ is a two-digit number.

---

### Step 1: Understand the notation

The two-digit number $ \text{AB} $ is a number like 12, 34, etc., where $ A $ is the tens digit and $ B $ is the units digit. So, the number is:

$$
\text{AB} = 10A + B
$$

We are told:

$$
(10A + B)^3 = 912673
$$

---

### Step 2: Estimate the cube root

We need to find the cube root of 912,673 to find the two-digit number $ \text{AB} $.

Let’s estimate:

$$
\sqrt[3]{912673} \approx ?
$$

Try some cube values:

- $ 90^3 = 729000 $
- $ 95^3 = 8573","(['16', '16'], ['8573', '8573'])",False,
24,baseline,target-only,,540,"We are given:

- **6 cars** pull up to a red light, **one at a time**.
- There are **3 lanes** at the intersection:
  - **Left-turn lane**
  - **Straight-going lane**
  - **Right-turn lane**
- We are to find the number of **ways** the cars can **stack up** such that **all three lanes are occupied**.
- The **cars are distinguishable**, and the **order in which they arrive** is fixed (i.e., the first car is the first to arrive, the second is the next, etc.).
- The **lanes are distinguishable** (left, straight, right), and each car must choose one of the three lanes.

---

### Step 1: Understand the problem

We are to count the number of **valid sequences** of 6 cars, where each car chooses one of the 3 lanes, and **all three lanes are used at least once**.

This is a **permutation with constraints** problem.

Each car is **distinguishable**, so the **order in which they arrive** matters. But the **lane choice** also matters.

So, we are to count the number of **sequences of 6 cars**, where","(['540', '540'], ['6', '6'])",False,
25,baseline,target-only,,2\sqrt{5},"We are given a point $(6, 0)$ and a line $y = 2x - 2$, and we are asked to find the **shortest distance** from the point to the line.

---

### Step 1: Use the point-to-line distance formula

The **shortest distance** from a point $(x_0, y_0)$ to a line $Ax + By + C = 0$ is given by:

$$
\text{Distance} = \frac{|Ax_0 + By_0 + C|}{\sqrt{A^2 + B^2}}
$$

First, we rewrite the line equation $y = 2x - 2$ in standard form:

$$
y = 2x - 2 \Rightarrow 2x - y - 2 = 0
$$

So, $A = 2$, $B = -1$, and $C = -2$.

Now, plug in the point $(6, 0)$:

$$
\text{Distance} = \frac{|2(6) + (-1)(0) - 2|}{\sqrt{2^2 + (-1)^2}} = \frac{|12 - 0","(['2*sqrt(5)', '2\\sqrt{5}'], ['0', '0'])",False,
26,baseline,target-only,,-9,"We are given the expression:

$$
1 + 2 + 3 - 4 + 5 + 6
$$

We are allowed to **add parentheses** (but **not rearrange the order** of the terms), and we are to find the **minimum possible value** of the expression under these constraints.

---

### Step 1: Understand the original expression

Let’s first compute the original value without parentheses:

$$
1 + 2 + 3 - 4 + 5 + 6 = (1 + 2 + 3) + (5 + 6) - 4 = 6 + 11 - 4 = 13
$$

So the original value is **13**.

---

### Step 2: Goal

We are to **add parentheses** (not change the order of the terms) to **minimize** the value of the expression.

We **cannot** change the order of the terms or use multiplication (e.g., we can't do something like $(1+2+3)(-4)+5+6$).

---

### Step 3: Strategy

We want to **minimize** the value. To do that, we want to **maximize the negative contributions","(['-9', '-9'], ['3', '3'])",False,
27,baseline,target-only,,60,"We are given:

- **6 witches**
- **10 sorcerers**

Each **witch** shakes hands with **each sorcerer**, but:

- **Witches do not shake hands with each other** (they are good friends).
- **Sorcerers do not shake hands with each other** (they hate each other).

So, the only handshakes that happen are between **witches and sorcerers**.

---

### Step 1: Count the number of possible handshakes between witches and sorcerers

Each of the **6 witches** shakes hands with **10 sorcerers**.

So, the total number of handshakes is:

$$
6 \text{ witches} \times 10 \text{ sorcerers} = 60 \text{ handshakes}
$$

---

### Step 2: Check for any overcounting or invalid handshakes

- Witches don’t shake hands with other witches → no handshakes between witches.
- Sorcerers don’t shake hands with other sorcerers → no handshakes between sorcerers.
- Only handshakes between witches and sorcerers are valid.

So, the total number of handshakes is:

","(['60', '60'], ['2', '2'])",False,
28,baseline,target-only,,10,"We are given the polynomial:

$$
x^8 + 3x^4 - 4
$$

and asked to factor it into irreducible monic polynomials with integer coefficients, and then compute the sum of the values of these polynomials evaluated at $ x = 1 $.

---

### Step 1: Factor the polynomial

We are given:

$$
x^8 + 3x^4 - 4
$$

Let’s make a substitution to simplify the expression. Let:

$$
y = x^4
$$

Then the polynomial becomes:

$$
y^2 + 3y - 4
$$

This is a quadratic in $ y $, so we can factor it:

$$
y^2 + 3y - 4 = (y + 4)(y - 1)
$$

Now substitute back $ y = x^4 $:

$$
(x^4 + 4)(x^4 - 1)
$$

So the original polynomial factors as:

$$
x^8 + 3x^4 - 4 = (x^4 + 4)(x^4 - 1)
$$

---

### Step 2: Factor each factor further

We now factor","(['10', '10'], ['2', '2'])",False,
29,baseline,target-only,,14,"We are asked to simplify the expression:

$$
(u+4)(u-1) - (u-3)(u+6)
$$

---

### Step 1: Expand each product

**First term:**
$$
(u+4)(u-1) = u(u-1) + 4(u-1) = u^2 - u + 4u - 4 = u^2 + 3u - 4
$$

**Second term:**
$$
(u-3)(u+6) = u(u+6) - 3(u+6) = u^2 + 6u - 3u - 18 = u^2 + 3u - 18
$$

---

### Step 2: Subtract the second expanded expression from the first

$$
(u^2 + 3u - 4) - (u^2 + 3u - 18)
$$

Distribute the negative sign:

$$
u^2 + 3u - 4 - u^2 - 3u + 18
$$

Now combine like terms:

- $u^2 - u^2 = 0$
- $3u - 3","(['14', '14'], ['3', '3'])",False,
30,baseline,target-only,,0,"We are given a piecewise function:

$$
f(x) = \begin{cases}
3 - x & \text{if } x \leq 3, \\
-x^3 + 2x^2 + 3x & \text{if } x > 3.
\end{cases}
$$

We are asked to compute:

$$
f^{-1}(0) + f^{-1}(6)
$$

---

### Step 1: Find $ f^{-1}(0) $

We need to find the value of $ x $ such that $ f(x) = 0 $.

We'll check both cases of the piecewise function.

#### Case 1: $ x \leq 3 $

$$
f(x) = 3 - x
$$

Set $ f(x) = 0 $:

$$
3 - x = 0 \Rightarrow x = 3
$$

Check if $ x = 3 $ satisfies the condition $ x \leq 3 $: **Yes**.

So, $ f(3) = 0 $, so $ f^{-1}(0) = 3 $.

---

### Step 2: Find $ f^{-1}(6) $

We need","(['0', '0'], ['1/f(6)', 'f^{-1}(6)'])",False,
31,baseline,target-only,,0.15,"We are asked to write the fraction $\frac{3}{20}$ as a decimal.

---

### Step 1: Understand the fraction
The fraction is:

$$
\frac{3}{20}
$$

This means 3 divided by 20.

---

### Step 2: Perform the division
We can divide 3 by 20:

$$
3 \div 20 = 0.15
$$

---

### Step 3: Verify the result
To check, multiply the decimal by 20:

$$
0.15 \times 20 = 3
$$

This confirms that the decimal is correct.

---

### Final Answer:

$$
\boxed{0.15}
$$","(['0.150000000000000', '0.15'], ['0.150000000000000', '0.15'])",True,
32,baseline,target-only,,\frac{2}{1005},"We are given the equation:

$$
\frac{1}{x^2 - 1} + \frac{2}{x^2 - 2} + \frac{3}{x^2 - 3} + \frac{4}{x^2 - 4} = 2010x - 4
$$

We are to **find the sum of all complex solutions** of this equation.

---

### Step 1: Let’s make a substitution

Let:

$$
y = x^2
$$

Then the equation becomes:

$$
\frac{1}{y - 1} + \frac{2}{y - 2} + \frac{3}{y - 3} + \frac{4}{y - 4} = 2010x - 4
$$

But this still has both $ y $ and $ x $, and $ y = x^2 $, so we need to be careful. However, we can **try to find the sum of all complex solutions** of the original equation, **without solving explicitly**.

---

### Step 2: Consider the function on the left-hand side

Let’s define:

$$
f(x) = \","(['2/1005', '\\frac{2}{1005}'], ['2', '2'])",False,
33,baseline,target-only,,6,"We are given:

- 2 **indistinguishable** IMO gold medals (let's call them **I**),
- 2 **indistinguishable** IPhO gold medals (let's call them **P**).

We are to arrange these 4 medals in a **row**, and we want to find the number of **distinct arrangements** possible.

---

### Step 1: Understand the problem

We have 4 medals in total:

- 2 of type **I** (indistinguishable),
- 2 of type **P** (indistinguishable).

We are to arrange them in a row, and we want to count how many **distinct** arrangements are possible.

This is a **permutation of multiset** problem.

---

### Step 2: Use the formula for permutations of a multiset

The number of distinct arrangements of $ n $ items where there are duplicates is given by:

$$
\frac{n!}{n_1! \cdot n_2! \cdot \ldots \cdot n_k!}
$$

Where:
- $ n $ is the total number of items,
- $ n_1, n_2, \ldots, n_k $ are the counts of each distinct type.

In our","(['6', '6'], ['n', 'n_1, n_2,  , n_k'])",False,
34,baseline,target-only,,28,"We are given the problem of selecting **6 cookies** from a tray that contains **three types of cookies**: **chocolate chip**, **oatmeal**, and **peanut butter**. Each type has **at least 6 cookies**, and **cookies of the same type are indistinguishable**.

We are to find the number of **different assortments** of 6 cookies that can be selected.

---

### Step 1: Understand the Problem

We are to count the number of **non-negative integer solutions** to the equation:

$$
x_1 + x_2 + x_3 = 6
$$

Where:
- $ x_1 $ = number of chocolate chip cookies
- $ x_2 $ = number of oatmeal cookies
- $ x_3 $ = number of peanut butter cookies

Each $ x_i \geq 0 $, and we are to count the number of **distinct combinations** of these values that sum to 6.

This is a classic **stars and bars** problem.

---

### Step 2: Apply the Stars and Bars Theorem

The number of non-negative integer solutions to:

$$
x_1 + x_2 + x_3 = 6
$$

is","(['28', '28'], ['Eq(x_1 + x_2 + x_3, 6)', 'x_1 + x_2 + x_3 = 6'])",False,
35,baseline,target-only,,\frac{16}{27},"We are given the following:

- Sam is carrying a **2-gallon** bucket of milk.
- The distance from the barn to his house is **3 miles**.
- For **each mile** he walks, the **amount of milk in the bucket is multiplied by $\frac{2}{3}$**.
- We are to find how many gallons of milk are left in the bucket **when he gets home**.

---

### Step 1: Understand the process

At the **start**, the bucket has **2 gallons**.

For **each mile**, the amount of milk is multiplied by $\frac{2}{3}$.

So, after:

- **1 mile**: $2 \times \frac{2}{3}$
- **2 miles**: $2 \times \left(\frac{2}{3}\right)^2$
- **3 miles**: $2 \times \left(\frac{2}{3}\right)^3$

We need to compute the amount of milk after **3 miles**.

---

### Step 2: Compute the amount of milk after 3 miles

$$
\text{Milk after 3 miles} = 2 \times \left(\frac{2}{3}\right)^3
$$

","(['16/27', '\\frac{16}{27}'], ['Eq(milkafter3miles, 2*(2/3)**3)', '\\text{Milk after 3 miles} = 2 \\times (\\frac{2}{3})^3'])",True,
36,baseline,target-only,,42,"We are given that a **regular hexagon** can be divided into **six equilateral triangles**, and the **perimeter of one of these triangles is 21 inches**. We are to find the **perimeter of the regular hexagon**.

---

### Step 1: Understand the structure

A **regular hexagon** has **6 equal sides** and **6 equal angles**. When you divide a regular hexagon into **6 equilateral triangles**, each triangle has:

- **3 equal sides** (since the hexagon is regular and the triangles are equilateral)
- The **side length of each triangle** is equal to the **side length of the hexagon**

So, the **side length of the hexagon** is the **same as the side length of each equilateral triangle**.

---

### Step 2: Use the given perimeter of one triangle

We are told that the **perimeter of one equilateral triangle is 21 inches**.

Let the side length of the triangle be $ s $.

Then the perimeter of the triangle is:

$$
3s = 21
$$

Solve for $ s $:

$$
s = \frac{21}{3} = 7 \text{","(['42', '42'], ['7', '7'])",False,
37,baseline,target-only,,103,"We are given the following:

- A **book has $ n $ leaves** if it is composed of $ n $ pieces of paper.
- Each **leaf** is one piece of paper, and each **page** is one side of a leaf.
- So, **each leaf has 2 pages**.
- Therefore, the **number of pages** in the book is **twice the number of leaves**.

Let’s define:

- Let $ L $ be the number of **leaves**.
- Then the number of **pages** is $ 2L $.

We are told:

1. The number of **pages** is **3 more than a multiple of 7**.
2. The number of **leaves** is **greater than 100**.
3. We are to find the **smallest possible number of leaves** that satisfies these conditions.

---

### Step 1: Translate the first condition into an equation

The number of **pages** is $ 2L $, and it is **3 more than a multiple of 7**.

So:

$$
2L \equiv 3 \pmod{7}
$$

We need to solve this congruence for $ L $, and find the","(['103', '103'], ['l', 'L'])",False,
38,baseline,target-only,,56,"We are given the following information:

- Frank took a **100-question** aptitude test.
- Each **correct answer** gives **5 points**.
- Each **incorrect answer** gives **-2 points**.
- Each **unanswered question** gives **0 points**.
- Frank **answered 80 questions**.
- His **total score** is **232 points**.
- We are to find how many questions he answered **correctly**.

---

### Step 1: Define variables

Let:
- $ c $ = number of **correct answers**
- $ i $ = number of **incorrect answers**
- $ u $ = number of **unanswered questions**

We are told:
- Total questions: $ c + i + u = 100 $
- Total answered questions: $ c + i = 80 $
- Total score: $ 5c - 2i = 232 $

---

### Step 2: Use the total answered questions

From the second equation:
$$
c + i = 80 \quad \text{(1)}
$$

From the first equation:
$$
c + i + u = 100 \quad \text{(2)}
$$

","(['56', '56'], ['Eq(c + i, 80*1)', 'c + i = 80 \\quad \\text{(1)}'])",False,
39,baseline,target-only,,\text{(E)},"We are given the polar equation:

$$
r^2 \cos 2\theta = 4
$$

We are to determine what kind of curve this represents, and choose from the options:

- (A) Line  
- (B) Circle  
- (C) Parabola  
- (D) Ellipse  
- (E) Hyperbola  

---

### Step 1: Use a trigonometric identity

Recall the double angle identity for cosine:

$$
\cos 2\theta = \cos^2 \theta - \sin^2 \theta
$$

But we can also use the identity:

$$
\cos 2\theta = \frac{1 - \tan^2 \theta}{1 + \tan^2 \theta}
$$

However, a more useful identity in polar coordinates is:

$$
\cos 2\theta = \frac{r^2 \cos^2 \theta - r^2 \sin^2 \theta}{r^2} = \cos^2 \theta - \sin^2 \theta
$$

But that's not helpful directly. Let's try to convert the equation to Cartesian coordinates.

---

### Step 2: Convert to Cartesian coordinates

","(['e', '\\text{(E)}'], ['2', '2'])",False,
40,baseline,target-only,,4,"We are asked to find the **difference between the positive square root of 64 and the cube root of 64**.

---

### Step 1: Find the **positive square root of 64**

The square root of 64 is:

$$
\sqrt{64} = 8
$$

(We take the **positive** root, as specified.)

---

### Step 2: Find the **cube root of 64**

The cube root of 64 is:

$$
\sqrt[3]{64} = 4
$$

Because $ 4^3 = 64 $.

---

### Step 3: Find the **difference**

Now subtract the cube root from the square root:

$$
8 - 4 = 4
$$

---

### ✅ Final Answer:

$$
\boxed{4}
$$","(['4', '4'], ['4', '4'])",True,
41,baseline,target-only,,\frac{14}{3},"We are given the function:

$$
f(x) = \frac{3x - 2}{x - 2}
$$

We are asked to find:

$$
f(-2) + f(-1) + f(0)
$$

---

### Step 1: Compute $ f(-2) $

$$
f(-2) = \frac{3(-2) - 2}{-2 - 2} = \frac{-6 - 2}{-4} = \frac{-8}{-4} = 2
$$

---

### Step 2: Compute $ f(-1) $

$$
f(-1) = \frac{3(-1) - 2}{-1 - 2} = \frac{-3 - 2}{-3} = \frac{-5}{-3} = \frac{5}{3}
$$

---

### Step 3: Compute $ f(0) $

$$
f(0) = \frac{3(0) - 2}{0 - 2} = \frac{-2}{-2} = 1
$$

---

### Step 4: Add the results

$$
f(-2) + f(-1)","(['14/3', '\\frac{14}{3}'], ['4', '4'])",False,
42,baseline,target-only,,1,"We are given the following functions:

- $ t(x) = 3 - g(x) $
- $ g(x) = \sqrt{x} $

We are asked to find $ t(g(16)) $.

---

### Step 1: Evaluate $ g(16) $

Since $ g(x) = \sqrt{x} $, we substitute $ x = 16 $:

$$
g(16) = \sqrt{16} = 4
$$

---

### Step 2: Substitute into $ t(x) $

We now know that $ g(16) = 4 $, so we substitute this into $ t(x) $:

$$
t(g(16)) = t(4)
$$

Recall that $ t(x) = 3 - g(x) $, so:

$$
t(4) = 3 - g(4)
$$

Now compute $ g(4) $:

$$
g(4) = \sqrt{4} = 2
$$

---

### Step 3: Final Calculation

$$
t(4) = 3 - 2 = 1
$$

---

### Final Answer:

$$
\boxed{1}
$$","(['1', '1'], ['1', '1'])",True,
43,baseline,target-only,,12,"We are given the quadratic expression:

$$
10x^2 - x - 24
$$

and told it can be factored as:

$$
(Ax - 8)(Bx + 3)
$$

Our goal is to find integers $ A $ and $ B $, and then compute $ AB + B $.

---

### Step 1: Expand the factored form

We expand:

$$
(Ax - 8)(Bx + 3) = ABx^2 + 3Ax - 8Bx - 24
$$

Group like terms:

$$
= ABx^2 + (3A - 8B)x - 24
$$

Now compare this with the original expression:

$$
10x^2 - x - 24
$$

So we match coefficients:

- Coefficient of $ x^2 $: $ AB = 10 $
- Coefficient of $ x $: $ 3A - 8B = -1 $
- Constant term: $ -24 $ (matches)

---

### Step 2: Solve the system of equations

We have:

1. $ AB = 10 $
2. $ 3A","(['12', '12'], ['3', '3'])",False,
44,baseline,target-only,,55^\circ,"We are given:

- The angle between vectors $\mathbf{a}$ and $\mathbf{b}$ is $29^\circ$.
- The angle between $\mathbf{b}$ and $\mathbf{a} - \mathbf{b}$ is $84^\circ$.
- We are to find the angle between $\mathbf{a}$ and $\mathbf{a} - \mathbf{b}$.

---

### Step 1: Use vector geometry and triangle angles

Let’s consider the triangle formed by the vectors $\mathbf{a}$, $\mathbf{b}$, and $\mathbf{a} - \mathbf{b}$.

Let’s denote:

- $\theta_1 = \angle(\mathbf{a}, \mathbf{b}) = 29^\circ$
- $\theta_2 = \angle(\mathbf{b}, \mathbf{a} - \mathbf{b}) = 84^\circ$
- $\theta_3 = \angle(\mathbf{a}, \mathbf{a} - \mathbf{b})$ (this is what we want to find)

These three angles are the internal angles of a triangle formed by","(['55', '55^\\circ'], ['Eq(theta_3, \\angle(a, a - b))', '\\theta_3 = \\angle(\\text{a}, \\text{a} - \\text{b})'])",False,
45,baseline,target-only,,110,"We are given a problem involving 360 students, and we are to find how many students take **physics**. Let's break it down step by step using the information provided.

---

### **Step 1: Total number of students**

We are told:

- Total number of students = **360**
- 15 students take **all three** subjects: calculus, physics, and chemistry.
- 15 students take **none** of the three subjects.

So, the number of students who take **at least one** of the three subjects is:

$$
360 - 15 - 15 = 330
$$

So, **330 students** take at least one of the three subjects.

---

### **Step 2: Let’s define variables**

Let:

- $ C $ = number of students who take **calculus**
- $ P $ = number of students who take **physics**
- $ Ch $ = number of students who take **chemistry**

We are given:

- $ C = 180 $
- $ Ch = 2P $ (twice as many take chemistry as take physics)
- 75 take **both calculus and chemistry**
- 75","(['110', '110'], ['75', '75'])",False,
46,baseline,target-only,,120,"We are given a diagram with two circles, both centered at point $ D $, with radii 1 and 2. The shaded region has an area equal to $ \frac{5}{12} $ of the area of the **larger circle** (radius 2). We are to find the measure of the smaller angle $ \angle ADC $, where $ A $ and $ C $ are points on the circles.

---

### Step 1: Understand the Geometry

- The **larger circle** has radius 2, so its area is:
  $$
  A_{\text{large}} = \pi (2)^2 = 4\pi
  $$

- The **smaller circle** has radius 1, so its area is:
  $$
  A_{\text{small}} = \pi (1)^2 = \pi
  $$

- The shaded region is **part of both circles**, and its area is:
  $$
  A_{\text{shaded}} = \frac{5}{12} \times 4\pi = \frac{20\pi}{12} = \frac{5\pi}{3}
  $$

---

### Step","(['120', '120'], ['Eq(a_{\\text{shaded}}, (5/12)*4*pi) & Eq((5/12)*4*pi, (20*pi)/12) & Eq((20*pi)/12, (5*pi)/3)', 'A_{\\text{shaded}} = \\frac{5}{12} \\times 4\\pi = \\frac{20\\pi}{12} = \\frac{5\\pi}{3}'])",False,
47,baseline,target-only,,8,"We are given that in a **convex polygon**, the **sum of all but one of its interior angles is $1070^\circ$**. We are to find the **number of sides** of the polygon.

---

### Step 1: Recall the formula for the sum of interior angles of a polygon

The sum of the interior angles of a polygon with $n$ sides is:

$$
S = (n - 2) \times 180^\circ
$$

---

### Step 2: Use the given information

We are told that the **sum of all but one** of the interior angles is $1070^\circ$. That means:

$$
\text{Sum of all interior angles} - \text{One interior angle} = 1070^\circ
$$

Let the **sum of all interior angles** be $S = (n - 2) \times 180^\circ$, and let the **one missing angle** be $x$. Then:

$$
(n - 2) \times 180 - x = 1070
$$

We can solve for $x$:

$$
x = (n - 2)","(['8', '8'], ['2', '2'])",False,
48,baseline,target-only,,80,"We are given a quadrilateral $ABCD$, with angles $\angle BAD$ and $\angle CDA$ **trisected**. We are to find the **degree measure of angle $\angle AFD$**.

---

### Step 1: Understand the diagram and given information

From the Asymptote code and the diagram:

- $A = (0,0)$, $B = (2,4)$, $C = (7,4)$, $D = (7,-2)$
- The quadrilateral is drawn as $A \to B \to C \to D \to A$
- Points $E$ and $F$ are on the trisectors of $\angle BAD$ and $\angle CDA$, respectively
- The diagram shows:
  - $\angle BAD$ is trisected into three equal parts, each of measure $x$
  - $\angle CDA$ is trisected into three equal parts, each of measure $y$
  - The diagram also labels:
    - $\angle ABC = 110^\circ$
    - $\angle BCD = 100^\circ$
    - The trisected angles are labeled as $x$ and $y$

---

","(['80', '80'], ['{x, y}', 'x and y'])",False,
49,baseline,target-only,,4495,"We are asked to compute the binomial coefficient:

$$
\dbinom{31}{28}
$$

---

### Step 1: Use the identity for binomial coefficients

Recall the identity:

$$
\dbinom{n}{k} = \dbinom{n}{n - k}
$$

So,

$$
\dbinom{31}{28} = \dbinom{31}{3}
$$

This is because $ 31 - 28 = 3 $, and the binomial coefficient is symmetric.

---

### Step 2: Compute $\dbinom{31}{3}$

The formula for a binomial coefficient is:

$$
\dbinom{n}{k} = \frac{n!}{k!(n - k)!}
$$

So,

$$
\dbinom{31}{3} = \frac{31!}{3!(31 - 3)!} = \frac{31!}{3! \cdot 28!}
$$

We can simplify this by canceling the $28!$ in the numerator and denominator:

$$
\dbinom{31}{3} = \frac{31 \cdot 3","(['4495', '4495'], ['3', '3'])",False,
50,baseline,target-only,,"(-\sqrt{3}, \sqrt{3})","We are given the inequality:

$$
-4 < x^4 + 4x^2 < 21
$$

We are to find all **real values of $ x $** that satisfy this inequality and express the solution in **interval notation**.

---

### Step 1: Analyze the inequality

We have two parts:

1. $ x^4 + 4x^2 > -4 $
2. $ x^4 + 4x^2 < 21 $

We'll solve each inequality separately and then find the intersection of the solutions.

---

### Step 2: Solve $ x^4 + 4x^2 > -4 $

Let’s define:

$$
f(x) = x^4 + 4x^2
$$

We want to find where $ f(x) > -4 $.

Note that $ x^4 \geq 0 $ and $ 4x^2 \geq 0 $, so $ f(x) \geq 0 $ for all real $ x $.

Therefore, $ f(x) > -4 $ is **always true** for all real $ x $, since $ f(x) \geq 0 > -4 $.

","(['Interval.open(-sqrt(3), sqrt(3))', '(-\\sqrt{3}, \\sqrt{3})'], ['(0 > -4) & (f(x) >= 0)', 'f(x) \\geq 0 > -4'])",False,
51,baseline,target-only,,210,"We are given:

- **7 boys**
- **4 girls**
- Mr. Brennan wants to **pick 3 boys and 2 girls** for a group presentation.

We are to find the number of **ways** to do this, where **the order does not matter**.

---

### Step 1: Choose 3 boys from 7

This is a **combination** problem because the order of selection doesn't matter.

$$
\binom{7}{3} = \frac{7!}{3!(7-3)!} = \frac{7 \times 6 \times 5}{3 \times 2 \times 1} = 35
$$

---

### Step 2: Choose 2 girls from 4

Again, this is a combination:

$$
\binom{4}{2} = \frac{4!}{2!(4-2)!} = \frac{4 \times 3}{2 \times 1} = 6
$$

---

### Step 3: Multiply the two results

Since we are choosing 3 boys **and** 2 girls, and the choices are independent, we multiply the number of ways to choose the boys by the number of ways","(['210', '210'], ['2', '2'])",False,
52,baseline,target-only,,"\left( \frac{3}{2}, -13 \right)","We are given a parametric equation of a line:

$$
\begin{pmatrix} x \\ y \end{pmatrix} = \begin{pmatrix} 8 \\ -1 \end{pmatrix} + t \begin{pmatrix} 2 \\ 3 \end{pmatrix}
$$

This represents a line in **parametric form**, where:

- The point $\begin{pmatrix} 8 \\ -1 \end{pmatrix}$ is a point on the line (when $t = 0$).
- The vector $\begin{pmatrix} 2 \\ 3 \end{pmatrix}$ is the **direction vector** of the line.

We are asked to find the equation of the line in **slope-intercept form**:

$$
y = mx + b
$$

---

### Step 1: Find the slope $m$

The direction vector is $\begin{pmatrix} 2 \\ 3 \end{pmatrix}$, so the **slope** $m$ is:

$$
m = \frac{3}{2}
$$

---

### Step 2: Use a point to find $b$

We know the line passes through the point $(8, -1","(['(3/2, -13)', '( \\frac{3}{2}, -13 )'], ['-1', '-1'])",False,
53,baseline,target-only,,\sqrt{53},"We are asked to simplify $\sqrt{53}$ in simplest radical form.

---

### Step 1: Understand what ""simplest radical form"" means

A radical is in **simplest radical form** when:
- The radicand (the number under the square root) has **no perfect square factors** other than 1.
- The radical is **simplified** as much as possible.

---

### Step 2: Check if 53 has any perfect square factors

We need to check if 53 can be factored into a product that includes a **perfect square** (like 4, 9, 16, 25, 36, etc.).

Let’s try dividing 53 by small perfect squares:

- $53 \div 4 = 13.25$ → not an integer
- $53 \div 9 = 5.888...$ → not an integer
- $53 \div 16 = 3.3125$ → not an integer
- $53 \div 25 = 2.12$ → not an integer
- $53 \div 36 = 1.4","(['sqrt(53)', '\\sqrt{53}'], ['1.40000000000000', '1.4'])",False,
54,baseline,target-only,,\frac{1}{2},"We are given that two numbers $ x $ and $ y $ are selected **at random** from the interval $ (0, 3) $, and we are to find the **probability** that a triangle with sides of length $ 1 $, $ x $, and $ y $ **exists**.

---

### Step 1: **Triangle Inequality Conditions**

For a triangle with sides $ a, b, c $, the **triangle inequality** must hold:

$$
a + b > c, \quad a + c > b, \quad b + c > a
$$

In our case, the sides are $ 1, x, y $. So the triangle inequalities become:

1. $ 1 + x > y $
2. $ 1 + y > x $
3. $ x + y > 1 $

We are to find the **probability** that **all three** of these inequalities are satisfied, given that $ x, y \in (0, 3) $, and they are selected **uniformly at random**.

---

### Step 2: **Geometric Interpretation**

Since $ x $ and $ y $ are selected from the interval $ (0, 3) $, we can","(['1/2', '\\frac{1}{2}'], ['Interval.open(0, 3)', '(0, 3)'])",False,
55,baseline,target-only,,\frac{8}{15},"We are given that the **area of triangle $ ABC $** is:

$$
\text{Area} = a^2 - (b - c)^2
$$

where $ a, b, c $ are the sides of triangle $ ABC $, and we are to compute $ \tan A $, where $ A $ is the angle opposite side $ a $.

---

### Step 1: Use the standard formula for the area of a triangle

The area of triangle $ ABC $ can also be written using the formula:

$$
\text{Area} = \frac{1}{2}bc \sin A
$$

So we equate the two expressions for the area:

$$
\frac{1}{2}bc \sin A = a^2 - (b - c)^2
$$

---

### Step 2: Simplify the right-hand side

$$
a^2 - (b - c)^2 = a^2 - (b^2 - 2bc + c^2) = a^2 - b^2 + 2bc - c^2
$$

So the equation becomes:

$$
\frac{1}{2}bc \sin A = a^2 - b^","(['8/15', '\\frac{8}{15}'], ['1/2', '\\frac{1}{2}'])",False,
56,baseline,target-only,,1 - 12i,"We are given a **complex number** $ z = 3 $, and we are to apply a **90° clockwise rotation** around the point $ -4 - 5i $ in the complex plane.

---

### Step 1: Understand the rotation

A **90° clockwise rotation** in the complex plane is equivalent to multiplying by $ e^{-i\pi/2} = -i $.

So, to rotate a complex number $ z $ by 90° clockwise, we compute:

$$
z' = -i \cdot z
$$

But this is **only** true if the rotation is about the origin. Since the rotation is **about the point** $ -4 - 5i $, we need to:

1. Translate the complex plane so that the center of rotation becomes the origin.
2. Apply the rotation.
3. Translate back.

---

### Step 2: Translate the point

Let’s denote the center of rotation as $ c = -4 - 5i $.

To rotate around $ c $, we first translate the point $ z = 3 $ by subtracting $ c $:

$$
z' = z - c = 3 - (-4 - 5i) =","(['-1*12*i + 1', '1 - 12i'], ['5', '5'])",False,
57,baseline,target-only,,10,"We are given:

- 7th grade enrollment: **520**
- 8th grade enrollment: **650**
- Total number of representatives: **18**

We are to determine how many representatives the **8th grade** should have if the representation is **fair**, meaning the number of representatives is proportional to the size of the grade.

---

### Step 1: Find the total enrollment

$$
\text{Total enrollment} = 520 + 650 = 1170
$$

---

### Step 2: Determine the proportion of the 8th grade

$$
\text{Proportion of 8th grade} = \frac{650}{1170}
$$

Simplify the fraction:

$$
\frac{650}{1170} = \frac{65}{117} = \frac{5}{9}
$$

So, the 8th grade should have **5/9** of the 18 representatives.

---

### Step 3: Calculate the number of representatives for the 8th grade

$$
\text{Representatives for 8th grade} = \frac{5}{9}","(['10', '10'], ['5/9', '\\frac{5}{9}'])",False,
58,baseline,target-only,,8,"We are told:

- **12 friends** met for dinner.
- Each ordered **one meal**.
- The **portions were so large** that the food was enough for **18 people**.
- The question is: **If they share, how many meals should they have ordered to have just enough food for the 12 of them?**

---

### Step 1: Understand the total amount of food

The food was enough for **18 people**, which means the total amount of food is equivalent to **18 meals**.

So, the total food = **18 meals**.

---

### Step 2: Determine how many meals are needed for 12 people

If the food is to be **just enough** for **12 people**, we need to find out how many meals are required to serve 12 people, assuming the food is shared equally.

Since the food is enough for 18 people, we can find the amount of food per person:

$$
\text{Food per person} = \frac{18 \text{ meals}}{12 \text{ people}} = 1.5 \text{ meals per person}
$$

So, each person gets **1.5 meals","(['8', '8'], ['1.50000000000000', '1.5'])",False,
59,baseline,target-only,,2k+2,"We are given the expression:

$$
(-k + 4) + (-2 + 3k)
$$

### Step 1: Remove the parentheses
Distribute the addition across the terms inside each parenthesis:

$$
(-k + 4) + (-2 + 3k) = -k + 4 - 2 + 3k
$$

### Step 2: Combine like terms
Group the terms with $ k $ and the constant terms:

- Terms with $ k $: $ -k + 3k = 2k $
- Constant terms: $ 4 - 2 = 2 $

### Step 3: Write the simplified expression
$$
2k + 2
$$

### Final Answer:
$$
\boxed{2k + 2}
$$","(['2*k + 2', '2k+2'], ['2*k + 2', '2k + 2'])",True,
60,baseline,target-only,,550,"We are given:

- Karla drove **12,000 miles** last year.
- She drove an **SUV** that gets **15 miles per gallon (mpg)**.
- She would have driven a **hybrid** that gets **48 mpg**.

We need to find how many **gallons of gasoline** she would have **saved** by driving the hybrid instead of the SUV.

---

### Step 1: Calculate the gallons used by the SUV

$$
\text{Gallons used by SUV} = \frac{\text{Miles driven}}{\text{MPG of SUV}} = \frac{12,000}{15} = 800 \text{ gallons}
$$

---

### Step 2: Calculate the gallons used by the hybrid

$$
\text{Gallons used by hybrid} = \frac{\text{Miles driven}}{\text{MPG of hybrid}} = \frac{12,000}{48} = 250 \text{ gallons}
$$

---

### Step 3: Calculate the gallons saved

$$
\text{Gallons saved} = \text{Gallons used","(['550', '550'], ['3', '3'])",False,
61,baseline,target-only,,"\$32,\!348","We are given:

- **Initial investment**: \$24,000  
- **Interest rate**: 1% **bi-monthly** (i.e., every 2 months)  
- **Time period**: 5 years  
- **Goal**: Find the total amount in the investment at the end of 5 years, rounded to the nearest whole number.

---

### Step 1: Understand the compounding frequency

- **Bi-monthly** means **every 2 months**.
- In 5 years, there are:
  $$
  5 \text{ years} \times 12 \text{ months/year} = 60 \text{ months}
  $$
  So, the number of **2-month periods** is:
  $$
  \frac{60}{2} = 30 \text{ periods}
  $$

---

### Step 2: Use the compound interest formula

The formula for compound interest is:

$$
A = P \left(1 + \frac{r}{n}\right)^{nt}
$$

But in this case, the interest is **compounded bi-monthly**, so we can use the formula:

$$
A = P (1 + r)^","(['32348', '32,348'], ['Eq(a, p*(1 + r/n)**(n*t))', 'A = P (1 + \\frac{r}{n})^{nt}'])",False,
62,baseline,target-only,,"(-\infty, 2) \cup (3, \infty)","We are given the function:

$$
f(x) = \frac{2x - 7}{\sqrt{x^2 - 5x + 6}}
$$

We are to find the **domain** of this function, which is the set of all real numbers $ x $ for which the function is defined (i.e., the expression is real and defined).

---

### Step 1: Understand the function

The function is a **rational function** with a **square root in the denominator**. So, we must ensure:

1. The **denominator is not zero** (since division by zero is undefined).
2. The **expression under the square root is non-negative** (since square roots of negative numbers are not real).

So, we need to find the values of $ x $ such that:

- $ x^2 - 5x + 6 \geq 0 $ (so that the square root is defined)
- $ \sqrt{x^2 - 5x + 6} \neq 0 $ (so that the denominator is not zero)

---

### Step 2: Solve the inequality $ x^2 - 5x + 6 \geq 0 $

Factor the quadratic:

$$","(['Union(Interval.open(-oo, 2), Interval.open(3, oo))', '(-\\infty, 2) \\cup (3, \\infty)'], ['x**2 - 1*5*x + 6 >= 0', 'x^2 - 5x + 6 \\geq 0'])",False,
63,baseline,target-only,,1,"We are given the equation:

$$
(3^k)^6 = 3^6
$$

---

### Step 1: Simplify the left-hand side

Use the power of a power rule: $(a^m)^n = a^{m \cdot n}$

$$
(3^k)^6 = 3^{k \cdot 6} = 3^{6k}
$$

So the equation becomes:

$$
3^{6k} = 3^6
$$

---

### Step 2: Use the property of exponents

If $a^x = a^y$, then $x = y$, provided $a \ne 0$ and $a \ne 1$.

Here, the base is 3, which is not 0 or 1, so we can equate the exponents:

$$
6k = 6
$$

---

### Step 3: Solve for $k$

$$
6k = 6 \Rightarrow k = \frac{6}{6} = 1
$$

---

### Final Answer:

$$
\boxed{1}
$$","(['1', '1'], ['1', '1'])",True,
64,baseline,target-only,,2,"We are given a piecewise function:

$$
f(x) =
\begin{cases}
ax^2 & \text{if } x \geq a,\\
ax + 2a & \text{if } x < a,
\end{cases}
$$

and we are to find the **largest value of $ a $** such that the graph of $ y = f(x) $ **intersects every horizontal line at least once**.

---

### Step 1: Understand the problem

We are to find the **largest** value of $ a $ such that **every horizontal line** (i.e., every line of the form $ y = k $) intersects the graph of $ f(x) $ at least once.

This means that for **every** real number $ k $, the equation $ f(x) = k $ has at least one solution.

So, we need to ensure that the function $ f(x) $ is **surjective** (onto) from $ \mathbb{R} $ to $ \mathbb{R} $, i.e., for every $ k \in \mathbb{R} $, there exists an $ x \in \mathbb{R} $ such","(['2', '2'], ['Eq(x, Reals)', 'x \\in \\mathbb{R}'])",False,
65,baseline,target-only,,4,"We are given that:

- $ n $ fair 6-sided dice are rolled.
- The probability that **exactly two** of them show a number **other than 1** is $ \frac{25}{216} $.
- We are to find the value of $ n $.

---

### Step 1: Understand the event

We are looking for the probability that **exactly two dice show a number other than 1**, and the remaining $ n - 2 $ dice show **1**.

So, for each die:

- The probability that it shows **1** is $ \frac{1}{6} $.
- The probability that it shows **not 1** is $ \frac{5}{6} $.

We want **exactly two** dice to show **not 1**, and the rest to show **1**.

---

### Step 2: Use the binomial probability formula

This is a **binomial probability** problem.

Let’s define:

- $ n $: number of trials (dice)
- $ k = 2 $: number of successes (dice showing not 1)
- $ p = \frac{5}{6} $: probability of success (not 1","(['4', '4'], ['1', '1'])",False,
66,baseline,target-only,,1+274i,"We are given a function:

$$
F(z) = \frac{z + i}{z - i}
$$

and a sequence defined recursively by:

$$
z_n = F(z_{n-1}), \quad \text{for } n \geq 1, \quad \text{with } z_0 = \frac{1}{137} + i
$$

We are to find $ z_{2002} $.

---

### Step 1: Understand the function $ F(z) $

We are given:

$$
F(z) = \frac{z + i}{z - i}
$$

This is a Möbius transformation (a linear fractional transformation). Möbius transformations are known to be invertible and can have periodic behavior when iterated.

Let’s try to find a pattern or periodicity in the sequence $ z_n $.

---

### Step 2: Try to compute a few terms

We are given:

$$
z_0 = \frac{1}{137} + i
$$

Let’s compute $ z_1 = F(z_0) $:

$$
z_1 = F\left( \frac{1}{137} +","(['274*i + 1', '1+274i'], ['1/137', '\\frac{1}{137}'])",False,
67,baseline,target-only,,\frac{11}{36},"We are given two fair, 6-sided dice, and we are to find the **probability that the product of the two numbers is a multiple of 5**.

---

### Step 1: Understand the problem

We are rolling two dice, each with numbers from 1 to 6. Let the numbers rolled be $ a $ and $ b $, where $ a, b \in \{1, 2, 3, 4, 5, 6\} $.

We are to find the probability that:

$$
a \cdot b \equiv 0 \pmod{5}
$$

This means the product is divisible by 5.

---

### Step 2: When is a product divisible by 5?

A number is divisible by 5 if it has at least one factor of 5. So, the product $ a \cdot b $ is divisible by 5 **if at least one of the numbers is divisible by 5**.

So, the product is divisible by 5 **if either**:

- $ a $ is divisible by 5, **or**
- $ b $ is divisible by 5

So, we can use the **inclusion-exclusion principle** to find the number of","(['11/36', '\\frac{11}{36}'], ['5', '5'])",False,
68,baseline,target-only,,10,"We are given the following information:

- The robot moves at a **constant speed**.
- It takes **2.5 hours** to travel **1 kilometer**.
- At the same speed, it takes **90 seconds** to travel the **length of a hallway**.
- We are to find the **length of the hallway in meters**.

---

### Step 1: Find the robot's speed

We are told the robot takes **2.5 hours** to travel **1 kilometer**.

First, convert **2.5 hours** to **seconds** to match the time unit in the second part of the problem.

$$
2.5 \text{ hours} = 2.5 \times 3600 \text{ seconds} = 9000 \text{ seconds}
$$

So, the robot travels **1 kilometer = 1000 meters** in **9000 seconds**.

Now, calculate the **speed** in meters per second:

$$
\text{Speed} = \frac{1000 \text{ meters}}{9000 \text{ seconds}} = \frac{1}{9} \text{ m/s}
$$

---

","(['10', '10'], ['Eq(speed, (1000*meters)/((9000*seconds))) & Eq((1000*meters)/((9000*seconds)), m/s/9)', '\\text{Speed} = \\frac{1000 \\text{ meters}}{9000 \\text{ seconds}} = \\frac{1}{9} \\text{ m/s}'])",False,
69,baseline,target-only,,78,"We are given the following information about the math club's bake sale:

- **Cookies**: 54 cookies sold at **3 for $1**.
- **Cupcakes**: 20 cupcakes sold at **$2 each**.
- **Brownies**: 35 brownies sold at **$1 each**.
- **Cost to bake all items**: **$15**.

We are to find the **profit**, which is:

$$
\text{Profit} = \text{Total Revenue} - \text{Total Cost}
$$

---

### Step 1: Calculate total revenue

#### Cookies:
- 54 cookies sold at 3 for $1.
- Number of sets of 3 cookies:  
  $$
  \frac{54}{3} = 18 \text{ sets}
  $$
- Revenue from cookies:  
  $$
  18 \times 1 = \$18
  $$

#### Cupcakes:
- 20 cupcakes at $2 each:  
  $$
  20 \times 2 = \$40
  $$

#### Brownies:
- 35 brownies at $1 each:  
  $$
  3","(['78', '78'], ['3', '3'])",False,
70,baseline,target-only,,3,"We are given the Fibonacci sequence:

$$
1, 1, 2, 3, 5, 8, 13, 21, \ldots
$$

Each term is the sum of the two previous terms. We are asked to find the **remainder when the 100th term** of the Fibonacci sequence is divided by **4**.

---

### Step 1: Understand the Problem

We are to compute:

$$
F_{100} \mod 4
$$

Where $ F_n $ is the $ n $-th Fibonacci number.

---

### Step 2: Use the Fibonacci Definition

The Fibonacci sequence is defined recursively as:

$$
F_1 = 1, \quad F_2 = 1, \quad F_n = F_{n-1} + F_{n-2} \text{ for } n \geq 3
$$

We are not going to compute $ F_{100} $ directly (that would be too large), but we can **find a pattern in the Fibonacci sequence modulo 4**.

---

### Step 3: Compute Fibonacci Numbers Modulo 4

Let’s compute the first few Fibonacci numbers modulo 4","(['3', '3'], ['4', '4'])",False,
71,baseline,target-only,,28,"We are given a geometric diagram with the following information:

- $\overline{BC}$ is **parallel** to the segment through $A$.
- $AB = BC$.
- An angle labeled $124^\circ$ is at point $A$.
- We are to find the value of $x$, which is the angle at point $B$ (labeled at the bottom of the diagram).

---

### Step 1: Understand the diagram

From the Asymptote code and the labels:

- Point $A$ is at $(2,3)$, labeled **N** (north).
- Point $B$ is at $(4,0)$, labeled **S** (south).
- Point $C$ is at $(8,0)$, also labeled **S**.
- The segment from $A$ to $B$ is drawn, and from $B$ to $C$ is also drawn.
- The segment through $A$ is the horizontal line at $y = 3$, which is **parallel** to $\overline{BC}$, which is the segment from $B = (4,0)$ to $C = (8,0)$, i.e., a horizontal line at $y =","(['28', '28'], ['Eq(c, (8, 0))', 'C = (8,0)'])",False,
72,baseline,target-only,,23,"We are asked to find the result when the **greatest common factor (GCF)** of 6432 and 132 is **increased by 11**.

---

### Step 1: Find the GCF of 6432 and 132

We can use the **Euclidean Algorithm** to find the GCF.

Let’s apply the Euclidean Algorithm:

$$
\begin{align*}
6432 \div 132 &= 48 \text{ remainder } 96 \quad \text{(since } 132 \times 48 = 6336, \text{ and } 6432 - 6336 = 96) \\
132 \div 96 &= 1 \text{ remainder } 36 \\
96 \div 36 &= 2 \text{ remainder } 24 \\
36 \div 24 &= 1 \text{ remainder } 12 \\
24 \div 12 &= 2 \text{ remainder } 0 \\
\end{align*}
$$

So, the **GCF** of 6432","(['23', '23'], ['6432', '6432'])",False,
73,baseline,target-only,,3,"We are given the expression:

$$
\log_2{3} \cdot \log_3{4} \cdot \log_4{5} \cdot \log_5{6} \cdot \log_6{7} \cdot \log_7{8}
$$

We are to find the value of this product.

---

### Step 1: Use the **change of base formula**

Recall the **change of base formula**:

$$
\log_a{b} = \frac{\log_c{b}}{\log_c{a}}
$$

We can use this to convert all logarithms to the same base, say base 2.

Let’s rewrite each term using base 2:

- $\log_2{3} = \log_2{3}$
- $\log_3{4} = \frac{\log_2{4}}{\log_2{3}} = \frac{2}{\log_2{3}}$
- $\log_4{5} = \frac{\log_2{5}}{\log_2{4}} = \frac{\log_2{5}}{2}$
- $\log_5{6} = \frac","(['3', '3'], ['Eq(log(5, 4), log(5, 2)/log(4, 2)) & Eq(log(5, 2)/log(4, 2), log(5, 2)/2)', '\\log_4{5} = \\frac{\\log_2{5}}{\\log_2{4}} = \\frac{\\log_2{5}}{2}'])",False,
74,baseline,target-only,,44,"We are asked to compute the **modular inverse** of $ 17 \mod 83 $, that is, find an integer $ x $ such that:

$$
17x \equiv 1 \pmod{83}
$$

We are also given a hint: $ 17 \cdot 5 = 85 $. Let's use this to help us find the inverse.

---

### Step 1: Use the given hint

We are told:

$$
17 \cdot 5 = 85
$$

Now compute $ 85 \mod 83 $:

$$
85 \equiv 2 \pmod{83}
$$

So:

$$
17 \cdot 5 \equiv 2 \pmod{83}
$$

This tells us:

$$
17 \cdot 5 \equiv 2 \pmod{83}
$$

We want to find $ x $ such that:

$$
17x \equiv 1 \pmod{83}
$$

Let’s try to use the above equation to find such an $ x $.

---

### Step 2: Multiply both sides of the congruence by 5

We have","(['44', '44'], ['5', '5'])",False,
75,baseline,target-only,,12,"We are given the percentage of **bus riders** among **males** and **females** in each grade, based on a survey of 300 males and 300 females in each grade.

We are asked: **For which grade is the number of its male bus riders closest to 135% of the number of its female bus riders?**

---

### Step 1: Understand the question

We are given **percentages** of bus riders among males and females in each grade. We are to find the grade where the **number of male bus riders is closest to 135% of the number of female bus riders**.

Let’s denote:

- $ M $ = number of male bus riders
- $ F $ = number of female bus riders

We are to find the grade where:

$$
M \approx 1.35F
$$

Since there are 300 males and 300 females in each grade, we can compute the number of male and female bus riders as:

$$
M = 0.411 \times 300 = 123.3 \quad \text{(for 9th grade)}
$$
$$
F = ","(['12', '12'], ['Eq(m, 0.411*300) & Eq(0.411*300, 123.3*for9thgrade)', 'M = 0.411 \\times 300 = 123.3 \\quad \\text{(for 9th grade)}'])",False,
76,baseline,target-only,,3,"We are given:

- Total number of boxes: **10**
- Boxes with **pencils**: **5**
- Boxes with **pens**: **4**
- Boxes with **both pens and pencils**: **2**

We are asked to find how many boxes contain **neither pens nor pencils**.

---

### Step 1: Use the principle of inclusion and exclusion

Let:

- $ P $ = set of boxes with **pencils**
- $ Q $ = set of boxes with **pens**

We are given:

- $ |P| = 5 $
- $ |Q| = 4 $
- $ |P \cap Q| = 2 $

We want to find the number of boxes that contain **neither** pencils **nor** pens, i.e., the number of boxes in the complement of $ P \cup Q $.

First, find the number of boxes that contain **either** pencils **or** pens:

$$
|P \cup Q| = |P| + |Q| - |P \cap Q| = 5 + 4 - 2 = 7
$$

So, 7 boxes contain **either** pencils **or** pens.

---

### Step 2:","(['3', '3'], ['2', '2'])",False,
77,baseline,target-only,,13,"We are given a geometric figure with four points: $ A, B, C, D $, and the distances between them are labeled in the diagram. The goal is to find the **shortest distance** that can be traveled if we **start at any one of the points** and **visit the other three points once** (i.e., a **Hamiltonian path** that visits all four points exactly once).

---

### Step 1: Understand the Diagram

From the Asymptote code and the labels, we can extract the distances between the points:

- $ AB = 6 $
- $ AC = 6 $
- $ AD = 5 $
- $ BC = 5 $
- $ BD = 3 $
- $ CD = 4 $

So the full distance matrix is:

|   | A | B | C | D |
|---|---|---|---|---|
| A | 0 | 6 | 6 | 5 |
| B | 6 | 0 | 5 | 3 |
| C | 6 | 5 | 0 | 4 |
| D | 5 | 3 | 4 | 0 |

---

### Step 2: Goal

We want to","(['13', '13'], ['2', '2'])",False,
78,baseline,target-only,,\frac{3}{2},"We are given that Remmy wants to divide **10 by $\frac{2}{3}$**, and we need to find the number he should **multiply 10 by** to get the result.

---

### Step 1: Understand the operation

Dividing by a fraction is the same as **multiplying by its reciprocal**.

So:

$$
10 \div \frac{2}{3} = 10 \times \frac{3}{2}
$$

---

### Step 2: Perform the multiplication

$$
10 \times \frac{3}{2} = \frac{10 \times 3}{2} = \frac{30}{2} = 15
$$

---

### Final Answer:

$$
\boxed{15}
$$

So, Remmy should multiply **10 by $\frac{3}{2}$** to get the result of dividing 10 by $\frac{2}{3}$, and the answer is:

$$
\boxed{15}
$$","(['3/2', '\\frac{3}{2}'], ['15', '15'])",False,
79,baseline,target-only,,-1,"We are given two polynomials:

- $ P(t) = 3t^2 + 5t + a $
- $ Q(t) = 4t^2 + bt - 2 $

Their product is:

$$
P(t) \cdot Q(t) = 12t^4 + 26t^3 - 8t^2 - 16t + 6
$$

We are to find the values of $ a $ and $ b $, and then compute $ a + b $.

---

### Step 1: Multiply the two polynomials

We multiply:

$$
(3t^2 + 5t + a)(4t^2 + bt - 2)
$$

Use the distributive property (FOIL method for polynomials):

$$
= 3t^2(4t^2 + bt - 2) + 5t(4t^2 + bt - 2) + a(4t^2 + bt - 2)
$$

Now expand each term:

- $ 3t^2(4t^2 + bt - 2) = 12t^4 + 3bt^3 - 6t^2","(['-1', '-1'], ['6', '6'])",False,
80,baseline,target-only,,24,"We are given that $ p(x) $ is a **monic polynomial of degree 4**, and that **three of its roots are 1, 2, and 3**. We are to find:

$$
p(0) + p(4)
$$

---

### Step 1: General form of the polynomial

Since $ p(x) $ is a **monic polynomial of degree 4**, and it has roots 1, 2, and 3, we can write:

$$
p(x) = (x - 1)(x - 2)(x - 3)(x - r)
$$

where $ r $ is the **fourth root** of the polynomial (not yet known).

---

### Step 2: Find $ p(0) $

We compute $ p(0) $ by plugging in $ x = 0 $:

$$
p(0) = (0 - 1)(0 - 2)(0 - 3)(0 - r) = (-1)(-2)(-3)(-r) = (6)(r) = 6r
$$

So:

$$
p(0) = 6r
$$

---

### Step 3: Find","(['24', '24'], ['3', '3'])",False,
81,baseline,target-only,,66,"We are given the following conditions about a group of $ N $ students:

1. When the students are grouped in **groups of 8**, the **last group has 5 students**.
2. When the students are grouped in **groups of 6**, the **last group has 3 students**.
3. $ N < 50 $

We are to find the **sum of all possible values of $ N $** that satisfy these conditions.

---

### Step 1: Translate the conditions into congruences

Let’s interpret the conditions using modular arithmetic.

#### Condition 1: Grouping in 8s, last group has 5 students

This means that when $ N $ is divided by 8, the **remainder is 5**.

So:
$$
N \equiv 5 \pmod{8}
$$

#### Condition 2: Grouping in 6s, last group has 3 students

This means that when $ N $ is divided by 6, the **remainder is 3**.

So:
$$
N \equiv 3 \pmod{6}
$$

We now have a system of congruences:
$$
\begin{cases}
N \equiv 5 \pmod{","(['66', '66'], ['5', '5'])",False,
82,baseline,target-only,,81,"We are asked to find the **maximum value** of the expression:

$$
4(x + 7)(2 - x)
$$

---

### Step 1: Expand the expression

First, expand the product inside the parentheses:

$$
(x + 7)(2 - x) = x(2 - x) + 7(2 - x) = 2x - x^2 + 14 - 7x = -x^2 - 5x + 14
$$

Now multiply by 4:

$$
4(x + 7)(2 - x) = 4(-x^2 - 5x + 14) = -4x^2 - 20x + 56
$$

So the expression becomes:

$$
f(x) = -4x^2 - 20x + 56
$$

---

### Step 2: Identify the type of function

This is a **quadratic function** of the form:

$$
f(x) = ax^2 + bx + c
$$

where:

- $ a = -4 $
- $ b = -20 $
- $ c = 56 $

Since the coefficient of $ x","(['81', '81'], ['Eq(c, 56)', 'c = 56'])",False,
83,baseline,target-only,,11,"We are given the inequality:

$$
|x - 2| \leq 5.6
$$

### Step 1: Understand the inequality

The expression $|x - 2| \leq 5.6$ means that the distance between $x$ and 2 is less than or equal to 5.6. This can be rewritten as a compound inequality:

$$
-5.6 \leq x - 2 \leq 5.6
$$

### Step 2: Solve the compound inequality

Add 2 to all parts of the inequality:

$$
-5.6 + 2 \leq x \leq 5.6 + 2
$$

$$
-3.6 \leq x \leq 7.6
$$

### Step 3: Find the integers in this interval

We are looking for **integers** $x$ such that:

$$
-3.6 \leq x \leq 7.6
$$

The integers in this range are:

$$
-3, -2, -1, 0, 1, 2, 3, 4, 5, 6, 7","(['11', '11'], ['7', '7'])",False,
84,baseline,target-only,,3,"We are given four symbols:  
- $\triangle$  
- $\square$  
- $\diamond$  
- $\clubsuit$  

Each represents a **different integer from 1 to 9**.

We are also given three equations:

$$
\begin{align*}
(1) \quad \triangle + \square &= \clubsuit \\
(2) \quad \triangle + \triangle &= \diamond + \diamond + \diamond + \diamond + \diamond \\
(3) \quad \triangle + \triangle &= \clubsuit + \diamond
\end{align*}
$$

---

### Step 1: Simplify the equations

From equation (2):

$$
2\triangle = 5\diamond \quad \text{(Equation 2)}
$$

From equation (3):

$$
2\triangle = \clubsuit + \diamond \quad \text{(Equation 3)}
$$

From equation (1):

$$
\triangle + \square = \clubsuit \quad \text{(Equation 1)}
$$

---

### Step 2: Use equations (2) and (3) to relate $\triangle$, $\diamond$, and $\clubsuit$

From (2):  
$$
2\","(['3', '3'], ['2', '2'])",False,
85,baseline,target-only,,64,"We are given a Mr. Potato Head with various optional features, and we are to count how many **different wacky personalities** Tom can create, given the rules.

---

### **Step 1: Understand the Components**

The Mr. Potato Head has the following optional features:

- **Hairstyle**: 3 choices  
- **Eyebrows**: 2 sets (but **cannot mix and match** — so only one set of eyebrows is used at a time)  
- **Eyes**: 1 pair (so only 1 choice)  
- **Ears**: 2 sets  
- **Lips**: 2 sets  
- **Shoes**: 2 choices (regular or clown)  
- **Hair**: Optional — can be **bald** (i.e., no hair), or one of the 3 hairstyles

---

### **Step 2: Understand the ""Complete Personality"" Definition**

A **complete personality** includes:

- **Eyebrows**
- **Eyes**
- **Ears**
- **Lips**
- **Shoes**
- **Optionally** **Hair**

So, **hair is optional** — meaning Tom can choose to have **no hair** (bald), or one of the 3","(['64', '64'], ['3', '3'])",False,
86,baseline,target-only,,2,"We are given the equation:

$$
3^{2x} + 19 = 10^x
$$

---

### Step 1: Simplify the left-hand side

Note that $ 3^{2x} = (3^2)^x = 9^x $. So the equation becomes:

$$
9^x + 19 = 10^x
$$

---

### Step 2: Let’s make a substitution

Let’s set:

$$
y = 10^x
$$

Then, since $ 9^x = (10^x)^{\log_{10} 9} = y^{\log_{10} 9} $, but this might complicate things.

Alternatively, we can try to **guess and check** small integer values of $ x $ to see if they satisfy the equation.

---

### Step 3: Try small integer values of $ x $

Try $ x = 1 $:

$$
9^1 + 19 = 9 + 19 = 28 \\
10^1 = 10 \quad \text{→ Not equal}
$$

Try $ x = 2 $:

$$
9","(['2', '2'], ['9', '9'])",False,
87,baseline,target-only,,26000,"We are asked to find the value of:

$$
513^2 - 487^2
$$

This is a difference of squares, which can be factored using the identity:

$$
a^2 - b^2 = (a - b)(a + b)
$$

Let’s apply this identity.

### Step 1: Identify $ a $ and $ b $

Here, $ a = 513 $ and $ b = 487 $

### Step 2: Compute $ a - b $ and $ a + b $

$$
a - b = 513 - 487 = 26
$$
$$
a + b = 513 + 487 = 1000
$$

### Step 3: Multiply the results

$$
513^2 - 487^2 = (a - b)(a + b) = 26 \times 1000 = 26000
$$

### Final Answer:

$$
\boxed{26000}
$$","(['26000', '26000'], ['26000', '26000'])",True,
88,baseline,target-only,,120,"We are given a **convex quadrilateral** with the following properties:

- The **largest angle** is **twice** the **smallest angle**.
- The **other two angles** are **both right angles** (i.e., 90° each).
- We are to find the **measure of the largest angle**.

---

### Step 1: Use the angle sum of a quadrilateral

In any quadrilateral, the **sum of the interior angles** is:

$$
\text{Sum of angles} = 360^\circ
$$

Let the **smallest angle** be $ x $ degrees.

Then the **largest angle** is $ 2x $ degrees.

The other two angles are both right angles, so they are each $ 90^\circ $.

So, the total sum of the angles is:

$$
x + 2x + 90^\circ + 90^\circ = 360^\circ
$$

---

### Step 2: Solve the equation

$$
x + 2x + 90 + 90 = 360
$$
$$
3x + 180 = 360
","(['120', '120'], ['360', '360'])",False,
89,baseline,target-only,,49,"We are given a custom operation defined as:

$$
\frac{m}{n} @ \frac{p}{q} = (m)(p)\left(\frac{q}{n}\right)
$$

We are asked to compute:

$$
\frac{7}{30} @ \frac{10}{21}
$$

---

### Step 1: Identify the values of $ m, n, p, q $

From the expression:

- $ \frac{m}{n} = \frac{7}{30} \Rightarrow m = 7, n = 30 $
- $ \frac{p}{q} = \frac{10}{21} \Rightarrow p = 10, q = 21 $

---

### Step 2: Plug into the operation formula

$$
\frac{7}{30} @ \frac{10}{21} = (7)(10)\left(\frac{21}{30}\right)
$$

---

### Step 3: Compute the expression

First, compute the product of the integers:

$$
7 \times 10 = 70
$$

Now compute the fraction:

$$
\frac{","(['49', '49'], ['Eq(7*10, 70)', '7 \\times 10 = 70'])",False,
90,baseline,target-only,,\dfrac{17}{50},"We are given the set of integers:

$$
\{1, 2, 3, \ldots, 100\}
$$

We are to find the **probability** that a randomly selected integer from this set is:

- **Divisible by 2**, and
- **Not divisible by 3**.

---

### Step 1: Total number of integers in the set

The set contains the integers from 1 to 100, so the total number of integers is:

$$
100
$$

---

### Step 2: Count the numbers divisible by 2

A number is divisible by 2 if it is even.

The even numbers between 1 and 100 are:

$$
2, 4, 6, \ldots, 100
$$

This is an arithmetic sequence with:

- First term $ a = 2 $
- Last term $ l = 100 $
- Common difference $ d = 2 $

The number of terms in this sequence is:

$$
n = \frac{l - a}{d} + 1 = \frac{100 - 2}{2} + 1 = \frac{98}{","(['17/50', '\\frac{17}{50}'], ['1', '1'])",False,
91,baseline,target-only,,200,"We are given:

- The field is **rectangular**.
- **Width** = 300 feet
- **Length** = 400 feet
- **Jim** walks **diagonally** across the field.
- **Martha** walks **along the length and width** to the same point.
- We are to find how many **feet less** Jim walks than Martha.

---

### Step 1: Find the distance Jim walks (diagonal)

Jim walks **diagonally** across the rectangle. The diagonal of a rectangle can be found using the **Pythagorean Theorem**:

$$
\text{Diagonal} = \sqrt{\text{length}^2 + \text{width}^2}
$$

$$
\text{Diagonal} = \sqrt{400^2 + 300^2} = \sqrt{160000 + 90000} = \sqrt{250000} = 500 \text{ feet}
$$

So, **Jim walks 500 feet**.

---

### Step 2: Find the distance Martha walks

Martha walks **along the length and width","(['200', '200'], ['2', '2'])",False,
92,baseline,target-only,,21,"We are asked to find the **greatest common divisor (GCD)** of the three numbers:

$$
3339,\ 2961,\ 1491
$$

---

### Step 1: Use the Euclidean Algorithm

We'll start by finding the GCD of the first two numbers, then use that result to find the GCD with the third number.

#### Step 1.1: Find GCD(3339, 2961)

We apply the Euclidean algorithm:

$$
\begin{align*}
3339 \div 2961 &= 1 \text{ remainder } 378 \\
2961 \div 378 &= 7 \text{ remainder } 273 \\
378 \div 273 &= 1 \text{ remainder } 105 \\
273 \div 105 &= 2 \text{ remainder } 63 \\
105 \div 63 &= 1 \text{ remainder } 42 \\
63 \div 42 &= 1 \text{ remainder } 21 \\
42 \div 21 &= ","(['21', '21'], ['21', '21'])",True,
93,baseline,target-only,,\sqrt{5},"We are given:

- A **right cylindrical tank** is being filled with water at a rate of $ 20\pi $ cubic meters per hour.
- The **water level rises 4 meters per hour**.
- We are to find the **radius** of the tank, in **simplest radical form**.

---

### Step 1: Understand the relationship between volume and height

The volume $ V $ of a cylinder is given by:

$$
V = \pi r^2 h
$$

Where:
- $ r $ is the **radius** of the base,
- $ h $ is the **height** of the water in the tank.

We are told that the **volume increases at a rate of $ 20\pi $ m³/hour**, and the **height increases at a rate of 4 meters per hour**.

So, we are given:

$$
\frac{dV}{dt} = 20\pi \quad \text{and} \quad \frac{dh}{dt} = 4
$$

We want to find $ r $, the radius of the tank.

---

### Step 2: Differentiate the volume formula with respect to time

Differentiate both sides of the","(['sqrt(5)', '\\sqrt{5}'], ['2', '2'])",False,
94,baseline,target-only,,\frac{1}{4},"We are given that a point $(x, y)$ is randomly selected such that:

$$
0 \le x \le 8 \quad \text{and} \quad 0 \le y \le 4
$$

We are to find the **probability** that:

$$
x + y \le 4
$$

---

### Step 1: Understand the Sample Space

The total area of the region where the point $(x, y)$ can be selected is a rectangle with:

- Width = $8$ (from $x = 0$ to $x = 8$)
- Height = $4$ (from $y = 0$ to $y = 4$)

So the **total area** of the sample space is:

$$
\text{Total Area} = 8 \times 4 = 32
$$

---

### Step 2: Understand the Region Where $x + y \le 4$

We are interested in the region where:

$$
x + y \le 4
$$

This is a **linear inequality**. Let's sketch or visualize the region in the coordinate plane.

- The line $x + y = 4$ is a straight line that","(['1/4', '\\frac{1}{4}'], ['Eq(x + y, 4)', 'x + y = 4'])",False,
95,baseline,target-only,,3,"We are given the cubic equation:

$$
x^3 + ax^2 + ax + 1 = 0
$$

and told that **all roots are real**. We are to find the **smallest possible value of $ a > 0 $** for which this is true.

---

### Step 1: Use the fact that all roots are real

Let the roots of the cubic be $ r_1, r_2, r_3 $, all real. Then by Vieta's formulas:

- $ r_1 + r_2 + r_3 = -a $
- $ r_1r_2 + r_1r_3 + r_2r_3 = a $
- $ r_1r_2r_3 = -1 $

We are to find the **smallest positive $ a $** such that all roots are real.

---

### Step 2: Use the discriminant of a cubic

A cubic polynomial $ x^3 + bx^2 + cx + d $ has **all real roots** if and only if its **discriminant is non-negative**.

The discriminant $ \Delta $ of a cubic $ x^3 + bx^2 + cx + d","(['3', '3'], ['delta', '\\Delta'])",False,
96,baseline,target-only,,2,"We are given a two-digit number in the form **""B6""**, where **B** is the tens digit, and the number is the **square of a positive integer**.

We are to find how many **distinct possible values** there are for **B**.

---

### Step 1: Understand the number format

The number is of the form **""B6""**, which is a two-digit number where the **tens digit is B** and the **units digit is 6**.

So, the number is:

$$
10B + 6
$$

We are told that this number is a **perfect square**.

---

### Step 2: Find all two-digit numbers ending in 6 that are perfect squares

We need to find all **two-digit numbers** that end in **6** and are perfect squares.

Let’s list all two-digit perfect squares:

$$
1^2 = 1 \quad \text{(not two-digit)} \\
2^2 = 4 \quad \text{(not two-digit)} \\
3^2 = 9 \quad \text{(not two-digit)} \\
4^2 = 16 \\
5^2 = 25 \\
6^2 = 3","(['2', '2'], ['3', '3'])",False,
97,baseline,target-only,,13,"We are given the equation of a line:

$$
\frac{x}{4} + \frac{y}{12} = 1
$$

We are asked to find the **x-intercept** $ a $, the **y-intercept** $ b $, and the **slope** $ m $, and then compute $ a + b + m $.

---

### Step 1: Find the x-intercept $ a $

The **x-intercept** is the value of $ x $ when $ y = 0 $.

Substitute $ y = 0 $ into the equation:

$$
\frac{x}{4} + \frac{0}{12} = 1 \Rightarrow \frac{x}{4} = 1 \Rightarrow x = 4
$$

So, the **x-intercept** is:

$$
a = 4
$$

---

### Step 2: Find the y-intercept $ b $

The **y-intercept** is the value of $ y $ when $ x = 0 $.

Substitute $ x = 0 $ into the equation:

$$
\frac{0}{4} + \frac{y}{12} = 1 \Rightarrow \frac{","(['13', '13'], ['1', '1'])",False,
98,baseline,target-only,,\frac{1997}{2},"We are given that:

$$
\omega^{1997} = 1 \quad \text{and} \quad \omega \neq 1
$$

This means that $\omega$ is a **primitive 1997th root of unity**, i.e., $\omega$ is a complex number such that:

$$
\omega^k \neq 1 \quad \text{for } 1 \leq k < 1997
$$

We are to evaluate the sum:

$$
S = \sum_{k=1}^{1997} \frac{1}{1 + \omega^k}
$$

---

### Step 1: Use the identity for roots of unity

Let’s consider the sum:

$$
S = \sum_{k=1}^{1997} \frac{1}{1 + \omega^k}
$$

Note that $\omega^k$ for $k = 1$ to $1997$ are all the **1997th roots of unity**, except for $\omega^0 = 1$, which is excluded.

So the sum is over all the **non-1 1997","(['1997/2', '\\frac{1997}{2}'], ['1997', '1997'])",False,
99,baseline,target-only,,66,"We are given the equation:

$$
\sqrt[3]{x^2 - 4x + 4} = 16
$$

---

### Step 1: Eliminate the cube root

To get rid of the cube root, we raise both sides of the equation to the power of 3:

$$
\left( \sqrt[3]{x^2 - 4x + 4} \right)^3 = 16^3
$$

$$
x^2 - 4x + 4 = 4096
$$

---

### Step 2: Solve the quadratic equation

Now we solve:

$$
x^2 - 4x + 4 = 4096
$$

Subtract 4096 from both sides:

$$
x^2 - 4x + 4 - 4096 = 0
$$

$$
x^2 - 4x - 4092 = 0
$$

---

### Step 3: Use the quadratic formula

The quadratic formula is:

$$
x = \frac{-b \pm \sqrt{b^2 - 4ac}}{2a}
$$

Here","(['66', '66'], ['4', 'x = \\frac{-b \\pm \\sqrt{b^2 - 4ac}}{2a}'])",False,
100,baseline,target-only,,480,"We are given:

- 6 **different** books.
- 2 of them are **math books**.
- We want to **stack all 6 books on a shelf**.
- The **condition**: the **math books must not be next to each other**.

---

### Step 1: Total number of ways to arrange 6 books

Since all 6 books are **different**, the total number of ways to arrange them is:

$$
6! = 720
$$

---

### Step 2: Subtract the number of arrangements where the **math books are next to each other**

We want to **exclude** the cases where the two math books are **adjacent**.

#### Step 2.1: Treat the two math books as a single ""block""

If the two math books are next to each other, we can treat them as a **single unit** or ""block"". So now we have:

- 1 math block
- 4 other books

That’s a total of **5 items** to arrange.

The number of ways to arrange these 5 items is:

$$
5! = 120
$$

#### Step 2.2: Within the math block, the two math books","(['480', '480'], ['2.20000000000000', '2.2'])",False,
101,baseline,target-only,,\begin{pmatrix} -1/3 \\ 2/3 \\ 5/3 \end{pmatrix},"We are given:

- A vector $\mathbf{a} = \begin{pmatrix} 1 \\ 1 \\ 1 \end{pmatrix}$
- A vector $\mathbf{v} = \begin{pmatrix} v_1 \\ v_2 \\ v_3 \end{pmatrix}$
- Two conditions:
  1. $\mathbf{a} \cdot \mathbf{v} = 2$
  2. $\mathbf{a} \times \mathbf{v} = \begin{pmatrix} 1 \\ -2 \\ 1 \end{pmatrix}$

We are to **find** the vector $\mathbf{v}$ that satisfies both conditions.

---

### Step 1: Use the dot product condition

$$
\mathbf{a} \cdot \mathbf{v} = 1 \cdot v_1 + 1 \cdot v_2 + 1 \cdot v_3 = v_1 + v_2 + v_3 = 2
$$

So we have the equation:

$$
v_1 + v_2 + v_3 = 2 \tag{1}
$$

---

### Step","(['Matrix([[-1/3], [2/3], [5/3]])', '\\begin{pmatrix} -1/3 \\\\ 2/3 \\\\ 5/3 \\end{pmatrix}'], ['2', 'v_1 + v_2 + v_3 = 2 \\tag{1}'])",False,
102,baseline,target-only,,2000,"We are given:

- A snack-size tin of peaches has **40 calories**.
- This is **2%** of a person's daily caloric requirement.

We are asked to find the **total daily caloric requirement**.

---

### Step 1: Let the total daily caloric requirement be $ x $.

We are told that 40 calories is 2% of $ x $, so:

$$
0.02x = 40
$$

---

### Step 2: Solve for $ x $

$$
x = \frac{40}{0.02} = 2000
$$

---

### Final Answer:

$$
\boxed{2000}
$$

So, a person's daily caloric requirement is **2000 calories**.","(['2000', '2000'], ['2000', '2000'])",True,
103,baseline,target-only,,12,"We are asked to find the **remainder** when the polynomial

$$
P(x) = (5x + 9)^{611} + (x + 5)^{11} + (x - 1)^{11} + 3x^2 + 1
$$

is divided by $ x + 2 $.

---

### Step 1: Use the Remainder Theorem

The **Remainder Theorem** says that the remainder when a polynomial $ P(x) $ is divided by $ x - a $ is $ P(a) $.

In this case, we are dividing by $ x + 2 = x - (-2) $, so the **remainder is**:

$$
P(-2)
$$

So we need to compute:

$$
P(-2) = (5(-2) + 9)^{611} + (-2 + 5)^{11} + (-2 - 1)^{11} + 3(-2)^2 + 1
$$

---

### Step 2: Compute each term

#### First term: $ (5(-2) + 9)^{611} $

$$
5(-2","(['12', '12'], ['5', '5(-2'])",False,
104,baseline,target-only,,\frac9{19},"We are given the equation:

$$
\frac{\sqrt{2x}}{\sqrt{3x - 1}} = \frac{3}{2}
$$

---

### Step 1: Eliminate the square roots by squaring both sides

$$
\left( \frac{\sqrt{2x}}{\sqrt{3x - 1}} \right)^2 = \left( \frac{3}{2} \right)^2
$$

$$
\frac{2x}{3x - 1} = \frac{9}{4}
$$

---

### Step 2: Cross-multiply to eliminate the fraction

$$
4 \cdot 2x = 9 \cdot (3x - 1)
$$

$$
8x = 27x - 9
$$

---

### Step 3: Solve for $ x $

$$
8x - 27x = -9
$$

$$
-19x = -9
$$

$$
x = \frac{9}{19}
$$

---

### Step 4: Check that the solution is valid

We must ensure that the original expression is defined. That is, the expressions under the square roots must","(['9/19', '\\frac{9}{19}'], ['4', '4'])",False,
105,baseline,target-only,,1600,"We are given the expression:

$$
441 + 2(21)(19) + 361 = x
$$

Let's solve this step by step.

---

### Step 1: Evaluate the middle term

$$
2(21)(19)
$$

First, compute $21 \times 19$:

$$
21 \times 19 = 399
$$

Now multiply by 2:

$$
2 \times 399 = 798
$$

So the middle term is **798**.

---

### Step 2: Add the other two terms

We now have:

$$
441 + 798 + 361
$$

Add 441 and 798 first:

$$
441 + 798 = 1239
$$

Now add 361:

$$
1239 + 361 = 1600
$$

---

### Final Answer:

$$
\boxed{1600}
$$","(['1600', '1600'], ['1600', '1600'])",True,
106,baseline,target-only,,\dfrac{33}{100},"We are given that a number is selected **at random** from the integers **1 through 100**, inclusive. We are to find the **probability** that the number is a **multiple of 3**.

---

### Step 1: Total number of possible outcomes

The numbers from 1 to 100 inclusive form a total of:

$$
100 \text{ numbers}
$$

So, the total number of possible outcomes is **100**.

---

### Step 2: Count the number of favorable outcomes (multiples of 3)

We want to count how many numbers between 1 and 100 are divisible by 3.

A number is divisible by 3 if it is of the form:

$$
3k \quad \text{where } k \in \mathbb{Z}^+
$$

So, we find the largest integer $ k $ such that $ 3k \leq 100 $:

$$
k = \left\lfloor \frac{100}{3} \right\rfloor = \left\lfloor 33.333\ldots \right\rfloor = 33
$$

So,","(['33/100', '\\frac{33}{100}'], ['Eq(floor(33.333), 33) & Eq(k, floor(100/3)) & Eq(floor(100/3), floor(33.333))', 'k = \\lfloor \\frac{100}{3} \\rfloor = \\lfloor 33.333  \\rfloor = 33'])",False,
107,baseline,target-only,,"(3,4]","We are given a function:

$$
f(x) = \lambda x(1 - x)
$$

with domain and codomain both $[0,1]$, and a constant $\lambda \in [0,4]$. We are to find the values of $\lambda$ such that **there exists an $x \in [0,1]$** for which:

- $f(x) \ne x$, but
- $f(f(x)) = x$.

---

### Step 1: Understand the condition

We are looking for **fixed points of $f^2(x) = f(f(x))$**, but **not fixed points of $f(x)$**.

So, we are looking for **period-2 points** of the function $f$, i.e., points $x$ such that:

$$
f(f(x)) = x \quad \text{but} \quad f(x) \ne x
$$

---

### Step 2: Solve the equation $f(f(x)) = x$

Let’s compute $f(f(x))$:

$$
f(x) = \lambda x(1 - x)
$$
$$
f(f(x)) = \lambda f(x)(1 - f(x)) =","(['Interval.Lopen(3, 4)', '(3,4]'], ['Eq(f(x), lambda*x*(1 - x))', 'f(x) = \\lambda x(1 - x)'])",False,
108,baseline,target-only,,63,"We are given a **rectangular region** with the following **vertices**:

- $ (5,4) $
- $ (-5,4) $
- $ (-5,-4) $
- $ (5,-4) $

This defines a **rectangle** centered at the origin, with:

- **Width**: from $ x = -5 $ to $ x = 5 $, so width = $ 10 $
- **Height**: from $ y = -4 $ to $ y = 4 $, so height = $ 8 $

We are to find how many **points with integer coordinates** lie **strictly inside** this rectangle.

---

### Step 1: Understand the region

The rectangle is defined by the **bounding box**:

$$
-5 < x < 5, \quad -4 < y < 4
$$

We are to count all **integer-coordinate points** that satisfy:

$$
-5 < x < 5, \quad -4 < y < 4
$$

This means:

- $ x $ can be any integer from $ -4 $ to $ 4 $ (since $ x $ must be strictly between $ -5 $ and $ 5 $)
- $ y","(['63', '63'], ['{-5, 5}', '-5 and 5'])",False,
109,baseline,target-only,,216,"We are given:

- A **steel sphere** with **radius 3 inches** is made by **removing metal from the corners** of a **cube**.
- The **cube has the shortest possible side length** that allows this.
- We are to find the **volume of the cube**.

---

### Step 1: Understand the Geometry

We are told that a **sphere of radius 3 inches** is formed by **cutting off the corners** of a **cube**. This means that the **sphere is inscribed** in the cube, touching the **midpoints of the cube's edges**.

Let’s denote the **side length of the cube** as $ s $.

When you cut off the corners of a cube to form a sphere, the **sphere touches the midpoints of the cube's edges**. This is a known geometric configuration.

---

### Step 2: Determine the Relationship Between the Cube and the Sphere

In this configuration:

- The **diameter of the sphere** is equal to the **edge length of the cube**.
- The **diameter of the sphere** is $ 2 \times \text{radius} = 2 \times 3 = 6 $ inches.
- Therefore, the","(['216', '216'], ['Eq(2*3, 6) & Eq(2*radius, 2*3)', '2 \\times \\text{radius} = 2 \\times 3 = 6'])",False,
110,baseline,target-only,,54,"We are given:

- The area of triangle $ \triangle ABC $ is 6 square centimeters.
- $ \overline{AB} \parallel \overline{DE} $
- $ BD = 4BC $

We are to find the area of triangle $ \triangle CDE $.

---

### Step 1: Understand the Geometry

From the Asymptote diagram:

- Points $ A, B, C $ form triangle $ ABC $.
- Points $ D, E $ are such that $ \overline{DE} \parallel \overline{AB} $.
- $ D $ lies on the extension of $ BC $, and $ E $ lies on the extension of $ AC $, such that $ \overline{DE} \parallel \overline{AB} $.

We are told that $ BD = 4BC $, so the point $ D $ is **4 times** the length of $ BC $ away from $ B $, along the line $ BC $.

This suggests that triangle $ CDE $ is similar to triangle $ CAB $, because $ \overline{DE} \parallel \overline{AB} $, and both triangles share angle $ C $.

---

### Step 2","(['54', '54'], ['2', '2'])",False,
111,baseline,target-only,,16,"We are given that $ x, y, z $ are **positive real numbers** such that:

$$
xyz = 2
$$

We are to **minimize** the expression:

$$
x^4 + 4y^2 + 4z^4
$$

---

### Step 1: Use the constraint $ xyz = 2 $

We can express one variable in terms of the other two. For example, solve for $ z $:

$$
z = \frac{2}{xy}
$$

Substitute this into the expression to be minimized:

$$
x^4 + 4y^2 + 4\left(\frac{2}{xy}\right)^4 = x^4 + 4y^2 + 4 \cdot \frac{16}{x^4 y^4} = x^4 + 4y^2 + \frac{64}{x^4 y^4}
$$

So the expression becomes:

$$
f(x, y) = x^4 + 4y^2 + \frac{64}{x^4 y^4}
$$

We now want to **minimize** this function over positive real numbers $ x, y $.

","(['16', '16'], ['{x, y}', 'x, y'])",False,
112,baseline,target-only,,9,"We are given the function:

$$
f(x) = \frac{2}{x + 1}
$$

We are asked to find:

$$
f^{-1}\left(\frac{1}{5}\right)
$$

---

### Step 1: Understand what $ f^{-1}(y) $ means

The inverse function $ f^{-1}(y) $ is the value of $ x $ such that:

$$
f(x) = y
$$

So, to find $ f^{-1}\left(\frac{1}{5}\right) $, we need to solve the equation:

$$
\frac{2}{x + 1} = \frac{1}{5}
$$

---

### Step 2: Solve the equation

$$
\frac{2}{x + 1} = \frac{1}{5}
$$

Cross-multiply:

$$
2 \cdot 5 = 1 \cdot (x + 1)
$$

$$
10 = x + 1
$$

Subtract 1 from both sides:

$$
x = 9
$$

---

### Final Answer:

$$
\boxed{9}
$$","(['9', '9'], ['9', '9'])",True,
113,baseline,target-only,,65,"We are given the formula for the volume of a cone:

$$
V = \frac{1}{3}Bh
$$

Where:
- $ B $ is the area of the base (in square units),
- $ h $ is the height (in units),
- $ V $ is the volume (in cubic units).

---

### Step 1: Plug in the given values

We are told:
- $ B = 30 $ square units,
- $ h = 6.5 $ units.

Substitute into the formula:

$$
V = \frac{1}{3} \times 30 \times 6.5
$$

---

### Step 2: Simplify the expression

First, compute $ 30 \times 6.5 $:

$$
30 \times 6.5 = 195
$$

Now multiply by $ \frac{1}{3} $:

$$
V = \frac{1}{3} \times 195 = 65
$$

---

### Final Answer:

$$
\boxed{65}
$$

So, the volume of the cone is **65 cubic units**.","(['65', '65'], ['65', '65'])",True,
114,baseline,target-only,,"3, 5, 7","We are given the equation:

$$
(x - 3)^3 + (x - 7)^3 = (2x - 10)^3
$$

---

### Step 1: Expand both sides

Let’s expand the left-hand side (LHS) and the right-hand side (RHS).

#### Left-Hand Side (LHS):

$$
(x - 3)^3 + (x - 7)^3
$$

We can use the binomial expansion for cubes:

$$
(a - b)^3 = a^3 - 3a^2b + 3ab^2 - b^3
$$

So:

$$
(x - 3)^3 = x^3 - 9x^2 + 27x - 27
$$
$$
(x - 7)^3 = x^3 - 21x^2 + 147x - 343
$$

Now add them:

$$
(x - 3)^3 + (x - 7)^3 = (x^3 - 9x^2 + 27x - 27) + (x^3 - 21x^2 + 14","(['{3, 5, 7}', '3, 5, 7'], ['14', '14'])",False,
115,baseline,target-only,,1\frac{4}{5},"We are given:

- Quadrilateral $ CDEG $ is a **square** with side length $ CD = 3 $.
- Quadrilateral $ BEFH $ is a **rectangle** with $ BE = 5 $.
- We are to find the length of $ BH $, expressed as a **mixed number**.

---

### Step 1: Understand the Geometry

From the Asymptote code and the labels:

- $ A = (0, 0) $
- $ B = (3, 0) $
- $ C = (6, 0) $
- $ D = (9, 0) $
- $ E = (9, 3) $
- $ G = (6, 3) $

So, the square $ CDEG $ has vertices at:

- $ C = (6, 0) $
- $ D = (9, 0) $
- $ E = (9, 3) $
- $ G = (6, 3) $

This confirms that $ CDEG $ is a square of side length 3, as $ CD = 3 $, and the coordinates match that.

Now, $ BEFH $ is a rectangle. We are told $","(['9/5', '1\\frac{4}{5}'], ['b*e*f*h', 'BEFH'])",False,
116,baseline,target-only,,64,"We are given a sequence of positive real numbers $(a_1, a_2, \dots, a_n)$ such that:

$$
\sum_{i=1}^n a_i = 96, \quad \sum_{i=1}^n a_i^2 = 144, \quad \sum_{i=1}^n a_i^3 = 216.
$$

We are to find the **sum of all possible values of $n$**.

---

### Step 1: Use Cauchy-Schwarz Inequality

We are given:

- $\sum a_i = 96$
- $\sum a_i^2 = 144$
- $\sum a_i^3 = 216$

Let’s denote:

- $S_1 = \sum a_i = 96$
- $S_2 = \sum a_i^2 = 144$
- $S_3 = \sum a_i^3 = 216$

We want to find all possible values of $n$ such that these three sums are consistent with a sequence of $n$ positive real numbers.

---

### Step 2: Use Cauchy","(['64', '64'], ['2', '2'])",False,
117,baseline,target-only,,11,"We are given the expression:

$$
(3x - 2)(4x + 1) - (3x - 2)4x + 1
$$

and we are to evaluate it when $ x = 4 $.

---

### Step 1: Substitute $ x = 4 $ into the expression

Let’s substitute $ x = 4 $ into the expression:

$$
(3(4) - 2)(4(4) + 1) - (3(4) - 2)(4(4)) + 1
$$

Now compute each part step by step.

---

### Step 2: Compute each term

#### First term: $ (3x - 2)(4x + 1) $

$$
3(4) - 2 = 12 - 2 = 10 \\
4(4) + 1 = 16 + 1 = 17 \\
\Rightarrow (3x - 2)(4x + 1) = 10 \cdot 17 = 170
$$

#### Second term: $ (3x - 2)4x $

$$
(3x - 2) = 1","(['11', '11'], ['1', '1'])",False,
118,baseline,target-only,,\frac{2}{3},"We are given a game between Alice and Bob with the following rules:

- **Alice starts first.**
- On **Alice's turn**, she flips a **coin**:
  - If it's **heads**, she **wins**.
  - If it's **tails**, the turn goes to **Bob**.
- On **Bob's turn**, he flips a **coin**:
  - If it's **tails**, he **wins**.
  - If it's **heads**, the turn goes back to **Alice**.

We are to find the **probability that Alice wins the game**.

---

### Step 1: Define the probability of Alice winning

Let $ P $ be the probability that **Alice wins** the game.

We'll analyze the game step by step.

---

### Step 2: First turn (Alice's turn)

- Alice flips a coin:
  - Probability of **heads** (Alice wins): $ \frac{1}{2} $
  - Probability of **tails** (Bob's turn): $ \frac{1}{2} $

So, the game can end on the first turn with probability $ \frac{1}{2} $, and if not, it goes to Bob.

---

### Step 3:","(['2/3', '\\frac{2}{3}'], ['3', '3'])",False,
119,baseline,target-only,,\frac{20000}{\pi},"We are given a **rectangular field** enclosed in an **athletic track**. The track consists of:

- **Two straight edges** of the field (the length of the field),
- **Two semicircular ends** (one on each end of the rectangle).

The **total length of the track is 400 meters**, and we are to find the **largest possible area of the field**.

---

### Step 1: Understand the Shape

The field is a **rectangle** with **two semicircular ends**, forming a **track** that is **400 meters long**.

This is a **standard running track** shape, where the **straight parts** are the length of the rectangle, and the **semicircular parts** are on the ends.

Let’s define:

- Let $ x $ be the **length** of the rectangle (the straight part of the track),
- Let $ y $ be the **width** of the rectangle (the diameter of the semicircles),
- Then the **radius** of the semicircles is $ r = \frac{y}{2} $.

---

### Step 2: Total Track Length

The **total length of the track** is the sum of:

","(['20000/pi', '\\frac{20000}{\\pi}'], ['2', '2'])",False,
120,baseline,target-only,,15,"We are given:

- A **circle**: $ x^2 + y^2 = 2 $
- A **parabola**: $ y^2 = 8x $

We are told that these two curves have **two common tangents**, and that these tangents touch the circle and the parabola at **four points of tangency**. These four points form a **quadrilateral**, and we are to find the **area of this quadrilateral**.

---

### Step 1: Understand the Geometry

We are given that the **circle** and **parabola** have **two common tangents**, and each tangent touches both the circle and the parabola at one point. So, there are **two tangents**, each touching the circle and the parabola at one point, giving us **four points of tangency**.

These four points form a **quadrilateral**, and we are to find the **area** of that quadrilateral.

---

### Step 2: Find the Points of Tangency

Let’s find the **equation of a common tangent** to both the circle and the parabola.

#### General form of a line tangent to the parabola $ y^2 = 8x $

","(['15', '15'], ['Eq(y**2, 8*x)', 'y^2 = 8x'])",False,
121,baseline,target-only,,\frac{11}{2},"We are given the equation:

$$
|x + 5| - |3x - 6| = 0
$$

We are to **find the largest possible value of $ x $** that satisfies this equation.

---

### Step 1: Understand the equation

We are dealing with absolute values, so we need to consider different cases based on the expressions inside the absolute values.

Let’s define:

- $ A = x + 5 $
- $ B = 3x - 6 $

So the equation becomes:

$$
|A| - |B| = 0 \Rightarrow |A| = |B|
$$

This means:

$$
|x + 5| = |3x - 6|
$$

This equation is true when the two expressions inside the absolute values are either equal or negatives of each other.

So we have two cases:

---

### **Case 1: $ x + 5 = 3x - 6 $**

Solve:

$$
x + 5 = 3x - 6 \\
5 + 6 = 3x - x \\
11 = 2x \\
x = \frac{11}{2}
$$

---

### **Case 2: $ x +","(['11/2', '\\frac{11}{2}'], ['2', '2'])",False,
122,baseline,target-only,,-\sqrt{3},"We are asked to simplify the expression:

$$
\tan 100^\circ + 4 \sin 100^\circ
$$

---

### Step 1: Use known trigonometric identities

We can use the identity:

$$
\tan \theta = \frac{\sin \theta}{\cos \theta}
$$

So:

$$
\tan 100^\circ = \frac{\sin 100^\circ}{\cos 100^\circ}
$$

Now substitute into the original expression:

$$
\tan 100^\circ + 4 \sin 100^\circ = \frac{\sin 100^\circ}{\cos 100^\circ} + 4 \sin 100^\circ
$$

---

### Step 2: Combine terms

To combine the terms, we need a common denominator. The first term has denominator $\cos 100^\circ$, and the second term is just $\sin 100^\circ$, so we can write:

$$
\frac{\sin 100^\circ}{\cos 100^\circ} + 4 \sin 100^\","(['-sqrt(3)', '-\\sqrt{3}'], ['100', '100'])",False,
123,baseline,target-only,,1+2\sqrt{3},"We are given a **regular tetrahedron** $ABCD$ with **side length 2**, and a **plane** that is **parallel to edges $AB$ and $CD$** and **lies halfway between them**. This plane cuts the tetrahedron into two pieces. We are to find the **surface area of one of these pieces**.

---

### Step 1: Understand the Geometry

A **regular tetrahedron** has:

- 4 triangular faces
- 4 vertices
- 6 edges, all of equal length (here, 2)
- All faces are equilateral triangles

Let’s label the vertices as $A, B, C, D$, and assume the tetrahedron is oriented so that:

- $AB$ and $CD$ are skew lines (not intersecting and not parallel)
- The plane is **parallel to both $AB$ and $CD$** and lies **halfway between them**

This means the plane is **equidistant from both $AB$ and $CD$**.

---

### Step 2: Understand the Plane

Since the plane is **parallel to both $AB$ and $CD$**, and lies **halfway between them**, it is","(['1 + 2*sqrt(3)', '1+2\\sqrt{3}'], ['{a*b, c*d}', 'AB and CD'])",False,
124,baseline,target-only,,84,"We are given the following information about a class of 30 students:

- 20 students scored **80**
- 8 students scored **90**
- 2 students scored **100**

We are asked to find the **class average** (i.e., the **mean** score).

---

### Step 1: Calculate the total score

We calculate the total score by multiplying the number of students by their respective scores and then adding them all together.

$$
\text{Total score} = (20 \times 80) + (8 \times 90) + (2 \times 100)
$$

$$
= 1600 + 720 + 200 = 2520
$$

---

### Step 2: Calculate the mean (average)

$$
\text{Mean} = \frac{\text{Total score}}{\text{Number of students}} = \frac{2520}{30}
$$

$$
\text{Mean} = 84
$$

---

### ✅ Final Answer:

$$
\boxed{84}
$$","(['84', '84'], ['84', '84'])",True,
125,baseline,target-only,,6,"We are asked to evaluate:

$$
\log_2 64
$$

### Step 1: Understand the definition of a logarithm

The expression $\log_2 64$ means:

> ""To what power must we raise 2 to get 64?""

In other words, we are looking for a number $x$ such that:

$$
2^x = 64
$$

### Step 2: Express 64 as a power of 2

We know that:

$$
64 = 2^6
$$

So:

$$
2^x = 2^6
$$

### Step 3: Equate the exponents

Since the bases are the same, the exponents must be equal:

$$
x = 6
$$

### Final Answer:

$$
\boxed{6}
$$","(['6', '6'], ['6', '6'])",True,
126,baseline,target-only,,12,"We are asked to simplify the expression:

$$
\frac{\sqrt{2.5^2 - 0.7^2}}{2.7 - 2.5}
$$

---

### Step 1: Simplify the denominator

$$
2.7 - 2.5 = 0.2
$$

So the expression becomes:

$$
\frac{\sqrt{2.5^2 - 0.7^2}}{0.2}
$$

---

### Step 2: Compute the numerator inside the square root

First, compute $2.5^2$ and $0.7^2$:

$$
2.5^2 = 6.25, \quad 0.7^2 = 0.49
$$

Now subtract:

$$
6.25 - 0.49 = 5.76
$$

So the expression becomes:

$$
\frac{\sqrt{5.76}}{0.2}
$$

---

### Step 3: Simplify the square root

$$
\sqrt{5.76} = 2.4
$$

So the expression becomes:

$$
\frac{2.4","(['12', '12'], ['Eq(sqrt(5.76), 2.4)', '\\sqrt{5.76} = 2.4'])",False,
127,baseline,target-only,,18+2\pi,"We are given a **regular nonagon** (a 9-sided polygon) with **side length 2 units**. We are to find the **perimeter of the set $ S $**, which is defined as:

> The union of:
> - All points **inside** the nonagon, and
> - All points **less than 1 unit away from a point on the perimeter** of the nonagon.

---

### Step 1: Understand the shape of $ S $

The set $ S $ is the union of:
- The **interior** of the nonagon (all points inside it),
- And the **1-unit neighborhood** around the perimeter of the nonagon (i.e., all points within 1 unit of the perimeter).

So, $ S $ is the **union of the interior of the nonagon and a 1-unit ""buffer"" around its perimeter**.

This is equivalent to the **Minkowski sum** of the nonagon with a disk of radius 1, or more simply, the **nonagon expanded outward by 1 unit**.

---

### Step 2: Visualize the shape of $ S $

- The **original nonagon** has side length 2.
- The **buffer region** (","(['2*pi + 18', '18+2\\pi'], ['2', '2'])",False,
0,dflash,dflash,,900,"We are given that the product of two integers, 240 and $ k $, is a **perfect cube**. We are to find the **smallest possible positive value of $ k $** such that this condition is satisfied.

---

### Step 1: Prime Factorization of 240

We start by factoring 240 into its prime factors:

$$
240 = 2^4 \times 3^1 \times 5^1
$$

So, the prime factorization of 240 is:

$$
240 = 2^4 \cdot 3^1 \cdot 5^1
$$

---

### Step 2: Understanding the Condition

We are told that:

$$
240 \cdot k = \text{a perfect cube}
$$

Let’s denote the prime factorization of $ k $ as:

$$
k = 2^a \cdot 3^b \cdot 5^c \cdot \text{(other primes)}
$$

Then the product $ 240 \cdot k $ becomes:

$$
240 \cdot k = 2^{4+a} \cdot 3^{1+b} \cdot","(['900', '900'], ['3', '3'])",False,
1,dflash,dflash,,32,"We are given:

- A triangle is **isosceles right triangle**.
- The **altitude to the hypotenuse** has length $ 4\sqrt{2} $.
- We are to find the **area** of the triangle.

---

### Step 1: Understand the triangle

An **isosceles right triangle** has:

- Two legs of equal length.
- A right angle between the two legs.
- The hypotenuse is the side opposite the right angle.

Let the legs be of length $ a $. Then the hypotenuse is:

$$
\text{Hypotenuse} = a\sqrt{2}
$$

---

### Step 2: Use the altitude to the hypotenuse

In a right triangle, the **altitude to the hypotenuse** divides the triangle into two smaller, similar right triangles.

Let’s denote:

- $ h = 4\sqrt{2} $: the altitude to the hypotenuse.
- $ a $: the length of each leg.
- $ c = a\sqrt{2} $: the hypotenuse.

In a right triangle, the **area** can be calculated in two ways:

$$
\text{Area} = \frac{1","(['32', '32'], ['Eq(c, sqrt(2)*a)', 'c = a\\sqrt{2}'])",False,
2,dflash,dflash,,120^\circ,"We are given the expression:

$$
\tan \theta = \frac{\cos 5^\circ \cos 20^\circ + \cos 35^\circ \cos 50^\circ - \sin 5^\circ \sin 20^\circ - \sin 35^\circ \sin 50^\circ}{\sin 5^\circ \cos 20^\circ - \sin 35^\circ \cos 50^\circ + \cos 5^\circ \sin 20^\circ - \cos 35^\circ \sin 50^\circ}
$$

We are to find the **least positive angle** $\theta$ such that this equation holds.

---

### Step 1: Recognize trigonometric identities

Let’s look at the **numerator** and **denominator** separately.

#### Numerator:
$$
\cos 5^\circ \cos 20^\circ + \cos 35^\circ \cos 50^\circ - \sin 5^\circ \sin 20^\circ - \sin 35^\circ \sin 50^\circ
$$

Group terms:
$$
(\cos 5","(['120', '120^\\circ'], ['5', '5'])",False,
3,dflash,dflash,,-120,"We are given the following system of equations:

$$
\begin{cases}
a + b = 8 \quad \text{(1)} \\
b + c = -3 \quad \text{(2)} \\
a + c = -5 \quad \text{(3)}
\end{cases}
$$

We are asked to find the value of the product $ abc $.

---

### Step 1: Add all three equations

Add equations (1), (2), and (3):

$$
(a + b) + (b + c) + (a + c) = 8 + (-3) + (-5)
$$

Simplify the left-hand side:

$$
a + b + b + c + a + c = 2a + 2b + 2c
$$

Right-hand side:

$$
8 - 3 - 5 = 0
$$

So:

$$
2a + 2b + 2c = 0
$$

Divide both sides by 2:

$$
a + b + c = 0 \quad \text{(4)}
$$

---

### Step 2: Use equation (4) to find one variable

From equation (4): $ a","(['-120', '-120'], ['2', '2'])",False,
4,dflash,dflash,,25,"We are given that $ A $ is the **sum of the positive divisors** of $ 500 $, and we are to find the **sum of the distinct prime divisors** of $ A $.

---

### Step 1: Prime Factorization of 500

We start by factoring 500:

$$
500 = 5^3 \times 2^2
$$

So, the prime factorization of 500 is:

$$
500 = 2^2 \times 5^3
$$

---

### Step 2: Use the Formula for the Sum of Divisors

The **sum of the positive divisors** of a number $ n = p_1^{e_1} p_2^{e_2} \cdots p_k^{e_k} $ is given by:

$$
\sigma(n) = (1 + p_1 + p_1^2 + \cdots + p_1^{e_1}) \times (1 + p_2 + p_2^2 + \cdots + p_2^{e_2}) \times \cdots
$$

So for $ 500","(['25', '25'], ['500', '500'])",False,
5,dflash,dflash,,2516_8,"We are given a binary number:

$$
10101001110_2
$$

We are to convert this binary number to **base 8** (octal).

---

### Step 1: Understand the relationship between binary and octal

Each **octal digit** corresponds to **3 binary digits**. So, we can group the binary number into sets of 3 bits starting from the right.

Let’s write the binary number again:

$$
10101001110_2
$$

We need to group it into 3-bit chunks from the right:

- Start from the right:  
  - The rightmost 3 bits: `110`  
  - Next 3 bits: `011`  
  - Next 3 bits: `001`  
  - Next 3 bits: `010`  
  - Next 3 bits: `1` (we need to pad with leading zeros to make it 3 bits: `001`)

So, the binary number becomes:

$$
001\ 010\ 011\ 110
$$

Now, convert each","(['2516', '2516_8'], ['132', '001 010 011 110'])",False,
6,dflash,dflash,,3,"We are asked to find how many **two-digit primes** have digits that **sum to 8**.

---

### Step 1: Understand the problem

We are looking for **two-digit prime numbers** such that the **sum of their digits is 8**.

Let’s denote a two-digit number as $ \overline{ab} $, where:

- $ a $ is the tens digit (1 to 9, since it's a two-digit number),
- $ b $ is the units digit (0 to 9),
- The number is $ 10a + b $,
- The **sum of the digits** is $ a + b = 8 $.

We need to find all such numbers that are **prime**.

---

### Step 2: Find all two-digit numbers with digit sum 8

We need to find all pairs $ (a, b) $ such that:

$$
a + b = 8, \quad \text{where } a \in \{1, 2, ..., 9\}, \, b \in \{0, 1, ..., 9\}
$$

Let’s list all such numbers:

- $ a = 1, b = 7 \","(['3', '3'], ['7', '7'])",False,
7,dflash,dflash,,\begin{pmatrix} -2 \\ -14 \\ -7 \end{pmatrix},"We are given a matrix $\mathbf{A}$ such that:

$$
\mathbf{A} \begin{pmatrix} 3 \\ 1 \\ 0 \end{pmatrix} = \begin{pmatrix} 2 \\ 4 \\ -3 \end{pmatrix}, \quad \mathbf{A} \begin{pmatrix} -5 \\ 2 \\ 2 \end{pmatrix} = \begin{pmatrix} 0 \\ -5 \\ -5 \end{pmatrix}
$$

We are asked to find:

$$
\mathbf{A} \begin{pmatrix} -13 \\ 3 \\ 4 \end{pmatrix}
$$

---

### Step 1: Express the vector $\begin{pmatrix} -13 \\ 3 \\ 4 \end{pmatrix}$ as a linear combination of the given vectors

Let’s denote:

$$
\mathbf{v}_1 = \begin{pmatrix} 3 \\ 1 \\ 0 \end{pmatrix}, \quad \mathbf{v}_2 = \begin{pmatrix} -5 \\ 2 \\ 2 \end{pmatrix}
$$

","(['Matrix([[-2], [-14], [-7]])', '\\begin{pmatrix} -2 \\\\ -14 \\\\ -7 \\end{pmatrix}'], ['{Eq(v_1, Matrix([\n[3],\n[1],\n[0]])), Eq(v_2, Matrix([\n[-5],\n[ 2],\n[ 2]]))}', '\\text{v}_1 = \\begin{pmatrix} 3 \\\\ 1 \\\\ 0 \\end{pmatrix}, \\quad \\text{v}_2 = \\begin{pmatrix} -5 \\\\ 2 \\\\ 2 \\end{pmatrix}'])",False,
8,dflash,dflash,,4,"We are given the equation:

$$
\frac{6r^2 - 19r - 7}{2r - 7} = 4r - 3
$$

---

### Step 1: Eliminate the denominator

Multiply both sides of the equation by $2r - 7$ (assuming $2r - 7 \ne 0$):

$$
6r^2 - 19r - 7 = (4r - 3)(2r - 7)
$$

---

### Step 2: Expand the right-hand side

$$
(4r - 3)(2r - 7) = 4r \cdot 2r + 4r \cdot (-7) - 3 \cdot 2r - 3 \cdot (-7)
$$
$$
= 8r^2 - 28r - 6r + 21 = 8r^2 - 34r + 21
$$

So the equation becomes:

$$
6r^2 - 19r - 7 = 8r^2 - 34r + 21
$$

---

### Step 3: Move all","(['4', '4'], ['3', '3'])",False,
9,dflash,dflash,,\frac{\sqrt{3}}{3},"We are given the expression:

$$
\sqrt{\sqrt[3]{\sqrt{\frac{1}{729}}}}
$$

We are to **simplify** this expression and write the result with a **rational denominator**.

---

### Step 1: Simplify the innermost radical

We start with:

$$
\sqrt{\frac{1}{729}}
$$

Recall that:

$$
\sqrt{\frac{1}{729}} = \frac{1}{\sqrt{729}} = \frac{1}{27}
$$

Because $ \sqrt{729} = 27 $, since $ 27^2 = 729 $.

So now the expression becomes:

$$
\sqrt{\sqrt[3]{\frac{1}{27}}}
$$

---

### Step 2: Simplify the cube root

$$
\sqrt[3]{\frac{1}{27}} = \frac{1}{\sqrt[3]{27}} = \frac{1}{3}
$$

Because $ \sqrt[3]{27} = 3 $, since $ 3^3 = 27 $.

","(['sqrt(3)/3', '\\frac{\\sqrt{3}}{3}'], ['Eq(3**3, 27)', '3^3 = 27'])",False,
10,dflash,dflash,,1251,"We are told that **two-thirds** of the students at Baker Middle School take music, and that **834 students** take music.

Let’s denote the **total number of students** at the school as $ x $.

We are given:

$$
\frac{2}{3}x = 834
$$

To find $ x $, we solve the equation:

$$
x = 834 \times \frac{3}{2}
$$

Now calculate:

$$
x = 834 \times 1.5 = 1251
$$

### Final Answer:
$$
\boxed{1251}
$$

So, there are **1251 students** at Baker Middle School.","(['1251', '1251'], ['1251', '1251'])",True,
11,dflash,dflash,,\text{(C)},"We are given the equation in **cylindrical coordinates**:

$$
z = c
$$

and asked to determine the **shape** it describes.

---

### Step 1: Understand Cylindrical Coordinates

In **cylindrical coordinates** $(r, \theta, z)$, the coordinates are defined as:

- $r$: the radial distance from the $z$-axis
- $\theta$: the angle in the $xy$-plane from the positive $x$-axis
- $z$: the height above the $xy$-plane

So, the point $(r, \theta, z)$ corresponds to the point $(r\cos\theta, r\sin\theta, z)$ in **Cartesian coordinates**.

---

### Step 2: Interpret the Equation $z = c$

The equation $z = c$ says that the **height** above the $xy$-plane is constant, regardless of the values of $r$ and $\theta$.

This means that for **any** $r$ and $\theta$, the $z$-coordinate is fixed at $c$.

So, the set of all points $(r, \theta, z)$ such that $z = c$ is a","(['c', '\\text{(C)}'], ['(r, theta, z)', 'z ='])",False,
12,dflash,dflash,,17,"We are given that for all $ x \in [0, 1] $, the inequality
$$
|ax^2 + bx + c| \le 1
$$
holds, and we are to find the **largest possible value of** $ |a| + |b| + |c| $.

---

### Step 1: Understand the constraint

We are told that the quadratic function
$$
f(x) = ax^2 + bx + c
$$
satisfies
$$
|f(x)| \le 1 \quad \text{for all } x \in [0, 1].
$$
This means that the graph of the quadratic lies between the lines $ y = 1 $ and $ y = -1 $ on the interval $ [0, 1] $.

We are to **maximize** the sum of the absolute values of the coefficients:
$$
|a| + |b| + |c|.
$$

---

### Step 2: Use known bounds for such quadratics

There is a known result in approximation theory that gives the **maximum possible value of** $ |a| + |b| + |c| $ under the constraint that
$$
|","(['17', '17'], ['Abs(a) + Abs(b) + Abs(c)', '|a| + |b| + |c|'])",False,
13,dflash,dflash,,17,"We are given the coordinates of three vertices of a **parallelogram**:

- $ A = (5, 3) $
- $ B = (6, 8) $
- $ C = (7, 4) $
- The fourth vertex is $ D = (x, y) $, and we are told that $ x > 7 $

We are to find the value of $ x + y $.

---

### Step 1: Use the property of a parallelogram

In a **parallelogram**, the **diagonals bisect each other**. That is, the **midpoint of one diagonal is the same as the midpoint of the other diagonal**.

So, if we assume that the diagonals are $ AC $ and $ BD $, then the midpoints of $ AC $ and $ BD $ must be the same.

Let’s compute the midpoint of diagonal $ AC $:

- $ A = (5, 3) $
- $ C = (7, 4) $

Midpoint of $ AC $:

$$
\text{Midpoint} = \left( \frac{5 + 7}{2}, \frac{3 + 4}{2} \right) = \left","(['17', '17'], ['4', '4'])",False,
14,dflash,dflash,,3,"We are given that:

$$
(x - 1) \cdot f(x) = 3x^4 + x^3 - 25x^2 + 38x - 17
$$

We are asked to find the **degree** of the polynomial $ f(x) $.

---

### Step 1: Understand the structure

Let’s denote:

$$
P(x) = (x - 1) \cdot f(x) = 3x^4 + x^3 - 25x^2 + 38x - 17
$$

So, $ f(x) $ is a polynomial such that when multiplied by $ (x - 1) $, it gives the polynomial $ P(x) $.

We are to find the **degree** of $ f(x) $.

---

### Step 2: Use the degree of a product

Recall the rule for the degree of a product of two polynomials:

$$
\deg(A \cdot B) = \deg(A) + \deg(B)
$$

Let’s denote:

- $ \deg(f(x)) = n $
- $ \deg(x - 1) = 1 $

Then:

$$
\deg((","(['3', '3'], ['1', '\\deg(x - 1) = 1'])",False,
15,dflash,dflash,,\begin{pmatrix} 1/5 \\ -18/5 \end{pmatrix},"We are given that a **reflection** takes the vector  
$$
\begin{pmatrix} 5 \\ 0 \end{pmatrix}
$$  
to  
$$
\begin{pmatrix} 4 \\ 3 \end{pmatrix}.
$$  
We are to find where the reflection takes  
$$
\begin{pmatrix} -2 \\ 3 \end{pmatrix}.
$$

---

### Step 1: Understand the reflection

A **reflection** is a linear transformation that maps a vector to its mirror image across a line (or plane). In 2D, a reflection is a **linear transformation** of the form:

$$
R = 2P - I
$$

where $ P $ is the projection matrix onto the line of reflection, and $ I $ is the identity matrix.

Alternatively, we can think of a reflection as a **symmetry** across a line. If we know the image of one vector under the reflection, we can find the **line of reflection** and then apply the reflection to the other vector.

---

### Step 2: Use the given information

We are told that:

$$
R \begin{pmatrix} 5 \\ 0 \end{pmatrix}","(['Matrix([[1/5], [-18/5]])', '\\begin{pmatrix} 1/5 \\\\ -18/5 \\end{pmatrix}'], ['0', '0'])",False,
16,dflash,dflash,,28800,"We are given a Senate committee with:

- 5 Democrats
- 5 Republicans
- 1 Independent

We are to find the number of **distinct ways** they can sit **around a circular table**, with the condition that **all members of each party sit next to each other**. Also, **rotations of the same arrangement are considered equivalent**.

---

### Step 1: Understand the seating arrangement

We are arranging **6 people** around a **circular table**. However, the **grouping** is important:

- All **Democrats** must sit **together**.
- All **Republicans** must sit **together**.
- The **Independent** is **alone**.

So, we can think of the seating as:

- A **block of 5 Democrats**
- A **block of 5 Republicans**
- A **single Independent**

These three blocks are to be arranged **around the circular table**.

---

### Step 2: Circular arrangement of blocks

In a **circular arrangement**, the number of ways to arrange **n** distinct objects is **(n - 1)!**.

Here, we have **3 blocks** (Democrats, Republicans, Independent), so the number of **distinct circular arrangements** of","(['28800', '28800'], ['3', '3'])",False,
17,dflash,dflash,,11,"We are given the equation:

$$
\frac{2}{3} = \frac{4}{x - 5}
$$

---

### Step 1: Cross-multiply to eliminate the fractions

Multiply both sides of the equation by $3(x - 5)$ to eliminate the denominators:

$$
2(x - 5) = 3 \cdot 4
$$

$$
2(x - 5) = 12
$$

---

### Step 2: Distribute the 2 on the left side

$$
2x - 10 = 12
$$

---

### Step 3: Solve for $x$

Add 10 to both sides:

$$
2x = 22
$$

Divide both sides by 2:

$$
x = 11
$$

---

### Final Answer:

$$
\boxed{11}
$$","(['11', '11'], ['11', '11'])",True,
18,dflash,dflash,,898,"We are given a recurrence relation:

$$
x_n = x_{n-1} - x_{n-2} + x_{n-3} - x_{n-4} \quad \text{for } n \geq 5
$$

with initial values:

$$
x_1 = 211, \quad x_2 = 375, \quad x_3 = 420, \quad x_4 = 523
$$

We are to find:

$$
x_{531} + x_{753} + x_{975}
$$

---

### Step 1: Understand the recurrence

We are given a **linear recurrence relation** of order 4:

$$
x_n = x_{n-1} - x_{n-2} + x_{n-3} - x_{n-4}
$$

This is a **homogeneous linear recurrence** with constant coefficients.

Let’s denote the characteristic equation of this recurrence.

The recurrence is:

$$
x_n - x_{n-1} + x_{n-2} - x_{n-3} + x_{n-4} = 0
$$","(['898', '898'], ['Eq(x_n - x_{n-1} + x_{n-2} - x_{n-3} + x_{n-4}, 0)', 'x_n - x_{n-1} + x_{n-2} - x_{n-3} + x_{n-4} = 0'])",False,
19,dflash,dflash,,-2,"We are given a complex number $ z $ such that:

$$
z + \frac{1}{z} = \frac{1 + \sqrt{5}}{2}
$$

We are to find:

$$
z^{85} + \frac{1}{z^{85}}
$$

---

### Step 1: Recognize the expression

Let’s denote:

$$
x = z + \frac{1}{z} = \frac{1 + \sqrt{5}}{2}
$$

This is a well-known expression. In fact, the value $ \frac{1 + \sqrt{5}}{2} $ is the **golden ratio**, often denoted by $ \phi $, and satisfies the identity:

$$
\phi = \frac{1 + \sqrt{5}}{2}, \quad \phi^2 = \phi + 1
$$

So we can write:

$$
z + \frac{1}{z} = \phi
$$

---

### Step 2: Use recurrence relation

Let’s define a sequence $ a_n = z^n + \frac{1}{z^n} $. We are given:

$$
a_1 = z + \frac{","(['-2', '-2'], ['Eq(a_n, z**n + 1/z**n)', 'a_n = z^n + \\frac{1}{z^n}'])",False,
20,dflash,dflash,,\frac 59,"We are asked to compute:

$$
0.\overline{7} - 0.\overline{4} + 0.\overline{2}
$$

and express the result as a **common fraction**.

---

### Step 1: Convert repeating decimals to fractions

We'll convert each repeating decimal to a fraction using the standard method for repeating decimals.

#### 1. Convert $ 0.\overline{7} $ to a fraction

Let $ x = 0.\overline{7} $

Then:

$$
10x = 7.\overline{7}
$$

Subtract:

$$
10x - x = 7.\overline{7} - 0.\overline{7} \Rightarrow 9x = 7 \Rightarrow x = \frac{7}{9}
$$

So:

$$
0.\overline{7} = \frac{7}{9}
$$

---

#### 2. Convert $ 0.\overline{4} $ to a fraction

Let $ x = 0.\overline{4} $

Then:

$$
10x = 4.\overline{4}
$$

Subtract:

$$
10x - x","(['5/9', '\\frac{5}{9}'], ['10', '10'])",False,
21,dflash,dflash,,"-2,1","We are given the polynomial:

$$
x^4 + 5x^3 + 9x^2 - x - 14 = 0
$$

We are to **find all the integer roots** of this polynomial.

---

### Step 1: Use the **Rational Root Theorem**

The **Rational Root Theorem** says that any rational root of a polynomial with integer coefficients must be of the form:

$$
\frac{p}{q}
$$

where $ p $ is a factor of the **constant term** and $ q $ is a factor of the **leading coefficient**.

In this case:

- Constant term = $-14$
- Leading coefficient = $1$

So the possible rational roots are the **factors of -14**:

$$
\pm 1, \pm 2, \pm 7, \pm 14
$$

Since we are only interested in **integer roots**, we only need to test these values.

---

### Step 2: Test each possible integer root

We will test each of the values $ \pm 1, \pm 2, \pm 7, \pm 14 $ in the polynomial:

$$
f(x)","(['{-2, 1}', '-2,1'], ['{-14, -7, -2, -1, 1, 2, 7, 14}', '\\pm 1, \\pm 2, \\pm 7, \\pm 14'])",False,
22,dflash,dflash,,6 - 5i,"We are given:

- $ z = 2 + \sqrt{2} - (3 + 3\sqrt{2})i $
- $ c = 2 - 3i $
- $ w $ is the result of rotating $ z $ around $ c $ by $ \frac{\pi}{4} $ **counter-clockwise**

We are to find $ w $.

---

### Step 1: Understand the rotation

To rotate a complex number $ z $ around a point $ c $ by an angle $ \theta $, we can use the following formula:

$$
w = (z - c) \cdot e^{i\theta} + c
$$

Here:
- $ z $ is the original complex number
- $ c $ is the center of rotation
- $ \theta = \frac{\pi}{4} $, and we are rotating **counter-clockwise**, so the angle is positive.

---

### Step 2: Compute $ z - c $

We are given:

- $ z = 2 + \sqrt{2} - (3 + 3\sqrt{2})i $
- $ c = 2 - 3i $

So:

$$
z - c = (2 + \sqrt","(['-1*5*i + 6', '6 - 5i'], ['Eq(c, -1*3*i + 2)', 'c = 2 - 3i'])",False,
23,dflash,dflash,,16,"We are given that the two-digit integer $ \text{AB} $, when cubed, equals $ 912,673 $. We are to find the value of $ A + B $, where $ \text{AB} $ is a two-digit number.

---

### Step 1: Understand the notation

The two-digit number $ \text{AB} $ is a number like 12, 34, etc., where $ A $ is the tens digit and $ B $ is the units digit. So, the number is:

$$
\text{AB} = 10A + B
$$

We are told:

$$
(10A + B)^3 = 912673
$$

---

### Step 2: Estimate the cube root

We need to find the cube root of 912,673 to find the two-digit number $ \text{AB} $.

Let’s estimate:

$$
\sqrt[3]{912673} \approx ?
$$

Try some cube values:

- $ 90^3 = 729000 $
- $ 95^3 = 8573","(['16', '16'], ['8573', '8573'])",False,
24,dflash,dflash,,540,"We are given:

- **6 cars** pull up to a red light, **one at a time**.
- There are **3 lanes**:
  - **Left-turn lane**
  - **Straight-going lane**
  - **Right-turn lane**
- We are to count the number of **ways** the cars can **stack up** such that **all three lanes are occupied**.
- The **cars are distinguishable**, and the **order in which they arrive is fixed** (i.e., the first car is the first to arrive, the second is next, etc.).
- The **lanes are distinguishable** (left, straight, right).
- The **order of cars in each lane matters** (i.e., which car is in which position in the lane).
- The **goal** is to count the number of **valid assignments** of cars to lanes such that **each lane has at least one car**.

---

### Step 1: Understand the problem

We have 6 **distinguishable** cars, and we want to assign them to 3 **distinguishable** lanes (left, straight, right), such that **each lane has at least one car**.

This is a **surjective function** problem","(['540', '540'], ['3', '3'])",False,
25,dflash,dflash,,2\sqrt{5},"We are given a point $(6, 0)$ and a line $y = 2x - 2$, and we are asked to find the **shortest distance** from the point to the line.

---

### Step 1: Use the point-to-line distance formula

The **shortest distance** from a point $(x_0, y_0)$ to a line $Ax + By + C = 0$ is given by:

$$
\text{Distance} = \frac{|Ax_0 + By_0 + C|}{\sqrt{A^2 + B^2}}
$$

First, we rewrite the line equation $y = 2x - 2$ in standard form:

$$
y = 2x - 2 \Rightarrow 2x - y - 2 = 0
$$

So, $A = 2$, $B = -1$, and $C = -2$.

---

### Step 2: Plug in the point $(6, 0)$

$$
\text{Distance} = \frac{|2(6) + (-1)(0) - 2|}{\sqrt{2^2 + (-1)^2}} = \frac{|1","(['2*sqrt(5)', '2\\sqrt{5}'], ['2', '2'])",False,
26,dflash,dflash,,-9,"We are given the expression:

$$
1 + 2 + 3 - 4 + 5 + 6
$$

We are allowed to **add parentheses** (but **not rearrange the order** of the terms), and we are to find the **minimum possible value** of the expression under these constraints.

---

### Step 1: Understand the original expression

Let’s first compute the value of the original expression without parentheses:

$$
1 + 2 + 3 - 4 + 5 + 6 = (1 + 2 + 3) + (5 + 6) - 4 = 6 + 11 - 4 = 13
$$

So the original value is **13**.

---

### Step 2: Goal

We are to **add parentheses** (not change the order of the terms) to **minimize** the value of the expression.

We **cannot** change the order of the terms or use multiplication (e.g., we can't do something like $(1+2+3)(-4)+5+6$).

---

### Step 3: Strategy

We want to **minimize** the value. To do that, we want to **maximize","(['-9', '-9'], ['3', '3'])",False,
27,dflash,dflash,,60,"We are given:

- **6 witches**
- **10 sorcerers**

Each **witch** shakes hands with **each sorcerer**, but **no witch shakes hands with another witch**, and **no sorcerer shakes hands with another sorcerer**.

---

### Step 1: Understand the handshakes

We are only counting **handshakes between witches and sorcerers**.

- Each of the **6 witches** shakes hands with **10 sorcerers**.
- So, the total number of handshakes is:

$$
6 \text{ witches} \times 10 \text{ sorcerers} = 60 \text{ handshakes}
$$

---

### Step 2: Confirm no other handshakes occur

- **Witches don’t shake hands with other witches** → 0 handshakes among witches.
- **Sorcerers don’t shake hands with other sorcerers** → 0 handshakes among sorcerers.

So, **all handshakes are between witches and sorcerers**.

---

### Final Answer:

$$
\boxed{60}
$$","(['60', '60'], ['60', '60'])",True,
28,dflash,dflash,,10,"We are given the polynomial:

$$
x^8 + 3x^4 - 4
$$

and asked to factor it into irreducible monic polynomials with integer coefficients, and then compute the sum of the values of these polynomials evaluated at $ x = 1 $.

---

### Step 1: Factor the polynomial

We are given:

$$
x^8 + 3x^4 - 4
$$

Let’s make a substitution to simplify the expression. Let:

$$
y = x^4
$$

Then the polynomial becomes:

$$
y^2 + 3y - 4
$$

This is a quadratic in $ y $, so we can factor it:

$$
y^2 + 3y - 4 = (y + 4)(y - 1)
$$

Now substitute back $ y = x^4 $:

$$
(x^4 + 4)(x^4 - 1)
$$

So the original polynomial factors as:

$$
x^8 + 3x^4 - 4 = (x^4 + 4)(x^4 - 1)
$$

---

### Step 2: Factor each factor further

We now factor","(['10', '10'], ['2', '2'])",False,
29,dflash,dflash,,14,"We are asked to simplify the expression:

$$
(u+4)(u-1) - (u-3)(u+6)
$$

---

### Step 1: Expand each product

**First term:**
$$
(u+4)(u-1) = u(u-1) + 4(u-1) = u^2 - u + 4u - 4 = u^2 + 3u - 4
$$

**Second term:**
$$
(u-3)(u+6) = u(u+6) - 3(u+6) = u^2 + 6u - 3u - 18 = u^2 + 3u - 18
$$

---

### Step 2: Subtract the second expanded expression from the first

$$
(u^2 + 3u - 4) - (u^2 + 3u - 18)
$$

Distribute the negative sign:

$$
u^2 + 3u - 4 - u^2 - 3u + 18
$$

Now combine like terms:

- $u^2 - u^2 = 0$
- $3u - 3","(['14', '14'], ['3', '3'])",False,
30,dflash,dflash,,0,"We are given a piecewise function:

$$
f(x) = \begin{cases}
3 - x & \text{if } x \leq 3, \\
-x^3 + 2x^2 + 3x & \text{if } x > 3.
\end{cases}
$$

We are asked to compute:

$$
f^{-1}(0) + f^{-1}(6)
$$

---

### Step 1: Find $ f^{-1}(0) $

We need to find the value of $ x $ such that $ f(x) = 0 $.

We'll check both cases of the piecewise function.

#### Case 1: $ x \leq 3 $

$$
f(x) = 3 - x
$$

Set $ f(x) = 0 $:

$$
3 - x = 0 \Rightarrow x = 3
$$

Check if $ x = 3 $ satisfies the condition $ x \leq 3 $: **Yes**.

So, one solution is $ x = 3 $.

#### Case 2: $ x > 3 $

$$
f(x) = -x^3 + 2x^2 + 3","(['0', '0'], ['3', '3'])",False,
31,dflash,dflash,,0.15,"We are asked to write the fraction $\frac{3}{20}$ as a decimal.

---

### Step 1: Understand the fraction
The fraction is:

$$
\frac{3}{20}
$$

This means 3 divided by 20.

---

### Step 2: Perform the division
We can divide 3 by 20:

$$
3 \div 20 = 0.15
$$

---

### Step 3: Verify the result
To check, multiply the decimal by 20:

$$
0.15 \times 20 = 3
$$

This confirms that the decimal is correct.

---

### Final Answer:

$$
\boxed{0.15}
$$","(['0.150000000000000', '0.15'], ['0.150000000000000', '0.15'])",True,
32,dflash,dflash,,\frac{2}{1005},"We are given the equation:

$$
\frac{1}{x^2 - 1} + \frac{2}{x^2 - 2} + \frac{3}{x^2 - 3} + \frac{4}{x^2 - 4} = 2010x - 4
$$

We are to **find the sum of all complex solutions** of this equation.

---

### Step 1: Let’s make a substitution

Let:

$$
y = x^2
$$

Then the equation becomes:

$$
\frac{1}{y - 1} + \frac{2}{y - 2} + \frac{3}{y - 3} + \frac{4}{y - 4} = 2010x - 4
$$

But this still has both $ y $ and $ x $, and $ y = x^2 $, so we need to be careful. However, we can **try to find the sum of all complex solutions** of the original equation, **without solving explicitly**.

---

### Step 2: Consider the function on the left-hand side

Let’s define:

$$
f(x) = \","(['2/1005', '\\frac{2}{1005}'], ['2', '2'])",False,
33,dflash,dflash,,6,"We are given:

- 2 **indistinguishable** IMO gold medals (let's call them **I**),
- 2 **indistinguishable** IPhO gold medals (let's call them **P**).

We are to arrange these 4 medals in a **row**, and we want to find the number of **distinct arrangements** possible.

---

### Step 1: Understand the problem

We have 4 medals in total:

- 2 of type **I** (indistinguishable),
- 2 of type **P** (indistinguishable).

We are to arrange these 4 medals in a row, and we want to count how many **distinct** arrangements are possible.

---

### Step 2: Use the formula for permutations of multiset

When we have a total of $ n $ items, where there are duplicates of certain types, the number of **distinct arrangements** is given by:

$$
\frac{n!}{n_1! \cdot n_2! \cdot \ldots \cdot n_k!}
$$

Where:
- $ n $ is the total number of items,
- $ n_1, n_2, \ldots, n_k $ are the counts of each type of item","(['6', '6'], ['n', 'n_1, n_2,  , n_k'])",False,
34,dflash,dflash,,28,"We are given the problem of selecting **6 cookies** from a tray that contains **three types of cookies**: **chocolate chip**, **oatmeal**, and **peanut butter**. Each type has **at least 6 cookies**, and **cookies of the same type are indistinguishable**.

We are to find the number of **different assortments** of 6 cookies that can be selected.

---

### Step 1: Understand the Problem

We are to count the number of **non-negative integer solutions** to the equation:

$$
x_1 + x_2 + x_3 = 6
$$

Where:
- $ x_1 $ = number of chocolate chip cookies
- $ x_2 $ = number of oatmeal cookies
- $ x_3 $ = number of peanut butter cookies

Each $ x_i \geq 0 $, and we are to count the number of **distinct combinations** of these values that sum to 6.

This is a classic **stars and bars** problem.

---

### Step 2: Apply the Stars and Bars Theorem

The number of non-negative integer solutions to:

$$
x_1 + x_2 + x_3 = 6
$$

is","(['28', '28'], ['Eq(x_1 + x_2 + x_3, 6)', 'x_1 + x_2 + x_3 = 6'])",False,
35,dflash,dflash,,\frac{16}{27},"We are given the following:

- Sam is carrying a **2-gallon** bucket of milk.
- The distance from the barn to his house is **3 miles**.
- For **each mile** he walks, the **amount of milk in the bucket is multiplied by $\frac{2}{3}$**.
- We are to find how many gallons of milk are left in the bucket **when he gets home**.

---

### Step 1: Understand the process

At the **start**, the bucket has **2 gallons**.

For **each mile**, the amount of milk is multiplied by $\frac{2}{3}$.

So, after:

- **1 mile**: $2 \times \frac{2}{3}$
- **2 miles**: $2 \times \left(\frac{2}{3}\right)^2$
- **3 miles**: $2 \times \left(\frac{2}{3}\right)^3$

We need to compute the amount of milk after **3 miles**.

---

### Step 2: Compute the amount of milk after 3 miles

$$
\text{Milk after 3 miles} = 2 \times \left(\frac{2}{3}\right)^3
$$

","(['16/27', '\\frac{16}{27}'], ['Eq(milkafter3miles, 2*(2/3)**3)', '\\text{Milk after 3 miles} = 2 \\times (\\frac{2}{3})^3'])",True,
36,dflash,dflash,,42,"We are given that a **regular hexagon** can be divided into **six equilateral triangles**, and the **perimeter of one of these triangles is 21 inches**. We are to find the **perimeter of the regular hexagon**.

---

### Step 1: Understand the structure

A **regular hexagon** has **6 equal sides** and **6 equal angles**. When you divide a regular hexagon into **6 equilateral triangles**, each triangle has:

- **3 equal sides** (since the hexagon is regular and the triangles are equilateral)
- The **base of each triangle** is one side of the hexagon
- The **two other sides** are **radii** of the circumscribed circle of the hexagon

So, each triangle is **equilateral**, and all sides of the triangle are equal.

---

### Step 2: Use the given perimeter of one triangle

We are told that the **perimeter of one of the equilateral triangles is 21 inches**.

Let the side length of each triangle be $ s $.

Then the perimeter of the triangle is:

$$
3s = 21 \Rightarrow s = \frac{21}{3} = 7 \","(['42', '42'], ['7', '7'])",False,
37,dflash,dflash,,103,"We are given the following:

- A **book has $ n $ leaves** if it is composed of $ n $ pieces of paper.
- Each **leaf** is one piece of paper, and each **page** is one side of a leaf.
- So, **each leaf has 2 pages**.
- Therefore, the **number of pages** in the book is **twice the number of leaves**.

Let’s define:

- Let $ L $ be the number of **leaves**.
- Then the number of **pages** is $ 2L $.

We are told:

- The number of **pages** is **3 more than a multiple of 7**.
- That is, $ 2L \equiv 3 \pmod{7} $.
- Also, the number of **leaves** is **greater than 100**, i.e., $ L > 100 $.
- We are to find the **smallest possible value of $ L $** that satisfies these conditions.

---

### Step 1: Solve the congruence

We are given:

$$
2L \equiv 3 \pmod{7}
$$

We want to solve for $ L $ in this congr","(['103', '103'], ['l', 'L'])",False,
38,dflash,dflash,,56,"We are given the following information:

- Frank took a **100-question** aptitude test.
- Each **correct answer** gives **5 points**.
- Each **incorrect answer** gives **-2 points**.
- Each **unanswered question** gives **0 points**.
- Frank **answered 80 questions**.
- His **total score** is **232 points**.
- We are to find how many questions he answered **correctly**.

---

### Step 1: Define variables

Let:
- $ c $ = number of **correct answers**
- $ i $ = number of **incorrect answers**
- $ u $ = number of **unanswered questions**

We are told:
- Total questions: $ c + i + u = 100 $
- Total answered questions: $ c + i = 80 $
- Total score: $ 5c - 2i = 232 $

---

### Step 2: Use the total answered questions

From the second equation:
$$
c + i = 80 \quad \text{(1)}
$$

From the first equation:
$$
c + i + u = 100 \quad \text{(2)}
$$

","(['56', '56'], ['Eq(c + i, 80*1)', 'c + i = 80 \\quad \\text{(1)}'])",False,
39,dflash,dflash,,\text{(E)},"We are given the polar equation:

$$
r^2 \cos 2\theta = 4
$$

We are to determine what kind of curve this represents, and choose from the options:

- (A) Line  
- (B) Circle  
- (C) Parabola  
- (D) Ellipse  
- (E) Hyperbola  

---

### Step 1: Use a trigonometric identity

Recall the double angle identity for cosine:

$$
\cos 2\theta = \cos^2 \theta - \sin^2 \theta
$$

But we can also use the identity:

$$
\cos 2\theta = \frac{1 - \tan^2 \theta}{1 + \tan^2 \theta}
$$

However, a more useful identity in polar coordinates is:

$$
\cos 2\theta = \frac{r^2 \cos^2 \theta - r^2 \sin^2 \theta}{r^2} = \cos^2 \theta - \sin^2 \theta
$$

But that's not helpful directly. Let's try to convert the equation to Cartesian coordinates.

---

### Step 2: Convert to Cartesian coordinates

","(['e', '\\text{(E)}'], ['2', '2'])",False,
40,dflash,dflash,,4,"We are asked to find the **difference between the positive square root of 64 and the cube root of 64**.

---

### Step 1: Find the **positive square root of 64**

The square root of 64 is:

$$
\sqrt{64} = 8
$$

(Note: We take the **positive** square root, so it's 8, not -8.)

---

### Step 2: Find the **cube root of 64**

The cube root of 64 is:

$$
\sqrt[3]{64} = 4
$$

Because $ 4^3 = 64 $.

---

### Step 3: Find the **difference** between the two

$$
\text{Difference} = \sqrt{64} - \sqrt[3]{64} = 8 - 4 = 4
$$

---

### ✅ Final Answer:

$$
\boxed{4}
$$","(['4', '4'], ['4', '4'])",True,
41,dflash,dflash,,\frac{14}{3},"We are given the function:

$$
f(x) = \frac{3x - 2}{x - 2}
$$

We are asked to find:

$$
f(-2) + f(-1) + f(0)
$$

---

### Step 1: Compute $ f(-2) $

$$
f(-2) = \frac{3(-2) - 2}{-2 - 2} = \frac{-6 - 2}{-4} = \frac{-8}{-4} = 2
$$

---

### Step 2: Compute $ f(-1) $

$$
f(-1) = \frac{3(-1) - 2}{-1 - 2} = \frac{-3 - 2}{-3} = \frac{-5}{-3} = \frac{5}{3}
$$

---

### Step 3: Compute $ f(0) $

$$
f(0) = \frac{3(0) - 2}{0 - 2} = \frac{-2}{-2} = 1
$$

---

### Step 4: Add the results

$$
f(-2) + f(-1)","(['14/3', '\\frac{14}{3}'], ['4', '4'])",False,
42,dflash,dflash,,1,"We are given the following functions:

- $ t(x) = 3 - g(x) $
- $ g(x) = \sqrt{x} $

We are asked to find $ t(g(16)) $.

---

### Step 1: Evaluate $ g(16) $

Since $ g(x) = \sqrt{x} $, we substitute $ x = 16 $:

$$
g(16) = \sqrt{16} = 4
$$

---

### Step 2: Substitute into $ t(x) $

We now use the result from Step 1 in the function $ t(x) $:

$$
t(g(16)) = t(4)
$$

Recall that $ t(x) = 3 - g(x) $, so:

$$
t(4) = 3 - g(4)
$$

Now compute $ g(4) $:

$$
g(4) = \sqrt{4} = 2
$$

So:

$$
t(4) = 3 - 2 = 1
$$

---

### Final Answer:

$$
\boxed{1}
$$","(['1', '1'], ['1', '1'])",True,
43,dflash,dflash,,12,"We are given the quadratic expression:

$$
10x^2 - x - 24
$$

and told it can be factored as:

$$
(Ax - 8)(Bx + 3)
$$

Our goal is to find integers $ A $ and $ B $ such that this factorization is correct, and then compute $ AB + B $.

---

### Step 1: Expand the factored form

We expand:

$$
(Ax - 8)(Bx + 3) = A B x^2 + 3A x - 8B x - 24
$$

Group like terms:

$$
= AB x^2 + (3A - 8B)x - 24
$$

Now compare this with the original expression:

$$
10x^2 - x - 24
$$

So we match coefficients:

- Coefficient of $ x^2 $: $ AB = 10 $
- Coefficient of $ x $: $ 3A - 8B = -1 $
- Constant term: $ -24 $ (matches)

---

### Step 2: Solve the system of equations

We now solve:

1. $ AB =","(['12', '12'], ['1', '1'])",False,
44,dflash,dflash,,55^\circ,"We are given:

- The angle between vectors $\mathbf{a}$ and $\mathbf{b}$ is $29^\circ$.
- The angle between $\mathbf{b}$ and $\mathbf{a} - \mathbf{b}$ is $84^\circ$.
- We are to find the angle between $\mathbf{a}$ and $\mathbf{a} - \mathbf{b}$.

---

### Step 1: Use vector geometry and triangle angles

Let’s consider the triangle formed by the vectors $\mathbf{a}$, $\mathbf{b}$, and $\mathbf{a} - \mathbf{b}$.

Let’s denote:

- $\theta_1 = \angle(\mathbf{a}, \mathbf{b}) = 29^\circ$
- $\theta_2 = \angle(\mathbf{b}, \mathbf{a} - \mathbf{b}) = 84^\circ$
- $\theta_3 = \angle(\mathbf{a}, \mathbf{a} - \mathbf{b})$ (this is what we want to find)

These three angles are the internal angles of a triangle formed by","(['55', '55^\\circ'], ['Eq(theta_3, \\angle(a, a - b))', '\\theta_3 = \\angle(\\text{a}, \\text{a} - \\text{b})'])",False,
45,dflash,dflash,,110,"We are given a problem involving 360 students, and we are to find how many students take **physics**. Let's break down the information and use the **principle of inclusion-exclusion** to solve it.

---

### **Step 1: Define the sets**

Let:

- $ C $ = set of students who take **Calculus**
- $ P $ = set of students who take **Physics**
- $ Ch $ = set of students who take **Chemistry**

We are given:

- Total students: $ |U| = 360 $
- Students who take **all three** subjects: $ |C \cap P \cap Ch| = 15 $
- Students who take **none** of the three: $ |U - (C \cup P \cup Ch)| = 15 $
- Students who take **Calculus**: $ |C| = 180 $
- Students who take **Chemistry** = twice those who take **Physics**: $ |Ch| = 2|P| $
- Students who take **both Calculus and Chemistry**: $ |C \cap Ch| = 75 $
- Students who take **both Physics and Chemistry**: $ |P \cap Ch","(['110', '110'], ['75', '|C \\cap Ch| = 75'])",False,
46,dflash,dflash,,120,"We are given a diagram with two circles, both centered at point $ D $, with radii 1 and 2. The shaded region has an area equal to $ \frac{5}{12} $ of the area of the **larger circle** (radius 2). We are to find the measure of the smaller angle $ \angle ADC $, where $ A $ is a point on the **smaller circle** (radius 1), and $ C $ is a point on the **larger circle** (radius 2).

---

### Step 1: Understand the Geometry

- The two circles are concentric (same center $ D $).
- $ A $ is on the **smaller circle** (radius 1), and $ C $ is on the **larger circle** (radius 2).
- The angle $ \angle ADC $ is formed by the lines $ DA $ and $ DC $, where $ D $ is the center.
- The shaded region is a **lens-shaped region** formed by the intersection of the two circles, or a combination of regions between the two circles.

We are told that the **total shaded area** is $ \frac{5}{12} $ of the area of","(['120', '120'], ['5/12', '\\frac{5}{12}'])",False,
47,dflash,dflash,,8,"We are given that in a **convex polygon**, the **sum of all but one of its interior angles is $1070^\circ$**. We are to find the **number of sides** of the polygon.

---

### Step 1: Recall the formula for the sum of interior angles of a polygon

The sum of the interior angles of a polygon with $n$ sides is:

$$
S = (n - 2) \times 180^\circ
$$

---

### Step 2: Use the given information

We are told that the **sum of all but one** of the interior angles is $1070^\circ$. That means:

$$
\text{Sum of all interior angles} - \text{One interior angle} = 1070^\circ
$$

Let the **sum of all interior angles** be $S = (n - 2) \times 180^\circ$. Then:

$$
S - x = 1070^\circ
$$

Where $x$ is the **one missing interior angle**.

So:

$$
(n - 2) \times 180 - x = 1070
$$","(['8', '8'], ['Eq(-x + (n - 2)*180, 1070)', '(n - 2) \\times 180 - x = 1070'])",False,
48,dflash,dflash,,80,"We are given a quadrilateral $ABCD$, with angles $\angle BAD$ and $\angle CDA$ **trisected**. We are to find the **degree measure of angle $\angle AFD$**.

---

### Step 1: Understand the diagram and given information

From the Asymptote code and the diagram:

- $A = (0,0)$, $B = (2,4)$, $C = (7,4)$, $D = (7,-2)$
- The quadrilateral is drawn as $A \to B \to C \to D \to A$
- Points $E$ and $F$ are on the trisectors of $\angle BAD$ and $\angle CDA$, respectively
- The diagram shows:
  - $\angle BAD$ is trisected into three equal parts, each of measure $x$
  - $\angle CDA$ is trisected into three equal parts, each of measure $y$
  - The diagram also labels:
    - $\angle ABC = 110^\circ$
    - $\angle BCD = 100^\circ$
    - The trisected angles are labeled as $x$ and $y$

---

","(['80', '80'], ['{x, y}', 'x and y'])",False,
49,dflash,dflash,,4495,"We are asked to compute the binomial coefficient:

$$
\dbinom{31}{28}
$$

---

### Step 1: Use the identity for binomial coefficients

Recall the identity:

$$
\dbinom{n}{k} = \dbinom{n}{n - k}
$$

So,

$$
\dbinom{31}{28} = \dbinom{31}{3}
$$

This is easier to compute because 3 is a small number.

---

### Step 2: Compute $\dbinom{31}{3}$

The formula for a binomial coefficient is:

$$
\dbinom{n}{k} = \frac{n!}{k!(n - k)!}
$$

So,

$$
\dbinom{31}{3} = \frac{31!}{3!(31 - 3)!} = \frac{31!}{3! \cdot 28!}
$$

We can simplify this by canceling the $28!$ in the numerator and denominator:

$$
\dbinom{31}{3} = \frac{31 \cdot 30 \cdot 29}{3 \cdot ","(['4495', '4495'], ['29', '29'])",False,
50,dflash,dflash,,"(-\sqrt{3}, \sqrt{3})","We are given the inequality:

$$
-4 < x^4 + 4x^2 < 21
$$

We need to find all **real values of $ x $** that satisfy this inequality.

---

### Step 1: Analyze the left inequality: $ -4 < x^4 + 4x^2 $

Let’s define the function:

$$
f(x) = x^4 + 4x^2
$$

We want to find the values of $ x $ such that:

$$
f(x) > -4
$$

Note that $ x^4 \geq 0 $ and $ 4x^2 \geq 0 $ for all real $ x $, so:

$$
f(x) = x^4 + 4x^2 \geq 0
$$

So the left inequality $ -4 < f(x) $ is always true, because $ f(x) \geq 0 $, and $ -4 < 0 $. Therefore, the **left inequality is always satisfied** for all real $ x $.

---

### Step 2: Analyze the right inequality: $ x^4 + 4x^2 < 21 $

","(['Interval.open(-sqrt(3), sqrt(3))', '(-\\sqrt{3}, \\sqrt{3})'], ['x**4 + 4*x**2 < 21', 'x^4 + 4x^2 < 21'])",False,
51,dflash,dflash,,210,"We are given:

- **7 boys**
- **4 girls**
- Mr. Brennan wants to **pick 3 boys and 2 girls** for a group presentation.

We are to find the number of **ways** to do this, where **the order does not matter**.

---

### Step 1: Choose 3 boys from 7

This is a **combination** problem because the order of selection doesn't matter.

$$
\binom{7}{3} = \frac{7!}{3!(7-3)!} = \frac{7 \times 6 \times 5}{3 \times 2 \times 1} = 35
$$

---

### Step 2: Choose 2 girls from 4

Again, this is a combination:

$$
\binom{4}{2} = \frac{4!}{2!(4-2)!} = \frac{4 \times 3}{2 \times 1} = 6
$$

---

### Step 3: Multiply the two results

Since we are choosing 3 boys **and** 2 girls, and the choices are independent, we multiply the number of ways to choose the boys by the number of ways","(['210', '210'], ['2', '2'])",False,
52,dflash,dflash,,"\left( \frac{3}{2}, -13 \right)","We are given a parametric equation of a line:

$$
\begin{pmatrix} x \\ y \end{pmatrix} = \begin{pmatrix} 8 \\ -1 \end{pmatrix} + t \begin{pmatrix} 2 \\ 3 \end{pmatrix}
$$

This represents a line in **parametric form**, where:

- The point $\begin{pmatrix} 8 \\ -1 \end{pmatrix}$ is a point on the line (when $t = 0$).
- The vector $\begin{pmatrix} 2 \\ 3 \end{pmatrix}$ is the **direction vector** of the line.

We are asked to find the equation of the line in **slope-intercept form**:

$$
y = mx + b
$$

---

### Step 1: Find the slope $m$

The direction vector is $\begin{pmatrix} 2 \\ 3 \end{pmatrix}$, so the **slope** $m$ is:

$$
m = \frac{3}{2}
$$

---

### Step 2: Use a point to find $b$

We know the line passes through the point $(8, -1","(['(3/2, -13)', '( \\frac{3}{2}, -13 )'], ['-1', '-1'])",False,
53,dflash,dflash,,\sqrt{53},"We are asked to simplify $\sqrt{53}$ in simplest radical form.

---

### Step 1: Understand what ""simplest radical form"" means

A radical is in **simplest radical form** if:
- The radicand (the number under the square root) has **no perfect square factors** other than 1.
- The radical is **simplified** as much as possible.

---

### Step 2: Check if 53 is a perfect square

We check the square of numbers near 53:

- $7^2 = 49$
- $8^2 = 64$

So, 53 is **not a perfect square**.

---

### Step 3: Check if 53 has any perfect square factors

We factor 53:

- 53 is a **prime number** (it has no divisors other than 1 and itself).

So, the only factors of 53 are 1 and 53.

Since 53 is prime, it has **no perfect square factors** other than 1.

---

### Step 4: Conclusion

Since 53 is a prime number and has no perfect square factors other than 1, the square root of","(['sqrt(53)', '\\sqrt{53}'], ['1', '1'])",False,
54,dflash,dflash,,\frac{1}{2},"We are given that two numbers $ x $ and $ y $ are selected **at random** from the interval $ (0, 3) $, and we are to find the **probability** that a triangle with sides of length $ 1 $, $ x $, and $ y $ **exists**.

---

### Step 1: **Triangle Inequality Conditions**

For a triangle with sides $ a, b, c $, the **triangle inequality** must hold:

$$
a + b > c, \quad a + c > b, \quad b + c > a
$$

In our case, the sides are $ 1, x, y $. So the triangle inequalities become:

1. $ 1 + x > y $
2. $ 1 + y > x $
3. $ x + y > 1 $

We are to find the probability that **all three** of these inequalities are satisfied, given that $ x, y \in (0, 3) $, and they are selected **uniformly at random**.

---

### Step 2: **Geometric Interpretation**

Since $ x $ and $ y $ are selected from the interval $ (0, 3) $, we can model this","(['1/2', '\\frac{1}{2}'], ['Interval.open(0, 3)', '(0, 3)'])",False,
55,dflash,dflash,,\frac{8}{15},"We are given that the **area of triangle $ ABC $** is:

$$
\text{Area} = a^2 - (b - c)^2
$$

where $ a, b, c $ are the sides of triangle $ ABC $, and we are to compute $ \tan A $, where $ A $ is the angle opposite side $ a $.

---

### Step 1: Use the standard formula for the area of a triangle

The area of triangle $ ABC $ can also be written using the formula:

$$
\text{Area} = \frac{1}{2}bc \sin A
$$

So we equate the two expressions for the area:

$$
\frac{1}{2}bc \sin A = a^2 - (b - c)^2
$$

---

### Step 2: Simplify the right-hand side

$$
a^2 - (b - c)^2 = a^2 - (b^2 - 2bc + c^2) = a^2 - b^2 + 2bc - c^2
$$

So the equation becomes:

$$
\frac{1}{2}bc \sin A = a^2 - b^","(['8/15', '\\frac{8}{15}'], ['1/2', '\\frac{1}{2}'])",False,
56,dflash,dflash,,1 - 12i,"We are given a **complex number** $ z = 3 $, and we are to apply a **90° clockwise rotation** around the point $ -4 - 5i $ in the complex plane.

---

### Step 1: Understand the rotation

A **90° clockwise rotation** in the complex plane is equivalent to multiplying by $ e^{-i\pi/2} = -i $.

So, to rotate a complex number $ z $ by 90° clockwise, we compute:

$$
z' = -i \cdot z
$$

But this is **only** true **if** the rotation is about the origin. Since we are rotating **around the point** $ -4 - 5i $, we need to:

1. Translate the complex plane so that the center of rotation becomes the origin.
2. Apply the rotation.
3. Translate back.

---

### Step 2: Translate the point

Let’s denote the center of rotation as $ c = -4 - 5i $.

To rotate around $ c $, we first translate the point $ z = 3 $ by subtracting $ c $:

$$
z' = z - c = 3 - (-4 - 5i","(['-1*12*i + 1', '1 - 12i'], ['5', '5'])",False,
57,dflash,dflash,,10,"We are given:

- 7th grade enrollment: 520 students  
- 8th grade enrollment: 650 students  
- Total number of representatives: 18  
- We are to determine how many representatives the **8th grade** should have for **fair representation**.

---

### Step 1: Understand the goal

We want to distribute the 18 representatives **fairly** between the two grades based on their **enrollments**.

This is a **proportional representation** problem.

---

### Step 2: Find the total number of students

$$
\text{Total students} = 520 + 650 = 1170
$$

---

### Step 3: Determine the proportion of the 8th grade

$$
\text{Proportion of 8th grade} = \frac{650}{1170}
$$

Simplify the fraction:

$$
\frac{650}{1170} = \frac{65}{117} = \frac{5}{9}
$$

So, the 8th grade should have **5/9** of the 18 representatives.

---

###","(['10', '10'], ['18', '18'])",False,
58,dflash,dflash,,8,"We are told:

- **12 friends** met for dinner.
- Each ordered **one meal**.
- The **portions were so large** that the food was enough for **18 people**.
- The question is: **If they share, how many meals should they have ordered to have just enough food for the 12 of them?**

---

### Step 1: Understand the total amount of food

The food was enough for **18 people**, which means the total amount of food is equivalent to **18 meals**.

So, the total food = **18 meals**.

---

### Step 2: Determine how many meals are needed for 12 people

If the food is to be **just enough** for **12 people**, we need to find out how many meals are required to serve 12 people, assuming the food is shared equally.

Since the food is enough for 18 people, then:

- 1 meal = 1 person's portion
- So, 12 people would need **12 meals**.

But wait — the food is **enough for 18 people**, so the **total food is equivalent to 18 meals**.

So, if we want","(['8', '8'], ['18', '18'])",False,
59,dflash,dflash,,2k+2,"We are given the expression:

$$
(-k + 4) + (-2 + 3k)
$$

### Step 1: Remove the parentheses
Distribute the addition across the terms inside each parenthesis:

$$
(-k + 4) + (-2 + 3k) = -k + 4 - 2 + 3k
$$

### Step 2: Combine like terms
Group the terms with $ k $ and the constant terms:

- Terms with $ k $: $ -k + 3k = 2k $
- Constant terms: $ 4 - 2 = 2 $

### Step 3: Write the simplified expression
$$
2k + 2
$$

### Final Answer:
$$
\boxed{2k + 2}
$$","(['2*k + 2', '2k+2'], ['2*k + 2', '2k + 2'])",True,
60,dflash,dflash,,550,"We are given:

- Karla drove **12,000 miles** last year.
- She drove an **SUV** that gets **15 miles per gallon (mpg)**.
- She would have driven a **hybrid** that gets **48 mpg**.

We need to find how many **gallons of gasoline** she would have **saved** by driving the hybrid instead of the SUV.

---

### Step 1: Calculate the gallons used by the SUV

$$
\text{Gallons used by SUV} = \frac{\text{Miles driven}}{\text{MPG of SUV}} = \frac{12,000}{15} = 800 \text{ gallons}
$$

---

### Step 2: Calculate the gallons used by the hybrid

$$
\text{Gallons used by hybrid} = \frac{\text{Miles driven}}{\text{MPG of hybrid}} = \frac{12,000}{48} = 250 \text{ gallons}
$$

---

### Step 3: Calculate the gallons saved

$$
\text{Gallons saved} = \text{Gallons used","(['550', '550'], ['3', '3'])",False,
61,dflash,dflash,,"\$32,\!348","We are given:

- **Initial investment**: \$24,000  
- **Interest rate**: 1% **bi-monthly** (i.e., every 2 months)  
- **Time period**: 5 years  
- **Goal**: Find the total amount in the investment at the end of 5 years, rounded to the nearest whole number.

---

### Step 1: Understand the compounding frequency

- **Bi-monthly** means **every 2 months**.
- In 5 years, there are:
  $$
  5 \text{ years} \times 12 \text{ months/year} = 60 \text{ months}
  $$
  So, the number of **2-month periods** is:
  $$
  \frac{60}{2} = 30 \text{ periods}
  $$

---

### Step 2: Use the compound interest formula

The formula for compound interest is:

$$
A = P \left(1 + \frac{r}{n}\right)^{nt}
$$

But in this case, the interest is **compounded bi-monthly**, so we can use the formula:

$$
A = P (1 + r)^","(['32348', '32,348'], ['Eq(a, p*(1 + r/n)**(n*t))', 'A = P (1 + \\frac{r}{n})^{nt}'])",False,
62,dflash,dflash,,"(-\infty, 2) \cup (3, \infty)","We are given the function:

$$
f(x) = \frac{2x - 7}{\sqrt{x^2 - 5x + 6}}
$$

We are asked to find the **domain** of this function, which is the set of all real numbers $ x $ for which the function is defined (i.e., the expression is real and defined).

---

### Step 1: Understand the function

The function is a **rational function** with a **square root in the denominator**. So, we need to ensure:

1. The **denominator is not zero** (since division by zero is undefined).
2. The **expression under the square root is non-negative** (since square roots of negative numbers are not real).

So, we need to find the values of $ x $ such that:

- $ x^2 - 5x + 6 \geq 0 $ (so that the square root is defined)
- $ \sqrt{x^2 - 5x + 6} \neq 0 $ (so that the denominator is not zero)

---

### Step 2: Solve the inequality $ x^2 - 5x + 6 \geq 0 $

Factor the quadratic","(['Union(Interval.open(-oo, 2), Interval.open(3, oo))', '(-\\infty, 2) \\cup (3, \\infty)'], ['x**2 - 1*5*x + 6 >= 0', 'x^2 - 5x + 6 \\geq 0'])",False,
63,dflash,dflash,,1,"We are given the equation:

$$
(3^k)^6 = 3^6
$$

---

### Step 1: Simplify the left-hand side

Use the power of a power rule: $(a^m)^n = a^{m \cdot n}$

$$
(3^k)^6 = 3^{k \cdot 6} = 3^{6k}
$$

So the equation becomes:

$$
3^{6k} = 3^6
$$

---

### Step 2: Use the property of exponents

If $a^x = a^y$, then $x = y$, provided $a \ne 0$ and $a \ne 1$.

Here, the base is 3, which is not 0 or 1, so we can equate the exponents:

$$
6k = 6
$$

---

### Step 3: Solve for $k$

$$
6k = 6 \Rightarrow k = \frac{6}{6} = 1
$$

---

### Final Answer:

$$
\boxed{1}
$$","(['1', '1'], ['1', '1'])",True,
64,dflash,dflash,,2,"We are given a piecewise function:

$$
f(x) =
\begin{cases}
ax^2 & \text{if } x \geq a,\\
ax + 2a & \text{if } x < a,
\end{cases}
$$

and we are asked to find the **largest value of $ a $** such that the graph of $ y = f(x) $ **intersects every horizontal line at least once**.

---

### Step 1: Understand the problem

We are to find the **largest** value of $ a $ such that **every horizontal line** $ y = k $ (for any real number $ k $) intersects the graph of $ f(x) $ at least once.

This means that for **every** real number $ k $, the equation $ f(x) = k $ has at least one solution $ x $.

So, we need to ensure that the function $ f(x) $ is **surjective** (onto) from $ \mathbb{R} $ to $ \mathbb{R} $, i.e., for every $ k \in \mathbb{R} $, there exists an $ x \in \mathbb{R","(['2', '2'], ['Eq(k, Reals)', 'k \\in \\mathbb{R}'])",False,
65,dflash,dflash,,4,"We are given that:

- $ n $ fair 6-sided dice are rolled.
- The probability that **exactly two** of them show a number **other than 1** is $ \frac{25}{216} $.
- We are to find the value of $ n $.

---

### Step 1: Understand the event

We are looking for the probability that **exactly two dice show a number other than 1**, and the remaining $ n - 2 $ dice show **1**.

So, for each die:

- The probability that it shows **1** is $ \frac{1}{6} $.
- The probability that it shows **not 1** is $ \frac{5}{6} $.

We want **exactly two** of the $ n $ dice to show **not 1**, and the rest to show **1**.

---

### Step 2: Use the binomial probability formula

This is a **binomial probability** problem.

Let’s define:

- $ X $ = number of dice that show **not 1**.
- We want $ P(X = 2) $.

The binomial probability formula is:

$$
P(X = k) = \","(['4', '4'], ['2', 'P(X = 2)'])",False,
66,dflash,dflash,,1+274i,"We are given a function:

$$
F(z) = \frac{z + i}{z - i}
$$

and a sequence defined recursively by:

$$
z_n = F(z_{n-1}), \quad \text{for } n \geq 1, \quad \text{with } z_0 = \frac{1}{137} + i
$$

We are to find $ z_{2002} $.

---

### Step 1: Understand the function $ F(z) $

We are given:

$$
F(z) = \frac{z + i}{z - i}
$$

This is a Möbius transformation (a rational function of the form $ \frac{az + b}{cz + d} $), and such functions often have **periodic** or **cyclic** behavior when iterated.

Let’s try to find the **period** of the function $ F $, i.e., the smallest positive integer $ k $ such that $ F^k(z) = z $, i.e., applying $ F $ $ k $ times brings us back to the original value.

---

### Step 2: Try to find the period of $ F(z) $

Let","(['274*i + 1', '1+274i'], ['F(z)', 'F(z)'])",False,
67,dflash,dflash,,\frac{11}{36},"We are given two fair, 6-sided dice, and we are to find the **probability that the product of the two numbers is a multiple of 5**.

---

### Step 1: Understand the problem

We are rolling two dice, each with numbers from 1 to 6. Let the numbers rolled be $ a $ and $ b $, where $ a, b \in \{1, 2, 3, 4, 5, 6\} $.

We are to find the probability that:

$$
a \cdot b \equiv 0 \pmod{5}
$$

This means the product is divisible by 5.

---

### Step 2: When is a product divisible by 5?

A number is divisible by 5 if it has at least one factor of 5. So, the product $ a \cdot b $ is divisible by 5 **if at least one of the numbers is divisible by 5**.

So, the product is divisible by 5 **if either**:

- $ a $ is divisible by 5, **or**
- $ b $ is divisible by 5

So, we can use the **inclusion-exclusion principle** to find the number of","(['11/36', '\\frac{11}{36}'], ['5', '5'])",False,
68,dflash,dflash,,10,"We are given the following information:

- The robot moves at a **constant speed**.
- It takes **2.5 hours** to travel **1 kilometer**.
- At the same speed, it takes **90 seconds** to travel the **length of a hallway**.
- We are to find the **length of the hallway in meters**.

---

### Step 1: Find the robot's speed

We are told the robot takes **2.5 hours** to travel **1 kilometer**.

First, convert **2.5 hours** to **seconds** to match the time unit in the second part of the problem.

$$
2.5 \text{ hours} = 2.5 \times 3600 \text{ seconds} = 9000 \text{ seconds}
$$

So, the robot travels **1 kilometer (1000 meters)** in **9000 seconds**.

Now, calculate the **speed** in **meters per second**:

$$
\text{Speed} = \frac{1000 \text{ meters}}{9000 \text{ seconds}} = \frac{1}{9} \text{ m/s}
$$","(['10', '10'], ['Eq(speed, (1000*meters)/((9000*seconds))) & Eq((1000*meters)/((9000*seconds)), m/s/9)', '\\text{Speed} = \\frac{1000 \\text{ meters}}{9000 \\text{ seconds}} = \\frac{1}{9} \\text{ m/s}'])",False,
69,dflash,dflash,,78,"We are given the following information about the math club's bake sale:

- **Cookies**: 54 cookies sold at **3 for $1**.
- **Cupcakes**: 20 cupcakes sold at **$2 each**.
- **Brownies**: 35 brownies sold at **$1 each**.
- **Cost to bake all items**: **$15**.

We are to find the **profit**, which is:

$$
\text{Profit} = \text{Total Revenue} - \text{Total Cost}
$$

---

### Step 1: Calculate total revenue

#### Cookies:
- 54 cookies sold at 3 for $1.
- Number of sets of 3 cookies:  
  $$
  \frac{54}{3} = 18 \text{ sets}
  $$
- Revenue from cookies:  
  $$
  18 \times 1 = \$18
  $$

#### Cupcakes:
- 20 cupcakes at $2 each:  
  $$
  20 \times 2 = \$40
  $$

#### Brownies:
- 35 brownies at $1 each:  
  $$
  3","(['78', '78'], ['3', '3'])",False,
70,dflash,dflash,,3,"We are given the Fibonacci sequence:

$$
1, 1, 2, 3, 5, 8, 13, 21, \ldots
$$

Each term is the sum of the two previous terms. We are asked to find the **remainder when the 100th term** of the Fibonacci sequence is divided by **4**.

---

### Step 1: Understand the Problem

We are to compute:

$$
F_{100} \mod 4
$$

Where $ F_n $ is the $ n $-th Fibonacci number.

---

### Step 2: Use the Fibonacci Definition

The Fibonacci sequence is defined recursively as:

$$
F_1 = 1, \quad F_2 = 1, \quad F_n = F_{n-1} + F_{n-2} \text{ for } n \geq 3
$$

We are not going to compute $ F_{100} $ directly (that would be too large), but we can **find a pattern in the Fibonacci sequence modulo 4**.

---

### Step 3: Compute Fibonacci Numbers Modulo 4

Let’s compute the first few Fibonacci numbers modulo 4","(['3', '3'], ['4', '4'])",False,
71,dflash,dflash,,28,"We are given a geometric diagram with the following information:

- $\overline{BC}$ is **parallel** to the segment through $A$.
- $AB = BC$.
- An angle labeled $124^\circ$ is at point $A$.
- We are to find the value of $x$, which is the angle at point $B$ (labeled at the bottom of the diagram).

---

### Step 1: Understand the diagram

From the Asymptote code and the labels:

- Point $A$ is at $(2,3)$, labeled **N** (north).
- Point $B$ is at $(4,0)$, labeled **S** (south).
- Point $C$ is at $(8,0)$, also labeled **S**.
- The segment from $A$ to $B$ is drawn, and from $B$ to $C$ is drawn.
- The segment through $A$ is the horizontal line at $y = 3$, which is **parallel** to $\overline{BC}$, which is the segment from $B = (4,0)$ to $C = (8,0)$, i.e., a horizontal segment at $y = ","(['28', '28'], ['Eq(c, (8, 0))', 'C = (8,0)'])",False,
72,dflash,dflash,,23,"We are asked to find the result when the **greatest common factor (GCF)** of 6432 and 132 is **increased by 11**.

---

### Step 1: Find the GCF of 6432 and 132

We can use the **Euclidean Algorithm** to find the GCF.

Let’s apply the Euclidean Algorithm:

$$
\begin{align*}
6432 \div 132 &= 48 \text{ remainder } 96 \quad \text{(since } 132 \times 48 = 6336, \text{ and } 6432 - 6336 = 96) \\
132 \div 96 &= 1 \text{ remainder } 36 \quad \text{(since } 96 \times 1 = 96, \text{ and } 132 - 96 = 36) \\
96 \div 36 &= 2 \text{ remainder } 24 \quad \text{(since } 36 \times 2 = 72, \text{","(['23', '23'], ['72', '72'])",False,
73,dflash,dflash,,3,"We are asked to evaluate the product:

$$
\log_2{3} \cdot \log_3{4} \cdot \log_4{5} \cdot \log_5{6} \cdot \log_6{7} \cdot \log_7{8}
$$

---

### Step 1: Use the **change of base formula**

Recall the **change of base formula**:

$$
\log_a{b} = \frac{\log_c{b}}{\log_c{a}}
$$

We can use this to rewrite each logarithm in terms of a common base, say base 2.

Let’s rewrite each term:

- $\log_2{3} = \frac{\log_2{3}}{\log_2{2}} = \log_2{3}$
- $\log_3{4} = \frac{\log_2{4}}{\log_2{3}} = \frac{2}{\log_2{3}}$
- $\log_4{5} = \frac{\log_2{5}}{\log_2{4}} = \frac{\log_2{5}}{2}$
- $\log_","(['3', '3'], ['Eq(log(5, 4), log(5, 2)/log(4, 2)) & Eq(log(5, 2)/log(4, 2), log(5, 2)/2)', '\\log_4{5} = \\frac{\\log_2{5}}{\\log_2{4}} = \\frac{\\log_2{5}}{2}'])",False,
74,dflash,dflash,,44,"We are asked to compute the **modular inverse** of $ 17 $ modulo $ 83 $, that is:

$$
17^{-1} \pmod{83}
$$

This means we are looking for an integer $ x $ such that:

$$
17x \equiv 1 \pmod{83}
$$

---

### Step 1: Use the given hint

We are told:

$$
17 \cdot 5 = 85
$$

So:

$$
17 \cdot 5 \equiv 85 \pmod{83}
$$

Now compute $ 85 \mod 83 $:

$$
85 - 83 = 2 \Rightarrow 85 \equiv 2 \pmod{83}
$$

So:

$$
17 \cdot 5 \equiv 2 \pmod{83}
$$

This tells us:

$$
17 \cdot 5 \equiv 2 \pmod{83}
$$

We want to find $ x $ such that:

$$
17x \equiv 1 \pmod{83}
$$

Let’s try to use the above result to","(['44', '44'], ['1', '17x \\equiv 1 \\pmod{83}'])",False,
75,dflash,dflash,,12,"We are given the percentage of **bus riders** among **males** and **females** in each grade, based on a survey of 300 males and 300 females in each grade.

We are asked: **For which grade is the number of its male bus riders closest to 135% of the number of its female bus riders?**

---

### Step 1: Understand the question

We are given **percentages** of bus riders among males and females in each grade. We are to find the grade where the **number of male bus riders is closest to 135% of the number of female bus riders**.

Let’s denote:

- $ M $ = number of male bus riders
- $ F $ = number of female bus riders

We are to find the grade where:

$$
M \approx 1.35F
$$

Since there are 300 males and 300 females in each grade, we can compute the number of male and female bus riders as:

$$
M = 0.411 \times 300 = 123.3 \quad \text{(for 9th grade)}
$$
$$
F = ","(['12', '12'], ['Eq(m, 0.411*300) & Eq(0.411*300, 123.3*for9thgrade)', 'M = 0.411 \\times 300 = 123.3 \\quad \\text{(for 9th grade)}'])",False,
76,dflash,dflash,,3,"We are given:

- Total number of boxes: **10**
- Boxes with **pencils**: **5**
- Boxes with **pens**: **4**
- Boxes with **both pens and pencils**: **2**

We are asked to find how many boxes contain **neither pens nor pencils**.

---

### Step 1: Use the principle of inclusion and exclusion

Let:

- $ P $ = set of boxes with **pencils**
- $ Q $ = set of boxes with **pens**

We are given:

- $ |P| = 5 $
- $ |Q| = 4 $
- $ |P \cap Q| = 2 $

We want to find the number of boxes that contain **neither** pencils **nor** pens, i.e., the number of boxes in the complement of $ P \cup Q $.

First, find the number of boxes that contain **either** pencils **or** pens:

$$
|P \cup Q| = |P| + |Q| - |P \cap Q| = 5 + 4 - 2 = 7
$$

So, 7 boxes contain **either** pencils **or** pens.

---

### Step 2:","(['3', '3'], ['2', '2'])",False,
77,dflash,dflash,,13,"We are given a geometric figure with four points: $ A, B, C, D $, and the distances between them are labeled in the diagram. The goal is to find the **shortest distance** that can be traveled if we **start at any one of the points** and **visit the other three points once** (i.e., a **Hamiltonian path** that visits all four points exactly once, starting from any point).

---

### Step 1: Understand the Diagram

From the Asymptote code and the labels, we can extract the distances between the points:

- $ AB = 6 $
- $ AC = 6 $
- $ AD = 5 $
- $ BC = 5 $
- $ BD = 3 $
- $ CD = 4 $

So the full distance matrix is:

|   | A | B | C | D |
|---|---|---|---|---|
| A | 0 | 6 | 6 | 5 |
| B | 6 | 0 | 5 | 3 |
| C | 6 | 5 | 0 | 4 |
| D | 5 | 3 | 4 | 0 |

---

### Step 2:","(['13', '13'], ['2', '2'])",False,
78,dflash,dflash,,\frac{3}{2},"We are given that Remmy wants to divide **10 by $\frac{2}{3}$**, and we need to find the number he should **multiply 10 by** to get the result.

---

### Step 1: Understand the operation

Dividing by a fraction is the same as **multiplying by its reciprocal**.

So:

$$
10 \div \frac{2}{3} = 10 \times \frac{3}{2}
$$

---

### Step 2: Perform the multiplication

$$
10 \times \frac{3}{2} = \frac{10 \times 3}{2} = \frac{30}{2} = 15
$$

---

### Final Answer:

$$
\boxed{15}
$$

So, Remmy should multiply **10 by $\frac{3}{2}$** to get the result of dividing 10 by $\frac{2}{3}$, and the answer is:

$$
\boxed{15}
$$","(['3/2', '\\frac{3}{2}'], ['15', '15'])",False,
79,dflash,dflash,,-1,"We are given two polynomials:

- $ P(t) = 3t^2 + 5t + a $
- $ Q(t) = 4t^2 + bt - 2 $

Their product is:

$$
P(t) \cdot Q(t) = 12t^4 + 26t^3 - 8t^2 - 16t + 6
$$

We are to find the values of $ a $ and $ b $, and then compute $ a + b $.

---

### Step 1: Multiply the two polynomials

We multiply:

$$
(3t^2 + 5t + a)(4t^2 + bt - 2)
$$

Use the distributive property (FOIL method for polynomials):

$$
= 3t^2(4t^2 + bt - 2) + 5t(4t^2 + bt - 2) + a(4t^2 + bt - 2)
$$

Now expand each term:

- $ 3t^2(4t^2 + bt - 2) = 12t^4 + 3bt^3 - 6t^2","(['-1', '-1'], ['6', '6'])",False,
80,dflash,dflash,,24,"We are given that $ p(x) $ is a **monic polynomial of degree 4**, and that **three of its roots are 1, 2, and 3**. We are to find:

$$
p(0) + p(4)
$$

---

### Step 1: General form of the polynomial

Since $ p(x) $ is a **monic polynomial of degree 4**, and it has roots 1, 2, and 3, we can write:

$$
p(x) = (x - 1)(x - 2)(x - 3)(x - r)
$$

where $ r $ is the **fourth root** of the polynomial (not yet known).

---

### Step 2: Find $ p(0) $

We compute $ p(0) $ by plugging in $ x = 0 $:

$$
p(0) = (0 - 1)(0 - 2)(0 - 3)(0 - r) = (-1)(-2)(-3)(-r) = (6)(r) = 6r
$$

So:

$$
p(0) = 6r
$$

---

### Step 3: Find","(['24', '24'], ['3', '3'])",False,
81,dflash,dflash,,66,"We are given the following conditions about a group of $ N $ students:

1. When the students are grouped in **groups of 8**, the **last group has 5 students**.
2. When the students are grouped in **groups of 6**, the **last group has 3 students**.
3. $ N < 50 $

We are to find the **sum of all possible values of $ N $** that satisfy these conditions.

---

### Step 1: Translate the conditions into congruences

Let’s interpret the conditions using modular arithmetic.

#### Condition 1: Grouping in 8s, last group has 5 students

This means that when $ N $ is divided by 8, the **remainder is 5**.

So:
$$
N \equiv 5 \pmod{8}
$$

#### Condition 2: Grouping in 6s, last group has 3 students

This means that when $ N $ is divided by 6, the **remainder is 3**.

So:
$$
N \equiv 3 \pmod{6}
$$

We now have a system of congruences:
$$
\begin{cases}
N \equiv 5 \pmod{","(['66', '66'], ['5', '5'])",False,
82,dflash,dflash,,81,"We are asked to find the **maximum value** of the expression:

$$
4(x + 7)(2 - x)
$$

---

### Step 1: Expand the expression

First, expand the product inside the parentheses:

$$
(x + 7)(2 - x) = x(2 - x) + 7(2 - x) = 2x - x^2 + 14 - 7x = -x^2 - 5x + 14
$$

Now multiply by 4:

$$
4(x + 7)(2 - x) = 4(-x^2 - 5x + 14) = -4x^2 - 20x + 56
$$

So the expression becomes:

$$
f(x) = -4x^2 - 20x + 56
$$

---

### Step 2: Recognize the form of the function

This is a **quadratic function** of the form:

$$
f(x) = ax^2 + bx + c
$$

where:

- $ a = -4 $
- $ b = -20 $
- $ c = 56 $

Since the coefficient of","(['81', '81'], ['Eq(c, 56)', 'c = 56'])",False,
83,dflash,dflash,,11,"We are given the inequality:

$$
|x - 2| \leq 5.6
$$

### Step 1: Understand the inequality

The expression $|x - 2| \leq 5.6$ means that the distance between $x$ and 2 is less than or equal to 5.6. This can be rewritten as a compound inequality:

$$
-5.6 \leq x - 2 \leq 5.6
$$

### Step 2: Solve the compound inequality

Add 2 to all parts of the inequality:

$$
-5.6 + 2 \leq x \leq 5.6 + 2
$$

$$
-3.6 \leq x \leq 7.6
$$

So, the solution set is all real numbers $x$ such that:

$$
-3.6 \leq x \leq 7.6
$$

### Step 3: Find the integers in this interval

We are looking for **integers** $x$ such that:

$$
-3.6 \leq x \leq 7.6
$$

The integers in this range are","(['11', '11'], ['(-3.6 <= x) & (x <= 7.6)', '-3.6 \\leq x \\leq 7.6'])",False,
84,dflash,dflash,,3,"We are given four symbols:  
- $\triangle$  
- $\square$  
- $\diamond$  
- $\clubsuit$  

Each represents a **different integer from 1 to 9**.  
We are given three equations:

$$
\begin{align*}
(1) \quad \triangle + \square &= \clubsuit \\
(2) \quad \triangle + \triangle &= \diamond + \diamond + \diamond + \diamond + \diamond \\
(3) \quad \triangle + \triangle &= \clubsuit + \diamond \\
\end{align*}
$$

We are to find the value of $\square$.

---

### Step 1: Simplify the equations

Let’s denote:

- $T = \triangle$
- $S = \square$
- $D = \diamond$
- $C = \clubsuit$

Then the equations become:

$$
\begin{align*}
(1) \quad T + S &= C \\
(2) \quad 2T &= 5D \\
(3) \quad 2T &= C + D \\
\end{align*}
$$

---

### Step 2: Use equations (2) and (3) to eliminate variables

","(['3', '3'], ['2', '2'])",False,
85,dflash,dflash,,64,"We are given a Mr. Potato Head with various optional features, and we need to count how many **different wacky personalities** Tom can create.

---

### Step 1: Understand the components

The Mr. Potato Head has the following optional features:

- **Hairstyle**: 3 choices  
- **Eyebrows**: 2 sets (but **you cannot mix and match** — so only one set of eyebrows is used at a time)  
- **Eyes**: 1 pair (so only 1 choice)  
- **Ears**: 2 sets  
- **Lips**: 2 sets  
- **Shoes**: 2 choices (regular or clown)  
- **Hair**: optional — can be **bald** (i.e., no hair), or one of the 3 hairstyles

---

### Step 2: Break down the choices

We are told that a **complete personality** includes:

- **Eyebrows**
- **Eyes**
- **Ears**
- **Lips**
- **Shoes**
- **Optionally** **hair**

So, the **required** components are: eyebrows, eyes, ears, lips, shoes.

- **Eyes**: 1 choice (only 1 pair","(['64', '64'], ['1', '1'])",False,
86,dflash,dflash,,2,"We are given the equation:

$$
3^{2x} + 19 = 10^x
$$

---

### Step 1: Simplify the left-hand side

Note that $ 3^{2x} = (3^2)^x = 9^x $. So the equation becomes:

$$
9^x + 19 = 10^x
$$

---

### Step 2: Let’s make a substitution

Let’s set:

$$
y = 10^x
$$

Then, since $ 9^x = (10^x)^{\log_{10} 9} = y^{\log_{10} 9} $, but this might complicate things.

Alternatively, we can try to **guess and check** small integer values of $ x $ to see if they satisfy the equation.

---

### Step 3: Try small integer values of $ x $

Try $ x = 1 $:

$$
9^1 + 19 = 9 + 19 = 28 \\
10^1 = 10 \quad \text{→ Not equal}
$$

Try $ x = 2 $:

$$
9","(['2', '2'], ['9', '9'])",False,
87,dflash,dflash,,26000,"We are asked to find the value of:

$$
513^2 - 487^2
$$

This is a difference of squares, which can be factored using the identity:

$$
a^2 - b^2 = (a - b)(a + b)
$$

Let’s apply this identity.

### Step 1: Identify $ a $ and $ b $
Here, $ a = 513 $ and $ b = 487 $

### Step 2: Compute $ a - b $ and $ a + b $

$$
a - b = 513 - 487 = 26
$$
$$
a + b = 513 + 487 = 1000
$$

### Step 3: Multiply the results

$$
513^2 - 487^2 = (a - b)(a + b) = 26 \times 1000 = 26000
$$

### Final Answer:

$$
\boxed{26000}
$$","(['26000', '26000'], ['26000', '26000'])",True,
88,dflash,dflash,,120,"We are given a **convex quadrilateral** with the following properties:

- The **largest angle** is **twice** the **smallest angle**.
- The **other two angles** are **both right angles** (i.e., 90° each).
- We are to find the **measure of the largest angle**.

---

### Step 1: Use the angle sum of a quadrilateral

In any quadrilateral, the **sum of the interior angles** is:

$$
\text{Sum of angles} = 360^\circ
$$

Let the **smallest angle** be $ x $ degrees.

Then the **largest angle** is $ 2x $ degrees.

The other two angles are both right angles, so they are each $ 90^\circ $.

So, the total sum of the angles is:

$$
x + 2x + 90^\circ + 90^\circ = 360^\circ
$$

---

### Step 2: Solve the equation

$$
x + 2x + 90 + 90 = 360
$$
$$
3x + 180 = 360
","(['120', '120'], ['360', '360'])",False,
89,dflash,dflash,,49,"We are given a custom operation defined as:

$$
\frac{m}{n} @ \frac{p}{q} = (m)(p)\left(\frac{q}{n}\right)
$$

We are asked to compute:

$$
\frac{7}{30} @ \frac{10}{21}
$$

---

### Step 1: Identify the values of $ m, n, p, q $

From the expression:

- $ \frac{m}{n} = \frac{7}{30} \Rightarrow m = 7, n = 30 $
- $ \frac{p}{q} = \frac{10}{21} \Rightarrow p = 10, q = 21 $

---

### Step 2: Plug into the operation formula

$$
\frac{7}{30} @ \frac{10}{21} = (7)(10)\left(\frac{21}{30}\right)
$$

---

### Step 3: Compute the expression

First, compute the product of the integers:

$$
7 \times 10 = 70
$$

Now compute the fraction:

$$
\frac{","(['49', '49'], ['Eq(7*10, 70)', '7 \\times 10 = 70'])",False,
90,dflash,dflash,,\dfrac{17}{50},"We are given the set of integers:

$$
\{1, 2, 3, \ldots, 100\}
$$

We are to find the **probability** that a randomly selected integer from this set is:

- **Divisible by 2**, and
- **Not divisible by 3**.

---

### Step 1: Total number of integers in the set

The set contains the integers from 1 to 100, so the total number of integers is:

$$
100
$$

---

### Step 2: Count the numbers divisible by 2

A number is divisible by 2 if it is even.

The even numbers between 1 and 100 are:

$$
2, 4, 6, \ldots, 100
$$

This is an arithmetic sequence with:

- First term $ a = 2 $
- Last term $ l = 100 $
- Common difference $ d = 2 $

The number of terms in this sequence is:

$$
n = \frac{l - a}{d} + 1 = \frac{100 - 2}{2} + 1 = \frac{98}{","(['17/50', '\\frac{17}{50}'], ['1', '1'])",False,
91,dflash,dflash,,200,"We are given:

- The field is **rectangular**.
- **Width** = 300 feet
- **Length** = 400 feet
- **Jim** walks **diagonally** across the field.
- **Martha** walks **along the length and width** to the same point.
- We are to find how many **feet less** Jim walks than Martha.

---

### Step 1: Find the distance Jim walks (diagonal)

Jim walks **diagonally** across the rectangle. The diagonal of a rectangle can be found using the **Pythagorean Theorem**:

$$
\text{Diagonal} = \sqrt{\text{length}^2 + \text{width}^2}
$$

$$
\text{Diagonal} = \sqrt{400^2 + 300^2} = \sqrt{160000 + 90000} = \sqrt{250000} = 500 \text{ feet}
$$

So, **Jim walks 500 feet**.

---

### Step 2: Find the distance Martha walks

Martha walks **along the length and width","(['200', '200'], ['2', '2'])",False,
92,dflash,dflash,,21,"We are asked to find the **greatest common divisor (GCD)** of the three numbers:

$$
3339,\ 2961,\ 1491
$$

---

### Step 1: Use the Euclidean Algorithm

We'll start by finding the GCD of the first two numbers, then use that result to find the GCD with the third number.

---

### Step 2: Find GCD(3339, 2961)

We apply the **Euclidean Algorithm**:

$$
\begin{align*}
3339 \div 2961 &= 1 \text{ remainder } 378 \\
2961 \div 378 &= 7 \text{ remainder } 273 \\
378 \div 273 &= 1 \text{ remainder } 105 \\
273 \div 105 &= 2 \text{ remainder } 63 \\
105 \div 63 &= 1 \text{ remainder } 42 \\
63 \div 42 &= 1 \text{ remainder } 21 \\
42 \div 21 &=","(['21', '21'], ['21', '21'])",True,
93,dflash,dflash,,\sqrt{5},"We are given:

- A **right cylindrical tank** is being filled with water at a rate of $ 20\pi $ cubic meters per hour.
- The **water level rises 4 meters per hour**.
- We are to find the **radius** of the tank, in **simplest radical form**.

---

### Step 1: Understand the relationship between volume and height

The volume $ V $ of a cylinder is given by:

$$
V = \pi r^2 h
$$

Where:
- $ r $ is the **radius** of the base,
- $ h $ is the **height** of the water.

We are told that the **volume increases at a rate of $ 20\pi $ m³/hour**, and the **height increases at a rate of 4 meters per hour**.

So, we are given:

$$
\frac{dV}{dt} = 20\pi \quad \text{and} \quad \frac{dh}{dt} = 4
$$

We want to find $ r $, the radius of the tank.

---

### Step 2: Differentiate the volume formula with respect to time

We differentiate the volume formula with respect to time","(['sqrt(5)', '\\sqrt{5}'], ['2', '2'])",False,
94,dflash,dflash,,\frac{1}{4},"We are given that a point $(x, y)$ is randomly selected such that:

$$
0 \le x \le 8 \quad \text{and} \quad 0 \le y \le 4
$$

We are to find the **probability** that:

$$
x + y \le 4
$$

---

### Step 1: Understand the Sample Space

The total area of the region where the point $(x, y)$ can be selected is a rectangle with:

- Width = $8$ (from $x = 0$ to $x = 8$)
- Height = $4$ (from $y = 0$ to $y = 4$)

So the **total area** of the sample space is:

$$
\text{Total Area} = 8 \times 4 = 32
$$

---

### Step 2: Understand the Region Where $x + y \le 4$

We are interested in the region where:

$$
x + y \le 4
$$

This is a **linear inequality**. Let's sketch or visualize the region in the $xy$-plane.

- The line $x + y = 4$ is a","(['1/4', '\\frac{1}{4}'], ['Eq(x + y, 4)', 'x + y = 4'])",False,
95,dflash,dflash,,3,"We are given the cubic equation:

$$
x^3 + ax^2 + ax + 1 = 0
$$

and told that **all roots are real**. We are to find the **smallest possible value of $ a $** for which this is true.

---

### Step 1: Use the fact that all roots are real

Let the roots of the cubic be $ r_1, r_2, r_3 $, all real numbers.

Then, by Vieta's formulas:

- $ r_1 + r_2 + r_3 = -a $
- $ r_1r_2 + r_1r_3 + r_2r_3 = a $
- $ r_1r_2r_3 = -1 $

We are to find the **smallest possible value of $ a $** such that all roots are real.

---

### Step 2: Use the discriminant of a cubic

The **discriminant** $ D $ of a cubic polynomial $ x^3 + bx^2 + cx + d $ is given by:

$$
D = 18bcd - 4b^3d + b^2c^2 - 4c^","(['3', '3'], ['4', '4'])",False,
96,dflash,dflash,,2,"We are given a two-digit number in the form **""B6""**, where **B** is the tens digit, and the number is the **square of a positive integer**.

We are to find how many **distinct possible values** there are for **B**.

---

### Step 1: Understand the number format

The number is of the form **""B6""**, which is a two-digit number where the **tens digit is B** and the **units digit is 6**.

So, the number is:

$$
10B + 6
$$

We are told this number is a **perfect square**.

---

### Step 2: Find all two-digit numbers ending in 6 that are perfect squares

We need to find all **two-digit numbers** that end in **6** and are perfect squares.

Let’s list all perfect squares between 10 and 99 (since we are looking for two-digit numbers):

$$
4^2 = 16 \\
5^2 = 25 \\
6^2 = 36 \\
7^2 = 49 \\
8^2 = 64 \\
9^2 = 81 \\
10^2 = 10","(['2', '2'], ['10', '10'])",False,
97,dflash,dflash,,13,"We are given the equation of a line:

$$
\frac{x}{4} + \frac{y}{12} = 1
$$

We are asked to find the **x-intercept** $ a $, the **y-intercept** $ b $, and the **slope** $ m $, and then compute $ a + b + m $.

---

### Step 1: Find the x-intercept $ a $

The **x-intercept** is the value of $ x $ when $ y = 0 $.

Substitute $ y = 0 $ into the equation:

$$
\frac{x}{4} + \frac{0}{12} = 1 \Rightarrow \frac{x}{4} = 1 \Rightarrow x = 4
$$

So, the **x-intercept** is:

$$
a = 4
$$

---

### Step 2: Find the y-intercept $ b $

The **y-intercept** is the value of $ y $ when $ x = 0 $.

Substitute $ x = 0 $ into the equation:

$$
\frac{0}{4} + \frac{y}{12} = 1 \Rightarrow \frac{","(['13', '13'], ['1', '1'])",False,
98,dflash,dflash,,\frac{1997}{2},"We are given that:

$$
\omega^{1997} = 1 \quad \text{and} \quad \omega \neq 1
$$

This means that $\omega$ is a **primitive 1997th root of unity**, i.e., $\omega$ is a complex number such that:

$$
\omega^{1997} = 1, \quad \omega^k \neq 1 \text{ for } 1 \leq k < 1997
$$

We are asked to evaluate the sum:

$$
S = \sum_{k=1}^{1997} \frac{1}{1 + \omega^k}
$$

---

### Step 1: Use the identity for roots of unity

Let’s consider the sum:

$$
S = \sum_{k=1}^{1997} \frac{1}{1 + \omega^k}
$$

Note that $\omega^k$ for $k = 1, 2, \dots, 1997$ are all the **1997th roots of unity**, except for $\omega^0 = 1$, which is","(['1997/2', '\\frac{1997}{2}'], ['Eq(omega**0, 1)', '\\omega^0 = 1'])",False,
99,dflash,dflash,,66,"We are given the equation:

$$
\sqrt[3]{x^2 - 4x + 4} = 16
$$

---

### Step 1: Eliminate the cube root

To get rid of the cube root, we can **cube both sides** of the equation:

$$
\left( \sqrt[3]{x^2 - 4x + 4} \right)^3 = 16^3
$$

$$
x^2 - 4x + 4 = 4096
$$

---

### Step 2: Solve the quadratic equation

Now we solve:

$$
x^2 - 4x + 4 = 4096
$$

Subtract 4096 from both sides:

$$
x^2 - 4x + 4 - 4096 = 0
$$

$$
x^2 - 4x - 4092 = 0
$$

---

### Step 3: Use the quadratic formula

The quadratic formula is:

$$
x = \frac{-b \pm \sqrt{b^2 - 4ac}}{2a}
$$

Here, $ a","(['66', '66'], ['4', 'x = \\frac{-b \\pm \\sqrt{b^2 - 4ac}}{2a}'])",False,
100,dflash,dflash,,480,"We are given:

- 6 **different** books.
- 2 of them are **math books**.
- We want to **stack all 6 books on a shelf**.
- The **condition**: the **math books must not be next to each other**.

---

### Step 1: Total number of ways to arrange 6 books

Since all 6 books are **different**, the total number of ways to arrange them is:

$$
6! = 720
$$

---

### Step 2: Subtract the number of arrangements where the **math books are next to each other**

We want to **exclude** the cases where the two math books are **adjacent**.

#### Step 2.1: Treat the two math books as a single ""block""

If the two math books are next to each other, we can treat them as a **single unit** or ""block"". So now we have:

- 1 math block
- 4 other books

That’s a total of **5 units** to arrange.

The number of ways to arrange these 5 units is:

$$
5! = 120
$$

#### Step 2.2: Within the math block, the two math books","(['480', '480'], ['2.20000000000000', '2.2'])",False,
101,dflash,dflash,,\begin{pmatrix} -1/3 \\ 2/3 \\ 5/3 \end{pmatrix},"We are given:

- A vector $\mathbf{a} = \begin{pmatrix} 1 \\ 1 \\ 1 \end{pmatrix}$
- A vector $\mathbf{v} = \begin{pmatrix} v_1 \\ v_2 \\ v_3 \end{pmatrix}$
- Two conditions:
  1. $\mathbf{a} \cdot \mathbf{v} = 2$
  2. $\mathbf{a} \times \mathbf{v} = \begin{pmatrix} 1 \\ -2 \\ 1 \end{pmatrix}$

We are to **find** the vector $\mathbf{v}$ that satisfies both conditions.

---

### Step 1: Use the dot product condition

$$
\mathbf{a} \cdot \mathbf{v} = 2
$$

$$
\begin{pmatrix} 1 \\ 1 \\ 1 \end{pmatrix} \cdot \begin{pmatrix} v_1 \\ v_2 \\ v_3 \end{pmatrix} = 2
$$

$$
v_1 + v_2 + v_3 = ","(['Matrix([[-1/3], [2/3], [5/3]])', '\\begin{pmatrix} -1/3 \\\\ 2/3 \\\\ 5/3 \\end{pmatrix}'], ['2', '\\begin{pmatrix} 1 \\\\ 1 \\\\ 1 \\end{pmatrix} \\cdot \\begin{pmatrix} v_1 \\\\ v_2 \\\\ v_3 \\end{pmatrix} = 2'])",False,
102,dflash,dflash,,2000,"We are given:

- A snack-size tin of peaches has **40 calories**.
- This is **2%** of a person's daily caloric requirement.

We are asked to find the **total daily caloric requirement**.

---

### Step 1: Let the total daily caloric requirement be $ x $.

We are told that 40 calories is 2% of $ x $, so:

$$
0.02x = 40
$$

---

### Step 2: Solve for $ x $

$$
x = \frac{40}{0.02} = 2000
$$

---

### Final Answer:

$$
\boxed{2000}
$$

So, a person's daily caloric requirement is **2000 calories**.","(['2000', '2000'], ['2000', '2000'])",True,
103,dflash,dflash,,12,"We are asked to find the **remainder** when the polynomial

$$
P(x) = (5x + 9)^{611} + (x + 5)^{11} + (x - 1)^{11} + 3x^2 + 1
$$

is divided by $ x + 2 $.

---

### Step 1: Use the Remainder Theorem

The **Remainder Theorem** says that the remainder when a polynomial $ P(x) $ is divided by $ x - a $ is $ P(a) $.

In this case, we are dividing by $ x + 2 = x - (-2) $, so the **remainder is**:

$$
P(-2)
$$

So we just need to compute:

$$
P(-2) = (5(-2) + 9)^{611} + (-2 + 5)^{11} + (-2 - 1)^{11} + 3(-2)^2 + 1
$$

---

### Step 2: Compute each term

#### First term: $ (5(-2) + 9)^{611} $

$$
5(-","(['12', '12'], ['5', '5(-'])",False,
104,dflash,dflash,,\frac9{19},"We are given the equation:

$$
\frac{\sqrt{2x}}{\sqrt{3x - 1}} = \frac{3}{2}
$$

---

### Step 1: Eliminate the square roots by squaring both sides

$$
\left( \frac{\sqrt{2x}}{\sqrt{3x - 1}} \right)^2 = \left( \frac{3}{2} \right)^2
$$

$$
\frac{2x}{3x - 1} = \frac{9}{4}
$$

---

### Step 2: Cross-multiply to eliminate the fraction

$$
4 \cdot 2x = 9 \cdot (3x - 1)
$$

$$
8x = 27x - 9
$$

---

### Step 3: Solve for $ x $

$$
8x - 27x = -9
$$

$$
-19x = -9
$$

$$
x = \frac{9}{19}
$$

---

### Step 4: Check that the solution is valid

We must ensure that the original expression is defined. That is, the expressions under the square roots must","(['9/19', '\\frac{9}{19}'], ['4', '4'])",False,
105,dflash,dflash,,1600,"We are given the expression:

$$
441 + 2(21)(19) + 361 = x
$$

Let's solve this step by step.

---

### Step 1: Evaluate the middle term

$$
2(21)(19)
$$

First, compute $21 \times 19$:

$$
21 \times 19 = 399
$$

Now multiply by 2:

$$
2 \times 399 = 798
$$

So the middle term is **798**.

---

### Step 2: Add the other two terms

We now have:

$$
441 + 798 + 361
$$

Add 441 and 798 first:

$$
441 + 798 = 1239
$$

Now add 361:

$$
1239 + 361 = 1600
$$

---

### Final Answer:

$$
\boxed{1600}
$$","(['1600', '1600'], ['1600', '1600'])",True,
106,dflash,dflash,,\dfrac{33}{100},"We are given that a number is selected **at random** from the integers **1 through 100**, inclusive. We are to find the **probability** that the number is a **multiple of 3**.

---

### Step 1: Total number of possible outcomes

The numbers from 1 to 100 inclusive form a total of:

$$
100 \text{ numbers}
$$

So, the **total number of possible outcomes** is **100**.

---

### Step 2: Count the number of favorable outcomes

We want to count how many numbers between 1 and 100 are **multiples of 3**.

A number is a multiple of 3 if it can be written in the form:

$$
3k \quad \text{where } k \in \mathbb{Z}^+
$$

So, we need to find all integers $ k $ such that:

$$
1 \leq 3k \leq 100
$$

Divide the inequality by 3:

$$
\frac{1}{3} \leq k \leq \frac{100}{3}
$$

$$
\frac{1}{3","(['33/100', '\\frac{33}{100}'], ['(1/3 <= k) & (k <= 100/3)', '\\frac{1}{3} \\leq k \\leq \\frac{100}{3}'])",False,
107,dflash,dflash,,"(3,4]","We are given a function:

$$
f(x) = \lambda x(1 - x)
$$

with domain and codomain both $[0,1]$, and a constant $\lambda \in [0,4]$. We are to find the values of $\lambda$ such that **there exists an $x \in [0,1]$** for which:

- $f(x) \ne x$, but
- $f(f(x)) = x$.

---

### Step 1: Understand the condition

We are looking for **fixed points of $f \circ f$** (i.e., points $x$ such that $f(f(x)) = x$), **but not fixed points of $f$** (i.e., $f(x) \ne x$).

So, we are looking for **period-2 points** of the function $f$, i.e., points $x$ such that:

$$
f(f(x)) = x \quad \text{but} \quad f(x) \ne x
$$

---

### Step 2: Compute $f(f(x))$

We are given:

$$
f(x) = \lambda x(1 - x)
$$

So:

$$
","(['Interval.Lopen(3, 4)', '(3,4]'], ['Eq(f(x), lambda*x*(1 - x))', 'f(x) = \\lambda x(1 - x)'])",False,
108,dflash,dflash,,63,"We are given a **rectangular region** with the following **vertices**:

- $ (5,4) $
- $ (-5,4) $
- $ (-5,-4) $
- $ (5,-4) $

This defines a **rectangle** centered at the origin, with:

- **Width**: from $ x = -5 $ to $ x = 5 $, so width = $ 10 $
- **Height**: from $ y = -4 $ to $ y = 4 $, so height = $ 8 $

We are to find how many **points with integer coordinates** lie **strictly inside** this rectangle.

---

### Step 1: Understand the region

The rectangle is defined by the **bounding box**:

$$
-5 < x < 5 \quad \text{and} \quad -4 < y < 4
$$

So, the **interior** of the rectangle is the set of all points $ (x, y) $ such that:

$$
-5 < x < 5 \quad \text{and} \quad -4 < y < 4
$$

We are to count the number of **integer-coordinate points** that satisfy this.

---

###","(['63', '63'], ['{(-5 < x) & (x < 5), (-4 < y) & (y < 4)}', '-5 < x < 5 \\quad, \\quad -4 < y < 4'])",False,
109,dflash,dflash,,216,"We are given:

- A **steel sphere** with **radius 3 inches** is made by **removing metal from the corners** of a **cube**.
- The **cube has the shortest possible side length** that allows this.
- We are to find the **volume of the cube**.

---

### Step 1: Understand the Geometry

We are told that a **sphere of radius 3 inches** is formed by **cutting off the corners** of a **cube**. This means that the **sphere is inscribed** in the cube, touching the **midpoints of the cube's edges**.

Let’s denote the **side length of the cube** as $ s $.

When you cut off the corners of a cube to form a sphere, the **sphere touches the midpoints of the cube's edges**. This is because the **sphere is inscribed** in the cube, and the **diameter of the sphere is equal to the edge length of the cube**.

So, the **diameter of the sphere** is:

$$
\text{Diameter} = 2 \times \text{radius} = 2 \times 3 = 6 \text{ inches}
$$

Therefore, the **side","(['216', '216'], ['Eq(diameter, 2*radius) & Eq(2*3, 6*inches) & Eq(2*radius, 2*3)', '\\text{Diameter} = 2 \\times \\text{radius} = 2 \\times 3 = 6 \\text{ inches}'])",False,
110,dflash,dflash,,54,"We are given:

- The area of triangle $ \triangle ABC $ is 6 square centimeters.
- $ \overline{AB} \parallel \overline{DE} $
- $ BD = 4BC $

We are to find the area of triangle $ \triangle CDE $.

---

### Step 1: Understand the Geometry

From the Asymptote diagram:

- $ A $ is the top vertex.
- $ B $ and $ C $ are on the left and bottom, respectively.
- $ D $ is to the right of $ C $, and $ E $ is below $ C $.
- $ AB \parallel DE $, so triangle $ CDE $ is similar to triangle $ CAB $, because the lines $ AB $ and $ DE $ are parallel.

So, triangles $ \triangle CAB $ and $ \triangle CDE $ are **similar**.

---

### Step 2: Use the Given Ratio

We are told:

$$
BD = 4BC
$$

Let’s interpret this.

- $ B $ is a point on segment $ BC $, and $ D $ is a point such that $ BD = 4BC $.
- This suggests that $ D $ is **not** on segment","(['54', '54'], ['d', 'D'])",False,
111,dflash,dflash,,16,"We are given that $ x, y, z $ are **positive real numbers** such that:

$$
xyz = 2
$$

We are to **minimize** the expression:

$$
x^4 + 4y^2 + 4z^4
$$

---

### Step 1: Use the constraint $ xyz = 2 $

We can express one variable in terms of the other two. For example, solve for $ z $:

$$
z = \frac{2}{xy}
$$

Substitute this into the expression to be minimized:

$$
x^4 + 4y^2 + 4\left(\frac{2}{xy}\right)^4 = x^4 + 4y^2 + 4 \cdot \frac{16}{x^4 y^4} = x^4 + 4y^2 + \frac{64}{x^4 y^4}
$$

So the expression becomes:

$$
f(x, y) = x^4 + 4y^2 + \frac{64}{x^4 y^4}
$$

We now want to **minimize** this function over positive real numbers $ x, y $.

","(['16', '16'], ['{x, y}', 'x, y'])",False,
112,dflash,dflash,,9,"We are given the function:

$$
f(x) = \frac{2}{x + 1}
$$

We are asked to find:

$$
f^{-1}\left(\frac{1}{5}\right)
$$

---

### Step 1: Understand what $ f^{-1}(y) $ means

The inverse function $ f^{-1}(y) $ is the value of $ x $ such that:

$$
f(x) = y
$$

So, to find $ f^{-1}\left(\frac{1}{5}\right) $, we need to solve the equation:

$$
\frac{2}{x + 1} = \frac{1}{5}
$$

---

### Step 2: Solve the equation

$$
\frac{2}{x + 1} = \frac{1}{5}
$$

Cross-multiply:

$$
2 \cdot 5 = 1 \cdot (x + 1)
$$

$$
10 = x + 1
$$

$$
x = 10 - 1 = 9
$$

---

### Final Answer:

$$
\boxed{9}
$$","(['9', '9'], ['9', '9'])",True,
113,dflash,dflash,,65,"We are given the formula for the volume of a cone:

$$
V = \frac{1}{3}Bh
$$

Where:
- $ B $ is the area of the base (in square units),
- $ h $ is the height (in units),
- $ V $ is the volume (in cubic units).

---

### Step 1: Plug in the given values

We are told:
- $ B = 30 $ square units,
- $ h = 6.5 $ units.

Substitute into the formula:

$$
V = \frac{1}{3} \times 30 \times 6.5
$$

---

### Step 2: Simplify the expression

First, compute $ 30 \times 6.5 $:

$$
30 \times 6.5 = 195
$$

Now multiply by $ \frac{1}{3} $:

$$
V = \frac{1}{3} \times 195 = 65
$$

---

### Final Answer:

$$
\boxed{65}
$$

So, the volume of the cone is **65 cubic units**.","(['65', '65'], ['65', '65'])",True,
114,dflash,dflash,,"3, 5, 7","We are given the equation:

$$
(x - 3)^3 + (x - 7)^3 = (2x - 10)^3
$$

---

### Step 1: Expand both sides

Let’s expand each term.

#### Left-hand side:

$$
(x - 3)^3 + (x - 7)^3
$$

We can use the binomial expansion:

$$
(a - b)^3 = a^3 - 3a^2b + 3ab^2 - b^3
$$

So:

$$
(x - 3)^3 = x^3 - 9x^2 + 27x - 27
$$
$$
(x - 7)^3 = x^3 - 21x^2 + 147x - 343
$$

Add them together:

$$
(x - 3)^3 + (x - 7)^3 = (x^3 - 9x^2 + 27x - 27) + (x^3 - 21x^2 + 147x - 343)
$$

$$
= 2x^3 - ","(['{3, 5, 7}', '3, 5, 7'], ['2', '2'])",False,
115,dflash,dflash,,1\frac{4}{5},"We are given:

- Quadrilateral $ CDEG $ is a **square** with side length $ CD = 3 $.
- Quadrilateral $ BEFH $ is a **rectangle** with $ BE = 5 $.
- We are to find the length of $ BH $, expressed as a **mixed number**.

---

### Step 1: Understand the Geometry

From the Asymptote code and the labels:

- $ A = (0, 0) $
- $ B = (3, 0) $
- $ C = (6, 0) $
- $ D = (9, 0) $
- $ E = (9, 3) $
- $ G = (6, 3) $

So, the square $ CDEG $ has vertices at:

- $ C = (6, 0) $
- $ D = (9, 0) $
- $ E = (9, 3) $
- $ G = (6, 3) $

This confirms that $ CDEG $ is a square of side length 3, as $ CD = 3 $, and the coordinates match that.

Now, $ BEFH $ is a rectangle. We are told $","(['9/5', '1\\frac{4}{5}'], ['b*e*f*h', 'BEFH'])",False,
116,dflash,dflash,,64,"We are given a sequence of positive real numbers $(a_1, a_2, \dots, a_n)$ such that:

$$
\sum_{i=1}^n a_i = 96, \quad \sum_{i=1}^n a_i^2 = 144, \quad \sum_{i=1}^n a_i^3 = 216.
$$

We are to find the **sum of all possible values of $n$**.

---

### Step 1: Use Cauchy-Schwarz Inequality

We are given:

- $\sum a_i = 96$
- $\sum a_i^2 = 144$
- $\sum a_i^3 = 216$

Let’s denote:

- $S_1 = \sum a_i = 96$
- $S_2 = \sum a_i^2 = 144$
- $S_3 = \sum a_i^3 = 216$

We want to find all possible values of $n$ such that these three sums are consistent with a sequence of $n$ positive real numbers.

---

### Step 2: Use Cauchy","(['64', '64'], ['2', '2'])",False,
117,dflash,dflash,,11,"We are given the expression:

$$
(3x - 2)(4x + 1) - (3x - 2)4x + 1
$$

and we are to evaluate it when $ x = 4 $.

---

### Step 1: Substitute $ x = 4 $ into the expression

Let’s substitute $ x = 4 $ into the expression:

$$
(3(4) - 2)(4(4) + 1) - (3(4) - 2)(4(4)) + 1
$$

Now compute each part step by step.

---

### Step 2: Compute each term

#### First term: $ (3x - 2)(4x + 1) $

$$
3(4) - 2 = 12 - 2 = 10 \\
4(4) + 1 = 16 + 1 = 17 \\
\Rightarrow (3x - 2)(4x + 1) = 10 \cdot 17 = 170
$$

#### Second term: $ (3x - 2)4x $

$$
(3x - 2) = 1","(['11', '11'], ['1', '1'])",False,
118,dflash,dflash,,\frac{2}{3},"We are given a game between Alice and Bob with the following rules:

- **Alice starts first.**
- On **Alice's turn**, she flips a **coin**:
  - If it's **heads**, she **wins**.
  - If it's **tails**, the turn goes to **Bob**.
- On **Bob's turn**, he flips a **coin**:
  - If it's **tails**, he **wins**.
  - If it's **heads**, the turn goes back to **Alice**.

We are to find the **probability that Alice wins the game**.

---

### Step 1: Define the probability of Alice winning

Let $ P $ be the probability that **Alice wins** the game.

We'll analyze the game step by step.

---

### Step 2: First turn (Alice's turn)

- Alice flips a coin:
  - Probability of **heads** (Alice wins): $ \frac{1}{2} $
  - Probability of **tails** (Bob's turn): $ \frac{1}{2} $

So, the game can end on the first turn with probability $ \frac{1}{2} $, and if not, it goes to Bob.

---

### Step 3:","(['2/3', '\\frac{2}{3}'], ['3', '3'])",False,
119,dflash,dflash,,\frac{20000}{\pi},"We are given a **rectangular field** enclosed in an **athletic track**. The track consists of:

- **Two straight edges** of the field (the length of the field),
- **Two semicircular ends** (one on each end of the rectangle).

The **total length of the track is 400 meters**, and we are to find the **largest possible area of the field**.

---

### Step 1: Understand the Shape

The field is a **rectangle** with **two semicircular ends**, forming a **track** that is **400 meters long**.

This is a **standard running track** shape, where the **straight parts** are the length of the rectangle, and the **semicircular parts** are on the ends.

Let’s define:

- Let $ x $ be the **length** of the rectangle (the straight part of the track),
- Let $ y $ be the **width** of the rectangle (the diameter of the semicircles),
- Then the **radius** of the semicircles is $ r = \frac{y}{2} $.

---

### Step 2: Total Track Length

The total length of the track is the sum of:

- The","(['20000/pi', '\\frac{20000}{\\pi}'], ['2', '2'])",False,
120,dflash,dflash,,15,"We are given:

- A **circle**: $ x^2 + y^2 = 2 $
- A **parabola**: $ y^2 = 8x $

We are told that these two curves have **two common tangents**, and that these tangents touch the circle and the parabola at **four points of tangency**. These four points form a **quadrilateral**, and we are to find the **area of this quadrilateral**.

---

### Step 1: Understand the Geometry

We are given that the **circle** and **parabola** have **two common tangents**, and each tangent touches both curves at one point. So, there are **two tangents**, each touching the circle and the parabola at one point. That gives us **four points of tangency**.

These four points form a **quadrilateral**, and we are to find the **area** of that quadrilateral.

---

### Step 2: Find the Points of Tangency

Let’s find the **points of tangency** of the **common tangents** to both the circle and the parabola.

We are given:

- Circle: $ x^2 + y^2 = 2 $
- Par","(['15', '15'], ['Eq(x**2 + y**2, 2)', 'x^2 + y^2 = 2'])",False,
121,dflash,dflash,,\frac{11}{2},"We are given the equation:

$$
|x + 5| - |3x - 6| = 0
$$

We are to **find the largest possible value of $ x $** that satisfies this equation.

---

### Step 1: Understand the equation

We are dealing with absolute values, so we need to consider different cases based on the expressions inside the absolute values.

Let’s define:

- $ A = x + 5 $
- $ B = 3x - 6 $

So the equation becomes:

$$
|A| - |B| = 0 \Rightarrow |A| = |B|
$$

This means:

$$
|x + 5| = |3x - 6|
$$

This equation is true when the two expressions inside the absolute values are either equal or negatives of each other.

So we have two cases:

---

### **Case 1: $ x + 5 = 3x - 6 $**

Solve:

$$
x + 5 = 3x - 6 \\
5 + 6 = 3x - x \\
11 = 2x \\
x = \frac{11}{2}
$$

---

### **Case 2: $ x +","(['11/2', '\\frac{11}{2}'], ['2', '2'])",False,
122,dflash,dflash,,-\sqrt{3},"We are asked to simplify the expression:

$$
\tan 100^\circ + 4 \sin 100^\circ
$$

---

### Step 1: Use known trigonometric identities

We know that:

$$
\tan \theta = \frac{\sin \theta}{\cos \theta}
$$

So we can write:

$$
\tan 100^\circ = \frac{\sin 100^\circ}{\cos 100^\circ}
$$

Therefore, the expression becomes:

$$
\frac{\sin 100^\circ}{\cos 100^\circ} + 4 \sin 100^\circ
$$

---

### Step 2: Factor out $\sin 100^\circ$

$$
\sin 100^\circ \left( \frac{1}{\cos 100^\circ} + 4 \right)
$$

Now, we need to evaluate this expression numerically or simplify it further.

---

### Step 3: Use exact values or approximate values

We can use a calculator to find approximate values of the trigonometric functions.

- $\sin 100^\circ \","(['-sqrt(3)', '-\\sqrt{3}'], ['100', '100'])",False,
123,dflash,dflash,,1+2\sqrt{3},"We are given a **regular tetrahedron** $ABCD$ with **side length 2**, and a **plane** that is **parallel to edges $AB$ and $CD$** and **lies halfway between them**. This plane cuts the tetrahedron into two pieces. We are to find the **surface area of one of these pieces**.

---

### Step 1: Understand the Geometry

A **regular tetrahedron** has:

- 4 triangular faces
- 4 vertices
- 6 edges, all of equal length (here, 2)
- All faces are equilateral triangles

Let’s label the vertices as $A, B, C, D$, and assume the tetrahedron is oriented so that:

- $AB$ and $CD$ are skew lines (not intersecting and not parallel)
- The plane is **parallel to both $AB$ and $CD$** and lies **halfway between them**

This means the plane is **equidistant from both $AB$ and $CD$**.

---

### Step 2: Understand the Plane

Since the plane is **parallel to both $AB$ and $CD$**, and lies **halfway between them**, it is","(['1 + 2*sqrt(3)', '1+2\\sqrt{3}'], ['{a*b, c*d}', 'AB and CD'])",False,
124,dflash,dflash,,84,"We are given the following information about a class of 30 students:

- 20 students scored **80**
- 8 students scored **90**
- 2 students scored **100**

We are asked to find the **class average** (i.e., the **mean** score).

---

### Step 1: Calculate the total score

We calculate the total score by multiplying the number of students by their respective scores and then adding them all together.

$$
\text{Total score} = (20 \times 80) + (8 \times 90) + (2 \times 100)
$$

$$
= 1600 + 720 + 200 = 2520
$$

---

### Step 2: Calculate the mean (average)

$$
\text{Mean} = \frac{\text{Total score}}{\text{Number of students}} = \frac{2520}{30}
$$

$$
\text{Mean} = 84
$$

---

### ✅ Final Answer:

$$
\boxed{84}
$$","(['84', '84'], ['84', '84'])",True,
125,dflash,dflash,,6,"We are asked to evaluate:

$$
\log_2 64
$$

---

### Step 1: Understand the definition of a logarithm

The expression $\log_2 64$ means:

> ""To what power must we raise 2 to get 64?""

In other words, we are solving the equation:

$$
2^x = 64
$$

We need to find the value of $x$.

---

### Step 2: Express 64 as a power of 2

We know that:

$$
64 = 2^6
$$

So:

$$
2^x = 2^6
$$

---

### Step 3: Equate the exponents

Since the bases are the same, the exponents must be equal:

$$
x = 6
$$

---

### Final Answer:

$$
\boxed{6}
$$","(['6', '6'], ['6', '6'])",True,
126,dflash,dflash,,12,"We are asked to simplify the expression:

$$
\frac{\sqrt{2.5^2 - 0.7^2}}{2.7 - 2.5}
$$

---

### Step 1: Simplify the denominator

$$
2.7 - 2.5 = 0.2
$$

So the expression becomes:

$$
\frac{\sqrt{2.5^2 - 0.7^2}}{0.2}
$$

---

### Step 2: Compute the numerator inside the square root

First, compute $2.5^2$ and $0.7^2$:

$$
2.5^2 = 6.25, \quad 0.7^2 = 0.49
$$

Now subtract:

$$
6.25 - 0.49 = 5.76
$$

So the expression becomes:

$$
\frac{\sqrt{5.76}}{0.2}
$$

---

### Step 3: Simplify the square root

$$
\sqrt{5.76} = 2.4
$$

So the expression becomes:

$$
\frac{2.4","(['12', '12'], ['Eq(sqrt(5.76), 2.4)', '\\sqrt{5.76} = 2.4'])",False,
127,dflash,dflash,,18+2\pi,"We are given a **regular nonagon** (a 9-sided polygon) with **side length 2 units**. We are to find the **perimeter of the set $ S $**, which is defined as:

> The union of:
> - All points **inside** the nonagon, and
> - All points **less than 1 unit away from a point on the perimeter** of the nonagon.

---

### Step 1: Understand the shape of $ S $

The set $ S $ is the union of:
- The **interior** of the nonagon, and
- A **buffer zone** (or ""inflation"") of 1 unit around the perimeter of the nonagon.

This is equivalent to taking the **Minkowski sum** of the nonagon with a disk of radius 1, or more simply, the **offset** of the nonagon by 1 unit outward.

So, $ S $ is a **rounded nonagon** with rounded edges and rounded corners.

---

### Step 2: Visualize the shape

- The original nonagon has **9 sides**, each of length 2 units.
- The **buffer zone** adds a **1-unit radius** around the perimeter.
- This results in","(['2*pi + 18', '18+2\\pi'], ['1', '1'])",False,
0,ddtree_tb16,dflash-original-ddtree,16,900,"We are given that the product of two integers, 240 and $ k $, is a **perfect cube**. We are to find the **smallest possible positive value of $ k $** such that this condition is satisfied.

---

### Step 1: Prime Factorization of 240

We start by factoring 240 into its prime factors:

$$
240 = 2^4 \times 3^1 \times 5^1
$$

So, the prime factorization of 240 is:

$$
240 = 2^4 \cdot 3^1 \cdot 5^1
$$

---

### Step 2: Understanding the Condition

We are told that:

$$
240 \cdot k = \text{a perfect cube}
$$

Let’s denote the prime factorization of $ k $ as:

$$
k = 2^a \cdot 3^b \cdot 5^c \cdot \text{(other primes)}
$$

Then the product $ 240 \cdot k $ becomes:

$$
240 \cdot k = 2^{4+a} \cdot 3^{1+b} \cdot","(['900', '900'], ['3', '3'])",False,
1,ddtree_tb16,dflash-original-ddtree,16,32,"We are given:

- A triangle is **isosceles right triangle**.
- The **altitude to the hypotenuse** has length $ 4\sqrt{2} $.
- We are to find the **area** of the triangle.

---

### Step 1: Understand the triangle

An **isosceles right triangle** has:

- Two legs of equal length.
- A right angle between the two legs.
- The hypotenuse is the side opposite the right angle.

Let the legs be of length $ a $. Then the hypotenuse is:

$$
\text{Hypotenuse} = a\sqrt{2}
$$

---

### Step 2: Use the altitude to the hypotenuse

In a right triangle, the **altitude to the hypotenuse** divides the triangle into two smaller right triangles that are similar to the original triangle.

Let’s denote:

- $ h = 4\sqrt{2} $: the altitude to the hypotenuse.
- $ a $: the length of each leg.
- $ c = a\sqrt{2} $: the hypotenuse.

In a right triangle, the **area** can be expressed in two ways:

$$
\text{Area}","(['32', '32'], ['Eq(c, sqrt(2)*a)', 'c = a\\sqrt{2}'])",False,
2,ddtree_tb16,dflash-original-ddtree,16,120^\circ,"We are given the expression:

$$
\tan \theta = \frac{\cos 5^\circ \cos 20^\circ + \cos 35^\circ \cos 50^\circ - \sin 5^\circ \sin 20^\circ - \sin 35^\circ \sin 50^\circ}{\sin 5^\circ \cos 20^\circ - \sin 35^\circ \cos 50^\circ + \cos 5^\circ \sin 20^\circ - \cos 35^\circ \sin 50^\circ}
$$

We are to find the **least positive angle** $\theta$ such that this equation holds.

---

### Step 1: Recognize trigonometric identities

Let’s look at the **numerator** and **denominator** separately.

#### Numerator:
$$
\cos 5^\circ \cos 20^\circ + \cos 35^\circ \cos 50^\circ - \sin 5^\circ \sin 20^\circ - \sin 35^\circ \sin 50^\circ
$$

Group terms:
$$
(\cos 5","(['120', '120^\\circ'], ['5', '5'])",False,
3,ddtree_tb16,dflash-original-ddtree,16,-120,"We are given the following system of equations:

$$
\begin{cases}
a + b = 8 \quad \text{(1)} \\
b + c = -3 \quad \text{(2)} \\
a + c = -5 \quad \text{(3)}
\end{cases}
$$

We are asked to find the value of the product $ abc $.

---

### Step 1: Add all three equations

Add equations (1), (2), and (3):

$$
(a + b) + (b + c) + (a + c) = 8 + (-3) + (-5)
$$

Simplify the left-hand side:

$$
a + b + b + c + a + c = 2a + 2b + 2c
$$

Right-hand side:

$$
8 - 3 - 5 = 0
$$

So:

$$
2a + 2b + 2c = 0
$$

Divide both sides by 2:

$$
a + b + c = 0 \quad \text{(4)}
$$

---

### Step 2: Use equation (4) to find one variable

From equation (4): $ a","(['-120', '-120'], ['2', '2'])",False,
4,ddtree_tb16,dflash-original-ddtree,16,25,"We are given that $ A $ is the **sum of the positive divisors** of $ 500 $, and we are to find the **sum of the distinct prime divisors** of $ A $.

---

### Step 1: Prime Factorization of 500

We start by factoring 500:

$$
500 = 5^3 \times 2^2
$$

So, the prime factorization of 500 is:

$$
500 = 2^2 \times 5^3
$$

---

### Step 2: Use the Formula for the Sum of Divisors

The **sum of the positive divisors** of a number $ n = p_1^{e_1} p_2^{e_2} \cdots p_k^{e_k} $ is given by:

$$
\sigma(n) = (1 + p_1 + p_1^2 + \cdots + p_1^{e_1}) \times (1 + p_2 + p_2^2 + \cdots + p_2^{e_2}) \times \cdots
$$

So for $ 500","(['25', '25'], ['500', '500'])",False,
5,ddtree_tb16,dflash-original-ddtree,16,2516_8,"We are given a binary number:

$$
10101001110_2
$$

We are to convert this binary number to **base 8** (octal).

---

### Step 1: Understand the relationship between binary and octal

Each **octal digit** corresponds to **3 binary digits**. So, we can group the binary number into sets of 3 bits starting from the right.

Let’s write the binary number again:

$$
10101001110_2
$$

We need to group it into sets of 3 bits from the right. If the number of bits is not a multiple of 3, we pad with leading zeros.

Let’s count the number of bits:

$$
10101001110 \rightarrow 11 \text{ bits}
$$

We need to add **2 leading zeros** to make it 12 bits (a multiple of 3):

$$
0010101001110
$$

Now group into 3-bit chunks from the right:

$$
001\ 010\ 100\ 111\","(['2516', '2516_8'], ['111', '111'])",False,
6,ddtree_tb16,dflash-original-ddtree,16,3,"We are asked to find how many **two-digit primes** have digits that **sum to 8**.

---

### Step 1: Understand the problem

We are looking for **two-digit prime numbers** such that the **sum of their digits is 8**.

Let’s denote a two-digit number as $ \overline{ab} $, where:

- $ a $ is the tens digit (1 to 9)
- $ b $ is the units digit (0 to 9)

Then the number is $ 10a + b $, and the sum of the digits is:

$$
a + b = 8
$$

We need to find all such numbers that are **prime**.

---

### Step 2: Find all two-digit numbers with digit sum 8

We can list all pairs $ (a, b) $ such that $ a + b = 8 $, where $ a \in [1, 9] $, $ b \in [0, 9] $, and $ a + b = 8 $.

Let’s list them:

- $ a = 1, b = 7 $ → 17
- $ a = 2, b = 6 $","(['3', '3'], ['{Eq(a, 2), Eq(b, 6)}', 'a = 2, b = 6'])",False,
7,ddtree_tb16,dflash-original-ddtree,16,\begin{pmatrix} -2 \\ -14 \\ -7 \end{pmatrix},"We are given a matrix $\mathbf{A}$ such that:

$$
\mathbf{A} \begin{pmatrix} 3 \\ 1 \\ 0 \end{pmatrix} = \begin{pmatrix} 2 \\ 4 \\ -3 \end{pmatrix}, \quad \mathbf{A} \begin{pmatrix} -5 \\ 2 \\ 2 \end{pmatrix} = \begin{pmatrix} 0 \\ -5 \\ -5 \end{pmatrix}
$$

We are asked to find:

$$
\mathbf{A} \begin{pmatrix} -13 \\ 3 \\ 4 \end{pmatrix}
$$

---

### Step 1: Express the vector $\begin{pmatrix} -13 \\ 3 \\ 4 \end{pmatrix}$ as a linear combination of the given vectors

Let’s denote:

$$
\mathbf{v}_1 = \begin{pmatrix} 3 \\ 1 \\ 0 \end{pmatrix}, \quad \mathbf{v}_2 = \begin{pmatrix} -5 \\ 2 \\ 2 \end{pmatrix}
$$

","(['Matrix([[-2], [-14], [-7]])', '\\begin{pmatrix} -2 \\\\ -14 \\\\ -7 \\end{pmatrix}'], ['{Eq(v_1, Matrix([\n[3],\n[1],\n[0]])), Eq(v_2, Matrix([\n[-5],\n[ 2],\n[ 2]]))}', '\\text{v}_1 = \\begin{pmatrix} 3 \\\\ 1 \\\\ 0 \\end{pmatrix}, \\quad \\text{v}_2 = \\begin{pmatrix} -5 \\\\ 2 \\\\ 2 \\end{pmatrix}'])",False,
8,ddtree_tb16,dflash-original-ddtree,16,4,"We are given the equation:

$$
\frac{6r^2 - 19r - 7}{2r - 7} = 4r - 3
$$

---

### Step 1: Eliminate the denominator

Multiply both sides of the equation by $2r - 7$ to eliminate the denominator:

$$
6r^2 - 19r - 7 = (4r - 3)(2r - 7)
$$

---

### Step 2: Expand the right-hand side

Use the distributive property to expand the right-hand side:

$$
(4r - 3)(2r - 7) = 4r \cdot 2r + 4r \cdot (-7) - 3 \cdot 2r - 3 \cdot (-7)
$$
$$
= 8r^2 - 28r - 6r + 21 = 8r^2 - 34r + 21
$$

So the equation becomes:

$$
6r^2 - 19r - 7 = 8r^2 - 34r + 21
$$

---

### Step 3","(['4', '4'], ['3', '3'])",False,
9,ddtree_tb16,dflash-original-ddtree,16,\frac{\sqrt{3}}{3},"We are given the expression:

$$
\sqrt{\sqrt[3]{\sqrt{\frac{1}{729}}}}
$$

We are to **simplify** this expression and write the result with a **rational denominator**.

---

### Step 1: Simplify the innermost radical

We start with:

$$
\sqrt{\frac{1}{729}}
$$

Recall that:

$$
\sqrt{\frac{1}{729}} = \frac{1}{\sqrt{729}} = \frac{1}{27}
$$

Because $ 27^2 = 729 $.

So now the expression becomes:

$$
\sqrt{\sqrt[3]{\frac{1}{27}}}
$$

---

### Step 2: Simplify the cube root

$$
\sqrt[3]{\frac{1}{27}} = \frac{1}{\sqrt[3]{27}} = \frac{1}{3}
$$

Because $ 3^3 = 27 $.

Now the expression becomes:

$$
\sqrt{\frac{1}{3}}
$$

---

### Step 3: Simplify the square root

","(['sqrt(3)/3', '\\frac{\\sqrt{3}}{3}'], ['3', '3'])",False,
10,ddtree_tb16,dflash-original-ddtree,16,1251,"We are told that **two-thirds** of the students at Baker Middle School take music, and that **834 students** take music.

Let’s denote the **total number of students** at the school as $ x $.

We are given:

$$
\frac{2}{3}x = 834
$$

To find $ x $, we solve the equation:

$$
x = 834 \times \frac{3}{2}
$$

Now calculate:

$$
x = 834 \times 1.5 = 1251
$$

### Final Answer:
$$
\boxed{1251}
$$

So, there are **1251 students** at Baker Middle School.","(['1251', '1251'], ['1251', '1251'])",True,
11,ddtree_tb16,dflash-original-ddtree,16,\text{(C)},"We are given the equation in **cylindrical coordinates**:

$$
z = c
$$

and asked to determine the **shape** it describes.

---

### Step 1: Understand Cylindrical Coordinates

In **cylindrical coordinates** $(r, \theta, z)$, the coordinates are defined as:

- $r$: the radial distance from the $z$-axis
- $\theta$: the angle in the $xy$-plane from the positive $x$-axis
- $z$: the height above the $xy$-plane

So, the point $(r, \theta, z)$ corresponds to the point $(r\cos\theta, r\sin\theta, z)$ in **Cartesian coordinates**.

---

### Step 2: Analyze the Equation $z = c$

The equation $z = c$ says that the **height** is constant, regardless of the values of $r$ and $\theta$.

This means that for **any** $r$ and $\theta$, the $z$-coordinate is fixed at $c$.

So, the set of all points $(r, \theta, z)$ such that $z = c$ is a **horizontal plane** in ","(['c', '\\text{(C)}'], ['(r, theta, z)', 'z ='])",False,
12,ddtree_tb16,dflash-original-ddtree,16,17,"We are given that for all $ x \in [0, 1] $, the inequality
$$
|ax^2 + bx + c| \le 1
$$
holds, and we are to find the **largest possible value of** $ |a| + |b| + |c| $.

---

### Step 1: Understand the constraint

We are told that the quadratic function $ f(x) = ax^2 + bx + c $ satisfies
$$
|f(x)| \le 1 \quad \text{for all } x \in [0, 1].
$$
This means that the graph of the quadratic lies between the lines $ y = 1 $ and $ y = -1 $ on the interval $ [0, 1] $.

We are to **maximize** the sum of the absolute values of the coefficients:
$$
|a| + |b| + |c|.
$$

---

### Step 2: Use known bounds for such quadratics

There is a well-known result in approximation theory that gives the maximum possible value of $ |a| + |b| + |c| $ under the constraint that $ |f(x)| \le 1 $ on","(['17', '17'], ['Abs(f(x)) <= 1', '|f(x)| \\le 1'])",False,
13,ddtree_tb16,dflash-original-ddtree,16,17,"We are given the coordinates of three vertices of a **parallelogram**:

- $ A = (5, 3) $
- $ B = (6, 8) $
- $ C = (7, 4) $
- The fourth vertex is $ D = (x, y) $, and we are told that $ x > 7 $

We are to find the value of $ x + y $.

---

### Step 1: Use the property of a parallelogram

In a **parallelogram**, the **diagonals bisect each other**. That is, the **midpoint of one diagonal is the same as the midpoint of the other diagonal**.

So, if we assume that the diagonals are $ AC $ and $ BD $, then the midpoints of $ AC $ and $ BD $ must be the same.

Let’s compute the midpoint of diagonal $ AC $:

- $ A = (5, 3) $
- $ C = (7, 4) $

Midpoint of $ AC $:

$$
\left( \frac{5 + 7}{2}, \frac{3 + 4}{2} \right) = \left( \frac{12}{","(['17', '17'], ['4', '4'])",False,
14,ddtree_tb16,dflash-original-ddtree,16,3,"We are given that:

$$
(x - 1) \cdot f(x) = 3x^4 + x^3 - 25x^2 + 38x - 17
$$

We are asked to find the **degree** of the polynomial $ f(x) $.

---

### Step 1: Understand the structure

Let’s denote:

$$
P(x) = (x - 1) \cdot f(x) = 3x^4 + x^3 - 25x^2 + 38x - 17
$$

This tells us that $ f(x) $ is a polynomial such that when multiplied by $ (x - 1) $, the result is the given polynomial $ P(x) $.

So, we can write:

$$
f(x) = \frac{P(x)}{x - 1}
$$

But since $ f(x) $ is a polynomial, this division must result in a polynomial, i.e., $ x - 1 $ must be a **factor** of $ P(x) $.

---

### Step 2: Check if $ x - 1 $ is a factor of $ P(x) $

We can check this","(['3', '3'], ['P(x)', 'P(x)'])",False,
15,ddtree_tb16,dflash-original-ddtree,16,\begin{pmatrix} 1/5 \\ -18/5 \end{pmatrix},"We are given that a **reflection** takes the vector  
$$
\begin{pmatrix} 5 \\ 0 \end{pmatrix}
$$  
to  
$$
\begin{pmatrix} 4 \\ 3 \end{pmatrix}.
$$  
We are to find where the reflection takes  
$$
\begin{pmatrix} -2 \\ 3 \end{pmatrix}.
$$

---

### Step 1: Understand the reflection

A **reflection** is a linear transformation that maps a vector to its mirror image across a line (or plane). In 2D, a reflection is a **linear transformation** of the form:

$$
R = I - 2 \cdot \text{proj}_{\mathbf{u}} \mathbf{v}
$$

where $\mathbf{u}$ is a unit vector in the direction of the line of reflection, and $\text{proj}_{\mathbf{u}} \mathbf{v}$ is the projection of $\mathbf{v}$ onto $\mathbf{u}$.

But we don't know the line of reflection. However, we **do** know that the reflection maps:

$$
\begin{pmatrix} 5 \\ 0","(['Matrix([[1/5], [-18/5]])', '\\begin{pmatrix} 1/5 \\\\ -18/5 \\end{pmatrix}'], ['0', '0'])",False,
16,ddtree_tb16,dflash-original-ddtree,16,28800,"We are given a Senate committee with:

- 5 Democrats
- 5 Republicans
- 1 Independent

We are to find the number of **distinct ways** they can sit **around a circular table**, with the condition that **all members of each party sit next to each other**. Also, **rotations of the same arrangement are considered equivalent**.

---

### Step 1: Understand the seating condition

We are told that **all members of each party must sit next to each other**. That means:

- The 5 Democrats must form a **block** (i.e., sit together).
- The 5 Republicans must form a **block**.
- The 1 Independent is a **single person**, so they are not in a block.

So, we are arranging **three blocks** around a circular table:

- Block D (Democrats)
- Block R (Republicans)
- Block I (Independent)

---

### Step 2: Circular arrangement of blocks

In a **circular arrangement**, the number of ways to arrange **n** objects is **(n - 1)!**, because rotations are considered the same.

Here, we have **3 blocks** to arrange around the table: D, R, I.

So, the number of","(['28800', '28800'], ['3', '3'])",False,
17,ddtree_tb16,dflash-original-ddtree,16,11,"We are given the equation:

$$
\frac{2}{3} = \frac{4}{x - 5}
$$

---

### Step 1: Cross-multiply to eliminate the fractions

Multiply both sides of the equation by $3(x - 5)$ to eliminate the denominators:

$$
2(x - 5) = 3 \cdot 4
$$

$$
2(x - 5) = 12
$$

---

### Step 2: Distribute the 2 on the left side

$$
2x - 10 = 12
$$

---

### Step 3: Solve for $x$

Add 10 to both sides:

$$
2x = 22
$$

Divide both sides by 2:

$$
x = 11
$$

---

### Final Answer:

$$
\boxed{11}
$$","(['11', '11'], ['11', '11'])",True,
18,ddtree_tb16,dflash-original-ddtree,16,898,"We are given a recurrence relation:

$$
x_n = x_{n-1} - x_{n-2} + x_{n-3} - x_{n-4} \quad \text{for } n \geq 5
$$

with initial values:

$$
x_1 = 211, \quad x_2 = 375, \quad x_3 = 420, \quad x_4 = 523
$$

We are to find:

$$
x_{531} + x_{753} + x_{975}
$$

---

### Step 1: Understand the recurrence

The recurrence is:

$$
x_n = x_{n-1} - x_{n-2} + x_{n-3} - x_{n-4}
$$

This is a **linear recurrence relation** of order 4. To find a pattern, we can compute the first few terms and look for periodicity.

---

### Step 2: Compute the first few terms

We are given:

$$
x_1 = 211, \quad x_2 = 375, \quad x_3","(['898', '898'], ['375', '375'])",False,
19,ddtree_tb16,dflash-original-ddtree,16,-2,"We are given a complex number $ z $ such that:

$$
z + \frac{1}{z} = \frac{1 + \sqrt{5}}{2}
$$

We are to find:

$$
z^{85} + \frac{1}{z^{85}}
$$

---

### Step 1: Recognize the expression

Let’s denote:

$$
\alpha = \frac{1 + \sqrt{5}}{2}
$$

This is the **golden ratio**, often denoted by $ \phi $, and satisfies the identity:

$$
\phi = \frac{1 + \sqrt{5}}{2}, \quad \phi^2 = \phi + 1
$$

So we are given:

$$
z + \frac{1}{z} = \phi
$$

Let’s denote:

$$
x = z + \frac{1}{z} = \phi
$$

We are to find:

$$
z^{85} + \frac{1}{z^{85}}
$$

---

### Step 2: Use recurrence relation

Let’s define a sequence $ a_n = z^n + \frac{1}{z^n} $

We are","(['-2', '-2'], ['Eq(a_n, z**n + 1/z**n)', 'a_n = z^n + \\frac{1}{z^n}'])",False,
20,ddtree_tb16,dflash-original-ddtree,16,\frac 59,"We are asked to compute:

$$
0.\overline{7} - 0.\overline{4} + 0.\overline{2}
$$

and express the result as a **common fraction**.

---

### Step 1: Convert repeating decimals to fractions

We'll use the standard method to convert repeating decimals to fractions.

#### 1. Convert $ 0.\overline{7} $ to a fraction

Let $ x = 0.\overline{7} $

Then:

$$
10x = 7.\overline{7}
$$

Subtract:

$$
10x - x = 7.\overline{7} - 0.\overline{7} \Rightarrow 9x = 7 \Rightarrow x = \frac{7}{9}
$$

So:

$$
0.\overline{7} = \frac{7}{9}
$$

#### 2. Convert $ 0.\overline{4} $ to a fraction

Let $ x = 0.\overline{4} $

Then:

$$
10x = 4.\overline{4}
$$

Subtract:

$$
10x - x = 4.\over","(['5/9', '\\frac{5}{9}'], ['4', '4'])",False,
21,ddtree_tb16,dflash-original-ddtree,16,"-2,1","We are given the polynomial:

$$
x^4 + 5x^3 + 9x^2 - x - 14 = 0
$$

We are to **find all the integer roots** of this polynomial.

---

### Step 1: Use the **Rational Root Theorem**

The **Rational Root Theorem** says that any rational root of a polynomial with integer coefficients must be of the form:

$$
\frac{p}{q}
$$

where $ p $ is a factor of the **constant term** and $ q $ is a factor of the **leading coefficient**.

In this case:

- Constant term = $-14$
- Leading coefficient = $1$

So the possible rational roots are the **factors of -14**:

$$
\pm 1, \pm 2, \pm 7, \pm 14
$$

Since we are only interested in **integer roots**, we only need to test these values.

---

### Step 2: Test each possible integer root

We will test each of the values $ \pm 1, \pm 2, \pm 7, \pm 14 $ in the polynomial:

$$
f(x)","(['{-2, 1}', '-2,1'], ['{-14, -7, -2, -1, 1, 2, 7, 14}', '\\pm 1, \\pm 2, \\pm 7, \\pm 14'])",False,
22,ddtree_tb16,dflash-original-ddtree,16,6 - 5i,"We are given:

- $ z = 2 + \sqrt{2} - (3 + 3\sqrt{2})i $
- $ c = 2 - 3i $
- $ w $ is the result of rotating $ z $ around $ c $ by $ \frac{\pi}{4} $ **counter-clockwise**

We are to find $ w $.

---

### Step 1: Understand the rotation

To rotate a complex number $ z $ around another complex number $ c $ by an angle $ \theta $, we can use the following formula:

$$
w = (z - c) \cdot e^{i\theta} + c
$$

Here:
- $ z - c $ is the vector from $ c $ to $ z $
- $ e^{i\theta} $ is the rotation factor
- Then we add back $ c $ to get the new point $ w $

We are rotating by $ \frac{\pi}{4} $ **counter-clockwise**, so:

$$
e^{i\theta} = e^{i\pi/4} = \cos\left(\frac{\pi}{4}\right) + i\sin\left(\frac{\pi}{4}\right)","(['-1*5*i + 6', '6 - 5i'], ['pi/4', '\\frac{\\pi}{4}'])",False,
23,ddtree_tb16,dflash-original-ddtree,16,16,"We are given that the two-digit integer $ \text{AB} $, when cubed, equals $ 912,673 $. We are to find the value of $ A + B $, where $ \text{AB} $ is a two-digit number.

---

### Step 1: Understand the notation

The two-digit number $ \text{AB} $ is a number like 12, 34, etc., where $ A $ is the tens digit and $ B $ is the units digit. So, the number is:

$$
\text{AB} = 10A + B
$$

We are told:

$$
(10A + B)^3 = 912673
$$

---

### Step 2: Estimate the cube root

We need to find the cube root of 912,673 to find the two-digit number $ \text{AB} $.

Let’s estimate:

$$
\sqrt[3]{912673} \approx ?
$$

Try some cube values:

- $ 90^3 = 729000 $
- $ 95^3 = 8573","(['16', '16'], ['8573', '8573'])",False,
24,ddtree_tb16,dflash-original-ddtree,16,540,"We are given:

- **6 cars** pull up to a red light, **one at a time**.
- There are **3 lanes** at the intersection:
  - **Left-turn lane**
  - **Straight-going lane**
  - **Right-turn lane**
- We are to find the number of **ways** the cars can **stack up** such that **all three lanes are occupied**.
- The **cars are distinguishable**, and the **order in which they arrive is fixed** (i.e., the first car is the first to arrive, the second is the next, etc.).
- The **lanes are distinguishable** (left, straight, right), and each car must choose one of the three lanes.

---

### Step 1: Understand the problem

We are to count the number of **valid sequences** of 6 cars, where each car chooses one of the 3 lanes, and **all three lanes are used at least once**.

This is a **permutation with constraints** problem.

Each car is **distinguishable**, so the **order in which they arrive is fixed**, but **each car can choose one of the three lanes**.

So, the problem is equivalent to:

> How many **sequences","(['540', '540'], ['3', '3'])",False,
25,ddtree_tb16,dflash-original-ddtree,16,2\sqrt{5},"We are given a point $(6, 0)$ and a line $y = 2x - 2$, and we are asked to find the **shortest distance** from the point to the line.

---

### Step 1: Use the point-to-line distance formula

The **shortest distance** from a point $(x_0, y_0)$ to a line $Ax + By + C = 0$ is given by:

$$
\text{Distance} = \frac{|Ax_0 + By_0 + C|}{\sqrt{A^2 + B^2}}
$$

First, we rewrite the line equation $y = 2x - 2$ in standard form:

$$
y = 2x - 2 \Rightarrow 2x - y - 2 = 0
$$

So, $A = 2$, $B = -1$, and $C = -2$.

Now, plug in the point $(6, 0)$:

$$
\text{Distance} = \frac{|2(6) + (-1)(0) - 2|}{\sqrt{2^2 + (-1)^2}} = \frac{|12 - 0","(['2*sqrt(5)', '2\\sqrt{5}'], ['0', '0'])",False,
26,ddtree_tb16,dflash-original-ddtree,16,-9,"We are given the expression:

$$
1 + 2 + 3 - 4 + 5 + 6
$$

We are allowed to **add parentheses** (but **not rearrange the order** of the terms), and we are to find the **minimum possible value** of the expression under these constraints.

---

### Step 1: Understand the original expression

Let’s first compute the value of the original expression without parentheses:

$$
1 + 2 + 3 - 4 + 5 + 6 = (1 + 2 + 3) + (5 + 6) - 4 = 6 + 11 - 4 = 13
$$

So the original value is **13**.

---

### Step 2: Goal

We are to **add parentheses** (not change the order of the terms) to **minimize** the value of the expression.

We **cannot** change the order of the terms or use multiplication (e.g., we can't do something like $(1+2+3)(-4)+5+6$).

---

### Step 3: Strategy

We want to **minimize** the value. To do that, we want to **maximize","(['-9', '-9'], ['3', '3'])",False,
27,ddtree_tb16,dflash-original-ddtree,16,60,"We are given:

- **6 witches**
- **10 sorcerers**

Each **witch** shakes hands with **each sorcerer**, but **no witch shakes hands with another witch**, and **no sorcerer shakes hands with another sorcerer**.

---

### Step 1: Understand the handshakes

We are only counting **handshakes between witches and sorcerers**.

- Each of the **6 witches** shakes hands with **10 sorcerers**.
- So, the total number of handshakes is:

$$
6 \text{ witches} \times 10 \text{ sorcerers} = 60 \text{ handshakes}
$$

---

### Step 2: Confirm no other handshakes occur

- **Witches don’t shake hands with other witches** → 0 handshakes among witches.
- **Sorcerers don’t shake hands with other sorcerers** → 0 handshakes among sorcerers.

So, **all handshakes are between witches and sorcerers**.

---

### Final Answer:

$$
\boxed{60}
$$","(['60', '60'], ['60', '60'])",True,
28,ddtree_tb16,dflash-original-ddtree,16,10,"We are given the polynomial:

$$
x^8 + 3x^4 - 4
$$

and asked to factor it into irreducible monic polynomials with integer coefficients, and then compute the sum of the values of these polynomials evaluated at $ x = 1 $.

---

### Step 1: Factor the polynomial

We are given:

$$
x^8 + 3x^4 - 4
$$

Let’s make a substitution to simplify the expression. Let:

$$
y = x^4
$$

Then the polynomial becomes:

$$
y^2 + 3y - 4
$$

This is a quadratic in $ y $, so we can factor it:

$$
y^2 + 3y - 4 = (y + 4)(y - 1)
$$

Now substitute back $ y = x^4 $:

$$
(x^4 + 4)(x^4 - 1)
$$

So the original polynomial factors as:

$$
x^8 + 3x^4 - 4 = (x^4 + 4)(x^4 - 1)
$$

---

### Step 2: Factor each factor further

We now factor","(['10', '10'], ['2', '2'])",False,
29,ddtree_tb16,dflash-original-ddtree,16,14,"We are asked to simplify the expression:

$$
(u+4)(u-1) - (u-3)(u+6)
$$

---

### Step 1: Expand each product

**First term:**
$$
(u+4)(u-1) = u(u-1) + 4(u-1) = u^2 - u + 4u - 4 = u^2 + 3u - 4
$$

**Second term:**
$$
(u-3)(u+6) = u(u+6) - 3(u+6) = u^2 + 6u - 3u - 18 = u^2 + 3u - 18
$$

---

### Step 2: Subtract the second expanded expression from the first

$$
(u^2 + 3u - 4) - (u^2 + 3u - 18)
$$

Distribute the negative sign:

$$
u^2 + 3u - 4 - u^2 - 3u + 18
$$

Now combine like terms:

- $u^2 - u^2 = 0$
- $3u - 3","(['14', '14'], ['3', '3'])",False,
30,ddtree_tb16,dflash-original-ddtree,16,0,"We are given a piecewise function:

$$
f(x) = \begin{cases}
3 - x & \text{if } x \leq 3, \\
-x^3 + 2x^2 + 3x & \text{if } x > 3.
\end{cases}
$$

We are asked to compute:

$$
f^{-1}(0) + f^{-1}(6)
$$

---

### Step 1: Find $ f^{-1}(0) $

We need to find the value of $ x $ such that $ f(x) = 0 $.

We'll check both cases of the piecewise function.

#### Case 1: $ x \leq 3 $

$$
f(x) = 3 - x
$$

Set $ f(x) = 0 $:

$$
3 - x = 0 \Rightarrow x = 3
$$

Check if $ x = 3 $ satisfies the condition $ x \leq 3 $: **Yes**.

So, $ f(3) = 0 $, so $ f^{-1}(0) = 3 $.

---

### Step 2: Find $ f^{-1}(6) $

We need","(['0', '0'], ['1/f(6)', 'f^{-1}(6)'])",False,
31,ddtree_tb16,dflash-original-ddtree,16,0.15,"We are asked to write the fraction $\frac{3}{20}$ as a decimal.

---

### Step 1: Understand the fraction
The fraction is:

$$
\frac{3}{20}
$$

This means 3 divided by 20.

---

### Step 2: Perform the division
We can divide 3 by 20:

$$
3 \div 20 = 0.15
$$

---

### Step 3: Verify the result
To check, multiply the decimal by 20:

$$
0.15 \times 20 = 3
$$

This confirms that the decimal is correct.

---

### Final Answer:

$$
\boxed{0.15}
$$","(['0.150000000000000', '0.15'], ['0.150000000000000', '0.15'])",True,
32,ddtree_tb16,dflash-original-ddtree,16,\frac{2}{1005},"We are given the equation:

$$
\frac{1}{x^2 - 1} + \frac{2}{x^2 - 2} + \frac{3}{x^2 - 3} + \frac{4}{x^2 - 4} = 2010x - 4
$$

We are to **find the sum of all complex solutions** of this equation.

---

### Step 1: Let’s make a substitution

Let:

$$
y = x^2
$$

Then the equation becomes:

$$
\frac{1}{y - 1} + \frac{2}{y - 2} + \frac{3}{y - 3} + \frac{4}{y - 4} = 2010x - 4
$$

But this still has both $ y $ and $ x $, and $ y = x^2 $, so we need to be careful. Let’s try to **eliminate $ x $**.

---

### Step 2: Let’s consider the left-hand side (LHS) as a function of $ x^2 $

Let’s define:

$$
f(x) = \frac{1","(['2/1005', '\\frac{2}{1005}'], ['x**2', 'x^2'])",False,
33,ddtree_tb16,dflash-original-ddtree,16,6,"We are given:

- 2 **indistinguishable** IMO gold medals (let's call them **I**),
- 2 **indistinguishable** IPhO gold medals (let's call them **P**).

We are to arrange these 4 medals in a **row**, and we want to find the number of **distinct arrangements** possible.

---

### Step 1: Understand the problem

We have 4 medals in total:

- 2 of type **I** (indistinguishable),
- 2 of type **P** (indistinguishable).

We are to arrange them in a row, and we want to count how many **distinct** arrangements are possible.

This is a **permutation of multiset** problem.

---

### Step 2: Use the formula for permutations of a multiset

The number of distinct arrangements of $ n $ items where there are duplicates is given by:

$$
\frac{n!}{n_1! \cdot n_2! \cdot \ldots \cdot n_k!}
$$

Where:
- $ n $ is the total number of items,
- $ n_1, n_2, \ldots, n_k $ are the counts of each distinct type.

In our","(['6', '6'], ['n', 'n_1, n_2,  , n_k'])",False,
34,ddtree_tb16,dflash-original-ddtree,16,28,"We are given the problem of selecting **6 cookies** from a tray that contains **three types of cookies**: **chocolate chip**, **oatmeal**, and **peanut butter**. Each type has **at least 6 cookies**, and **cookies of the same type are indistinguishable**.

We are to find the number of **different assortments** of 6 cookies that can be selected.

---

### Step 1: Understand the Problem

We are choosing **6 cookies** from **three types**, where:

- Let $ x $ = number of chocolate chip cookies
- Let $ y $ = number of oatmeal cookies
- Let $ z $ = number of peanut butter cookies

We are to find the number of **non-negative integer solutions** to the equation:

$$
x + y + z = 6
$$

with the constraint that $ x, y, z \geq 0 $, and since there are **at least 6 of each type**, we don't need to worry about the upper bounds (i.e., we don't have to worry about running out of cookies of any type).

---

### Step 2: Use the Stars and Bars Method

This is a classic **combinatorics problem**","(['28', '28'], ['2', '2'])",False,
35,ddtree_tb16,dflash-original-ddtree,16,\frac{16}{27},"We are given the following:

- Sam is carrying a **2-gallon** bucket of milk.
- The distance from the barn to his house is **3 miles**.
- For **each mile** he walks, the **amount of milk in the bucket is multiplied by $\frac{2}{3}$**.
- We are to find how many gallons of milk are left in the bucket **when he gets home**.

---

### Step 1: Understand the process

At the **start**, the bucket has **2 gallons**.

For **each mile**, the amount of milk is multiplied by $\frac{2}{3}$.

So, after:

- **1 mile**: $2 \times \frac{2}{3}$
- **2 miles**: $2 \times \left(\frac{2}{3}\right)^2$
- **3 miles**: $2 \times \left(\frac{2}{3}\right)^3$

We need to compute the amount of milk after **3 miles**.

---

### Step 2: Compute the amount of milk after 3 miles

$$
\text{Milk after 3 miles} = 2 \times \left(\frac{2}{3}\right)^3
$$

","(['16/27', '\\frac{16}{27}'], ['Eq(milkafter3miles, 2*(2/3)**3)', '\\text{Milk after 3 miles} = 2 \\times (\\frac{2}{3})^3'])",True,
36,ddtree_tb16,dflash-original-ddtree,16,42,"We are given that a **regular hexagon** can be divided into **six equilateral triangles**, and the **perimeter of one of these triangles is 21 inches**. We are to find the **perimeter of the regular hexagon**.

---

### Step 1: Understand the structure

A **regular hexagon** has **6 equal sides** and **6 equal angles**. When you divide a regular hexagon into **6 equilateral triangles**, each triangle has:

- **3 equal sides** (since the hexagon is regular and the triangles are equilateral)
- The **side length of each triangle** is equal to the **side length of the hexagon**

So, the **side length of the hexagon** is the **same as the side length of each equilateral triangle**.

---

### Step 2: Use the given perimeter of one triangle

We are told that the **perimeter of one equilateral triangle is 21 inches**.

Let the side length of the triangle be $ s $.

Then the perimeter of the triangle is:

$$
3s = 21
$$

Solve for $ s $:

$$
s = \frac{21}{3} = 7 \text{","(['42', '42'], ['7', '7'])",False,
37,ddtree_tb16,dflash-original-ddtree,16,103,"We are given the following:

- A **book has $ n $ leaves** if it is composed of $ n $ pieces of paper.
- Each **leaf** is one piece of paper, and each **page** is one side of a leaf.
- So, **each leaf has 2 pages**.
- Therefore, the **number of pages** in the book is **twice the number of leaves**.

Let’s define:

- Let $ L $ be the number of **leaves**.
- Then the number of **pages** is $ 2L $.

We are told:

1. The number of **pages** is **3 more than a multiple of 7**.
   - That is, $ 2L \equiv 3 \pmod{7} $.
2. The number of **leaves** is **greater than 100**.
   - That is, $ L > 100 $.

We are to find the **smallest possible value of $ L $** that satisfies both conditions.

---

### Step 1: Solve the congruence

We are given:

$$
2L \equiv 3 \pmod{7}
$$

We want to solve for $ L $","(['103', '103'], ['l', 'L'])",False,
38,ddtree_tb16,dflash-original-ddtree,16,56,"We are given the following information:

- Frank took a **100-question** aptitude test.
- Each **correct answer** gives **5 points**.
- Each **incorrect answer** gives **-2 points**.
- Each **unanswered question** gives **0 points**.
- Frank **answered 80 questions**.
- His **total score** is **232 points**.
- We are to find how many questions he answered **correctly**.

---

### Step 1: Define variables

Let:
- $ c $ = number of **correct answers**
- $ i $ = number of **incorrect answers**
- $ u $ = number of **unanswered questions**

We are told:
- Total questions: $ c + i + u = 100 $
- Total answered questions: $ c + i = 80 $
- Total score: $ 5c - 2i = 232 $

---

### Step 2: Use the total answered questions

From the second equation:
$$
c + i = 80 \quad \text{(1)}
$$

From the first equation:
$$
c + i + u = 100 \quad \text{(2)}
$$

","(['56', '56'], ['Eq(c + i, 80*1)', 'c + i = 80 \\quad \\text{(1)}'])",False,
39,ddtree_tb16,dflash-original-ddtree,16,\text{(E)},"We are given the polar equation:

$$
r^2 \cos 2\theta = 4
$$

We are to determine what kind of curve this represents, and choose from the options:

- (A) Line  
- (B) Circle  
- (C) Parabola  
- (D) Ellipse  
- (E) Hyperbola  

---

### Step 1: Use a trigonometric identity

Recall the double angle identity for cosine:

$$
\cos 2\theta = \cos^2 \theta - \sin^2 \theta
$$

But we can also use the identity:

$$
\cos 2\theta = \frac{1 - \tan^2 \theta}{1 + \tan^2 \theta}
$$

However, a more useful identity in polar coordinates is:

$$
\cos 2\theta = \frac{r^2 \cos^2 \theta - r^2 \sin^2 \theta}{r^2} = \cos^2 \theta - \sin^2 \theta
$$

But that's not helpful directly. Let's try to convert the equation to Cartesian coordinates.

---

### Step 2: Convert to Cartesian coordinates

","(['e', '\\text{(E)}'], ['2', '2'])",False,
40,ddtree_tb16,dflash-original-ddtree,16,4,"We are asked to find the **difference between the positive square root of 64 and the cube root of 64**.

---

### Step 1: Find the **positive square root of 64**

The square root of 64 is:

$$
\sqrt{64} = 8
$$

(We take the **positive** square root, so it's 8, not -8.)

---

### Step 2: Find the **cube root of 64**

The cube root of 64 is:

$$
\sqrt[3]{64} = 4
$$

Because $4^3 = 64$.

---

### Step 3: Find the **difference**

Now subtract the cube root from the square root:

$$
8 - 4 = 4
$$

---

### ✅ Final Answer:

$$
\boxed{4}
$$","(['4', '4'], ['4', '4'])",True,
41,ddtree_tb16,dflash-original-ddtree,16,\frac{14}{3},"We are given the function:

$$
f(x) = \frac{3x - 2}{x - 2}
$$

We are asked to find:

$$
f(-2) + f(-1) + f(0)
$$

---

### Step 1: Compute $ f(-2) $

$$
f(-2) = \frac{3(-2) - 2}{-2 - 2} = \frac{-6 - 2}{-4} = \frac{-8}{-4} = 2
$$

---

### Step 2: Compute $ f(-1) $

$$
f(-1) = \frac{3(-1) - 2}{-1 - 2} = \frac{-3 - 2}{-3} = \frac{-5}{-3} = \frac{5}{3}
$$

---

### Step 3: Compute $ f(0) $

$$
f(0) = \frac{3(0) - 2}{0 - 2} = \frac{-2}{-2} = 1
$$

---

### Step 4: Add the results

$$
f(-2) + f(-1)","(['14/3', '\\frac{14}{3}'], ['4', '4'])",False,
42,ddtree_tb16,dflash-original-ddtree,16,1,"We are given the following functions:

- $ t(x) = 3 - g(x) $
- $ g(x) = \sqrt{x} $

We are asked to find $ t(g(16)) $.

---

### Step 1: Evaluate $ g(16) $

Since $ g(x) = \sqrt{x} $, we substitute $ x = 16 $:

$$
g(16) = \sqrt{16} = 4
$$

---

### Step 2: Substitute into $ t(x) $

We now substitute $ g(16) = 4 $ into the function $ t(x) = 3 - g(x) $:

$$
t(g(16)) = t(4) = 3 - g(4)
$$

Now compute $ g(4) $:

$$
g(4) = \sqrt{4} = 2
$$

So:

$$
t(4) = 3 - 2 = 1
$$

---

### Final Answer:

$$
\boxed{1}
$$","(['1', '1'], ['1', '1'])",True,
43,ddtree_tb16,dflash-original-ddtree,16,12,"We are given the quadratic expression:

$$
10x^2 - x - 24
$$

and told it can be factored as:

$$
(Ax - 8)(Bx + 3)
$$

Our goal is to find integers $ A $ and $ B $ such that this factorization is correct, and then compute $ AB + B $.

---

### Step 1: Expand the factored form

We expand:

$$
(Ax - 8)(Bx + 3) = A B x^2 + 3A x - 8B x - 24
$$

Group like terms:

$$
= AB x^2 + (3A - 8B)x - 24
$$

Now compare this with the original expression:

$$
10x^2 - x - 24
$$

So we match coefficients:

- Coefficient of $ x^2 $: $ AB = 10 $
- Coefficient of $ x $: $ 3A - 8B = -1 $
- Constant term: $ -24 $ (matches)

---

### Step 2: Solve the system of equations

We now solve:

1. $ AB =","(['12', '12'], ['1', '1'])",False,
44,ddtree_tb16,dflash-original-ddtree,16,55^\circ,"We are given:

- The angle between vectors $\mathbf{a}$ and $\mathbf{b}$ is $29^\circ$.
- The angle between $\mathbf{b}$ and $\mathbf{a} - \mathbf{b}$ is $84^\circ$.
- We are to find the angle between $\mathbf{a}$ and $\mathbf{a} - \mathbf{b}$.

---

### Step 1: Use vector geometry and triangle angles

Let’s consider the triangle formed by the vectors $\mathbf{a}$, $\mathbf{b}$, and $\mathbf{a} - \mathbf{b}$.

Let’s denote:

- $\theta_1 = \angle(\mathbf{a}, \mathbf{b}) = 29^\circ$
- $\theta_2 = \angle(\mathbf{b}, \mathbf{a} - \mathbf{b}) = 84^\circ$
- $\theta_3 = \angle(\mathbf{a}, \mathbf{a} - \mathbf{b})$ (this is what we want to find)

These three angles are the internal angles of a triangle formed by","(['55', '55^\\circ'], ['Eq(theta_3, \\angle(a, a - b))', '\\theta_3 = \\angle(\\text{a}, \\text{a} - \\text{b})'])",False,
45,ddtree_tb16,dflash-original-ddtree,16,110,"We are given a problem involving 360 students, and we are to find how many students take **physics**. Let's break it down step by step using the information provided.

---

### **Step 1: Total number of students**
- Total students = 360
- 15 students take **all three** subjects: calculus, physics, and chemistry.
- 15 students take **none** of the three subjects.

So, the number of students who take **at least one** of the three subjects is:

$$
360 - 15 - 15 = 330
$$

So, **330 students** take at least one of the three subjects.

---

### **Step 2: Let’s define variables**

Let:

- $ C $ = number of students who take **calculus**
- $ P $ = number of students who take **physics**
- $ Ch $ = number of students who take **chemistry**

We are told:

- $ C = 180 $
- $ Ch = 2P $ (twice as many take chemistry as take physics)
- 75 take **both calculus and chemistry**
- 75 take **both physics and chemistry","(['110', '110'], ['75', '75'])",False,
46,ddtree_tb16,dflash-original-ddtree,16,120,"We are given a diagram with two circles, both centered at point $ D $, with radii 1 and 2. The shaded region has an area equal to $ \frac{5}{12} $ of the area of the **larger circle** (radius 2). We are to find the measure of the smaller angle $ \angle ADC $, where $ A $ and $ C $ are points on the circles.

---

### Step 1: Understand the Geometry

- The **larger circle** has radius 2, so its area is:
  $$
  A_{\text{large}} = \pi (2)^2 = 4\pi
  $$

- The **smaller circle** has radius 1, so its area is:
  $$
  A_{\text{small}} = \pi (1)^2 = \pi
  $$

- The shaded region is **part of both circles**, and its area is:
  $$
  A_{\text{shaded}} = \frac{5}{12} \times 4\pi = \frac{20\pi}{12} = \frac{5\pi}{3}
  $$

---

### Step","(['120', '120'], ['Eq(a_{\\text{shaded}}, (5/12)*4*pi) & Eq((5/12)*4*pi, (20*pi)/12) & Eq((20*pi)/12, (5*pi)/3)', 'A_{\\text{shaded}} = \\frac{5}{12} \\times 4\\pi = \\frac{20\\pi}{12} = \\frac{5\\pi}{3}'])",False,
47,ddtree_tb16,dflash-original-ddtree,16,8,"We are given that in a **convex polygon**, the **sum of all but one of its interior angles is $1070^\circ$**. We are to find the **number of sides** of the polygon.

---

### Step 1: Recall the formula for the sum of interior angles of a polygon

The sum of the interior angles of a polygon with $ n $ sides is:

$$
S = (n - 2) \times 180^\circ
$$

---

### Step 2: Use the given information

We are told that the **sum of all but one** of the interior angles is $1070^\circ$. That means the **sum of all interior angles** is:

$$
S = 1070^\circ + x
$$

Where $ x $ is the **missing angle** (the one not included in the sum of $1070^\circ$).

But we also know that the **sum of all interior angles** is:

$$
S = (n - 2) \times 180
$$

So we can write:

$$
(n - 2) \times 180 = 1070 + x
","(['8', '8'], ['1070', '1070'])",False,
48,ddtree_tb16,dflash-original-ddtree,16,80,"We are given a quadrilateral $ABCD$, with angles $\angle BAD$ and $\angle CDA$ **trisected**. We are to find the **degree measure of angle $\angle AFD$**.

---

### Step 1: Understand the diagram and given information

From the Asymptote code and the labels:

- Points:
  - $A = (0,0)$
  - $B = (2,4)$
  - $C = (7,4)$
  - $D = (7,-2)$
- Lines:
  - $ABCD$ is a quadrilateral.
  - $A$ is connected to $E$ and $F$, and both $E$ and $F$ are connected to $D$.
  - So, $AED$ and $AFD$ are triangles.
- Angles:
  - $\angle BAD$ and $\angle CDA$ are **trisected**.
  - The diagram shows:
    - $\angle BAD$ is trisected into three equal parts, each of measure $x$.
    - $\angle CDA$ is trisected into three equal parts, each of measure $y$.
  - The diagram also","(['80', '80'], ['y', 'y'])",False,
49,ddtree_tb16,dflash-original-ddtree,16,4495,"We are asked to compute the binomial coefficient:

$$
\dbinom{31}{28}
$$

---

### Step 1: Use the identity for binomial coefficients

Recall the identity:

$$
\dbinom{n}{k} = \dbinom{n}{n - k}
$$

So,

$$
\dbinom{31}{28} = \dbinom{31}{3}
$$

This is easier to compute because 3 is a small number.

---

### Step 2: Compute $\dbinom{31}{3}$

The formula for a binomial coefficient is:

$$
\dbinom{n}{k} = \frac{n!}{k!(n - k)!}
$$

So,

$$
\dbinom{31}{3} = \frac{31!}{3!(31 - 3)!} = \frac{31!}{3! \cdot 28!}
$$

We can simplify this by canceling the $28!$ in the numerator and denominator:

$$
\dbinom{31}{3} = \frac{31 \cdot 30 \cdot 29}{3 \cdot ","(['4495', '4495'], ['29', '29'])",False,
50,ddtree_tb16,dflash-original-ddtree,16,"(-\sqrt{3}, \sqrt{3})","We are given the inequality:

$$
-4 < x^4 + 4x^2 < 21
$$

We need to find all **real values of $ x $** that satisfy this inequality.

---

### Step 1: Analyze the left inequality: $ -4 < x^4 + 4x^2 $

Let’s define the function:

$$
f(x) = x^4 + 4x^2
$$

We want to find the values of $ x $ such that:

$$
f(x) > -4
$$

Note that $ x^4 \geq 0 $ and $ 4x^2 \geq 0 $ for all real $ x $, so:

$$
f(x) = x^4 + 4x^2 \geq 0
$$

So the left inequality $ -4 < f(x) $ is always true, because $ f(x) \geq 0 $, and $ -4 < 0 $. Therefore, the **left inequality is always satisfied** for all real $ x $.

---

### Step 2: Analyze the right inequality: $ x^4 + 4x^2 < 21 $

","(['Interval.open(-sqrt(3), sqrt(3))', '(-\\sqrt{3}, \\sqrt{3})'], ['x**4 + 4*x**2 < 21', 'x^4 + 4x^2 < 21'])",False,
51,ddtree_tb16,dflash-original-ddtree,16,210,"We are given:

- **7 boys**
- **4 girls**
- Mr. Brennan wants to **pick 3 boys and 2 girls** for a group presentation.

We are to find the number of **ways** to do this, where **the order does not matter**.

---

### Step 1: Choose 3 boys from 7

This is a **combination** problem because the order of selection doesn't matter.

$$
\binom{7}{3} = \frac{7!}{3!(7-3)!} = \frac{7 \times 6 \times 5}{3 \times 2 \times 1} = 35
$$

---

### Step 2: Choose 2 girls from 4

Again, this is a combination:

$$
\binom{4}{2} = \frac{4!}{2!(4-2)!} = \frac{4 \times 3}{2 \times 1} = 6
$$

---

### Step 3: Multiply the two results

Since we are choosing 3 boys **and** 2 girls, and the choices are independent, we multiply the number of ways to choose the boys by the number of ways","(['210', '210'], ['2', '2'])",False,
52,ddtree_tb16,dflash-original-ddtree,16,"\left( \frac{3}{2}, -13 \right)","We are given a parametric equation of a line:

$$
\begin{pmatrix} x \\ y \end{pmatrix} = \begin{pmatrix} 8 \\ -1 \end{pmatrix} + t \begin{pmatrix} 2 \\ 3 \end{pmatrix}
$$

This represents a line in **parametric form**, where:

- The point $\begin{pmatrix} 8 \\ -1 \end{pmatrix}$ is a point on the line (when $t = 0$).
- The vector $\begin{pmatrix} 2 \\ 3 \end{pmatrix}$ is the **direction vector** of the line.

We are asked to find the equation of the line in **slope-intercept form**:

$$
y = mx + b
$$

---

### Step 1: Find the slope $m$

The direction vector is $\begin{pmatrix} 2 \\ 3 \end{pmatrix}$, so the **slope** $m$ is the ratio of the $y$-component to the $x$-component:

$$
m = \frac{3}{2}
$$

---

### Step 2: Use a point to find","(['(3/2, -13)', '( \\frac{3}{2}, -13 )'], ['2', '2'])",False,
53,ddtree_tb16,dflash-original-ddtree,16,\sqrt{53},"We are asked to simplify $\sqrt{53}$ in simplest radical form.

---

### Step 1: Understand what ""simplest radical form"" means

A radical is in **simplest radical form** if:
- The radicand (the number under the square root) has **no perfect square factors** other than 1.
- The radical is **simplified** as much as possible.

---

### Step 2: Check if 53 has any perfect square factors

We need to check if 53 can be factored into a product that includes a **perfect square** (like 4, 9, 16, 25, 36, etc.).

Let’s try dividing 53 by small perfect squares:

- $53 \div 4 = 13.25$ → not an integer
- $53 \div 9 = 5.888...$ → not an integer
- $53 \div 16 = 3.3125$ → not an integer
- $53 \div 25 = 2.12$ → not an integer
- $53 \div 36 = 1.4","(['sqrt(53)', '\\sqrt{53}'], ['1.40000000000000', '1.4'])",False,
54,ddtree_tb16,dflash-original-ddtree,16,\frac{1}{2},"We are given that two numbers $ x $ and $ y $ are selected **at random** from the interval $ (0, 3) $, and we are to find the **probability** that a triangle with sides of length $ 1 $, $ x $, and $ y $ **exists**.

---

### Step 1: **Triangle Inequality Conditions**

For a triangle with sides $ a, b, c $, the **triangle inequality** must hold:

$$
a + b > c, \quad a + c > b, \quad b + c > a
$$

In our case, the sides are $ 1, x, y $. So the triangle inequalities become:

1. $ 1 + x > y $
2. $ 1 + y > x $
3. $ x + y > 1 $

We are to find the **probability** that **all three** of these inequalities are satisfied, given that $ x, y \in (0, 3) $, and they are selected **uniformly at random**.

---

### Step 2: **Geometric Interpretation**

Since $ x $ and $ y $ are selected from the interval $ (0, 3) $, we can","(['1/2', '\\frac{1}{2}'], ['Interval.open(0, 3)', '(0, 3)'])",False,
55,ddtree_tb16,dflash-original-ddtree,16,\frac{8}{15},"We are given that the **area of triangle $ ABC $** is:

$$
\text{Area} = a^2 - (b - c)^2
$$

where $ a, b, c $ are the sides of triangle $ ABC $, and we are to compute $ \tan A $, where $ A $ is the angle opposite side $ a $.

---

### Step 1: Use the standard formula for the area of a triangle

The area of triangle $ ABC $ can also be written using the formula:

$$
\text{Area} = \frac{1}{2}bc \sin A
$$

So we equate the two expressions for the area:

$$
\frac{1}{2}bc \sin A = a^2 - (b - c)^2
$$

---

### Step 2: Simplify the right-hand side

$$
a^2 - (b - c)^2 = a^2 - (b^2 - 2bc + c^2) = a^2 - b^2 + 2bc - c^2
$$

So the equation becomes:

$$
\frac{1}{2}bc \sin A = a^2 - b^","(['8/15', '\\frac{8}{15}'], ['1/2', '\\frac{1}{2}'])",False,
56,ddtree_tb16,dflash-original-ddtree,16,1 - 12i,"We are given a **complex number** $ z = 3 $, and we are to apply a **90° clockwise rotation** around the point $ -4 - 5i $ in the complex plane.

---

### Step 1: Understand the rotation

A **90° clockwise rotation** in the complex plane corresponds to multiplying by $ e^{-i\pi/2} = -i $.

So, to rotate a complex number $ z $ by 90° clockwise, we compute:

$$
z' = -i \cdot z
$$

But this is **only** true if the rotation is about the origin. Since the rotation is **about the point** $ -4 - 5i $, we need to:

1. Translate the complex plane so that the center of rotation becomes the origin.
2. Apply the rotation.
3. Translate back.

---

### Step 2: Translate the point

Let’s denote the center of rotation as $ c = -4 - 5i $.

To rotate around $ c $, we first translate the point $ z = 3 $ by subtracting $ c $:

$$
z' = z - c = 3 - (-4 - 5i) = ","(['-1*12*i + 1', '1 - 12i'], ['5', '5'])",False,
57,ddtree_tb16,dflash-original-ddtree,16,10,"We are given:

- 7th grade enrollment: 520 students  
- 8th grade enrollment: 650 students  
- Total number of representatives: 18  
- We are to determine how many representatives the **8th grade** should have for **fair representation**.

---

### Step 1: Understand the goal

We want to distribute the 18 representatives **fairly** between the two grades based on their **enrollments**.

This is a **proportional representation** problem.

---

### Step 2: Find the total number of students

$$
\text{Total students} = 520 + 650 = 1170
$$

---

### Step 3: Determine the proportion of the 8th grade

$$
\text{Proportion of 8th grade} = \frac{650}{1170}
$$

Simplify the fraction:

$$
\frac{650}{1170} = \frac{65}{117} = \frac{5}{9}
$$

So, the 8th grade should have **5/9** of the 18 representatives.

---

###","(['10', '10'], ['18', '18'])",False,
58,ddtree_tb16,dflash-original-ddtree,16,8,"We are told:

- **12 friends** met for dinner.
- Each ordered **one meal**.
- The **portions were so large** that the food was enough for **18 people**.
- The question is: **If they share, how many meals should they have ordered to have just enough food for the 12 of them?**

---

### Step 1: Understand the total amount of food

The food was enough for **18 people**, which means the total amount of food is equivalent to **18 meals**.

So, the total food = **18 meals**.

---

### Step 2: Determine how many meals are needed for 12 people

If the food is to be **just enough** for **12 people**, we need to find out how many meals are required to serve 12 people, assuming the food is shared equally.

Since the food is enough for 18 people, then:

- 1 meal = 1 person's portion
- So, 12 people would need **12 meals**.

But wait — the food is **enough for 18 people**, so the **total food is equivalent to 18 meals**.

So, if we want","(['8', '8'], ['18', '18'])",False,
59,ddtree_tb16,dflash-original-ddtree,16,2k+2,"We are given the expression:

$$
(-k + 4) + (-2 + 3k)
$$

### Step 1: Remove the parentheses
Distribute the addition across the terms inside each parenthesis:

$$
-k + 4 - 2 + 3k
$$

### Step 2: Combine like terms
Group the terms with $ k $ and the constant terms:

- Terms with $ k $: $ -k + 3k = 2k $
- Constant terms: $ 4 - 2 = 2 $

### Step 3: Write the simplified expression
$$
2k + 2
$$

### Final Answer:
$$
\boxed{2k + 2}
$$","(['2*k + 2', '2k+2'], ['2*k + 2', '2k + 2'])",True,
60,ddtree_tb16,dflash-original-ddtree,16,550,"We are given:

- Karla drove **12,000 miles** last year.
- She drove an **SUV** that gets **15 miles per gallon (mpg)**.
- She would have driven a **hybrid** that gets **48 mpg**.

We need to find how many **gallons of gasoline** she would have **saved** by driving the hybrid instead of the SUV.

---

### Step 1: Calculate the gallons used by the SUV

$$
\text{Gallons used by SUV} = \frac{\text{Miles driven}}{\text{MPG of SUV}} = \frac{12,000}{15} = 800 \text{ gallons}
$$

---

### Step 2: Calculate the gallons used by the hybrid

$$
\text{Gallons used by hybrid} = \frac{\text{Miles driven}}{\text{MPG of hybrid}} = \frac{12,000}{48} = 250 \text{ gallons}
$$

---

### Step 3: Calculate the gallons saved

$$
\text{Gallons saved} = \text{Gallons used","(['550', '550'], ['3', '3'])",False,
61,ddtree_tb16,dflash-original-ddtree,16,"\$32,\!348","We are given:

- **Initial investment**: \$24,000  
- **Interest rate**: 1% **bi-monthly** (i.e., every 2 months)  
- **Time period**: 5 years  
- **Goal**: Find the total amount in the investment at the end of 5 years, rounded to the nearest whole number.

---

### Step 1: Understand the compounding frequency

- **Bi-monthly** means **every 2 months**.
- In 5 years, there are:

$$
5 \text{ years} \times 12 \text{ months/year} = 60 \text{ months}
$$

$$
\frac{60 \text{ months}}{2 \text{ months/compounding period}} = 30 \text{ compounding periods}
$$

So, the investment will compound **30 times** over 5 years.

---

### Step 2: Use the compound interest formula

The formula for compound interest is:

$$
A = P \left(1 + \frac{r}{n}\right)^{nt}
$$

But in this case, the interest is **compounded bi-monthly**, and the **rate per comp","(['32348', '32,348'], ['Eq(a, p*(1 + r/n)**(n*t))', 'A = P (1 + \\frac{r}{n})^{nt}'])",False,
62,ddtree_tb16,dflash-original-ddtree,16,"(-\infty, 2) \cup (3, \infty)","We are given the function:

$$
f(x) = \frac{2x - 7}{\sqrt{x^2 - 5x + 6}}
$$

We are asked to find the **domain** of this function, which is the set of all real numbers $ x $ for which the function is defined (i.e., the expression is real and defined).

---

### Step 1: Understand the function

The function is a **rational function** with a **square root in the denominator**. So, we must ensure that:

1. The **denominator is not zero** (since division by zero is undefined).
2. The **expression under the square root is non-negative** (since square roots of negative numbers are not real).

So, we need to find the values of $ x $ such that:

- $ x^2 - 5x + 6 \geq 0 $ (so that the square root is defined)
- $ \sqrt{x^2 - 5x + 6} \neq 0 $ (so that the denominator is not zero)

---

### Step 2: Solve the inequality $ x^2 - 5x + 6 \geq 0 $

Factor the quadratic","(['Union(Interval.open(-oo, 2), Interval.open(3, oo))', '(-\\infty, 2) \\cup (3, \\infty)'], ['x**2 - 1*5*x + 6 >= 0', 'x^2 - 5x + 6 \\geq 0'])",False,
63,ddtree_tb16,dflash-original-ddtree,16,1,"We are given the equation:

$$
(3^k)^6 = 3^6
$$

---

### Step 1: Simplify the left-hand side

Use the power of a power rule: $(a^m)^n = a^{m \cdot n}$

$$
(3^k)^6 = 3^{k \cdot 6} = 3^{6k}
$$

So the equation becomes:

$$
3^{6k} = 3^6
$$

---

### Step 2: Use the property of exponents

If $a^x = a^y$, then $x = y$, provided $a \ne 0$ and $a \ne 1$.

Here, the base is 3, which is not 0 or 1, so we can equate the exponents:

$$
6k = 6
$$

---

### Step 3: Solve for $k$

$$
6k = 6 \Rightarrow k = \frac{6}{6} = 1
$$

---

### Final Answer:

$$
\boxed{1}
$$","(['1', '1'], ['1', '1'])",True,
64,ddtree_tb16,dflash-original-ddtree,16,2,"We are given a piecewise function:

$$
f(x) =
\begin{cases}
ax^2 & \text{if } x \geq a,\\
ax + 2a & \text{if } x < a,
\end{cases}
$$

and we are asked to find the **largest value of $ a $** such that the graph of $ y = f(x) $ **intersects every horizontal line at least once**.

---

### Step 1: Understand the problem

We are to find the **largest** value of $ a $ such that **every horizontal line** (i.e., every line of the form $ y = k $) intersects the graph of $ f(x) $ at least once.

This means that for **every** real number $ k $, the equation $ f(x) = k $ has at least one solution $ x $.

So, we need to ensure that the function $ f(x) $ is **surjective** (onto) from $ \mathbb{R} $ to $ \mathbb{R} $, i.e., for every $ k \in \mathbb{R} $, there exists an $ x \in \mathbb{","(['2', '2'], ['Eq(k, Reals)', 'k \\in \\mathbb{R}'])",False,
65,ddtree_tb16,dflash-original-ddtree,16,4,"We are given that:

- $ n $ fair 6-sided dice are rolled.
- The probability that **exactly two** of them show a number **other than 1** is $ \frac{25}{216} $.
- We are to find the value of $ n $.

---

### Step 1: Understand the event

We are looking for the probability that **exactly two dice show a number other than 1**, and the remaining $ n - 2 $ dice show **1**.

So, for each die:

- The probability that it shows **1** is $ \frac{1}{6} $.
- The probability that it shows **not 1** is $ \frac{5}{6} $.

We want **exactly two** dice to show **not 1**, and the rest to show **1**.

---

### Step 2: Use the binomial probability formula

This is a **binomial probability** problem.

Let’s define:

- $ X $ = number of dice that show **not 1**.
- We want $ P(X = 2) $.

The binomial probability formula is:

$$
P(X = k) = \binom{n}{k","(['4', '4'], ['2', 'P(X = 2)'])",False,
66,ddtree_tb16,dflash-original-ddtree,16,1+274i,"We are given a function:

$$
F(z) = \frac{z + i}{z - i}
$$

and a sequence defined recursively by:

$$
z_n = F(z_{n-1}), \quad \text{for } n \geq 1, \quad \text{with } z_0 = \frac{1}{137} + i
$$

We are to find $ z_{2002} $.

---

### Step 1: Understand the function $ F(z) $

We are given:

$$
F(z) = \frac{z + i}{z - i}
$$

This is a Möbius transformation (a rational function of the form $ \frac{az + b}{cz + d} $), and such functions often have **periodic behavior** when iterated, especially if they are **conformal** (i.e., angle-preserving) and **not constant**.

Let’s try to find the **period** of the function $ F(z) $, i.e., the smallest positive integer $ k $ such that $ F^k(z) = z $, where $ F^k $ means applying $ F $ $ k $ times.

---

","(['274*i + 1', '1+274i'], ['k', 'k'])",False,
67,ddtree_tb16,dflash-original-ddtree,16,\frac{11}{36},"We are given two fair, 6-sided dice, and we are to find the **probability that the product of the two numbers is a multiple of 5**.

---

### Step 1: Understand the problem

We are rolling two dice, each with numbers from 1 to 6. Let the numbers rolled be $ a $ and $ b $, where $ a, b \in \{1, 2, 3, 4, 5, 6\} $.

We are to find the probability that:

$$
a \times b \equiv 0 \pmod{5}
$$

This means the product is divisible by 5.

---

### Step 2: When is a product divisible by 5?

A number is divisible by 5 if it has at least one factor of 5. So, the product $ a \times b $ is divisible by 5 **if at least one of the numbers is divisible by 5**.

So, the product is divisible by 5 **if either**:

- $ a $ is divisible by 5, **or**
- $ b $ is divisible by 5

So, we can use the **inclusion-exclusion principle** to find the number of","(['11/36', '\\frac{11}{36}'], ['5', '5'])",False,
68,ddtree_tb16,dflash-original-ddtree,16,10,"We are given the following information:

- The robot moves at a **constant speed**.
- It takes **2.5 hours** to travel **1 kilometer**.
- At the same speed, it takes **90 seconds** to travel the **length of a hallway**.
- We are to find the **length of the hallway in meters**.

---

### Step 1: Find the robot's speed

We are told the robot takes **2.5 hours** to travel **1 kilometer**.

First, convert **2.5 hours** to **seconds** to match the time unit in the second part of the problem.

$$
2.5 \text{ hours} = 2.5 \times 3600 = 9000 \text{ seconds}
$$

So, the robot travels **1 kilometer = 1000 meters** in **9000 seconds**.

Now, calculate the **speed** in meters per second:

$$
\text{Speed} = \frac{1000 \text{ meters}}{9000 \text{ seconds}} = \frac{1}{9} \text{ m/s}
$$

---

### Step 2:","(['10', '10'], ['2', '2'])",False,
69,ddtree_tb16,dflash-original-ddtree,16,78,"We are given the following information about the math club's bake sale:

- **Cookies**: 54 cookies sold at **3 for $1**.
- **Cupcakes**: 20 cupcakes sold at **$2 each**.
- **Brownies**: 35 brownies sold at **$1 each**.
- **Cost to bake all items**: **$15**.

We are to find the **profit**, which is:

$$
\text{Profit} = \text{Total Revenue} - \text{Total Cost}
$$

---

### Step 1: Calculate total revenue

#### Cookies:
- 54 cookies sold at 3 for $1.
- Number of sets of 3 cookies:  
  $$
  \frac{54}{3} = 18 \text{ sets}
  $$
- Revenue from cookies:  
  $$
  18 \times 1 = \$18
  $$

#### Cupcakes:
- 20 cupcakes at $2 each:  
  $$
  20 \times 2 = \$40
  $$

#### Brownies:
- 35 brownies at $1 each:  
  $$
  3","(['78', '78'], ['3', '3'])",False,
70,ddtree_tb16,dflash-original-ddtree,16,3,"We are given the Fibonacci sequence:

$$
1, 1, 2, 3, 5, 8, 13, 21, \ldots
$$

Each term is the sum of the two previous terms. We are asked to find the **remainder when the 100th term** of the Fibonacci sequence is divided by **4**.

---

### Step 1: Understand the Problem

We are to compute:

$$
F_{100} \mod 4
$$

Where $ F_n $ is the $ n $-th Fibonacci number.

---

### Step 2: Use the Fibonacci Definition

The Fibonacci sequence is defined recursively as:

$$
F_1 = 1, \quad F_2 = 1, \quad F_n = F_{n-1} + F_{n-2} \text{ for } n \geq 3
$$

We are not going to compute $ F_{100} $ directly (that would be too large), but we can **find a pattern in the Fibonacci numbers modulo 4**.

---

### Step 3: Compute Fibonacci Numbers Modulo 4

Let’s compute the first few Fibonacci numbers modulo 4","(['3', '3'], ['4', '4'])",False,
71,ddtree_tb16,dflash-original-ddtree,16,28,"We are given a geometric diagram with the following information:

- $\overline{BC}$ is **parallel** to the segment through $A$.
- $AB = BC$.
- An angle of $124^\circ$ is labeled at point $A$, and we are to find the value of $x$, which is labeled at point $B$.

Let’s analyze the diagram step by step.

---

### Step 1: Understand the diagram

From the Asymptote code and the labels:

- Points:
  - $A = (2, 3)$
  - $B = (4, 0)$
  - $C = (8, 0)$
- Segment $\overline{BC}$ is horizontal (from $B = (4, 0)$ to $C = (8, 0)$).
- Segment through $A$ is the line from $A = (2, 3)$ to $C = (8, 0)$, which is not horizontal.
- $\overline{BC}$ is **parallel** to the segment through $A$.
- $AB = BC$.
- An angle of $124^\circ$ is at point $A$, and we","(['28', '28'], ['a', 'A'])",False,
72,ddtree_tb16,dflash-original-ddtree,16,23,"We are asked to find the result when the **greatest common factor (GCF)** of 6432 and 132 is **increased by 11**.

---

### Step 1: Find the GCF of 6432 and 132

We can use the **Euclidean Algorithm** to find the GCF.

Let’s apply the Euclidean Algorithm:

$$
\begin{align*}
6432 \div 132 &= 48 \text{ remainder } 96 \quad \text{(since } 132 \times 48 = 6336, \text{ and } 6432 - 6336 = 96) \\
132 \div 96 &= 1 \text{ remainder } 36 \quad \text{(since } 96 \times 1 = 96, \text{ and } 132 - 96 = 36) \\
96 \div 36 &= 2 \text{ remainder } 24 \quad \text{(since } 36 \times 2 = 72, \text{","(['23', '23'], ['72', '72'])",False,
73,ddtree_tb16,dflash-original-ddtree,16,3,"We are asked to evaluate the product:

$$
\log_2{3} \cdot \log_3{4} \cdot \log_4{5} \cdot \log_5{6} \cdot \log_6{7} \cdot \log_7{8}
$$

---

### Step 1: Use the **change of base formula**

Recall the **change of base formula**:

$$
\log_a{b} = \frac{\log_c{b}}{\log_c{a}}
$$

We can use this to express all the logarithms in terms of a common base, say base 2.

Let’s rewrite each term:

- $\log_2{3} = \frac{\log_2{3}}{\log_2{2}} = \log_2{3}$ (since $\log_2{2} = 1$)
- $\log_3{4} = \frac{\log_2{4}}{\log_2{3}} = \frac{2}{\log_2{3}}$
- $\log_4{5} = \frac{\log_2{5}}{\log_2{4}} = \frac{\","(['3', '3'], ['Eq(log(4, 3), log(4, 2)/log(3, 2)) & Eq(log(4, 2)/log(3, 2), 2/log(3, 2))', '\\log_3{4} = \\frac{\\log_2{4}}{\\log_2{3}} = \\frac{2}{\\log_2{3}}'])",False,
74,ddtree_tb16,dflash-original-ddtree,16,44,"We are asked to compute the **modular inverse** of $ 17 $ modulo $ 83 $, that is:

$$
17^{-1} \pmod{83}
$$

This means we are looking for an integer $ x $ such that:

$$
17x \equiv 1 \pmod{83}
$$

---

### Step 1: Use the given hint

We are told:

$$
17 \cdot 5 = 85
$$

So:

$$
17 \cdot 5 \equiv 85 \pmod{83}
$$

Now compute $ 85 \mod 83 $:

$$
85 - 83 = 2 \Rightarrow 85 \equiv 2 \pmod{83}
$$

So:

$$
17 \cdot 5 \equiv 2 \pmod{83}
$$

This gives us:

$$
17 \cdot 5 \equiv 2 \pmod{83}
$$

Now, we want to find $ x $ such that:

$$
17x \equiv 1 \pmod{83}
$$

We can use the above to find","(['44', '44'], ['1', '17x \\equiv 1 \\pmod{83}'])",False,
75,ddtree_tb16,dflash-original-ddtree,16,12,"We are given the percentage of **bus riders** among **males** and **females** in each grade, based on a survey of 300 males and 300 females in each grade.

We are asked: **For which grade is the number of its male bus riders closest to 135% of the number of its female bus riders?**

---

### Step 1: Understand the question

We are given **percentages** of bus riders among males and females in each grade.

Let’s denote:

- $ M $ = number of male bus riders
- $ F $ = number of female bus riders

We are told that the **number of male bus riders is closest to 135% of the number of female bus riders**, i.e.,

$$
M \approx 1.35F
$$

We are to find the grade where this is **closest**.

---

### Step 2: Use the percentages

Each grade has **300 males** and **300 females** surveyed.

So, the number of male bus riders is:

$$
M = 300 \times \text{(percentage of male bus riders)}
$$

Similarly for females:

$$
F =","(['12', '12'], ['Eq(m, 300*%ofmalebusriders)', 'M = 300 \\times \\text{(\\% of male bus riders)}'])",False,
76,ddtree_tb16,dflash-original-ddtree,16,3,"We are given:

- Total number of boxes: **10**
- Boxes with **pencils**: **5**
- Boxes with **pens**: **4**
- Boxes with **both pens and pencils**: **2**

We are asked to find how many boxes contain **neither pens nor pencils**.

---

### Step 1: Use the principle of inclusion and exclusion

Let:

- $ P $ = set of boxes with **pencils**
- $ Q $ = set of boxes with **pens**

We are given:

- $ |P| = 5 $
- $ |Q| = 4 $
- $ |P \cap Q| = 2 $

We want to find the number of boxes that contain **neither** pencils **nor** pens, i.e., the number of boxes in the complement of $ P \cup Q $.

First, find the number of boxes that contain **either** pencils **or** pens:

$$
|P \cup Q| = |P| + |Q| - |P \cap Q| = 5 + 4 - 2 = 7
$$

So, 7 boxes contain **either** pencils **or** pens.

---

### Step 2:","(['3', '3'], ['2', '2'])",False,
77,ddtree_tb16,dflash-original-ddtree,16,13,"We are given a geometric figure with four points: $ A, B, C, D $, and the distances between them are labeled in the diagram. The goal is to find the **shortest distance** that can be traveled if we **start at any one of the points** and **visit the other three points once** (i.e., a **Hamiltonian path** that visits all four points exactly once, starting from any point).

---

### Step 1: Understand the Diagram

From the Asymptote code and the labels, we can extract the distances between the points:

- $ AB = 6 $
- $ AC = 6 $
- $ AD = 5 $
- $ BC = 5 $
- $ BD = 3 $
- $ CD = 4 $

So the full distance matrix is:

|   | A | B | C | D |
|---|---|---|---|---|
| A | 0 | 6 | 6 | 5 |
| B | 6 | 0 | 5 | 3 |
| C | 6 | 5 | 0 | 4 |
| D | 5 | 3 | 4 | 0 |

---

### Step 2:","(['13', '13'], ['2', '2'])",False,
78,ddtree_tb16,dflash-original-ddtree,16,\frac{3}{2},"We are given that Remmy wants to divide **10 by $\frac{2}{3}$**, and we need to find the number he should **multiply 10 by** to get the result.

---

### Step 1: Understand the operation

Dividing by a fraction is the same as **multiplying by its reciprocal**.

So:

$$
10 \div \frac{2}{3} = 10 \times \frac{3}{2}
$$

---

### Step 2: Perform the multiplication

$$
10 \times \frac{3}{2} = \frac{10 \times 3}{2} = \frac{30}{2} = 15
$$

---

### Final Answer:

$$
\boxed{15}
$$

So, Remmy should multiply **10 by $\frac{3}{2}$** to get the result of dividing 10 by $\frac{2}{3}$, and the answer is:

$$
\boxed{15}
$$","(['3/2', '\\frac{3}{2}'], ['15', '15'])",False,
79,ddtree_tb16,dflash-original-ddtree,16,-1,"We are given two polynomials:

- $ P(t) = 3t^2 + 5t + a $
- $ Q(t) = 4t^2 + bt - 2 $

Their product is:

$$
P(t) \cdot Q(t) = 12t^4 + 26t^3 - 8t^2 - 16t + 6
$$

We are to find the values of $ a $ and $ b $, and then compute $ a + b $.

---

### Step 1: Multiply the two polynomials

We multiply:

$$
(3t^2 + 5t + a)(4t^2 + bt - 2)
$$

Use the distributive property (FOIL method for polynomials):

$$
= 3t^2(4t^2 + bt - 2) + 5t(4t^2 + bt - 2) + a(4t^2 + bt - 2)
$$

Now expand each term:

- $ 3t^2(4t^2 + bt - 2) = 12t^4 + 3bt^3 - 6t^2","(['-1', '-1'], ['6', '6'])",False,
80,ddtree_tb16,dflash-original-ddtree,16,24,"We are given that $ p(x) $ is a **monic polynomial of degree 4**, and that **three of its roots are 1, 2, and 3**. We are to find:

$$
p(0) + p(4)
$$

---

### Step 1: General form of the polynomial

Since $ p(x) $ is a **monic polynomial of degree 4**, and it has roots 1, 2, and 3, we can write:

$$
p(x) = (x - 1)(x - 2)(x - 3)(x - r)
$$

where $ r $ is the **fourth root** of the polynomial (not yet known).

---

### Step 2: Find $ p(0) $

We compute $ p(0) $ by plugging in $ x = 0 $:

$$
p(0) = (0 - 1)(0 - 2)(0 - 3)(0 - r) = (-1)(-2)(-3)(-r) = (6)(r) = 6r
$$

So:

$$
p(0) = 6r
$$

---

### Step 3: Find","(['24', '24'], ['3', '3'])",False,
81,ddtree_tb16,dflash-original-ddtree,16,66,"We are given the following conditions about a group of $ N $ students:

1. When the students are grouped in **groups of 8**, the **last group has 5 students**.
2. When the students are grouped in **groups of 6**, the **last group has 3 students**.
3. $ N < 50 $

We are to find the **sum of all possible values of $ N $** that satisfy these conditions.

---

### Step 1: Translate the conditions into congruences

Let’s interpret the conditions using modular arithmetic.

#### Condition 1: Grouping in 8s, last group has 5 students

This means that when $ N $ is divided by 8, the **remainder is 5**.

So:
$$
N \equiv 5 \pmod{8}
$$

#### Condition 2: Grouping in 6s, last group has 3 students

This means that when $ N $ is divided by 6, the **remainder is 3**.

So:
$$
N \equiv 3 \pmod{6}
$$

---

### Step 2: Solve the system of congruences

We now solve the system:
$$
\begin{cases","(['66', '66'], ['2', '2'])",False,
82,ddtree_tb16,dflash-original-ddtree,16,81,"We are asked to find the **maximum value** of the expression:

$$
4(x + 7)(2 - x)
$$

---

### Step 1: Expand the expression

First, expand the product inside the parentheses:

$$
(x + 7)(2 - x) = x(2 - x) + 7(2 - x) = 2x - x^2 + 14 - 7x = -x^2 - 5x + 14
$$

Now multiply by 4:

$$
4(x + 7)(2 - x) = 4(-x^2 - 5x + 14) = -4x^2 - 20x + 56
$$

So the expression becomes:

$$
f(x) = -4x^2 - 20x + 56
$$

---

### Step 2: Recognize the form of the function

This is a **quadratic function** of the form:

$$
f(x) = ax^2 + bx + c
$$

where:

- $ a = -4 $
- $ b = -20 $
- $ c = 56 $

Since the coefficient of","(['81', '81'], ['Eq(c, 56)', 'c = 56'])",False,
83,ddtree_tb16,dflash-original-ddtree,16,11,"We are given the inequality:

$$
|x - 2| \leq 5.6
$$

### Step 1: Understand the inequality

The expression $|x - 2| \leq 5.6$ means that the distance between $x$ and 2 is less than or equal to 5.6. This can be rewritten as a compound inequality:

$$
-5.6 \leq x - 2 \leq 5.6
$$

### Step 2: Solve the compound inequality

Add 2 to all parts of the inequality:

$$
-5.6 + 2 \leq x \leq 5.6 + 2
$$

$$
-3.6 \leq x \leq 7.6
$$

So, the solution set is all real numbers $x$ such that:

$$
-3.6 \leq x \leq 7.6
$$

### Step 3: Find the integers in this interval

We are looking for **integers** $x$ such that:

$$
-3.6 \leq x \leq 7.6
$$

The integers in this range are","(['11', '11'], ['(-3.6 <= x) & (x <= 7.6)', '-3.6 \\leq x \\leq 7.6'])",False,
84,ddtree_tb16,dflash-original-ddtree,16,3,"We are given four symbols:  
- $\triangle$  
- $\square$  
- $\diamond$  
- $\clubsuit$  

Each represents a **different integer from 1 to 9**.  
We are given three equations:

$$
\begin{align*}
(1) \quad \triangle + \square &= \clubsuit \\
(2) \quad \triangle + \triangle &= \diamond + \diamond + \diamond + \diamond + \diamond \\
(3) \quad \triangle + \triangle &= \clubsuit + \diamond
\end{align*}
$$

We are to find the value of $\square$.

---

### Step 1: Simplify the equations

Let’s denote:

- $T = \triangle$
- $S = \square$
- $D = \diamond$
- $C = \clubsuit$

Then the equations become:

$$
\begin{align*}
(1) \quad T + S &= C \\
(2) \quad 2T &= 5D \\
(3) \quad 2T &= C + D
\end{align*}
$$

---

### Step 2: Use equations (2) and (3) to eliminate variables

","(['3', '3'], ['2', '2'])",False,
85,ddtree_tb16,dflash-original-ddtree,16,64,"We are given a Mr. Potato Head with various optional features, and we are to count how many **different wacky personalities** Tom can create, given the rules.

---

### **Step 1: Understand the Components**

The Mr. Potato Head has the following optional features:

- **Hairstyle**: 3 choices  
- **Eyebrows**: 2 sets (but **cannot mix and match** — so only one set of eyebrows is used at a time)  
- **Eyes**: 1 pair (so only 1 choice)  
- **Ears**: 2 sets  
- **Lips**: 2 sets  
- **Shoes**: 2 choices (regular or clown)  
- **Hair**: Optional — can be **bald** (i.e., no hair), or one of the 3 hairstyles

---

### **Step 2: Understand the ""Complete Personality"" Definition**

A **complete personality** includes:

- **Eyebrows**
- **Eyes**
- **Ears**
- **Lips**
- **Shoes**
- **Optionally** **Hair**

So, **hair is optional** — meaning Tom can choose to have **no hair** (bald), or one of the 3","(['64', '64'], ['3', '3'])",False,
86,ddtree_tb16,dflash-original-ddtree,16,2,"We are given the equation:

$$
3^{2x} + 19 = 10^x
$$

---

### Step 1: Simplify the left-hand side

Note that $ 3^{2x} = (3^2)^x = 9^x $. So the equation becomes:

$$
9^x + 19 = 10^x
$$

---

### Step 2: Let’s make a substitution

Let’s set:

$$
y = 10^x
$$

Then, since $ 9^x = (9/10)^x \cdot 10^x = (9/10)^x \cdot y $, but that might complicate things. Instead, we can try to write both sides in terms of a common base or use logarithms.

Alternatively, we can try to **guess and check** for integer values of $ x $, since the equation is not easily solvable algebraically.

---

### Step 3: Try small integer values of $ x $

Let’s try $ x = 1 $:

$$
9^1 + 19 = 9 + 19 = 28 \\
10^1 = ","(['2', '2'], ['10**1', '10^1'])",False,
87,ddtree_tb16,dflash-original-ddtree,16,26000,"We are asked to find the value of:

$$
513^2 - 487^2
$$

This is a difference of squares, which can be factored using the identity:

$$
a^2 - b^2 = (a - b)(a + b)
$$

Let’s apply this identity.

### Step 1: Identify $ a $ and $ b $

Here, $ a = 513 $ and $ b = 487 $

### Step 2: Compute $ a - b $ and $ a + b $

$$
a - b = 513 - 487 = 26
$$
$$
a + b = 513 + 487 = 1000
$$

### Step 3: Multiply the results

$$
513^2 - 487^2 = (a - b)(a + b) = 26 \times 1000 = 26000
$$

### Final Answer:

$$
\boxed{26000}
$$","(['26000', '26000'], ['26000', '26000'])",True,
88,ddtree_tb16,dflash-original-ddtree,16,120,"We are given a **convex quadrilateral** with the following properties:

- The **largest angle** is **twice** the **smallest angle**.
- The **other two angles** are **both right angles** (i.e., 90° each).
- We are to find the **measure of the largest angle**.

---

### Step 1: Use the angle sum of a quadrilateral

In any quadrilateral, the **sum of the interior angles** is:

$$
\text{Sum of angles} = 360^\circ
$$

Let the **smallest angle** be $ x $ degrees.

Then the **largest angle** is $ 2x $ degrees.

The other two angles are both right angles, so they are each $ 90^\circ $.

So, the total sum of the angles is:

$$
x + 2x + 90^\circ + 90^\circ = 360^\circ
$$

---

### Step 2: Solve the equation

$$
x + 2x + 90 + 90 = 360
$$
$$
3x + 180 = 360
","(['120', '120'], ['360', '360'])",False,
89,ddtree_tb16,dflash-original-ddtree,16,49,"We are given a custom operation defined as:

$$
\frac{m}{n} @ \frac{p}{q} = (m)(p)\left(\frac{q}{n}\right)
$$

We are asked to compute:

$$
\frac{7}{30} @ \frac{10}{21}
$$

---

### Step 1: Identify the values of $ m, n, p, q $

From the expression:

- $ \frac{m}{n} = \frac{7}{30} \Rightarrow m = 7, n = 30 $
- $ \frac{p}{q} = \frac{10}{21} \Rightarrow p = 10, q = 21 $

---

### Step 2: Plug into the operation formula

$$
\frac{7}{30} @ \frac{10}{21} = (7)(10)\left(\frac{21}{30}\right)
$$

---

### Step 3: Compute the expression

First, compute the product of the integers:

$$
7 \times 10 = 70
$$

Now compute the fraction:

$$
\frac{","(['49', '49'], ['Eq(7*10, 70)', '7 \\times 10 = 70'])",False,
90,ddtree_tb16,dflash-original-ddtree,16,\dfrac{17}{50},"We are given the set of integers:

$$
\{1, 2, 3, \ldots, 100\}
$$

We are to find the **probability** that a randomly selected integer from this set is:

- **Divisible by 2**, and
- **Not divisible by 3**.

---

### Step 1: Total number of integers in the set

The set contains the integers from 1 to 100, so the total number of integers is:

$$
100
$$

---

### Step 2: Count the numbers divisible by 2

A number is divisible by 2 if it is even.

The even numbers between 1 and 100 are:

$$
2, 4, 6, \ldots, 100
$$

This is an arithmetic sequence with:

- First term $ a = 2 $
- Last term $ l = 100 $
- Common difference $ d = 2 $

The number of terms in this sequence is:

$$
n = \frac{l - a}{d} + 1 = \frac{100 - 2}{2} + 1 = \frac{98}{","(['17/50', '\\frac{17}{50}'], ['1', '1'])",False,
91,ddtree_tb16,dflash-original-ddtree,16,200,"We are given:

- The field is **rectangular**.
- **Width** = 300 feet
- **Length** = 400 feet
- **Jim** walks **diagonally** across the field.
- **Martha** walks **along the length and width** to the same point.
- We are to find how many **feet less** Jim walks than Martha.

---

### Step 1: Find the distance Jim walks (diagonal)

Jim walks **diagonally** across the rectangle. The diagonal of a rectangle can be found using the **Pythagorean Theorem**:

$$
\text{Diagonal} = \sqrt{\text{length}^2 + \text{width}^2}
$$

$$
\text{Diagonal} = \sqrt{400^2 + 300^2} = \sqrt{160000 + 90000} = \sqrt{250000} = 500 \text{ feet}
$$

So, **Jim walks 500 feet**.

---

### Step 2: Find the distance Martha walks

Martha walks **along the length and width","(['200', '200'], ['2', '2'])",False,
92,ddtree_tb16,dflash-original-ddtree,16,21,"We are asked to find the **greatest common divisor (GCD)** of the three numbers:

$$
3339,\ 2961,\ 1491
$$

---

### Step 1: Use the Euclidean Algorithm

We'll start by finding the GCD of the first two numbers, then use that result to find the GCD with the third number.

#### Step 1.1: Find GCD(3339, 2961)

We apply the Euclidean algorithm:

$$
\begin{align*}
3339 \div 2961 &= 1 \text{ remainder } 378 \\
2961 \div 378 &= 7 \text{ remainder } 273 \\
378 \div 273 &= 1 \text{ remainder } 105 \\
273 \div 105 &= 2 \text{ remainder } 63 \\
105 \div 63 &= 1 \text{ remainder } 42 \\
63 \div 42 &= 1 \text{ remainder } 21 \\
42 \div 21 &= ","(['21', '21'], ['21', '21'])",True,
93,ddtree_tb16,dflash-original-ddtree,16,\sqrt{5},"We are given:

- A **right cylindrical tank** is being filled with water at a rate of $ 20\pi $ cubic meters per hour.
- The **water level rises 4 meters per hour**.
- We are to find the **radius** of the tank, in **simplest radical form**.

---

### Step 1: Understand the relationship between volume and height

The volume $ V $ of a cylinder is given by:

$$
V = \pi r^2 h
$$

Where:
- $ r $ is the **radius** of the base,
- $ h $ is the **height** of the water.

We are told that the **volume increases at a rate of $ 20\pi $ m³/hour**, and the **height increases at a rate of 4 meters per hour**.

So, we are given:

$$
\frac{dV}{dt} = 20\pi \quad \text{and} \quad \frac{dh}{dt} = 4
$$

We want to find $ r $, the radius of the tank.

---

### Step 2: Differentiate the volume formula with respect to time

Differentiate both sides of the volume formula with","(['sqrt(5)', '\\sqrt{5}'], ['2', '2'])",False,
94,ddtree_tb16,dflash-original-ddtree,16,\frac{1}{4},"We are given that a point $(x, y)$ is randomly selected such that:

$$
0 \le x \le 8 \quad \text{and} \quad 0 \le y \le 4
$$

We are to find the **probability** that:

$$
x + y \le 4
$$

---

### Step 1: Understand the Sample Space

The total area of the region where the point $(x, y)$ can be selected is a rectangle with:

- Width = $8$ (from $x = 0$ to $x = 8$)
- Height = $4$ (from $y = 0$ to $y = 4$)

So the **total area** of the sample space is:

$$
\text{Total Area} = 8 \times 4 = 32
$$

---

### Step 2: Understand the Region Where $x + y \le 4$

We are interested in the region where:

$$
x + y \le 4
$$

This is a **linear inequality**. Let's sketch or visualize the region in the $xy$-plane.

- The line $x + y = 4$ is a","(['1/4', '\\frac{1}{4}'], ['Eq(x + y, 4)', 'x + y = 4'])",False,
95,ddtree_tb16,dflash-original-ddtree,16,3,"We are given the cubic equation:

$$
x^3 + ax^2 + ax + 1 = 0
$$

and told that **all roots are real**. We are to find the **smallest possible value of $ a $** for which this is true.

---

### Step 1: Use the fact that all roots are real

Let the roots of the cubic be $ r_1, r_2, r_3 $, all real numbers.

Then, by Vieta's formulas:

- $ r_1 + r_2 + r_3 = -a $
- $ r_1r_2 + r_1r_3 + r_2r_3 = a $
- $ r_1r_2r_3 = -1 $

We are to find the **smallest possible value of $ a $** such that all roots are real.

---

### Step 2: Use the discriminant of a cubic

A cubic polynomial $ x^3 + bx^2 + cx + d $ has **all real roots** if and only if its **discriminant is non-negative**.

The discriminant $ \Delta $ of a cubic polynomial $ x^3 + bx^2 + cx","(['3', '3'], ['delta', '\\Delta'])",False,
96,ddtree_tb16,dflash-original-ddtree,16,2,"We are given a two-digit number in the form **""B6""**, where **B** is the tens digit, and the number is the **square of a positive integer**.

We are to find how many **distinct possible values** there are for **B**.

---

### Step 1: Understand the number format

The number is of the form **""B6""**, which is a two-digit number where the **tens digit is B** and the **units digit is 6**.

So, the number is:

$$
10B + 6
$$

We are told that this number is a **perfect square**.

---

### Step 2: Find all two-digit numbers ending in 6 that are perfect squares

We need to find all **two-digit numbers** that end in **6** and are perfect squares.

Let’s list all perfect squares between 10 and 99 (since we are looking for two-digit numbers):

$$
4^2 = 16 \\
5^2 = 25 \\
6^2 = 36 \\
7^2 = 49 \\
8^2 = 64 \\
9^2 = 81 \\
10^2 = 1","(['2', '2'], ['1', '1'])",False,
97,ddtree_tb16,dflash-original-ddtree,16,13,"We are given the equation of a line:

$$
\frac{x}{4} + \frac{y}{12} = 1
$$

We are asked to find the **x-intercept** $ a $, the **y-intercept** $ b $, and the **slope** $ m $, and then compute $ a + b + m $.

---

### Step 1: Find the x-intercept $ a $

The **x-intercept** is the value of $ x $ when $ y = 0 $.

Substitute $ y = 0 $ into the equation:

$$
\frac{x}{4} + \frac{0}{12} = 1 \Rightarrow \frac{x}{4} = 1 \Rightarrow x = 4
$$

So, the **x-intercept** is:

$$
a = 4
$$

---

### Step 2: Find the y-intercept $ b $

The **y-intercept** is the value of $ y $ when $ x = 0 $.

Substitute $ x = 0 $ into the equation:

$$
\frac{0}{4} + \frac{y}{12} = 1 \Rightarrow \frac{","(['13', '13'], ['1', '1'])",False,
98,ddtree_tb16,dflash-original-ddtree,16,\frac{1997}{2},"We are given that:

$$
\omega^{1997} = 1 \quad \text{and} \quad \omega \neq 1
$$

This means that $\omega$ is a **primitive 1997th root of unity**, i.e., $\omega$ is a complex number such that:

$$
\omega^k \neq 1 \quad \text{for } 1 \leq k < 1997
$$

We are asked to evaluate the sum:

$$
S = \sum_{k=1}^{1997} \frac{1}{1 + \omega^k}
$$

---

### Step 1: Use the identity for roots of unity

Let’s recall that the **roots of unity** are the solutions to the equation:

$$
x^{1997} = 1
$$

These are:

$$
1, \omega, \omega^2, \omega^3, \dots, \omega^{1996}
$$

So the sum $S$ is over all 1997th roots of unity, including 1. But we are told that $\omega \neq 1","(['1997/2', '\\frac{1997}{2}'], ['1', '1'])",False,
99,ddtree_tb16,dflash-original-ddtree,16,66,"We are given the equation:

$$
\sqrt[3]{x^2 - 4x + 4} = 16
$$

---

### Step 1: Eliminate the cube root

To get rid of the cube root, we can **cube both sides** of the equation:

$$
\left( \sqrt[3]{x^2 - 4x + 4} \right)^3 = 16^3
$$

$$
x^2 - 4x + 4 = 4096
$$

---

### Step 2: Solve the quadratic equation

Now we solve:

$$
x^2 - 4x + 4 = 4096
$$

Subtract 4096 from both sides:

$$
x^2 - 4x + 4 - 4096 = 0
$$

$$
x^2 - 4x - 4092 = 0
$$

---

### Step 3: Use the quadratic formula

The quadratic formula is:

$$
x = \frac{-b \pm \sqrt{b^2 - 4ac}}{2a}
$$

Here, $ a","(['66', '66'], ['4', 'x = \\frac{-b \\pm \\sqrt{b^2 - 4ac}}{2a}'])",False,
100,ddtree_tb16,dflash-original-ddtree,16,480,"We are given:

- 6 **different** books.
- 2 of them are **math books**.
- We want to **stack all 6 books on a shelf**.
- The **condition**: the **math books must not be next to each other**.

---

### Step 1: Total number of ways to arrange 6 books

Since all 6 books are **different**, the total number of ways to arrange them is:

$$
6! = 720
$$

---

### Step 2: Subtract the number of arrangements where the **math books are next to each other**

We want to **exclude** the cases where the two math books are **adjacent**.

#### Step 2.1: Treat the two math books as a single ""block""

If the two math books are next to each other, we can treat them as a **single unit** or ""block"". So now we have:

- 1 math block
- 4 other books

That’s a total of **5 items** to arrange.

The number of ways to arrange these 5 items is:

$$
5! = 120
$$

#### Step 2.2: Within the math block, the two math books","(['480', '480'], ['2.20000000000000', '2.2'])",False,
101,ddtree_tb16,dflash-original-ddtree,16,\begin{pmatrix} -1/3 \\ 2/3 \\ 5/3 \end{pmatrix},"We are given:

- A vector $\mathbf{a} = \begin{pmatrix} 1 \\ 1 \\ 1 \end{pmatrix}$
- A vector $\mathbf{v} = \begin{pmatrix} v_1 \\ v_2 \\ v_3 \end{pmatrix}$
- Two conditions:
  1. $\mathbf{a} \cdot \mathbf{v} = 2$
  2. $\mathbf{a} \times \mathbf{v} = \begin{pmatrix} 1 \\ -2 \\ 1 \end{pmatrix}$

We are to **find** the vector $\mathbf{v}$ that satisfies both conditions.

---

### Step 1: Use the dot product condition

$$
\mathbf{a} \cdot \mathbf{v} = 2
$$

$$
\begin{pmatrix} 1 \\ 1 \\ 1 \end{pmatrix} \cdot \begin{pmatrix} v_1 \\ v_2 \\ v_3 \end{pmatrix} = 2
$$

$$
v_1 + v_2 + v_3 = ","(['Matrix([[-1/3], [2/3], [5/3]])', '\\begin{pmatrix} -1/3 \\\\ 2/3 \\\\ 5/3 \\end{pmatrix}'], ['2', '\\begin{pmatrix} 1 \\\\ 1 \\\\ 1 \\end{pmatrix} \\cdot \\begin{pmatrix} v_1 \\\\ v_2 \\\\ v_3 \\end{pmatrix} = 2'])",False,
102,ddtree_tb16,dflash-original-ddtree,16,2000,"We are given:

- A snack-size tin of peaches has **40 calories**.
- This is **2%** of a person's daily caloric requirement.

We are asked to find the **total daily caloric requirement**.

---

### Step 1: Let the total daily caloric requirement be $ x $.

We are told that 40 calories is 2% of $ x $, so:

$$
0.02x = 40
$$

---

### Step 2: Solve for $ x $

$$
x = \frac{40}{0.02} = 2000
$$

---

### Final Answer:

$$
\boxed{2000}
$$

So, a person's daily caloric requirement is **2000 calories**.","(['2000', '2000'], ['2000', '2000'])",True,
103,ddtree_tb16,dflash-original-ddtree,16,12,"We are asked to find the **remainder** when the polynomial

$$
P(x) = (5x + 9)^{611} + (x + 5)^{11} + (x - 1)^{11} + 3x^2 + 1
$$

is divided by $ x + 2 $.

---

### Step 1: Use the Remainder Theorem

The **Remainder Theorem** says that the remainder of a polynomial $ P(x) $ divided by $ x - a $ is $ P(a) $.

In this case, we are dividing by $ x + 2 = x - (-2) $, so the **remainder is**:

$$
P(-2)
$$

So we need to compute:

$$
P(-2) = (5(-2) + 9)^{611} + (-2 + 5)^{11} + (-2 - 1)^{11} + 3(-2)^2 + 1
$$

---

### Step 2: Compute each term

#### First term: $ (5(-2) + 9)^{611} $

$$
5(-2)","(['12', '12'], ['5', '5(-2)'])",False,
104,ddtree_tb16,dflash-original-ddtree,16,\frac9{19},"We are given the equation:

$$
\frac{\sqrt{2x}}{\sqrt{3x - 1}} = \frac{3}{2}
$$

---

### Step 1: Eliminate the square roots by squaring both sides

$$
\left( \frac{\sqrt{2x}}{\sqrt{3x - 1}} \right)^2 = \left( \frac{3}{2} \right)^2
$$

$$
\frac{2x}{3x - 1} = \frac{9}{4}
$$

---

### Step 2: Cross-multiply to eliminate the fraction

$$
4 \cdot 2x = 9 \cdot (3x - 1)
$$

$$
8x = 27x - 9
$$

---

### Step 3: Solve for $ x $

$$
8x - 27x = -9
$$

$$
-19x = -9
$$

$$
x = \frac{9}{19}
$$

---

### Step 4: Check the domain of the original equation

We must ensure that the expressions under the square roots are **non-negative**:

- $ ","(['9/19', '\\frac{9}{19}'], ['4', '4'])",False,
105,ddtree_tb16,dflash-original-ddtree,16,1600,"We are given the expression:

$$
441 + 2(21)(19) + 361 = x
$$

Let's solve this step by step.

---

### Step 1: Evaluate the middle term

$$
2(21)(19)
$$

First, compute $21 \times 19$:

$$
21 \times 19 = 399
$$

Now multiply by 2:

$$
2 \times 399 = 798
$$

So the middle term is **798**.

---

### Step 2: Add the other two terms

We now have:

$$
441 + 798 + 361
$$

Add 441 and 798 first:

$$
441 + 798 = 1239
$$

Now add 361:

$$
1239 + 361 = 1600
$$

---

### Final Answer:

$$
\boxed{1600}
$$","(['1600', '1600'], ['1600', '1600'])",True,
106,ddtree_tb16,dflash-original-ddtree,16,\dfrac{33}{100},"We are given that a number is selected **at random** from the integers **1 through 100**, inclusive. We are to find the **probability** that the number is a **multiple of 3**.

---

### Step 1: Total number of possible outcomes

The numbers from 1 to 100 inclusive form a total of:

$$
100 \text{ numbers}
$$

So, the total number of possible outcomes is **100**.

---

### Step 2: Count the number of favorable outcomes (multiples of 3)

We want to count how many numbers between 1 and 100 are divisible by 3.

A number is divisible by 3 if it is of the form:

$$
3k \quad \text{where } k \in \mathbb{Z}^+
$$

So, we find the largest integer $ k $ such that $ 3k \leq 100 $:

$$
k = \left\lfloor \frac{100}{3} \right\rfloor = \left\lfloor 33.333\ldots \right\rfloor = 33
$$

So,","(['33/100', '\\frac{33}{100}'], ['Eq(floor(33.333), 33) & Eq(k, floor(100/3)) & Eq(floor(100/3), floor(33.333))', 'k = \\lfloor \\frac{100}{3} \\rfloor = \\lfloor 33.333  \\rfloor = 33'])",False,
107,ddtree_tb16,dflash-original-ddtree,16,"(3,4]","We are given a function:

$$
f(x) = \lambda x(1 - x)
$$

with domain and codomain both $[0,1]$, and a constant $\lambda \in [0,4]$. We are to find the values of $\lambda$ such that **there exists an $x \in [0,1]$** for which:

- $f(x) \ne x$, but
- $f(f(x)) = x$.

---

### Step 1: Understand the condition

We are looking for **fixed points of $f \circ f$** (i.e., points $x$ such that $f(f(x)) = x$), **but not fixed points of $f$** (i.e., $f(x) \ne x$).

So, we are looking for **period-2 points** of the function $f$, i.e., points $x$ such that:

$$
f(f(x)) = x \quad \text{but} \quad f(x) \ne x
$$

---

### Step 2: Compute $f(f(x))$

We are given:

$$
f(x) = \lambda x(1 - x)
$$

So:

$$
","(['Interval.Lopen(3, 4)', '(3,4]'], ['Eq(f(x), lambda*x*(1 - x))', 'f(x) = \\lambda x(1 - x)'])",False,
108,ddtree_tb16,dflash-original-ddtree,16,63,"We are given a **rectangular region** with the following **vertices**:

- $ (5, 4) $
- $ (-5, 4) $
- $ (-5, -4) $
- $ (5, -4) $

This defines a **rectangle** centered at the origin, with:

- **Width**: from $ x = -5 $ to $ x = 5 $, so width = $ 10 $
- **Height**: from $ y = -4 $ to $ y = 4 $, so height = $ 8 $

We are asked to find how many **points with integer coordinates** lie **strictly inside** this rectangle.

---

### Step 1: Understand the region

The rectangle is defined by the **bounding box**:

- $ x \in (-5, 5) $ → but since we want **strictly inside**, we must exclude the boundary.
- $ y \in (-4, 4) $

So the **interior** of the rectangle is the set of all integer points $ (x, y) $ such that:

$$
-5 < x < 5 \quad \text{and} \quad -4 < y < 4
$$

---

","(['63', '63'], ['{(-5 < x) & (x < 5), (-4 < y) & (y < 4)}', '-5 < x < 5 \\quad, \\quad -4 < y < 4'])",False,
109,ddtree_tb16,dflash-original-ddtree,16,216,"We are given:

- A **steel sphere** with **radius 3 inches** is made by **removing metal from the corners** of a **cube**.
- The **cube has the shortest possible side length** that allows this.
- We are to find the **volume of the cube**.

---

### Step 1: Understand the Geometry

We are told that a **sphere of radius 3 inches** is formed by **removing material from the corners** of a **cube**. That means the **sphere is inscribed** in the cube, touching the **midpoints of the cube's edges**.

But wait — if the sphere is formed by **removing material from the corners**, then the **sphere is inscribed in the cube**, and the **sphere touches the cube's edges**, not its corners.

So, the **sphere is inscribed in the cube**, and the **diameter of the sphere is equal to the edge length of the cube**.

---

### Step 2: Relate Sphere Radius to Cube Edge Length

- The **diameter of the sphere** is $ 2 \times \text{radius} = 2 \times 3 = 6 $ inches.
- Since the sphere is inscribed in","(['216', '216'], ['Eq(2*3, 6) & Eq(2*radius, 2*3)', '2 \\times \\text{radius} = 2 \\times 3 = 6'])",False,
110,ddtree_tb16,dflash-original-ddtree,16,54,"We are given:

- The area of triangle $ \triangle ABC $ is 6 square centimeters.
- $ \overline{AB} \parallel \overline{DE} $
- $ BD = 4BC $

We are to find the area of triangle $ \triangle CDE $.

---

### Step 1: Understand the Geometry

From the Asymptote diagram, we can infer the following:

- Points $ A, B, C $ form triangle $ \triangle ABC $.
- Points $ D, E $ are such that $ \overline{DE} \parallel \overline{AB} $, and $ D $ lies on the extension of $ BC $, while $ E $ lies on the extension of $ AC $.
- $ BD = 4BC $, so $ D $ is 4 times as far from $ B $ as $ C $ is from $ B $.

This suggests that triangle $ \triangle CDE $ is similar to triangle $ \triangle ABC $, because $ \overline{DE} \parallel \overline{AB} $, and both triangles share angle $ \angle C $.

---

### Step 2: Use the Ratio of Similar Triangles

Let’s define the ratio","(['54', '54'], ['2', '2'])",False,
111,ddtree_tb16,dflash-original-ddtree,16,16,"We are given that $ x, y, z $ are **positive real numbers** such that:

$$
xyz = 2
$$

We are to **minimize** the expression:

$$
x^4 + 4y^2 + 4z^4
$$

---

### Step 1: Use the constraint $ xyz = 2 $

We can express one variable in terms of the others. For example, solve for $ z $:

$$
z = \frac{2}{xy}
$$

Substitute this into the expression to be minimized:

$$
x^4 + 4y^2 + 4\left(\frac{2}{xy}\right)^4 = x^4 + 4y^2 + 4 \cdot \frac{16}{x^4 y^4} = x^4 + 4y^2 + \frac{64}{x^4 y^4}
$$

So the expression becomes:

$$
f(x, y) = x^4 + 4y^2 + \frac{64}{x^4 y^4}
$$

We now want to **minimize** this function over positive real numbers $ x, y $.

---

","(['16', '16'], ['{x, y}', 'x, y'])",False,
112,ddtree_tb16,dflash-original-ddtree,16,9,"We are given the function:

$$
f(x) = \frac{2}{x + 1}
$$

We are asked to find:

$$
f^{-1}\left(\frac{1}{5}\right)
$$

---

### Step 1: Understand what $ f^{-1}(y) $ means

The inverse function $ f^{-1}(y) $ is the value of $ x $ such that:

$$
f(x) = y
$$

So, to find $ f^{-1}\left(\frac{1}{5}\right) $, we need to solve the equation:

$$
\frac{2}{x + 1} = \frac{1}{5}
$$

---

### Step 2: Solve the equation

$$
\frac{2}{x + 1} = \frac{1}{5}
$$

Cross-multiply:

$$
2 \cdot 5 = 1 \cdot (x + 1)
$$

$$
10 = x + 1
$$

$$
x = 10 - 1 = 9
$$

---

### Final Answer:

$$
\boxed{9}
$$","(['9', '9'], ['9', '9'])",True,
113,ddtree_tb16,dflash-original-ddtree,16,65,"We are given the formula for the volume of a cone:

$$
V = \frac{1}{3}Bh
$$

Where:
- $ B $ is the area of the base (in square units),
- $ h $ is the height (in units),
- $ V $ is the volume (in cubic units).

---

### Step 1: Plug in the given values

We are told:
- $ B = 30 $ square units,
- $ h = 6.5 $ units.

Substitute into the formula:

$$
V = \frac{1}{3} \times 30 \times 6.5
$$

---

### Step 2: Simplify the expression

First, compute $ 30 \times 6.5 $:

$$
30 \times 6.5 = 195
$$

Now multiply by $ \frac{1}{3} $:

$$
V = \frac{1}{3} \times 195 = 65
$$

---

### Final Answer:

$$
\boxed{65}
$$

So, the volume of the cone is **65 cubic units**.","(['65', '65'], ['65', '65'])",True,
114,ddtree_tb16,dflash-original-ddtree,16,"3, 5, 7","We are given the equation:

$$
(x - 3)^3 + (x - 7)^3 = (2x - 10)^3
$$

---

### Step 1: Expand both sides

Let’s expand the left-hand side (LHS) and the right-hand side (RHS).

#### Left-Hand Side (LHS):

$$
(x - 3)^3 + (x - 7)^3
$$

We can use the binomial expansion for cubes:

$$
(a - b)^3 = a^3 - 3a^2b + 3ab^2 - b^3
$$

So:

$$
(x - 3)^3 = x^3 - 9x^2 + 27x - 27
$$
$$
(x - 7)^3 = x^3 - 21x^2 + 147x - 343
$$

Now add them:

$$
(x - 3)^3 + (x - 7)^3 = (x^3 - 9x^2 + 27x - 27) + (x^3 - 21x^2 + 14","(['{3, 5, 7}', '3, 5, 7'], ['14', '14'])",False,
115,ddtree_tb16,dflash-original-ddtree,16,1\frac{4}{5},"We are given:

- Quadrilateral $ CDEG $ is a **square** with side length $ CD = 3 $.
- Quadrilateral $ BEFH $ is a **rectangle** with $ BE = 5 $.
- We are to find the length of $ BH $, expressed as a **mixed number**.

---

### Step 1: Understand the Geometry

From the Asymptote code and the labels:

- $ A = (0, 0) $
- $ B = (3, 0) $
- $ C = (6, 0) $
- $ D = (9, 0) $
- $ E = (9, 3) $
- $ G = (6, 3) $

So, the square $ CDEG $ has vertices at:

- $ C = (6, 0) $
- $ D = (9, 0) $
- $ E = (9, 3) $
- $ G = (6, 3) $

This confirms that $ CDEG $ is a square of side length 3, as $ CD = 3 $, and the coordinates match that.

Now, $ BEFH $ is a rectangle. We are told $","(['9/5', '1\\frac{4}{5}'], ['b*e*f*h', 'BEFH'])",False,
116,ddtree_tb16,dflash-original-ddtree,16,64,"We are given a sequence of positive real numbers $(a_1, a_2, \dots, a_n)$ such that:

$$
\sum_{i=1}^n a_i = 96, \quad \sum_{i=1}^n a_i^2 = 144, \quad \sum_{i=1}^n a_i^3 = 216.
$$

We are to find the **sum of all possible values of $n$**.

---

### Step 1: Use Cauchy-Schwarz Inequality

We are given:

- $\sum a_i = 96$
- $\sum a_i^2 = 144$
- $\sum a_i^3 = 216$

Let’s denote:

- $S_1 = \sum a_i = 96$
- $S_2 = \sum a_i^2 = 144$
- $S_3 = \sum a_i^3 = 216$

We want to find all possible values of $n$ such that these three sums are consistent with a sequence of positive real numbers.

---

### Step 2: Use Cauchy-Schwarz","(['64', '64'], ['2', '2'])",False,
117,ddtree_tb16,dflash-original-ddtree,16,11,"We are given the expression:

$$
(3x - 2)(4x + 1) - (3x - 2)4x + 1
$$

and we are to evaluate it when $ x = 4 $.

---

### Step 1: Substitute $ x = 4 $ into the expression

Let’s substitute $ x = 4 $ into the expression:

$$
(3(4) - 2)(4(4) + 1) - (3(4) - 2)(4(4)) + 1
$$

Now compute each part step by step.

---

### Step 2: Compute each term

#### First term: $ (3x - 2)(4x + 1) $

$$
3(4) - 2 = 12 - 2 = 10 \\
4(4) + 1 = 16 + 1 = 17 \\
\Rightarrow (3x - 2)(4x + 1) = 10 \cdot 17 = 170
$$

#### Second term: $ (3x - 2)4x $

$$
(3x - 2) = 1","(['11', '11'], ['1', '1'])",False,
118,ddtree_tb16,dflash-original-ddtree,16,\frac{2}{3},"We are given a game between Alice and Bob with the following rules:

- **Alice starts first.**
- On **Alice's turn**, she flips a **coin**:
  - If it's **heads**, she **wins**.
  - If it's **tails**, the turn goes to **Bob**.
- On **Bob's turn**, he flips a **coin**:
  - If it's **tails**, he **wins**.
  - If it's **heads**, the turn goes back to **Alice**.

We are to find the **probability that Alice wins the game**.

---

### Step 1: Define the probability of Alice winning

Let $ P $ be the probability that **Alice wins** the game.

We'll analyze the game step by step.

---

### Step 2: First turn (Alice's turn)

- Alice flips a coin:
  - Probability of **heads** (Alice wins): $ \frac{1}{2} $
  - Probability of **tails** (Bob's turn): $ \frac{1}{2} $

So, the game can end on the first turn with probability $ \frac{1}{2} $, and if not, it goes to Bob.

---

### Step 3:","(['2/3', '\\frac{2}{3}'], ['3', '3'])",False,
119,ddtree_tb16,dflash-original-ddtree,16,\frac{20000}{\pi},"We are given a **rectangular field** enclosed in an **athletic track**. The track consists of:

- **Two straight edges** of the field (the length of the field),
- **Two semicircular ends** (one on each end of the rectangle).

The **total length of the track is 400 meters**, and we are to find the **largest possible area of the field**.

---

### Step 1: Understand the Shape

The field is a **rectangle** with **two semicircular ends**, forming a **track** that is **400 meters long**.

This is a **standard running track** shape, where the **straight parts** are the length of the rectangle, and the **curved parts** are two semicircles (i.e., one full circle).

Let’s define:

- Let $ x $ be the **length** of the rectangle (the straight part of the track),
- Let $ y $ be the **width** of the rectangle (the diameter of the semicircles),
- Then the **radius** of the semicircles is $ r = \frac{y}{2} $.

---

### Step 2: Total Track Length

The total length of the track","(['20000/pi', '\\frac{20000}{\\pi}'], ['2', '2'])",False,
120,ddtree_tb16,dflash-original-ddtree,16,15,"We are given:

- A **circle**: $ x^2 + y^2 = 2 $
- A **parabola**: $ y^2 = 8x $

We are told that these two curves have **two common tangents**, and that these tangents touch the circle and the parabola at **four points of tangency**. These four points form a **quadrilateral**, and we are to find the **area of this quadrilateral**.

---

### Step 1: Understand the Geometry

We are given that the **circle** and **parabola** have **two common tangents**, and each tangent touches both the circle and the parabola at one point. So, there are **two tangents**, each touching the circle and the parabola at one point, so **four points of tangency** in total.

These four points form a **quadrilateral**, and we are to find the **area** of that quadrilateral.

---

### Step 2: Find the Points of Tangency

Let’s find the **equation of a common tangent** to both the circle and the parabola.

Let the equation of a line be:

$$
y = mx + c
$$

This line","(['15', '15'], ['2', 'y = mx +'])",False,
121,ddtree_tb16,dflash-original-ddtree,16,\frac{11}{2},"We are given the equation:

$$
|x + 5| - |3x - 6| = 0
$$

We are to **find the largest possible value of $ x $** that satisfies this equation.

---

### Step 1: Understand the equation

We are dealing with absolute values, so we need to consider different cases based on the expressions inside the absolute values.

Let’s define:

- $ A = x + 5 $
- $ B = 3x - 6 $

So the equation becomes:

$$
|A| - |B| = 0 \Rightarrow |A| = |B|
$$

This means:

$$
|x + 5| = |3x - 6|
$$

This equation is true when the two expressions inside the absolute values are either equal or negatives of each other.

So we have two cases:

---

### **Case 1: $ x + 5 = 3x - 6 $**

Solve:

$$
x + 5 = 3x - 6 \\
5 + 6 = 3x - x \\
11 = 2x \\
x = \frac{11}{2}
$$

---

### **Case 2: $ x +","(['11/2', '\\frac{11}{2}'], ['2', '2'])",False,
122,ddtree_tb16,dflash-original-ddtree,16,-\sqrt{3},"We are asked to simplify the expression:

$$
\tan 100^\circ + 4 \sin 100^\circ
$$

---

### Step 1: Use known trigonometric identities

We know that:

$$
\tan \theta = \frac{\sin \theta}{\cos \theta}
$$

So we can write:

$$
\tan 100^\circ = \frac{\sin 100^\circ}{\cos 100^\circ}
$$

Therefore, the expression becomes:

$$
\frac{\sin 100^\circ}{\cos 100^\circ} + 4 \sin 100^\circ
$$

---

### Step 2: Factor out $\sin 100^\circ$

$$
\sin 100^\circ \left( \frac{1}{\cos 100^\circ} + 4 \right)
$$

Now, we need to evaluate this expression numerically or simplify it further.

---

### Step 3: Use exact values or approximate values

We can use a calculator to find approximate values of the trigonometric functions.

- $\sin 100^\circ \","(['-sqrt(3)', '-\\sqrt{3}'], ['100', '100'])",False,
123,ddtree_tb16,dflash-original-ddtree,16,1+2\sqrt{3},"We are given a **regular tetrahedron** $ABCD$ with **side length 2**, and a **plane** that is **parallel to edges $AB$ and $CD$** and **lies halfway between them**. This plane cuts the tetrahedron into two pieces. We are to find the **surface area of one of these pieces**.

---

### Step 1: Understand the Geometry

A **regular tetrahedron** has:

- 4 triangular faces
- 4 vertices
- 6 edges, all of equal length (here, 2)
- All faces are equilateral triangles

Let’s label the vertices as $A, B, C, D$, and assume the tetrahedron is oriented so that:

- $AB$ and $CD$ are skew lines (not intersecting and not parallel)
- The plane is **parallel to both $AB$ and $CD$** and lies **halfway between them**

This is a key geometric configuration.

---

### Step 2: Understand the Plane

We are told the plane is **parallel to both $AB$ and $CD$** and lies **halfway between them**.

This means the plane is **equidistant from both $","(['1 + 2*sqrt(3)', '1+2\\sqrt{3}'], ['{a*b, c*d}', 'AB and CD'])",False,
124,ddtree_tb16,dflash-original-ddtree,16,84,"We are given the following information about a class of 30 students:

- 20 students scored **80**
- 8 students scored **90**
- 2 students scored **100**

We are asked to find the **class average** (i.e., the **mean** score).

---

### Step 1: Calculate the total score

We calculate the total score by multiplying the number of students by their respective scores and then adding them all together.

$$
\text{Total score} = (20 \times 80) + (8 \times 90) + (2 \times 100)
$$

$$
= 1600 + 720 + 200 = 2520
$$

---

### Step 2: Calculate the mean (average)

$$
\text{Mean} = \frac{\text{Total score}}{\text{Number of students}} = \frac{2520}{30}
$$

$$
\text{Mean} = 84
$$

---

### ✅ Final Answer:

$$
\boxed{84}
$$","(['84', '84'], ['84', '84'])",True,
125,ddtree_tb16,dflash-original-ddtree,16,6,"We are asked to evaluate:

$$
\log_2 64
$$

---

### Step 1: Understand the definition of a logarithm

The expression $\log_2 64$ means:

> ""To what power must we raise 2 to get 64?""

In other words:

$$
\log_2 64 = x \quad \text{if and only if} \quad 2^x = 64
$$

---

### Step 2: Express 64 as a power of 2

We know that:

$$
64 = 2^6
$$

So:

$$
\log_2 64 = \log_2 (2^6)
$$

---

### Step 3: Use the logarithmic identity

$$
\log_b (b^x) = x
$$

So:

$$
\log_2 (2^6) = 6
$$

---

### Final Answer:

$$
\boxed{6}
$$","(['6', '6'], ['6', '6'])",True,
126,ddtree_tb16,dflash-original-ddtree,16,12,"We are asked to simplify the expression:

$$
\frac{\sqrt{2.5^2 - 0.7^2}}{2.7 - 2.5}
$$

---

### Step 1: Simplify the denominator

$$
2.7 - 2.5 = 0.2
$$

So the expression becomes:

$$
\frac{\sqrt{2.5^2 - 0.7^2}}{0.2}
$$

---

### Step 2: Compute the numerator inside the square root

First, compute $2.5^2$ and $0.7^2$:

$$
2.5^2 = 6.25, \quad 0.7^2 = 0.49
$$

Now subtract:

$$
6.25 - 0.49 = 5.76
$$

So the expression becomes:

$$
\frac{\sqrt{5.76}}{0.2}
$$

---

### Step 3: Simplify the square root

$$
\sqrt{5.76} = 2.4
$$

So the expression becomes:

$$
\frac{2.4","(['12', '12'], ['Eq(sqrt(5.76), 2.4)', '\\sqrt{5.76} = 2.4'])",False,
127,ddtree_tb16,dflash-original-ddtree,16,18+2\pi,"We are given a **regular nonagon** (a 9-sided polygon) with **side length 2 units**. We are to find the **perimeter of the set $ S $**, which is defined as:

> The union of:
> - All points **inside** the nonagon, and
> - All points **less than 1 unit away from a point on the perimeter** of the nonagon.

---

### Step 1: Understand the shape of $ S $

The set $ S $ is the union of:
- The **interior** of the nonagon, and
- A **buffer zone** (or ""inflation"") of 1 unit around the perimeter of the nonagon.

This is equivalent to taking the **Minkowski sum** of the nonagon with a disk of radius 1, or more simply, the **offset** of the nonagon by 1 unit outward.

So, $ S $ is a **rounded nonagon** with rounded edges and rounded corners.

---

### Step 2: Visualize the shape

- The original nonagon has **9 sides**, each of length 2 units.
- The **buffer zone** adds a **1-unit radius** around the perimeter.
- This results in","(['2*pi + 18', '18+2\\pi'], ['1', '1'])",False,
0,ddtree_tb32,dflash-original-ddtree,32,900,"We are given that the product of two integers, 240 and $ k $, is a **perfect cube**. We are to find the **smallest possible positive value of $ k $** such that this condition is satisfied.

---

### Step 1: Prime Factorization of 240

We start by factoring 240 into its prime factors:

$$
240 = 2^4 \times 3^1 \times 5^1
$$

So, the prime factorization of 240 is:

$$
240 = 2^4 \cdot 3^1 \cdot 5^1
$$

---

### Step 2: Understanding the Condition

We are told that:

$$
240 \cdot k = \text{a perfect cube}
$$

Let’s denote the prime factorization of $ k $ as:

$$
k = 2^a \cdot 3^b \cdot 5^c \cdot \text{(other primes)}
$$

Then the product $ 240 \cdot k $ becomes:

$$
240 \cdot k = 2^{4+a} \cdot 3^{1+b} \cdot","(['900', '900'], ['3', '3'])",False,
1,ddtree_tb32,dflash-original-ddtree,32,32,"We are given:

- A triangle is **isosceles right triangle**.
- The **altitude to the hypotenuse** has length $ 4\sqrt{2} $.
- We are to find the **area** of the triangle.

---

### Step 1: Understand the triangle

An **isosceles right triangle** has:

- Two legs of equal length.
- A right angle between the two legs.
- The hypotenuse is the side opposite the right angle.

Let the legs be of length $ a $. Then the hypotenuse is:

$$
\text{Hypotenuse} = a\sqrt{2}
$$

---

### Step 2: Use the altitude to the hypotenuse

In a right triangle, the **altitude to the hypotenuse** divides the triangle into two smaller, similar right triangles.

Let’s denote:

- $ h = 4\sqrt{2} $: the altitude to the hypotenuse.
- $ a $: the length of each leg.
- $ c = a\sqrt{2} $: the hypotenuse.

In a right triangle, the **area** can be calculated in two ways:

$$
\text{Area} = \frac{1","(['32', '32'], ['Eq(c, sqrt(2)*a)', 'c = a\\sqrt{2}'])",False,
2,ddtree_tb32,dflash-original-ddtree,32,120^\circ,"We are given the expression:

$$
\tan \theta = \frac{\cos 5^\circ \cos 20^\circ + \cos 35^\circ \cos 50^\circ - \sin 5^\circ \sin 20^\circ - \sin 35^\circ \sin 50^\circ}{\sin 5^\circ \cos 20^\circ - \sin 35^\circ \cos 50^\circ + \cos 5^\circ \sin 20^\circ - \cos 35^\circ \sin 50^\circ}
$$

We are to find the **least positive angle** $\theta$ such that this equation holds.

---

### Step 1: Recognize trigonometric identities

Let’s look at the **numerator** and **denominator** separately.

#### Numerator:
$$
\cos 5^\circ \cos 20^\circ + \cos 35^\circ \cos 50^\circ - \sin 5^\circ \sin 20^\circ - \sin 35^\circ \sin 50^\circ
$$

Group terms:
$$
(\cos 5","(['120', '120^\\circ'], ['5', '5'])",False,
3,ddtree_tb32,dflash-original-ddtree,32,-120,"We are given the following system of equations:

$$
\begin{cases}
a + b = 8 \quad \text{(1)} \\
b + c = -3 \quad \text{(2)} \\
a + c = -5 \quad \text{(3)}
\end{cases}
$$

We are asked to find the value of the product $ abc $.

---

### Step 1: Add all three equations

Add equations (1), (2), and (3):

$$
(a + b) + (b + c) + (a + c) = 8 + (-3) + (-5)
$$

Simplify the left-hand side:

$$
a + b + b + c + a + c = 2a + 2b + 2c
$$

Right-hand side:

$$
8 - 3 - 5 = 0
$$

So:

$$
2a + 2b + 2c = 0
$$

Divide both sides by 2:

$$
a + b + c = 0 \quad \text{(4)}
$$

---

### Step 2: Use equation (4) to find one variable

From equation (4): $ a","(['-120', '-120'], ['2', '2'])",False,
4,ddtree_tb32,dflash-original-ddtree,32,25,"We are given that $ A $ is the **sum of the positive divisors** of $ 500 $, and we are to find the **sum of the distinct prime divisors** of $ A $.

---

### Step 1: Prime Factorization of 500

We start by factoring 500:

$$
500 = 5^3 \times 2^2
$$

So the prime factorization is:

$$
500 = 2^2 \times 5^3
$$

---

### Step 2: Use the Formula for the Sum of Divisors

The **sum of the positive divisors** of a number $ n = p_1^{e_1} p_2^{e_2} \cdots p_k^{e_k} $ is given by:

$$
\sigma(n) = (1 + p_1 + p_1^2 + \cdots + p_1^{e_1}) \times (1 + p_2 + p_2^2 + \cdots + p_2^{e_2}) \times \cdots
$$

So for $ 500 = 2^2 \","(['25', '25'], ['2**2', '2^2'])",False,
5,ddtree_tb32,dflash-original-ddtree,32,2516_8,"We are given a binary number:

$$
10101001110_2
$$

We are to convert this binary number to **base 8** (octal).

---

### Step 1: Understand the relationship between binary and octal

Each **octal digit** corresponds to **3 binary digits**. So, we can group the binary number into sets of 3 bits starting from the right.

Let’s write the binary number again:

$$
10101001110_2
$$

We need to group it into sets of 3 bits from the right. If the number of bits is not a multiple of 3, we pad with leading zeros.

Let’s count the number of bits:

$$
10101001110 \rightarrow 11 \text{ bits}
$$

We need to add **2 leading zeros** to make it 12 bits (a multiple of 3):

$$
0010101001110
$$

Now group into 3-bit chunks from the right:

$$
001\ 010\ 100\ 111\","(['2516', '2516_8'], ['111', '111'])",False,
6,ddtree_tb32,dflash-original-ddtree,32,3,"We are asked to find how many **two-digit primes** have digits that **sum to 8**.

---

### Step 1: Understand the problem

We are looking for **two-digit prime numbers** such that the **sum of their digits is 8**.

Let’s denote a two-digit number as $ \overline{ab} $, where:

- $ a $ is the tens digit (1 to 9)
- $ b $ is the units digit (0 to 9)

Then the number is $ 10a + b $, and the sum of the digits is:

$$
a + b = 8
$$

We need to find all such numbers that are **prime**.

---

### Step 2: Find all two-digit numbers with digit sum 8

We can list all pairs $ (a, b) $ such that $ a + b = 8 $, where $ a \in [1,9] $, $ b \in [0,9] $, and $ a + b = 8 $.

Let’s list them:

- $ a = 1, b = 7 $ → 17
- $ a = 2, b = 6 $ → ","(['3', '3'], ['{Eq(a, 2), Eq(b, 6)}', 'a = 2, b = 6'])",False,
7,ddtree_tb32,dflash-original-ddtree,32,\begin{pmatrix} -2 \\ -14 \\ -7 \end{pmatrix},"We are given a matrix $\mathbf{A}$ such that:

$$
\mathbf{A} \begin{pmatrix} 3 \\ 1 \\ 0 \end{pmatrix} = \begin{pmatrix} 2 \\ 4 \\ -3 \end{pmatrix}, \quad \mathbf{A} \begin{pmatrix} -5 \\ 2 \\ 2 \end{pmatrix} = \begin{pmatrix} 0 \\ -5 \\ -5 \end{pmatrix}
$$

We are asked to find:

$$
\mathbf{A} \begin{pmatrix} -13 \\ 3 \\ 4 \end{pmatrix}
$$

---

### Step 1: Express the vector $\begin{pmatrix} -13 \\ 3 \\ 4 \end{pmatrix}$ as a linear combination of the given vectors

Let’s denote:

$$
\mathbf{v}_1 = \begin{pmatrix} 3 \\ 1 \\ 0 \end{pmatrix}, \quad \mathbf{v}_2 = \begin{pmatrix} -5 \\ 2 \\ 2 \end{pmatrix}
$$

","(['Matrix([[-2], [-14], [-7]])', '\\begin{pmatrix} -2 \\\\ -14 \\\\ -7 \\end{pmatrix}'], ['{Eq(v_1, Matrix([\n[3],\n[1],\n[0]])), Eq(v_2, Matrix([\n[-5],\n[ 2],\n[ 2]]))}', '\\text{v}_1 = \\begin{pmatrix} 3 \\\\ 1 \\\\ 0 \\end{pmatrix}, \\quad \\text{v}_2 = \\begin{pmatrix} -5 \\\\ 2 \\\\ 2 \\end{pmatrix}'])",False,
8,ddtree_tb32,dflash-original-ddtree,32,4,"We are given the equation:

$$
\frac{6r^2 - 19r - 7}{2r - 7} = 4r - 3
$$

---

### Step 1: Eliminate the denominator

Multiply both sides of the equation by $2r - 7$ (assuming $2r - 7 \ne 0$):

$$
6r^2 - 19r - 7 = (4r - 3)(2r - 7)
$$

---

### Step 2: Expand the right-hand side

$$
(4r - 3)(2r - 7) = 4r \cdot 2r + 4r \cdot (-7) - 3 \cdot 2r - 3 \cdot (-7)
$$
$$
= 8r^2 - 28r - 6r + 21 = 8r^2 - 34r + 21
$$

So the equation becomes:

$$
6r^2 - 19r - 7 = 8r^2 - 34r + 21
$$

---

### Step 3: Move all","(['4', '4'], ['3', '3'])",False,
9,ddtree_tb32,dflash-original-ddtree,32,\frac{\sqrt{3}}{3},"We are given the expression:

$$
\sqrt{\sqrt[3]{\sqrt{\frac{1}{729}}}}
$$

We are to **simplify** this expression and write the result with a **rational denominator**.

---

### Step 1: Simplify the innermost radical

We start with:

$$
\sqrt{\frac{1}{729}}
$$

Recall that:

$$
\sqrt{\frac{1}{729}} = \frac{1}{\sqrt{729}} = \frac{1}{27}
$$

Because $ \sqrt{729} = 27 $, since $ 27^2 = 729 $.

So now the expression becomes:

$$
\sqrt{\sqrt[3]{\frac{1}{27}}}
$$

---

### Step 2: Simplify the cube root

$$
\sqrt[3]{\frac{1}{27}} = \frac{1}{\sqrt[3]{27}} = \frac{1}{3}
$$

Because $ \sqrt[3]{27} = 3 $, since $ 3^3 = 27 $.

","(['sqrt(3)/3', '\\frac{\\sqrt{3}}{3}'], ['Eq(3**3, 27)', '3^3 = 27'])",False,
10,ddtree_tb32,dflash-original-ddtree,32,1251,"We are told that **two-thirds** of the students at Baker Middle School take music, and that **834 students** take music.

Let’s denote the **total number of students** at the school as $ x $.

According to the problem:

$$
\frac{2}{3}x = 834
$$

To find $ x $, we solve the equation:

$$
x = 834 \times \frac{3}{2}
$$

Now calculate:

$$
x = 834 \times 1.5 = 1251
$$

### Final Answer:
$$
\boxed{1251}
$$

So, there are **1251 students** at Baker Middle School.","(['1251', '1251'], ['1251', '1251'])",True,
11,ddtree_tb32,dflash-original-ddtree,32,\text{(C)},"We are given the equation in **cylindrical coordinates**:

$$
z = c
$$

and asked to determine the **shape** it describes.

---

### Step 1: Understand Cylindrical Coordinates

In **cylindrical coordinates** $(r, \theta, z)$, the coordinates are defined as:

- $r$: the radial distance from the $z$-axis
- $\theta$: the angle in the $xy$-plane from the positive $x$-axis
- $z$: the height above the $xy$-plane

So, the point $(r, \theta, z)$ corresponds to the point $(r\cos\theta, r\sin\theta, z)$ in **Cartesian coordinates**.

---

### Step 2: Analyze the Equation $z = c$

The equation $z = c$ says that the **height** is constant, regardless of the values of $r$ and $\theta$.

This means that for **any** $r$ and $\theta$, the $z$-coordinate is fixed at $c$.

So, the set of all points $(r, \theta, z)$ such that $z = c$ is a **horizontal plane** in ","(['c', '\\text{(C)}'], ['(r, theta, z)', 'z ='])",False,
12,ddtree_tb32,dflash-original-ddtree,32,17,"We are given that for all $ x \in [0, 1] $, the inequality
$$
|ax^2 + bx + c| \le 1
$$
holds, and we are to find the **largest possible value of** $ |a| + |b| + |c| $.

---

### Step 1: Understand the constraint

We are told that the quadratic function
$$
f(x) = ax^2 + bx + c
$$
satisfies
$$
|f(x)| \le 1 \quad \text{for all } x \in [0, 1].
$$
This means that the graph of the quadratic lies between the lines $ y = 1 $ and $ y = -1 $ on the interval $ [0, 1] $.

We are to **maximize** the sum of the absolute values of the coefficients:
$$
|a| + |b| + |c|.
$$

---

### Step 2: Use known bounds for such quadratics

There is a known result in approximation theory that gives the **maximum possible value of** $ |a| + |b| + |c| $ under the constraint that
$$
|","(['17', '17'], ['Abs(a) + Abs(b) + Abs(c)', '|a| + |b| + |c|'])",False,
13,ddtree_tb32,dflash-original-ddtree,32,17,"We are given the coordinates of three vertices of a **parallelogram**:

- $ A = (5, 3) $
- $ B = (6, 8) $
- $ C = (7, 4) $
- The fourth vertex is $ D = (x, y) $, and we are told that $ x > 7 $

We are to find the value of $ x + y $.

---

### Step 1: Use the property of a parallelogram

In a **parallelogram**, the **diagonals bisect each other**. That is, the **midpoint of one diagonal is the same as the midpoint of the other diagonal**.

So, if we assume that the diagonals are $ AC $ and $ BD $, then the midpoints of $ AC $ and $ BD $ must be the same.

Let’s compute the midpoint of diagonal $ AC $:

- $ A = (5, 3) $
- $ C = (7, 4) $

Midpoint of $ AC $:

$$
\text{Midpoint} = \left( \frac{5 + 7}{2}, \frac{3 + 4}{2} \right) = \left","(['17', '17'], ['4', '4'])",False,
14,ddtree_tb32,dflash-original-ddtree,32,3,"We are given that:

$$
(x - 1) \cdot f(x) = 3x^4 + x^3 - 25x^2 + 38x - 17
$$

We are asked to find the **degree** of the polynomial $ f(x) $.

---

### Step 1: Understand the structure

Let’s denote:

$$
P(x) = (x - 1) \cdot f(x) = 3x^4 + x^3 - 25x^2 + 38x - 17
$$

This tells us that $ f(x) $ is a polynomial such that when multiplied by $ (x - 1) $, the result is the given polynomial $ P(x) $.

So, to find the degree of $ f(x) $, we can use the fact that:

$$
\deg(P(x)) = \deg((x - 1) \cdot f(x)) = \deg(x - 1) + \deg(f(x))
$$

We know:

- $ \deg(x - 1) = 1 $
- $ \deg(P(x)) = 4 $ (since the highest degree term is $ 3","(['3', '3'], ['3', '3'])",True,
15,ddtree_tb32,dflash-original-ddtree,32,\begin{pmatrix} 1/5 \\ -18/5 \end{pmatrix},"We are given that a **reflection** takes the vector  
$$
\begin{pmatrix} 5 \\ 0 \end{pmatrix}
$$  
to  
$$
\begin{pmatrix} 4 \\ 3 \end{pmatrix}.
$$  
We are to find where the reflection takes the vector  
$$
\begin{pmatrix} -2 \\ 3 \end{pmatrix}.
$$

---

### Step 1: Understand the reflection

A **reflection** is a linear transformation that maps a vector to its mirror image across a line (or plane). In 2D, a reflection is a **linear transformation** of the form:

$$
R = I - 2 \cdot \text{proj}_{\mathbf{u}} \mathbf{v}
$$

where $\mathbf{u}$ is a unit vector along the line of reflection, and $\text{proj}_{\mathbf{u}} \mathbf{v}$ is the projection of $\mathbf{v}$ onto $\mathbf{u}$.

But we don't know the line of reflection. However, we **do** know that the reflection maps:

$$
\begin{pmatrix} 5 \\ 0 \","(['Matrix([[1/5], [-18/5]])', '\\begin{pmatrix} 1/5 \\\\ -18/5 \\end{pmatrix}'], ['0', '0'])",False,
16,ddtree_tb32,dflash-original-ddtree,32,28800,"We are given a Senate committee with:

- 5 Democrats
- 5 Republicans
- 1 Independent

We are to find the number of **distinct ways** they can sit **around a circular table**, with the condition that **all members of each party sit next to each other**. Also, **rotations of the same arrangement are considered equivalent**.

---

### Step 1: Understand the seating condition

We are told that **all members of each party must sit next to each other**. That means:

- The 5 Democrats must form a **block** (i.e., sit together).
- The 5 Republicans must form a **block**.
- The 1 Independent is a **single person**, so they are not in a block.

So, we are arranging **three blocks** around a circular table:

- Block D (Democrats)
- Block R (Republicans)
- Block I (Independent)

---

### Step 2: Circular arrangement of blocks

In a **circular arrangement**, the number of ways to arrange **n** objects is **(n - 1)!**, because rotations are considered the same.

Here, we have **3 blocks** to arrange around the table: D, R, I.

So, the number of","(['28800', '28800'], ['3', '3'])",False,
17,ddtree_tb32,dflash-original-ddtree,32,11,"We are given the equation:

$$
\frac{2}{3} = \frac{4}{x - 5}
$$

---

### Step 1: Cross-multiply to eliminate the fractions

Multiply both sides of the equation by $3(x - 5)$ to eliminate the denominators:

$$
2(x - 5) = 3 \cdot 4
$$

$$
2(x - 5) = 12
$$

---

### Step 2: Distribute the 2 on the left side

$$
2x - 10 = 12
$$

---

### Step 3: Solve for $x$

Add 10 to both sides:

$$
2x = 22
$$

Divide both sides by 2:

$$
x = 11
$$

---

### Final Answer:

$$
\boxed{11}
$$","(['11', '11'], ['11', '11'])",True,
18,ddtree_tb32,dflash-original-ddtree,32,898,"We are given a recurrence relation:

$$
x_n = x_{n-1} - x_{n-2} + x_{n-3} - x_{n-4} \quad \text{for } n \geq 5
$$

with initial values:

$$
x_1 = 211, \quad x_2 = 375, \quad x_3 = 420, \quad x_4 = 523
$$

We are to find:

$$
x_{531} + x_{753} + x_{975}
$$

---

### Step 1: Understand the recurrence

The recurrence is:

$$
x_n = x_{n-1} - x_{n-2} + x_{n-3} - x_{n-4}
$$

This is a **linear recurrence relation** of order 4. To find a pattern, we can compute the first few terms and look for periodicity.

---

### Step 2: Compute the first few terms

We are given:

$$
x_1 = 211, \quad x_2 = 375, \quad x_3","(['898', '898'], ['375', '375'])",False,
19,ddtree_tb32,dflash-original-ddtree,32,-2,"We are given a complex number $ z $ such that:

$$
z + \frac{1}{z} = \frac{1 + \sqrt{5}}{2}
$$

We are to find:

$$
z^{85} + \frac{1}{z^{85}}
$$

---

### Step 1: Recognize the expression

Let’s denote:

$$
\alpha = \frac{1 + \sqrt{5}}{2}
$$

This is the **golden ratio**, often denoted by $ \phi $, and satisfies the identity:

$$
\phi = \frac{1 + \sqrt{5}}{2}, \quad \phi^2 = \phi + 1
$$

So we are given:

$$
z + \frac{1}{z} = \phi
$$

Let’s denote:

$$
x = z + \frac{1}{z} = \phi
$$

We are to find:

$$
z^{85} + \frac{1}{z^{85}}
$$

---

### Step 2: Use recurrence relation

Let’s define a sequence $ a_n = z^n + \frac{1}{z^n} $

We are","(['-2', '-2'], ['Eq(a_n, z**n + 1/z**n)', 'a_n = z^n + \\frac{1}{z^n}'])",False,
20,ddtree_tb32,dflash-original-ddtree,32,\frac 59,"We are asked to compute:

$$
0.\overline{7} - 0.\overline{4} + 0.\overline{2}
$$

and express the result as a **common fraction**.

---

### Step 1: Convert repeating decimals to fractions

We'll convert each repeating decimal to a fraction using the standard method.

#### 1. Convert $ 0.\overline{7} $ to a fraction

Let $ x = 0.\overline{7} $

Then:

$$
10x = 7.\overline{7}
$$

Subtract:

$$
10x - x = 7.\overline{7} - 0.\overline{7} \Rightarrow 9x = 7 \Rightarrow x = \frac{7}{9}
$$

So:

$$
0.\overline{7} = \frac{7}{9}
$$

---

#### 2. Convert $ 0.\overline{4} $ to a fraction

Let $ x = 0.\overline{4} $

Then:

$$
10x = 4.\overline{4}
$$

Subtract:

$$
10x - x = 4","(['5/9', '\\frac{5}{9}'], ['4', '4'])",False,
21,ddtree_tb32,dflash-original-ddtree,32,"-2,1","We are given the polynomial:

$$
x^4 + 5x^3 + 9x^2 - x - 14 = 0
$$

We are to **find all the integer roots** of this polynomial.

---

### Step 1: Use the **Rational Root Theorem**

The **Rational Root Theorem** says that any rational root of a polynomial with integer coefficients must be of the form:

$$
\frac{p}{q}
$$

where $ p $ is a factor of the **constant term** and $ q $ is a factor of the **leading coefficient**.

In this case:

- Constant term = $-14$
- Leading coefficient = $1$

So the possible rational roots are the **factors of -14**:

$$
\pm 1, \pm 2, \pm 7, \pm 14
$$

Since we are only interested in **integer roots**, we only need to test these values.

---

### Step 2: Test each possible integer root

We will test each of the values $ \pm 1, \pm 2, \pm 7, \pm 14 $ in the polynomial:

$$
f(x)","(['{-2, 1}', '-2,1'], ['{-14, -7, -2, -1, 1, 2, 7, 14}', '\\pm 1, \\pm 2, \\pm 7, \\pm 14'])",False,
22,ddtree_tb32,dflash-original-ddtree,32,6 - 5i,"We are given:

- $ z = 2 + \sqrt{2} - (3 + 3\sqrt{2})i $
- $ c = 2 - 3i $
- $ w $ is the result of rotating $ z $ around $ c $ by $ \frac{\pi}{4} $ **counter-clockwise**

We are to find $ w $.

---

### Step 1: Understand the rotation

To rotate a complex number $ z $ around another complex number $ c $ by an angle $ \theta $, we can use the following formula:

$$
w = (z - c) \cdot e^{i\theta} + c
$$

Here:
- $ z - c $ is the vector from $ c $ to $ z $
- $ e^{i\theta} $ is the rotation factor
- Then we add back $ c $ to get the new point $ w $

We are rotating by $ \frac{\pi}{4} $ **counter-clockwise**, so:

$$
e^{i\theta} = e^{i\pi/4} = \cos\left(\frac{\pi}{4}\right) + i\sin\left(\frac{\pi}{4}\right)","(['-1*5*i + 6', '6 - 5i'], ['pi/4', '\\frac{\\pi}{4}'])",False,
23,ddtree_tb32,dflash-original-ddtree,32,16,"We are given that the two-digit integer $ \text{AB} $, when cubed, equals $ 912,673 $. We are to find the value of $ A + B $, where $ \text{AB} $ is a two-digit number.

---

### Step 1: Understand the notation

The two-digit number $ \text{AB} $ is a number like 12, 34, etc., where $ A $ is the tens digit and $ B $ is the units digit. So, the number is:

$$
\text{AB} = 10A + B
$$

We are told:

$$
(10A + B)^3 = 912673
$$

---

### Step 2: Estimate the cube root

We need to find the cube root of 912,673 to find the two-digit number $ \text{AB} $.

Let’s estimate:

$$
\sqrt[3]{912673} \approx ?
$$

Try some cube values:

- $ 90^3 = 729000 $
- $ 95^3 = 8573","(['16', '16'], ['8573', '8573'])",False,
24,ddtree_tb32,dflash-original-ddtree,32,540,"We are given:

- **6 cars** pull up to a red light, **one at a time**.
- There are **3 lanes** at the intersection:
  - **Left-turn lane**
  - **Straight-going lane**
  - **Right-turn lane**
- We are to find the number of **ways the cars can stack up** such that **all three lanes are occupied**.
- The **cars are distinguishable**, and the **order in which they arrive is fixed** (i.e., the first car is the first to arrive, the second is the next, etc.).
- The **lanes are distinguishable** (left, straight, right), and each car must choose one of the three lanes.

---

### Step 1: Understand the problem

We are to count the number of **valid sequences** of 6 cars, where each car chooses one of the 3 lanes, and **all 3 lanes are used at least once**.

This is a **permutation with constraints** problem.

Each car is **distinguishable**, so the **order in which they arrive matters**. But the **lane they choose** also matters.

So, we are to count the number of **sequences of 6 cars**, where","(['540', '540'], ['6', '6'])",False,
25,ddtree_tb32,dflash-original-ddtree,32,2\sqrt{5},"We are given a point $(6, 0)$ and a line $y = 2x - 2$, and we are asked to find the **shortest distance** from the point to the line.

---

### Step 1: Use the point-to-line distance formula

The **shortest distance** from a point $(x_0, y_0)$ to a line $Ax + By + C = 0$ is given by:

$$
\text{Distance} = \frac{|Ax_0 + By_0 + C|}{\sqrt{A^2 + B^2}}
$$

First, we rewrite the line equation $y = 2x - 2$ in standard form:

$$
y = 2x - 2 \Rightarrow 2x - y - 2 = 0
$$

So, $A = 2$, $B = -1$, and $C = -2$.

Now, plug in the point $(6, 0)$:

$$
\text{Distance} = \frac{|2(6) + (-1)(0) - 2|}{\sqrt{2^2 + (-1)^2}} = \frac{|12 - 0","(['2*sqrt(5)', '2\\sqrt{5}'], ['0', '0'])",False,
26,ddtree_tb32,dflash-original-ddtree,32,-9,"We are given the expression:

$$
1 + 2 + 3 - 4 + 5 + 6
$$

We are allowed to **add parentheses** (but **not rearrange the order** of the terms), and we are to find the **minimum possible value** of the expression under these constraints.

---

### Step 1: Understand the original expression

Let’s first compute the value of the original expression without parentheses:

$$
1 + 2 + 3 - 4 + 5 + 6 = (1 + 2 + 3) + (5 + 6) - 4 = 6 + 11 - 4 = 13
$$

So the original value is **13**.

---

### Step 2: Goal

We are to **add parentheses** (not change the order of the terms) to **minimize** the value of the expression.

We **cannot** change the order of the terms or use multiplication (e.g., we can't do something like $(1+2+3)(-4)+5+6$).

---

### Step 3: Strategy

We want to **minimize** the value. To do that, we want to **maximize","(['-9', '-9'], ['3', '3'])",False,
27,ddtree_tb32,dflash-original-ddtree,32,60,"We are given:

- **6 witches**
- **10 sorcerers**

Each **witch** shakes hands with **each sorcerer**, but:

- **Witches do not shake hands with other witches** (they are good friends).
- **Sorcerers do not shake hands with other sorcerers** (they hate each other).

So, the only handshakes that happen are between **witches and sorcerers**.

---

### Step 1: Count the number of possible handshakes between witches and sorcerers

Each of the **6 witches** shakes hands with **10 sorcerers**.

So, the total number of handshakes is:

$$
6 \text{ witches} \times 10 \text{ sorcerers} = 60 \text{ handshakes}
$$

---

### Step 2: Check for overcounting or invalid handshakes

- Witches don’t shake hands with other witches → no handshakes between witches.
- Sorcerers don’t shake hands with other sorcerers → no handshakes between sorcerers.

So, **all 60 handshakes** are between witches and sorcerers, and there are **no","(['60', '60'], ['60', '60'])",True,
28,ddtree_tb32,dflash-original-ddtree,32,10,"We are given the polynomial:

$$
x^8 + 3x^4 - 4
$$

and asked to factor it into irreducible monic polynomials with integer coefficients, and then compute the sum of the values of these polynomials at $ x = 1 $.

---

### Step 1: Factor the polynomial

We are given:

$$
x^8 + 3x^4 - 4
$$

Let’s make a substitution to simplify the expression. Let:

$$
y = x^4
$$

Then the polynomial becomes:

$$
y^2 + 3y - 4
$$

This is a quadratic in $ y $, so we can factor it:

$$
y^2 + 3y - 4 = (y + 4)(y - 1)
$$

Now substitute back $ y = x^4 $:

$$
(x^4 + 4)(x^4 - 1)
$$

So the original polynomial factors as:

$$
x^8 + 3x^4 - 4 = (x^4 + 4)(x^4 - 1)
$$

---

### Step 2: Factor each factor further

We now factor each","(['10', '10'], ['2', '2'])",False,
29,ddtree_tb32,dflash-original-ddtree,32,14,"We are asked to simplify the expression:

$$
(u+4)(u-1) - (u-3)(u+6)
$$

---

### Step 1: Expand each product

**First term:**
$$
(u+4)(u-1)
$$
Use the distributive property (FOIL method):

$$
= u(u) + u(-1) + 4(u) + 4(-1)
= u^2 - u + 4u - 4
= u^2 + 3u - 4
$$

**Second term:**
$$
(u-3)(u+6)
$$
Again, use the distributive property:

$$
= u(u) + u(6) - 3(u) - 3(6)
= u^2 + 6u - 3u - 18
= u^2 + 3u - 18
$$

---

### Step 2: Subtract the two expanded expressions

$$
(u^2 + 3u - 4) - (u^2 + 3u - 18)
$$

Distribute the negative sign:

$$
= u^2 + 3u - 4","(['14', '14'], ['4', '4'])",False,
30,ddtree_tb32,dflash-original-ddtree,32,0,"We are given a piecewise function:

$$
f(x) = \begin{cases}
3 - x & \text{if } x \leq 3, \\
-x^3 + 2x^2 + 3x & \text{if } x > 3.
\end{cases}
$$

We are asked to compute:

$$
f^{-1}(0) + f^{-1}(6)
$$

---

### Step 1: Find $ f^{-1}(0) $

We need to find the value of $ x $ such that $ f(x) = 0 $.

We'll check both cases of the piecewise function.

#### Case 1: $ x \leq 3 $

$$
f(x) = 3 - x
$$

Set $ f(x) = 0 $:

$$
3 - x = 0 \Rightarrow x = 3
$$

Check if $ x = 3 $ satisfies the condition $ x \leq 3 $: **Yes**.

So, $ f(3) = 0 $, so $ f^{-1}(0) = 3 $.

---

### Step 2: Find $ f^{-1}(6) $

We need","(['0', '0'], ['1/f(6)', 'f^{-1}(6)'])",False,
31,ddtree_tb32,dflash-original-ddtree,32,0.15,"We are asked to write the fraction $\frac{3}{20}$ as a decimal.

---

### Step 1: Understand the fraction
The fraction is:

$$
\frac{3}{20}
$$

This means 3 divided by 20.

---

### Step 2: Perform the division
We can divide 3 by 20:

$$
3 \div 20 = 0.15
$$

---

### Step 3: Verify the result
To check, multiply the decimal by 20:

$$
0.15 \times 20 = 3
$$

This confirms that the decimal is correct.

---

### Final Answer:

$$
\boxed{0.15}
$$","(['0.150000000000000', '0.15'], ['0.150000000000000', '0.15'])",True,
32,ddtree_tb32,dflash-original-ddtree,32,\frac{2}{1005},"We are given the equation:

$$
\frac{1}{x^2 - 1} + \frac{2}{x^2 - 2} + \frac{3}{x^2 - 3} + \frac{4}{x^2 - 4} = 2010x - 4
$$

We are to **find the sum of all complex solutions** of this equation.

---

### Step 1: Let’s make a substitution

Let:

$$
y = x^2
$$

Then the equation becomes:

$$
\frac{1}{y - 1} + \frac{2}{y - 2} + \frac{3}{y - 3} + \frac{4}{y - 4} = 2010x - 4
$$

But this still has both $ y $ and $ x $, and $ y = x^2 $, so we need to be careful. Let’s try to **eliminate $ x $**.

---

### Step 2: Let’s consider the left-hand side (LHS) as a function of $ x^2 $

Let’s define:

$$
f(x) = \frac{1","(['2/1005', '\\frac{2}{1005}'], ['x**2', 'x^2'])",False,
33,ddtree_tb32,dflash-original-ddtree,32,6,"We are given:

- 2 **indistinguishable** IMO gold medals (let's call them **I**),
- 2 **indistinguishable** IPhO gold medals (let's call them **P**).

We are to arrange these 4 medals in a **row**, and we want to find the number of **distinct arrangements** possible.

---

### Step 1: Understand the problem

We have 4 medals in total:

- 2 of type **I** (indistinguishable),
- 2 of type **P** (indistinguishable).

We are to arrange them in a row, and we want to count how many **distinct** arrangements are possible.

This is a **permutation of multiset** problem.

---

### Step 2: Use the formula for permutations of a multiset

The number of distinct arrangements of $ n $ items where there are duplicates is given by:

$$
\frac{n!}{n_1! \cdot n_2! \cdot \ldots \cdot n_k!}
$$

Where:
- $ n $ is the total number of items,
- $ n_1, n_2, \ldots, n_k $ are the counts of each distinct type.

In our","(['6', '6'], ['n', 'n_1, n_2,  , n_k'])",False,
34,ddtree_tb32,dflash-original-ddtree,32,28,"We are given the problem of selecting **6 cookies** from a tray that contains **three types of cookies**: **chocolate chip**, **oatmeal**, and **peanut butter**. Each type has **at least 6 cookies**, and **cookies of the same type are indistinguishable**.

We are to find the number of **different assortments** of 6 cookies that can be selected.

---

### Step 1: Understand the Problem

We are choosing **6 cookies** from **three types**, where:

- Let $ x $ = number of chocolate chip cookies
- Let $ y $ = number of oatmeal cookies
- Let $ z $ = number of peanut butter cookies

We are to find the number of **non-negative integer solutions** to the equation:

$$
x + y + z = 6
$$

with the constraint that $ x, y, z \geq 0 $, and since there are **at least 6 of each type**, we don't need to worry about the upper bounds (i.e., we don't have to worry about running out of cookies of any type).

---

### Step 2: Use the Stars and Bars Method

This is a classic **combinatorics problem**","(['28', '28'], ['2', '2'])",False,
35,ddtree_tb32,dflash-original-ddtree,32,\frac{16}{27},"We are given the following:

- Sam is carrying a **2-gallon** bucket of milk.
- The distance from the barn to his house is **3 miles**.
- For **each mile** he walks, the **amount of milk in the bucket is multiplied by $\frac{2}{3}$**.
- We are to find how many gallons of milk are left in the bucket **when he gets home**.

---

### Step 1: Understand the process

At the **start**, the bucket has **2 gallons**.

For **each mile**, the amount of milk is multiplied by $\frac{2}{3}$.

So, after:

- **1 mile**: $2 \times \frac{2}{3}$
- **2 miles**: $2 \times \left(\frac{2}{3}\right)^2$
- **3 miles**: $2 \times \left(\frac{2}{3}\right)^3$

We need to compute the amount of milk after **3 miles**.

---

### Step 2: Compute the amount of milk after 3 miles

$$
\text{Milk after 3 miles} = 2 \times \left(\frac{2}{3}\right)^3
$$

","(['16/27', '\\frac{16}{27}'], ['Eq(milkafter3miles, 2*(2/3)**3)', '\\text{Milk after 3 miles} = 2 \\times (\\frac{2}{3})^3'])",True,
36,ddtree_tb32,dflash-original-ddtree,32,42,"We are given that a **regular hexagon** can be divided into **six equilateral triangles**, and the **perimeter of one of these triangles is 21 inches**. We are to find the **perimeter of the regular hexagon**.

---

### Step 1: Understand the structure

A **regular hexagon** has **6 equal sides** and **6 equal angles**. When you divide a regular hexagon into **6 equilateral triangles**, each triangle has:

- **3 equal sides** (since the hexagon is regular and the triangles are equilateral)
- The **base of each triangle** is one side of the hexagon
- The **two other sides** are **radii** of the circumscribed circle of the hexagon

So, each triangle is **equilateral**, and all sides of the triangle are equal.

---

### Step 2: Use the given perimeter of one triangle

We are told that the **perimeter of one of the equilateral triangles is 21 inches**.

Let the side length of each triangle be $ s $.

Then the perimeter of the triangle is:

$$
3s = 21 \Rightarrow s = \frac{21}{3} = 7 \","(['42', '42'], ['7', '7'])",False,
37,ddtree_tb32,dflash-original-ddtree,32,103,"We are given the following:

- A **book has $ n $ leaves** if it is composed of $ n $ pieces of paper.
- Each **leaf** is one piece of paper, and each **page** is one side of a leaf.
- So, **each leaf has 2 pages**.
- Therefore, the **number of pages** in the book is **twice the number of leaves**.

Let’s define:

- Let $ L $ be the number of **leaves**.
- Then the number of **pages** is $ 2L $.

We are told:

- The number of **pages** is **3 more than a multiple of 7**.
- That is, $ 2L \equiv 3 \pmod{7} $.
- Also, the number of **leaves** is **greater than 100**, i.e., $ L > 100 $.
- We are to find the **smallest possible value of $ L $** that satisfies these conditions.

---

### Step 1: Solve the congruence

We are given:

$$
2L \equiv 3 \pmod{7}
$$

We want to solve for $ L $ in this congr","(['103', '103'], ['l', 'L'])",False,
38,ddtree_tb32,dflash-original-ddtree,32,56,"We are given the following information:

- Frank took a **100-question** aptitude test.
- Each **correct answer** gives **5 points**.
- Each **incorrect answer** gives **-2 points**.
- Each **unanswered question** gives **0 points**.
- Frank **answered 80 questions**.
- His **total score** is **232 points**.
- We are to find how many questions he answered **correctly**.

---

### Step 1: Define variables

Let:
- $ c $ = number of **correct answers**
- $ i $ = number of **incorrect answers**
- $ u $ = number of **unanswered questions**

We are told:
- Total questions: $ c + i + u = 100 $
- Total answered questions: $ c + i = 80 $
- Total score: $ 5c - 2i = 232 $

---

### Step 2: Use the total answered questions

From the second equation:
$$
c + i = 80 \quad \text{(1)}
$$

From the first equation:
$$
c + i + u = 100 \quad \text{(2)}
$$

","(['56', '56'], ['Eq(c + i, 80*1)', 'c + i = 80 \\quad \\text{(1)}'])",False,
39,ddtree_tb32,dflash-original-ddtree,32,\text{(E)},"We are given the polar equation:

$$
r^2 \cos 2\theta = 4
$$

We are to determine what kind of curve this represents, and choose from the options:

- (A) Line  
- (B) Circle  
- (C) Parabola  
- (D) Ellipse  
- (E) Hyperbola  

---

### Step 1: Use a trigonometric identity

Recall the double angle identity for cosine:

$$
\cos 2\theta = \cos^2 \theta - \sin^2 \theta
$$

But we can also use the identity:

$$
\cos 2\theta = \frac{1 - \tan^2 \theta}{1 + \tan^2 \theta}
$$

However, a more useful identity in polar coordinates is:

$$
\cos 2\theta = \frac{r^2 \cos^2 \theta - r^2 \sin^2 \theta}{r^2} = \cos^2 \theta - \sin^2 \theta
$$

But that's not helpful directly. Let's try to convert the equation to Cartesian coordinates.

---

### Step 2: Convert to Cartesian coordinates

","(['e', '\\text{(E)}'], ['2', '2'])",False,
40,ddtree_tb32,dflash-original-ddtree,32,4,"We are asked to find the **difference between the positive square root of 64 and the cube root of 64**.

---

### Step 1: Find the **positive square root of 64**

The square root of 64 is:

$$
\sqrt{64} = 8
$$

(We take the **positive** root, so it's 8, not -8.)

---

### Step 2: Find the **cube root of 64**

The cube root of 64 is:

$$
\sqrt[3]{64} = 4
$$

Because $ 4^3 = 64 $.

---

### Step 3: Find the **difference**

Now subtract the cube root from the square root:

$$
8 - 4 = 4
$$

---

### ✅ Final Answer:

$$
\boxed{4}
$$","(['4', '4'], ['4', '4'])",True,
41,ddtree_tb32,dflash-original-ddtree,32,\frac{14}{3},"We are given the function:

$$
f(x) = \frac{3x - 2}{x - 2}
$$

We are asked to find:

$$
f(-2) + f(-1) + f(0)
$$

---

### Step 1: Compute $ f(-2) $

$$
f(-2) = \frac{3(-2) - 2}{-2 - 2} = \frac{-6 - 2}{-4} = \frac{-8}{-4} = 2
$$

---

### Step 2: Compute $ f(-1) $

$$
f(-1) = \frac{3(-1) - 2}{-1 - 2} = \frac{-3 - 2}{-3} = \frac{-5}{-3} = \frac{5}{3}
$$

---

### Step 3: Compute $ f(0) $

$$
f(0) = \frac{3(0) - 2}{0 - 2} = \frac{-2}{-2} = 1
$$

---

### Step 4: Add the results

$$
f(-2) + f(-1)","(['14/3', '\\frac{14}{3}'], ['4', '4'])",False,
42,ddtree_tb32,dflash-original-ddtree,32,1,"We are given the following functions:

- $ t(x) = 3 - g(x) $
- $ g(x) = \sqrt{x} $

We are asked to find $ t(g(16)) $.

---

### Step 1: Evaluate $ g(16) $

Since $ g(x) = \sqrt{x} $, we substitute $ x = 16 $:

$$
g(16) = \sqrt{16} = 4
$$

---

### Step 2: Substitute into $ t(x) $

We now use the result from Step 1 in the function $ t(x) $:

$$
t(g(16)) = t(4)
$$

Recall that $ t(x) = 3 - g(x) $, so:

$$
t(4) = 3 - g(4)
$$

Now compute $ g(4) $:

$$
g(4) = \sqrt{4} = 2
$$

So:

$$
t(4) = 3 - 2 = 1
$$

---

### Final Answer:

$$
\boxed{1}
$$","(['1', '1'], ['1', '1'])",True,
43,ddtree_tb32,dflash-original-ddtree,32,12,"We are given the quadratic expression:

$$
10x^2 - x - 24
$$

and told it can be factored as:

$$
(Ax - 8)(Bx + 3)
$$

Our goal is to find integers $ A $ and $ B $ such that this factorization is correct, and then compute $ AB + B $.

---

### Step 1: Expand the factored form

We expand:

$$
(Ax - 8)(Bx + 3) = A B x^2 + 3A x - 8B x - 24
$$

Group like terms:

$$
= AB x^2 + (3A - 8B)x - 24
$$

Now compare this with the original expression:

$$
10x^2 - x - 24
$$

So we match coefficients:

- Coefficient of $ x^2 $: $ AB = 10 $
- Coefficient of $ x $: $ 3A - 8B = -1 $
- Constant term: $ -24 $ (matches)

---

### Step 2: Solve the system of equations

We now solve:

1. $ AB =","(['12', '12'], ['1', '1'])",False,
44,ddtree_tb32,dflash-original-ddtree,32,55^\circ,"We are given:

- The angle between vectors $\mathbf{a}$ and $\mathbf{b}$ is $29^\circ$.
- The angle between $\mathbf{b}$ and $\mathbf{a} - \mathbf{b}$ is $84^\circ$.
- We are to find the angle between $\mathbf{a}$ and $\mathbf{a} - \mathbf{b}$.

---

### Step 1: Use vector geometry and triangle angles

Let’s consider the triangle formed by the vectors $\mathbf{a}$, $\mathbf{b}$, and $\mathbf{a} - \mathbf{b}$.

Let’s denote:

- $\theta_1 = \angle(\mathbf{a}, \mathbf{b}) = 29^\circ$
- $\theta_2 = \angle(\mathbf{b}, \mathbf{a} - \mathbf{b}) = 84^\circ$
- $\theta_3 = \angle(\mathbf{a}, \mathbf{a} - \mathbf{b})$ (this is what we want to find)

These three angles are the internal angles of a triangle formed by","(['55', '55^\\circ'], ['Eq(theta_3, \\angle(a, a - b))', '\\theta_3 = \\angle(\\text{a}, \\text{a} - \\text{b})'])",False,
45,ddtree_tb32,dflash-original-ddtree,32,110,"We are given a problem involving 360 students, and we are to find how many students take **physics**. Let's break it down step by step using the information provided.

---

### **Step 1: Total number of students**
- Total students = 360
- 15 students take **all three** subjects: calculus, physics, and chemistry.
- 15 students take **none** of the three subjects.

So, the number of students who take **at least one** of the three subjects is:

$$
360 - 15 - 15 = 330
$$

So, **330 students** take at least one of the three subjects.

---

### **Step 2: Let’s define variables**

Let:
- $ C $ = number of students who take **calculus**
- $ P $ = number of students who take **physics**
- $ Ch $ = number of students who take **chemistry**

We are given:
- $ C = 180 $
- $ Ch = 2P $ (twice as many take chemistry as take physics)
- 75 take **both calculus and chemistry**
- 75 take **both physics and chemistry","(['110', '110'], ['75', '75'])",False,
46,ddtree_tb32,dflash-original-ddtree,32,120,"We are given a diagram with two circles, both centered at point $ D $, with radii 1 and 2. The shaded region has an area equal to $ \frac{5}{12} $ of the area of the **larger circle** (radius 2). We are to find the measure of the smaller angle $ \angle ADC $, where $ A $ and $ C $ are points on the circles.

---

### Step 1: Understand the Geometry

- The **larger circle** has radius 2, so its area is:
  $$
  A_{\text{large}} = \pi (2)^2 = 4\pi
  $$

- The **smaller circle** has radius 1, so its area is:
  $$
  A_{\text{small}} = \pi (1)^2 = \pi
  $$

- The shaded region is **part of both circles**, and its area is:
  $$
  A_{\text{shaded}} = \frac{5}{12} \times 4\pi = \frac{20\pi}{12} = \frac{5\pi}{3}
  $$

---

### Step","(['120', '120'], ['Eq(a_{\\text{shaded}}, (5/12)*4*pi) & Eq((5/12)*4*pi, (20*pi)/12) & Eq((20*pi)/12, (5*pi)/3)', 'A_{\\text{shaded}} = \\frac{5}{12} \\times 4\\pi = \\frac{20\\pi}{12} = \\frac{5\\pi}{3}'])",False,
47,ddtree_tb32,dflash-original-ddtree,32,8,"We are given that in a **convex polygon**, the **sum of all but one of its interior angles is $1070^\circ$**. We are to find the **number of sides** of the polygon.

---

### Step 1: Recall the formula for the sum of interior angles of a polygon

The sum of the interior angles of a polygon with $ n $ sides is:

$$
S = (n - 2) \times 180^\circ
$$

---

### Step 2: Use the given information

We are told that the **sum of all but one** of the interior angles is $1070^\circ$. That means the **sum of all interior angles** is:

$$
S = 1070^\circ + x
$$

where $ x $ is the **missing angle**.

But we also know that the total sum of all interior angles is:

$$
S = (n - 2) \times 180
$$

So we can write:

$$
(n - 2) \times 180 = 1070 + x
$$

---

### Step 3: Use the fact that the polygon is convex

In","(['8', '8'], ['3', '3'])",False,
48,ddtree_tb32,dflash-original-ddtree,32,80,"We are given a quadrilateral $ABCD$, with angles $\angle BAD$ and $\angle CDA$ **trisected**. We are to find the **degree measure of angle $\angle AFD$**.

---

### Step 1: Understand the diagram and given information

From the Asymptote code and the diagram:

- $A = (0,0)$, $B = (2,4)$, $C = (7,4)$, $D = (7,-2)$
- The quadrilateral is drawn as $A \to B \to C \to D \to A$
- Points $E$ and $F$ are on the trisectors of $\angle BAD$ and $\angle CDA$, respectively
- The diagram shows:
  - $\angle BAD$ is trisected into three equal parts, each of measure $x$
  - $\angle CDA$ is trisected into three equal parts, each of measure $y$
  - The diagram also labels:
    - $\angle ABC = 110^\circ$
    - $\angle BCD = 100^\circ$
    - The trisected angles are labeled as $x$ and $y$

---

","(['80', '80'], ['{x, y}', 'x and y'])",False,
49,ddtree_tb32,dflash-original-ddtree,32,4495,"We are asked to compute the binomial coefficient:

$$
\dbinom{31}{28}
$$

---

### Step 1: Use the identity for binomial coefficients

Recall the identity:

$$
\dbinom{n}{k} = \dbinom{n}{n - k}
$$

So,

$$
\dbinom{31}{28} = \dbinom{31}{3}
$$

This is because $ 31 - 28 = 3 $, and the binomial coefficient is symmetric.

---

### Step 2: Compute $\dbinom{31}{3}$

The formula for a binomial coefficient is:

$$
\dbinom{n}{k} = \frac{n!}{k!(n - k)!}
$$

So,

$$
\dbinom{31}{3} = \frac{31!}{3!(31 - 3)!} = \frac{31!}{3! \cdot 28!}
$$

We can simplify this by canceling out the $28!$ in the numerator and denominator:

$$
\dbinom{31}{3} = \frac{31 \cdot ","(['4495', '4495'], ['factorial(28)', '28!'])",False,
50,ddtree_tb32,dflash-original-ddtree,32,"(-\sqrt{3}, \sqrt{3})","We are given the inequality:

$$
-4 < x^4 + 4x^2 < 21
$$

We need to find all **real values of $ x $** that satisfy this inequality.

---

### Step 1: Analyze the left inequality: $ -4 < x^4 + 4x^2 $

Let’s define the function:

$$
f(x) = x^4 + 4x^2
$$

We want to find the values of $ x $ such that:

$$
f(x) > -4
$$

Note that $ x^4 \geq 0 $ and $ 4x^2 \geq 0 $ for all real $ x $, so:

$$
f(x) = x^4 + 4x^2 \geq 0
$$

So the left inequality $ -4 < x^4 + 4x^2 $ is **always true** for all real $ x $, because the expression is always non-negative.

So the **left inequality is always satisfied**.

---

### Step 2: Analyze the right inequality: $ x^4 + 4x^2 < 21 $

We now solve:

$$","(['Interval.open(-sqrt(3), sqrt(3))', '(-\\sqrt{3}, \\sqrt{3})'], ['x**4 + 4*x**2 < 21', 'x^4 + 4x^2 < 21'])",False,
51,ddtree_tb32,dflash-original-ddtree,32,210,"We are given:

- **7 boys**
- **4 girls**
- Mr. Brennan wants to **pick 3 boys and 2 girls** for a group presentation.

We are to find the number of **ways** to do this, where **the order does not matter**.

---

### Step 1: Choose 3 boys from 7

This is a **combination** problem because the order of selection doesn't matter.

$$
\binom{7}{3} = \frac{7!}{3!(7-3)!} = \frac{7 \times 6 \times 5}{3 \times 2 \times 1} = 35
$$

---

### Step 2: Choose 2 girls from 4

Again, this is a combination:

$$
\binom{4}{2} = \frac{4!}{2!(4-2)!} = \frac{4 \times 3}{2 \times 1} = 6
$$

---

### Step 3: Multiply the two results

Since we are choosing 3 boys **and** 2 girls, and the choices are independent, we multiply the number of ways to choose the boys by the number of ways","(['210', '210'], ['2', '2'])",False,
52,ddtree_tb32,dflash-original-ddtree,32,"\left( \frac{3}{2}, -13 \right)","We are given a parametric equation of a line:

$$
\begin{pmatrix} x \\ y \end{pmatrix} = \begin{pmatrix} 8 \\ -1 \end{pmatrix} + t \begin{pmatrix} 2 \\ 3 \end{pmatrix}
$$

This represents a line in **parametric form**, where:

- The point $\begin{pmatrix} 8 \\ -1 \end{pmatrix}$ is a point on the line (when $t = 0$).
- The vector $\begin{pmatrix} 2 \\ 3 \end{pmatrix}$ is the **direction vector** of the line.

---

### Step 1: Express $x$ and $y$ in terms of $t$

From the parametric equations:

$$
x = 8 + 2t \quad \text{(1)}
$$
$$
y = -1 + 3t \quad \text{(2)}
$$

---

### Step 2: Eliminate the parameter $t$

From equation (1), solve for $t$:

$$
x = 8 + 2t \Rightarrow t = \frac{x - 8}{2}
$$","(['(3/2, -13)', '( \\frac{3}{2}, -13 )'], ['(x - 8)/2', 'x = 8 + 2t \\Rightarrow t = \\frac{x - 8}{2}'])",False,
53,ddtree_tb32,dflash-original-ddtree,32,\sqrt{53},"We are asked to simplify $\sqrt{53}$ in simplest radical form.

---

### Step 1: Understand what ""simplest radical form"" means

A radical is in **simplest radical form** when:
- The radicand (the number under the square root) has **no perfect square factors** other than 1.
- The radical is **simplified** as much as possible.

---

### Step 2: Check if 53 is a perfect square

We check the square of numbers near 53:

- $7^2 = 49$
- $8^2 = 64$

So, 53 is **not a perfect square**.

---

### Step 3: Check if 53 has any perfect square factors

We factor 53:

- 53 is a **prime number** (it has no divisors other than 1 and itself).

So, the only factors of 53 are 1 and 53.

Since 53 is prime, it has **no perfect square factors** other than 1.

---

### Step 4: Conclusion

Since 53 is a prime number and has no perfect square factors other than 1, the square root of","(['sqrt(53)', '\\sqrt{53}'], ['1', '1'])",False,
54,ddtree_tb32,dflash-original-ddtree,32,\frac{1}{2},"We are given that two numbers $ x $ and $ y $ are selected **at random** from the interval $ (0, 3) $, and we are to find the **probability** that a triangle with sides of length $ 1 $, $ x $, and $ y $ **exists**.

---

### Step 1: **Triangle Inequality Conditions**

For a triangle with sides $ a, b, c $, the **triangle inequality** must hold:

$$
a + b > c, \quad a + c > b, \quad b + c > a
$$

In our case, the sides are $ 1, x, y $. So the triangle inequalities become:

1. $ 1 + x > y $
2. $ 1 + y > x $
3. $ x + y > 1 $

We are to find the **probability** that **all three** of these inequalities are satisfied, given that $ x, y \in (0, 3) $, and they are selected **uniformly at random**.

---

### Step 2: **Geometric Interpretation**

Since $ x $ and $ y $ are selected from the interval $ (0, 3) $, we can","(['1/2', '\\frac{1}{2}'], ['Interval.open(0, 3)', '(0, 3)'])",False,
55,ddtree_tb32,dflash-original-ddtree,32,\frac{8}{15},"We are given that the **area of triangle $ ABC $** is:

$$
\text{Area} = a^2 - (b - c)^2
$$

where $ a, b, c $ are the sides of triangle $ ABC $, and we are to compute $ \tan A $, where $ A $ is the angle opposite side $ a $.

---

### Step 1: Use the standard formula for the area of a triangle

The area of triangle $ ABC $ can also be written using the formula:

$$
\text{Area} = \frac{1}{2}bc \sin A
$$

So we equate the two expressions for the area:

$$
\frac{1}{2}bc \sin A = a^2 - (b - c)^2
$$

---

### Step 2: Simplify the right-hand side

$$
a^2 - (b - c)^2 = a^2 - (b^2 - 2bc + c^2) = a^2 - b^2 + 2bc - c^2
$$

So the equation becomes:

$$
\frac{1}{2}bc \sin A = a^2 - b^","(['8/15', '\\frac{8}{15}'], ['1/2', '\\frac{1}{2}'])",False,
56,ddtree_tb32,dflash-original-ddtree,32,1 - 12i,"We are given a **complex number** $ z = 3 $, and we are to apply a **90° clockwise rotation** around the point $ -4 - 5i $ in the complex plane.

---

### Step 1: Understand the rotation

A **90° clockwise rotation** in the complex plane is equivalent to multiplying by $ e^{-i\pi/2} = -i $.

So, to rotate a complex number $ z $ by 90° clockwise, we compute:

$$
z' = -i \cdot z
$$

But this is **only** true if the rotation is about the origin. Since the rotation is **about the point** $ -4 - 5i $, we need to:

1. Translate the complex plane so that the center of rotation becomes the origin.
2. Apply the rotation.
3. Translate back.

---

### Step 2: Translate the point

Let’s denote the center of rotation as $ c = -4 - 5i $.

To rotate around $ c $, we first translate the point $ z = 3 $ by subtracting $ c $:

$$
z' = z - c = 3 - (-4 - 5i) =","(['-1*12*i + 1', '1 - 12i'], ['5', '5'])",False,
57,ddtree_tb32,dflash-original-ddtree,32,10,"We are given:

- 7th grade enrollment: **520**
- 8th grade enrollment: **650**
- Total number of representatives: **18**

We are to determine how many representatives the **8th grade** should have if the representation is **fair**, meaning the number of representatives should be proportional to the size of each grade.

---

### Step 1: Find the total number of students

$$
\text{Total students} = 520 + 650 = 1170
$$

---

### Step 2: Determine the proportion of the total that the 8th grade represents

$$
\text{Proportion of 8th grade} = \frac{650}{1170}
$$

Simplify the fraction:

$$
\frac{650}{1170} = \frac{65}{117} = \frac{5}{9}
$$

So, the 8th grade should have **5/9** of the 18 representatives.

---

### Step 3: Calculate the number of representatives for the 8th grade

$$
\text{Representatives for 8th grade} =","(['10', '10'], ['8', '8'])",False,
58,ddtree_tb32,dflash-original-ddtree,32,8,"We are told:

- **12 friends** met for dinner.
- Each ordered **one meal**.
- The **portions were so large** that the food was enough for **18 people**.
- The question is: **If they share, how many meals should they have ordered to have just enough food for the 12 of them?**

---

### Step 1: Understand the total amount of food

The food was enough for **18 people**, which means the total amount of food is equivalent to **18 meals**.

So, the total food = **18 meals**.

---

### Step 2: Determine how many meals are needed for 12 people

If the food is to be **just enough** for **12 people**, we need to find out how many meals are required to serve 12 people, assuming the food is shared equally.

Since the food is enough for 18 people, we can find the amount of food per person:

$$
\text{Food per person} = \frac{18 \text{ meals}}{12 \text{ people}} = 1.5 \text{ meals per person}
$$

So, each person gets **1.5 meals","(['8', '8'], ['1.50000000000000', '1.5'])",False,
59,ddtree_tb32,dflash-original-ddtree,32,2k+2,"We are given the expression:

$$
(-k + 4) + (-2 + 3k)
$$

### Step 1: Remove the parentheses
Distribute the addition across the terms inside each parenthesis:

$$
-k + 4 - 2 + 3k
$$

### Step 2: Combine like terms
Group the terms with $ k $ and the constant terms:

- Terms with $ k $: $ -k + 3k = 2k $
- Constant terms: $ 4 - 2 = 2 $

### Step 3: Write the simplified expression
$$
2k + 2
$$

### Final Answer:
$$
\boxed{2k + 2}
$$","(['2*k + 2', '2k+2'], ['2*k + 2', '2k + 2'])",True,
60,ddtree_tb32,dflash-original-ddtree,32,550,"We are given:

- Karla drove **12,000 miles** last year.
- She drove an **SUV** that gets **15 miles per gallon (mpg)**.
- She would have driven a **hybrid** that gets **48 mpg**.

We need to find how many **gallons of gasoline** she would have **saved** by driving the hybrid instead of the SUV.

---

### Step 1: Calculate the gallons used by the SUV

$$
\text{Gallons used by SUV} = \frac{\text{Miles driven}}{\text{MPG of SUV}} = \frac{12,000}{15} = 800 \text{ gallons}
$$

---

### Step 2: Calculate the gallons used by the hybrid

$$
\text{Gallons used by hybrid} = \frac{\text{Miles driven}}{\text{MPG of hybrid}} = \frac{12,000}{48} = 250 \text{ gallons}
$$

---

### Step 3: Calculate the gallons saved

$$
\text{Gallons saved} = \text{Gallons used","(['550', '550'], ['3', '3'])",False,
61,ddtree_tb32,dflash-original-ddtree,32,"\$32,\!348","We are given:

- **Initial investment**: \$24,000  
- **Interest rate**: 1% **bi-monthly** (i.e., every 2 months)  
- **Time period**: 5 years  
- **Goal**: Find the total amount in the investment at the end of 5 years, rounded to the nearest whole number.

---

### Step 1: Understand the compounding frequency

- **Bi-monthly** means **every 2 months**.
- In 5 years, there are:
  $$
  5 \text{ years} \times 12 \text{ months/year} = 60 \text{ months}
  $$
  So, the number of **2-month periods** is:
  $$
  \frac{60}{2} = 30 \text{ periods}
  $$

---

### Step 2: Use the compound interest formula

The formula for compound interest is:

$$
A = P \left(1 + \frac{r}{n}\right)^{nt}
$$

But in this case, the interest is **compounded bi-monthly**, so we can use the formula:

$$
A = P (1 + r)^","(['32348', '32,348'], ['Eq(a, p*(1 + r/n)**(n*t))', 'A = P (1 + \\frac{r}{n})^{nt}'])",False,
62,ddtree_tb32,dflash-original-ddtree,32,"(-\infty, 2) \cup (3, \infty)","We are given the function:

$$
f(x) = \frac{2x - 7}{\sqrt{x^2 - 5x + 6}}
$$

We are asked to find the **domain** of this function, which is the set of all real numbers $ x $ for which the function is defined (i.e., the expression is real and defined).

---

### Step 1: Understand the function

The function is a **rational function** with a **square root in the denominator**. So, we must ensure that:

1. The **denominator is not zero** (since division by zero is undefined).
2. The **expression under the square root is non-negative** (since square roots of negative numbers are not real).

So, we need to find the values of $ x $ such that:

- $ x^2 - 5x + 6 \geq 0 $ (so that the square root is defined)
- $ \sqrt{x^2 - 5x + 6} \neq 0 $ (so that the denominator is not zero)

---

### Step 2: Solve the inequality $ x^2 - 5x + 6 \geq 0 $

Factor the quadratic","(['Union(Interval.open(-oo, 2), Interval.open(3, oo))', '(-\\infty, 2) \\cup (3, \\infty)'], ['x**2 - 1*5*x + 6 >= 0', 'x^2 - 5x + 6 \\geq 0'])",False,
63,ddtree_tb32,dflash-original-ddtree,32,1,"We are given the equation:

$$
(3^k)^6 = 3^6
$$

---

### Step 1: Simplify the left-hand side

Use the power of a power rule: $(a^m)^n = a^{m \cdot n}$

$$
(3^k)^6 = 3^{k \cdot 6} = 3^{6k}
$$

So the equation becomes:

$$
3^{6k} = 3^6
$$

---

### Step 2: Use the property of exponents

If $a^x = a^y$, then $x = y$, provided $a \ne 0$ and $a \ne 1$.

Here, the base is 3, which is not 0 or 1, so we can equate the exponents:

$$
6k = 6
$$

---

### Step 3: Solve for $k$

$$
6k = 6 \Rightarrow k = \frac{6}{6} = 1
$$

---

### Final Answer:

$$
\boxed{1}
$$","(['1', '1'], ['1', '1'])",True,
64,ddtree_tb32,dflash-original-ddtree,32,2,"We are given a piecewise function:

$$
f(x) =
\begin{cases}
ax^2 & \text{if } x \geq a,\\
ax + 2a & \text{if } x < a,
\end{cases}
$$

and we are asked to find the **largest value of $ a $** such that the graph of $ y = f(x) $ **intersects every horizontal line at least once**.

---

### Step 1: Understand the problem

We are to find the **largest** value of $ a $ such that **every horizontal line** (i.e., every line of the form $ y = k $) intersects the graph of $ f(x) $ at least once.

This means that for **every** real number $ k $, the equation $ f(x) = k $ has at least one solution $ x $.

So, we need to ensure that the function $ f(x) $ is **surjective** (onto) from $ \mathbb{R} $ to $ \mathbb{R} $, i.e., for every $ k \in \mathbb{R} $, there exists an $ x \in \mathbb{","(['2', '2'], ['Eq(k, Reals)', 'k \\in \\mathbb{R}'])",False,
65,ddtree_tb32,dflash-original-ddtree,32,4,"We are given that:

- $ n $ fair 6-sided dice are rolled.
- The probability that **exactly two** of them show a number **other than 1** is $ \frac{25}{216} $.
- We are to find the value of $ n $.

---

### Step 1: Understand the event

We are looking for the probability that **exactly two dice show a number other than 1**, and the remaining $ n - 2 $ dice show **1**.

So, for each die:

- The probability that it shows **1** is $ \frac{1}{6} $.
- The probability that it shows **not 1** is $ \frac{5}{6} $.

We want **exactly two** of the $ n $ dice to show **not 1**, and the rest to show **1**.

---

### Step 2: Use the binomial probability formula

The probability of exactly $ k $ successes (in this case, ""not 1"") in $ n $ trials is:

$$
P(k) = \binom{n}{k} \cdot p^k \cdot (1 - p)^{n - k}
$$

Here","(['4', '4'], ['Eq(P(k), p**k*(1 - p)**(-k + n)*binomial(n, k))', 'P(k) = \\binom{n}{k} \\cdot p^k \\cdot (1 - p)^{n - k}'])",False,
66,ddtree_tb32,dflash-original-ddtree,32,1+274i,"We are given a function:

$$
F(z) = \frac{z + i}{z - i}
$$

and a sequence defined recursively by:

$$
z_n = F(z_{n-1}), \quad \text{for } n \geq 1, \quad \text{with } z_0 = \frac{1}{137} + i
$$

We are to find $ z_{2002} $.

---

### Step 1: Understand the function $ F(z) $

We are given:

$$
F(z) = \frac{z + i}{z - i}
$$

This is a Möbius transformation (a linear fractional transformation). Möbius transformations are invertible and can be composed, and they often have periodic behavior when iterated.

Let’s try to find a pattern or periodicity in the sequence $ z_n $.

---

### Step 2: Try to compute a few terms

We are given:

$$
z_0 = \frac{1}{137} + i
$$

Let’s compute $ z_1 = F(z_0) $:

$$
z_1 = F\left( \frac{1}{13","(['274*i + 1', '1+274i'], ['Eq(z_1, F(z_0))', 'z_1 = F(z_0)'])",False,
67,ddtree_tb32,dflash-original-ddtree,32,\frac{11}{36},"We are given two fair, 6-sided dice, and we are to find the **probability that the product of the two numbers is a multiple of 5**.

---

### Step 1: Understand the problem

We are rolling two dice, each with numbers from 1 to 6. Let the numbers rolled be $ a $ and $ b $, where $ a, b \in \{1, 2, 3, 4, 5, 6\} $.

We are to find the probability that:

$$
a \cdot b \equiv 0 \pmod{5}
$$

This means the product is divisible by 5.

---

### Step 2: When is a product divisible by 5?

A number is divisible by 5 if it has at least one factor of 5. So, the product $ a \cdot b $ is divisible by 5 **if at least one of the numbers is divisible by 5**.

So, the product is divisible by 5 **if either**:

- $ a $ is divisible by 5, **or**
- $ b $ is divisible by 5

So, we can use the **inclusion-exclusion principle** to find the number of","(['11/36', '\\frac{11}{36}'], ['5', '5'])",False,
68,ddtree_tb32,dflash-original-ddtree,32,10,"We are given the following information:

- The robot moves at a **constant speed**.
- It takes **2.5 hours** to travel **1 kilometer**.
- At the same speed, it takes **90 seconds** to travel the **length of a hallway**.
- We are to find the **length of the hallway in meters**.

---

### Step 1: Find the robot's speed

We are told the robot takes **2.5 hours** to travel **1 kilometer**.

First, convert **2.5 hours** to **seconds** to match the time unit in the second part of the problem.

$$
2.5 \text{ hours} = 2.5 \times 3600 = 9000 \text{ seconds}
$$

So, the robot travels **1 kilometer = 1000 meters** in **9000 seconds**.

Now, calculate the **speed** in meters per second:

$$
\text{Speed} = \frac{1000 \text{ meters}}{9000 \text{ seconds}} = \frac{1}{9} \text{ m/s}
$$

---

### Step 2:","(['10', '10'], ['2', '2'])",False,
69,ddtree_tb32,dflash-original-ddtree,32,78,"We are given the following information about the math club's bake sale:

- **Cookies**: 54 cookies sold at **3 for $1**.
- **Cupcakes**: 20 cupcakes sold at **$2 each**.
- **Brownies**: 35 brownies sold at **$1 each**.
- **Cost to bake all items**: **$15**.

We are to find the **profit**, which is:

$$
\text{Profit} = \text{Total Revenue} - \text{Total Cost}
$$

---

### Step 1: Calculate total revenue

#### Cookies:
- 54 cookies sold at 3 for $1.
- Number of sets of 3 cookies:  
  $$
  \frac{54}{3} = 18 \text{ sets}
  $$
- Revenue from cookies:  
  $$
  18 \times 1 = \$18
  $$

#### Cupcakes:
- 20 cupcakes at $2 each:  
  $$
  20 \times 2 = \$40
  $$

#### Brownies:
- 35 brownies at $1 each:  
  $$
  3","(['78', '78'], ['3', '3'])",False,
70,ddtree_tb32,dflash-original-ddtree,32,3,"We are given the Fibonacci sequence:

$$
1, 1, 2, 3, 5, 8, 13, 21, \ldots
$$

Each term is the sum of the two previous terms. We are asked to find the **remainder when the 100th term** of the Fibonacci sequence is divided by **4**.

---

### Step 1: Understand the Problem

We are to compute:

$$
F_{100} \mod 4
$$

Where $ F_n $ is the $ n $-th Fibonacci number.

---

### Step 2: Use the Fibonacci Definition

The Fibonacci sequence is defined recursively as:

$$
F_1 = 1, \quad F_2 = 1, \quad F_n = F_{n-1} + F_{n-2} \text{ for } n \geq 3
$$

We are not going to compute $ F_{100} $ directly (that would be too large), but we can **find a pattern in the Fibonacci numbers modulo 4**.

---

### Step 3: Compute Fibonacci Numbers Modulo 4

Let’s compute the first few Fibonacci numbers modulo 4","(['3', '3'], ['4', '4'])",False,
71,ddtree_tb32,dflash-original-ddtree,32,28,"We are given a geometric diagram with the following information:

- $\overline{BC}$ is **parallel** to the segment through $A$.
- $AB = BC$.
- An angle of $124^\circ$ is labeled at point $A$, and we are to find the value of $x$, which is labeled at point $B$.

Let’s analyze the diagram step by step.

---

### Step 1: Understand the diagram

From the Asymptote code and the labels:

- Points:
  - $A = (2, 3)$
  - $B = (4, 0)$
  - $C = (8, 0)$
- Segment $\overline{BC}$ is horizontal (from $x = 4$ to $x = 8$ on the bottom line).
- Segment through $A$ is the line from $A = (2, 3)$ to $C = (8, 0)$, which is a diagonal line.
- $\overline{BC}$ is **parallel** to the segment through $A$.
- $AB = BC$.
- An angle of $124^\circ$ is at point $A$, and we are","(['28', '28'], ['a', 'A'])",False,
72,ddtree_tb32,dflash-original-ddtree,32,23,"We are asked to find the result when the **greatest common factor (GCF)** of 6432 and 132 is **increased by 11**.

---

### Step 1: Find the GCF of 6432 and 132

We will use the **Euclidean Algorithm** to find the GCF.

Let’s denote:
- $ a = 6432 $
- $ b = 132 $

We apply the Euclidean Algorithm:

$$
\begin{align*}
6432 \div 132 &= 48 \text{ remainder } 96 \quad \text{(since } 132 \times 48 = 6336, \text{ and } 6432 - 6336 = 96) \\
132 \div 96 &= 1 \text{ remainder } 36 \quad \text{(since } 96 \times 1 = 96, \text{ and } 132 - 96 = 36) \\
96 \div 36 &= 2 \text{ remainder } 24","(['23', '23'], ['24', '24'])",False,
73,ddtree_tb32,dflash-original-ddtree,32,3,"We are asked to evaluate the product:

$$
\log_2{3} \cdot \log_3{4} \cdot \log_4{5} \cdot \log_5{6} \cdot \log_6{7} \cdot \log_7{8}
$$

---

### Step 1: Use the **change of base formula**

Recall the **change of base formula**:

$$
\log_a{b} = \frac{\log_c{b}}{\log_c{a}}
$$

We can use base 2 for all logs, or any common base. Let's use base 2 for simplicity.

So:

$$
\log_2{3} = \frac{\log_2{3}}{\log_2{2}} = \log_2{3}
$$

But more generally, we can write:

$$
\log_2{3} = \frac{\log{3}}{\log{2}}, \quad \log_3{4} = \frac{\log{4}}{\log{3}}, \quad \log_4{5} = \frac{\log{5}}{\log{4}}, \quad \text{and so","(['3', '3'], ['Eq(log(3, 2)/log(2, 2), log(3, 2)) & Eq(log(3, 2), log(3, 2)/log(2, 2))', '\\log_2{3} = \\frac{\\log_2{3}}{\\log_2{2}} = \\log_2{3}'])",False,
74,ddtree_tb32,dflash-original-ddtree,32,44,"We are asked to compute the **modular inverse** of $ 17 $ modulo $ 83 $, that is:

$$
17^{-1} \pmod{83}
$$

This means we are looking for an integer $ x $ such that:

$$
17x \equiv 1 \pmod{83}
$$

---

### Step 1: Use the given hint

We are told:

$$
17 \cdot 5 = 85
$$

So:

$$
17 \cdot 5 \equiv 85 \pmod{83}
$$

Now compute $ 85 \mod 83 $:

$$
85 - 83 = 2 \Rightarrow 85 \equiv 2 \pmod{83}
$$

So:

$$
17 \cdot 5 \equiv 2 \pmod{83}
$$

This gives us:

$$
17 \cdot 5 \equiv 2 \pmod{83}
$$

Now, we want to find $ x $ such that:

$$
17x \equiv 1 \pmod{83}
$$

We can use the above to find","(['44', '44'], ['1', '17x \\equiv 1 \\pmod{83}'])",False,
75,ddtree_tb32,dflash-original-ddtree,32,12,"We are given the percentage of **bus riders** among **males** and **females** in each grade, based on a survey of 300 males and 300 females in each grade.

We are asked: **For which grade is the number of its male bus riders closest to 135% of the number of its female bus riders?**

---

### Step 1: Understand the question

We are given **percentages** of bus riders among males and females in each grade. We are to find the grade where the **number of male bus riders is closest to 135% of the number of female bus riders**.

Let’s denote:

- $ M $ = number of male bus riders
- $ F $ = number of female bus riders

We are to find the grade where:

$$
M \approx 1.35F
$$

Since there are 300 males and 300 females in each grade, we can compute the number of male and female bus riders as:

$$
M = 0.411 \times 300 = 123.3 \quad \text{(for 9th grade)}
$$
$$
F = ","(['12', '12'], ['Eq(m, 0.411*300) & Eq(0.411*300, 123.3*for9thgrade)', 'M = 0.411 \\times 300 = 123.3 \\quad \\text{(for 9th grade)}'])",False,
76,ddtree_tb32,dflash-original-ddtree,32,3,"We are given:

- Total number of boxes: **10**
- Boxes with **pencils**: **5**
- Boxes with **pens**: **4**
- Boxes with **both pens and pencils**: **2**

We are asked to find how many boxes contain **neither pens nor pencils**.

---

### Step 1: Use the principle of inclusion and exclusion

Let:

- $ P $ = set of boxes with **pencils**
- $ Q $ = set of boxes with **pens**

We are given:

- $ |P| = 5 $
- $ |Q| = 4 $
- $ |P \cap Q| = 2 $

We want to find the number of boxes that contain **neither** pencils **nor** pens, i.e., the number of boxes in the complement of $ P \cup Q $.

First, find the number of boxes that contain **either** pencils **or** pens:

$$
|P \cup Q| = |P| + |Q| - |P \cap Q| = 5 + 4 - 2 = 7
$$

So, 7 boxes contain **either** pencils **or** pens.

---

### Step 2:","(['3', '3'], ['2', '2'])",False,
77,ddtree_tb32,dflash-original-ddtree,32,13,"We are given a geometric figure with four points: $ A, B, C, D $, and the distances between them are labeled in the diagram. The goal is to find the **shortest distance** that can be traveled if we **start at any one of the points** and **visit the other three points once** (i.e., a **Hamiltonian path** that visits all four points exactly once, starting from any point).

---

### Step 1: Understand the Diagram

From the Asymptote code and the labels, we can extract the distances between the points:

- $ AB = 6 $
- $ AC = 6 $
- $ AD = 5 $
- $ BC = 5 $
- $ BD = 3 $
- $ CD = 4 $

So the full distance matrix is:

|   | A | B | C | D |
|---|---|---|---|---|
| A | 0 | 6 | 6 | 5 |
| B | 6 | 0 | 5 | 3 |
| C | 6 | 5 | 0 | 4 |
| D | 5 | 3 | 4 | 0 |

---

### Step 2:","(['13', '13'], ['2', '2'])",False,
78,ddtree_tb32,dflash-original-ddtree,32,\frac{3}{2},"We are given that Remmy wants to divide **10 by $\frac{2}{3}$**, and we need to find the number he should **multiply 10 by** to get the result.

---

### Step 1: Understand the operation

Dividing by a fraction is the same as **multiplying by its reciprocal**.

So:

$$
10 \div \frac{2}{3} = 10 \times \frac{3}{2}
$$

---

### Step 2: Perform the multiplication

$$
10 \times \frac{3}{2} = \frac{10 \times 3}{2} = \frac{30}{2} = 15
$$

---

### Final Answer:

$$
\boxed{15}
$$

So, Remmy should multiply **10 by $\frac{3}{2}$** to get the result of dividing 10 by $\frac{2}{3}$, and the answer is:

$$
\boxed{15}
$$","(['3/2', '\\frac{3}{2}'], ['15', '15'])",False,
79,ddtree_tb32,dflash-original-ddtree,32,-1,"We are given two polynomials:

- $ P(t) = 3t^2 + 5t + a $
- $ Q(t) = 4t^2 + bt - 2 $

Their product is:

$$
P(t) \cdot Q(t) = 12t^4 + 26t^3 - 8t^2 - 16t + 6
$$

We are to find the value of $ a + b $.

---

### Step 1: Multiply the two polynomials

We multiply:

$$
(3t^2 + 5t + a)(4t^2 + bt - 2)
$$

Use the distributive property (FOIL method for polynomials):

$$
= 3t^2(4t^2 + bt - 2) + 5t(4t^2 + bt - 2) + a(4t^2 + bt - 2)
$$

Now expand each term:

- $ 3t^2(4t^2 + bt - 2) = 12t^4 + 3bt^3 - 6t^2 $
- $ 5t(4t^2","(['-1', '-1'], ['5', '5'])",False,
80,ddtree_tb32,dflash-original-ddtree,32,24,"We are given that $ p(x) $ is a **monic polynomial of degree 4**, and that **three of its roots are 1, 2, and 3**. We are to find:

$$
p(0) + p(4)
$$

---

### Step 1: General form of the polynomial

Since $ p(x) $ is a **monic polynomial of degree 4**, and it has roots 1, 2, and 3, we can write:

$$
p(x) = (x - 1)(x - 2)(x - 3)(x - r)
$$

where $ r $ is the **fourth root** of the polynomial (not yet known).

---

### Step 2: Find $ p(0) $

We compute $ p(0) $ by plugging in $ x = 0 $:

$$
p(0) = (0 - 1)(0 - 2)(0 - 3)(0 - r) = (-1)(-2)(-3)(-r) = (6)(r) = 6r
$$

So:

$$
p(0) = 6r
$$

---

### Step 3: Find","(['24', '24'], ['3', '3'])",False,
81,ddtree_tb32,dflash-original-ddtree,32,66,"We are given the following conditions about a group of $ N $ students:

1. When the students are grouped in **groups of 8**, the **last group has 5 students**.
2. When the students are grouped in **groups of 6**, the **last group has 3 students**.
3. $ N < 50 $

We are to find the **sum of all possible values of $ N $** that satisfy these conditions.

---

### Step 1: Translate the conditions into congruences

Let’s interpret the conditions using modular arithmetic.

#### Condition 1: Grouping in 8s, last group has 5 students

This means that when $ N $ is divided by 8, the **remainder is 5**.

So:
$$
N \equiv 5 \pmod{8}
$$

#### Condition 2: Grouping in 6s, last group has 3 students

This means that when $ N $ is divided by 6, the **remainder is 3**.

So:
$$
N \equiv 3 \pmod{6}
$$

We now have a system of congruences:
$$
\begin{cases}
N \equiv 5 \pmod{","(['66', '66'], ['5', '5'])",False,
82,ddtree_tb32,dflash-original-ddtree,32,81,"We are asked to find the **maximum value** of the expression:

$$
4(x + 7)(2 - x)
$$

---

### Step 1: Expand the expression

First, expand the product inside the parentheses:

$$
(x + 7)(2 - x) = x(2 - x) + 7(2 - x) = 2x - x^2 + 14 - 7x = -x^2 - 5x + 14
$$

Now multiply by 4:

$$
4(x + 7)(2 - x) = 4(-x^2 - 5x + 14) = -4x^2 - 20x + 56
$$

So the expression becomes:

$$
f(x) = -4x^2 - 20x + 56
$$

---

### Step 2: Recognize the form of the function

This is a **quadratic function** of the form:

$$
f(x) = ax^2 + bx + c
$$

where:

- $ a = -4 $
- $ b = -20 $
- $ c = 56 $

Since the coefficient of","(['81', '81'], ['Eq(c, 56)', 'c = 56'])",False,
83,ddtree_tb32,dflash-original-ddtree,32,11,"We are given the inequality:

$$
|x - 2| \leq 5.6
$$

### Step 1: Understand the inequality

The expression $|x - 2| \leq 5.6$ means that the distance between $x$ and 2 is less than or equal to 5.6. This can be rewritten as a compound inequality:

$$
-5.6 \leq x - 2 \leq 5.6
$$

### Step 2: Solve the compound inequality

Add 2 to all parts of the inequality:

$$
-5.6 + 2 \leq x \leq 5.6 + 2
$$

$$
-3.6 \leq x \leq 7.6
$$

### Step 3: Find the integers in this interval

We are looking for **integers** $x$ such that:

$$
-3.6 \leq x \leq 7.6
$$

The integers in this range are:

$$
-3, -2, -1, 0, 1, 2, 3, 4, 5, 6, 7","(['11', '11'], ['7', '7'])",False,
84,ddtree_tb32,dflash-original-ddtree,32,3,"We are given four symbols:  
- $\triangle$  
- $\square$  
- $\diamond$  
- $\clubsuit$  

Each represents a **different integer from 1 to 9**.  
We are given three equations:

$$
\begin{align*}
(1) \quad \triangle + \square &= \clubsuit \\
(2) \quad \triangle + \triangle &= \diamond + \diamond + \diamond + \diamond + \diamond \\
(3) \quad \triangle + \triangle &= \clubsuit + \diamond
\end{align*}
$$

We are to find the value of $\square$.

---

### Step 1: Simplify the equations

Let’s denote:

- $T = \triangle$
- $S = \square$
- $D = \diamond$
- $C = \clubsuit$

Then the equations become:

$$
\begin{align*}
(1) \quad T + S &= C \\
(2) \quad 2T &= 5D \\
(3) \quad 2T &= C + D
\end{align*}
$$

---

### Step 2: Use equations (2) and (3) to eliminate variables

","(['3', '3'], ['2', '2'])",False,
85,ddtree_tb32,dflash-original-ddtree,32,64,"We are given a Mr. Potato Head with various optional features, and we are to count how many **different wacky personalities** Tom can create, given the rules.

---

### **Step 1: Understand the Components**

The Mr. Potato Head has the following optional features:

- **Hairstyle**: 3 choices
- **Eyebrows**: 2 sets (but **cannot mix and match** — so we must choose one full set)
- **Eyes**: 1 pair (so only 1 choice)
- **Ears**: 2 sets
- **Lips**: 2 sets
- **Shoes**: 2 choices (regular or clown)
- **Hair**: optional (can be bald, i.e., no hair)

---

### **Step 2: Understand the ""Complete Personality"" Definition**

A **complete personality** includes:

- **Eyebrows**
- **Eyes**
- **Ears**
- **Lips**
- **Shoes**
- **Optionally** **Hair**

So, **hair is optional** — meaning Tom can choose to have **hair or not**.

---

### **Step 3: Count the Choices for Each Component**

Let’s break it down:

- **Eyebrows**:","(['64', '64'], ['3', '3'])",False,
86,ddtree_tb32,dflash-original-ddtree,32,2,"We are given the equation:

$$
3^{2x} + 19 = 10^x
$$

---

### Step 1: Simplify the left-hand side

Note that $ 3^{2x} = (3^2)^x = 9^x $. So the equation becomes:

$$
9^x + 19 = 10^x
$$

---

### Step 2: Let’s make a substitution

Let’s set:

$$
y = 10^x
$$

Then, since $ 9^x = (10^x)^{\log_{10} 9} = y^{\log_{10} 9} $, but this might complicate things.

Alternatively, we can try to **guess and check** small integer values of $ x $ to see if they satisfy the equation.

---

### Step 3: Try small integer values of $ x $

Try $ x = 1 $:

$$
9^1 + 19 = 9 + 19 = 28 \\
10^1 = 10 \quad \text{→ Not equal}
$$

Try $ x = 2 $:

$$
9","(['2', '2'], ['9', '9'])",False,
87,ddtree_tb32,dflash-original-ddtree,32,26000,"We are asked to find the value of:

$$
513^2 - 487^2
$$

This is a difference of squares, which can be factored using the identity:

$$
a^2 - b^2 = (a - b)(a + b)
$$

Let’s apply this identity.

### Step 1: Identify $ a $ and $ b $
Here, $ a = 513 $ and $ b = 487 $

### Step 2: Compute $ a - b $ and $ a + b $

$$
a - b = 513 - 487 = 26
$$
$$
a + b = 513 + 487 = 1000
$$

### Step 3: Multiply the results

$$
513^2 - 487^2 = (a - b)(a + b) = 26 \times 1000 = 26000
$$

### Final Answer:

$$
\boxed{26000}
$$","(['26000', '26000'], ['26000', '26000'])",True,
88,ddtree_tb32,dflash-original-ddtree,32,120,"We are given a **convex quadrilateral** with the following properties:

- The **largest angle** is **twice** the **smallest angle**.
- The **other two angles** are **both right angles** (i.e., 90° each).
- We are to find the **measure of the largest angle**.

---

### Step 1: Use the angle sum of a quadrilateral

In any quadrilateral, the **sum of the interior angles** is:

$$
\text{Sum of angles} = 360^\circ
$$

Let the **smallest angle** be $ x $ degrees.

Then the **largest angle** is $ 2x $ degrees.

The other two angles are both right angles, so they are each $ 90^\circ $.

So, the total sum of the angles is:

$$
x + 2x + 90^\circ + 90^\circ = 360^\circ
$$

---

### Step 2: Solve the equation

$$
x + 2x + 90 + 90 = 360
$$
$$
3x + 180 = 360
","(['120', '120'], ['360', '360'])",False,
89,ddtree_tb32,dflash-original-ddtree,32,49,"We are given a custom operation defined as:

$$
\frac{m}{n} @ \frac{p}{q} = (m)(p)\left(\frac{q}{n}\right)
$$

We are asked to compute:

$$
\frac{7}{30} @ \frac{10}{21}
$$

---

### Step 1: Identify the values of $ m, n, p, q $

From the expression:

- $ \frac{m}{n} = \frac{7}{30} \Rightarrow m = 7, n = 30 $
- $ \frac{p}{q} = \frac{10}{21} \Rightarrow p = 10, q = 21 $

---

### Step 2: Plug into the operation formula

$$
\frac{7}{30} @ \frac{10}{21} = (7)(10)\left(\frac{21}{30}\right)
$$

---

### Step 3: Compute the expression

First, compute the product of the integers:

$$
7 \times 10 = 70
$$

Now compute the fraction:

$$
\frac{","(['49', '49'], ['Eq(7*10, 70)', '7 \\times 10 = 70'])",False,
90,ddtree_tb32,dflash-original-ddtree,32,\dfrac{17}{50},"We are given the set of integers:

$$
\{1, 2, 3, \ldots, 100\}
$$

We are to find the **probability** that a randomly selected integer from this set is:

- **Divisible by 2**, and
- **Not divisible by 3**.

---

### Step 1: Total number of integers in the set

The set contains the integers from 1 to 100, so the total number of integers is:

$$
100
$$

---

### Step 2: Count the numbers divisible by 2

A number is divisible by 2 if it is even.

The even numbers between 1 and 100 are:

$$
2, 4, 6, \ldots, 100
$$

This is an arithmetic sequence with:

- First term $ a = 2 $
- Last term $ l = 100 $
- Common difference $ d = 2 $

The number of terms in this sequence is:

$$
n = \frac{l - a}{d} + 1 = \frac{100 - 2}{2} + 1 = \frac{98}{","(['17/50', '\\frac{17}{50}'], ['1', '1'])",False,
91,ddtree_tb32,dflash-original-ddtree,32,200,"We are given:

- The field is **rectangular**.
- **Width** = 300 feet
- **Length** = 400 feet
- **Jim** walks **diagonally** across the field.
- **Martha** walks **along the length and width** to the same point.
- We are to find how many **feet less** Jim walks than Martha.

---

### Step 1: Find the distance Jim walks (diagonal)

Jim walks **diagonally** across the rectangle. The diagonal of a rectangle can be found using the **Pythagorean Theorem**:

$$
\text{Diagonal} = \sqrt{\text{length}^2 + \text{width}^2}
$$

$$
\text{Diagonal} = \sqrt{400^2 + 300^2} = \sqrt{160000 + 90000} = \sqrt{250000} = 500 \text{ feet}
$$

So, **Jim walks 500 feet**.

---

### Step 2: Find the distance Martha walks

Martha walks **along the length and width","(['200', '200'], ['2', '2'])",False,
92,ddtree_tb32,dflash-original-ddtree,32,21,"We are asked to find the **greatest common divisor (GCD)** of the three numbers:

$$
3339,\ 2961,\ 1491
$$

---

### Step 1: Use the Euclidean Algorithm

We'll start by finding the GCD of the first two numbers, then use that result to find the GCD with the third number.

#### Step 1.1: Find GCD(3339, 2961)

We apply the Euclidean algorithm:

$$
\begin{align*}
3339 \div 2961 &= 1 \text{ remainder } 378 \\
2961 \div 378 &= 7 \text{ remainder } 273 \\
378 \div 273 &= 1 \text{ remainder } 105 \\
273 \div 105 &= 2 \text{ remainder } 63 \\
105 \div 63 &= 1 \text{ remainder } 42 \\
63 \div 42 &= 1 \text{ remainder } 21 \\
42 \div 21 &= ","(['21', '21'], ['21', '21'])",True,
93,ddtree_tb32,dflash-original-ddtree,32,\sqrt{5},"We are given:

- A **right cylindrical tank** is being filled with water at a rate of $ 20\pi $ cubic meters per hour.
- The **water level rises 4 meters per hour**.
- We are to find the **radius** of the tank, in **simplest radical form**.

---

### Step 1: Understand the relationship between volume and height

The volume $ V $ of a cylinder is given by:

$$
V = \pi r^2 h
$$

Where:
- $ r $ is the **radius** of the base,
- $ h $ is the **height** of the water.

We are told that the **volume increases at a rate of $ 20\pi $ m³/hour**, and the **height increases at a rate of 4 meters per hour**.

So, we are given:

$$
\frac{dV}{dt} = 20\pi \quad \text{and} \quad \frac{dh}{dt} = 4
$$

We want to find $ r $, the radius of the tank.

---

### Step 2: Differentiate the volume formula with respect to time

We differentiate the volume formula with respect to time","(['sqrt(5)', '\\sqrt{5}'], ['2', '2'])",False,
94,ddtree_tb32,dflash-original-ddtree,32,\frac{1}{4},"We are given that a point $(x, y)$ is randomly selected such that:

$$
0 \le x \le 8 \quad \text{and} \quad 0 \le y \le 4
$$

We are to find the **probability** that:

$$
x + y \le 4
$$

---

### Step 1: Understand the Sample Space

The total area of the region where the point $(x, y)$ can be selected is a rectangle with:

- Width = $8$ (from $x = 0$ to $x = 8$)
- Height = $4$ (from $y = 0$ to $y = 4$)

So the **total area** of the sample space is:

$$
\text{Total Area} = 8 \times 4 = 32
$$

---

### Step 2: Understand the Region Where $x + y \le 4$

We are interested in the region where:

$$
x + y \le 4
$$

This is a **linear inequality**. Let's sketch or visualize the region in the coordinate plane.

- The line $x + y = 4$ is a straight line that","(['1/4', '\\frac{1}{4}'], ['Eq(x + y, 4)', 'x + y = 4'])",False,
95,ddtree_tb32,dflash-original-ddtree,32,3,"We are given the cubic equation:

$$
x^3 + ax^2 + ax + 1 = 0
$$

and told that **all roots are real**. We are to find the **smallest possible value of $ a > 0 $** for which this is true.

---

### Step 1: Use the fact that all roots are real

Let the roots of the cubic be $ r_1, r_2, r_3 $, all real. Then by Vieta's formulas:

- $ r_1 + r_2 + r_3 = -a $
- $ r_1r_2 + r_1r_3 + r_2r_3 = a $
- $ r_1r_2r_3 = -1 $

We are to find the **smallest positive $ a $** such that all roots are real.

---

### Step 2: Use the discriminant of a cubic

A cubic polynomial $ x^3 + bx^2 + cx + d $ has **all real roots** if and only if its **discriminant is non-negative**.

The discriminant $ \Delta $ of a cubic $ x^3 + bx^2 + cx + d","(['3', '3'], ['delta', '\\Delta'])",False,
96,ddtree_tb32,dflash-original-ddtree,32,2,"We are given a two-digit number in the form **""B6""**, where **B** is the tens digit, and the number is the **square of a positive integer**.

We are to find how many **distinct possible values** there are for **B**.

---

### Step 1: Understand the number format

The number is of the form **""B6""**, which is a two-digit number where the **tens digit is B** and the **units digit is 6**.

So, the number is:

$$
10B + 6
$$

We are told this number is a **perfect square**.

---

### Step 2: Find all two-digit numbers ending in 6 that are perfect squares

We need to find all **two-digit numbers** that end in **6** and are perfect squares.

Let’s list all perfect squares between 10 and 99 (since we are looking for two-digit numbers):

$$
4^2 = 16 \\
5^2 = 25 \\
6^2 = 36 \\
7^2 = 49 \\
8^2 = 64 \\
9^2 = 81 \\
10^2 = 10","(['2', '2'], ['10', '10'])",False,
97,ddtree_tb32,dflash-original-ddtree,32,13,"We are given the equation of a line:

$$
\frac{x}{4} + \frac{y}{12} = 1
$$

We are asked to find the **x-intercept** $ a $, the **y-intercept** $ b $, and the **slope** $ m $, and then compute $ a + b + m $.

---

### Step 1: Find the x-intercept $ a $

The **x-intercept** is the value of $ x $ when $ y = 0 $.

Substitute $ y = 0 $ into the equation:

$$
\frac{x}{4} + \frac{0}{12} = 1 \Rightarrow \frac{x}{4} = 1 \Rightarrow x = 4
$$

So, the **x-intercept** is:

$$
a = 4
$$

---

### Step 2: Find the y-intercept $ b $

The **y-intercept** is the value of $ y $ when $ x = 0 $.

Substitute $ x = 0 $ into the equation:

$$
\frac{0}{4} + \frac{y}{12} = 1 \Rightarrow \frac{","(['13', '13'], ['1', '1'])",False,
98,ddtree_tb32,dflash-original-ddtree,32,\frac{1997}{2},"We are given that:

$$
\omega^{1997} = 1 \quad \text{and} \quad \omega \neq 1
$$

This means that $\omega$ is a **primitive 1997th root of unity**, i.e., $\omega$ is a complex number such that:

$$
\omega^k \neq 1 \quad \text{for } 1 \leq k < 1997
$$

We are to evaluate the sum:

$$
S = \sum_{k=1}^{1997} \frac{1}{1 + \omega^k}
$$

---

### Step 1: Use the identity for roots of unity

Let’s recall that the **roots of unity** are the solutions to the equation:

$$
x^{1997} = 1
$$

These are:

$$
1, \omega, \omega^2, \omega^3, \dots, \omega^{1996}
$$

So the sum $S$ is over all 1997th roots of unity, including 1. But we are told that $\omega \neq 1$,","(['1997/2', '\\frac{1997}{2}'], ['Ne(omega, 1)', '\\omega \\neq 1'])",False,
99,ddtree_tb32,dflash-original-ddtree,32,66,"We are given the equation:

$$
\sqrt[3]{x^2 - 4x + 4} = 16
$$

---

### Step 1: Eliminate the cube root

To get rid of the cube root, we can **cube both sides** of the equation:

$$
\left( \sqrt[3]{x^2 - 4x + 4} \right)^3 = 16^3
$$

$$
x^2 - 4x + 4 = 4096
$$

---

### Step 2: Solve the quadratic equation

Now we solve:

$$
x^2 - 4x + 4 = 4096
$$

Subtract 4096 from both sides:

$$
x^2 - 4x + 4 - 4096 = 0
$$

$$
x^2 - 4x - 4092 = 0
$$

---

### Step 3: Use the quadratic formula

The quadratic formula is:

$$
x = \frac{-b \pm \sqrt{b^2 - 4ac}}{2a}
$$

Here, $ a","(['66', '66'], ['4', 'x = \\frac{-b \\pm \\sqrt{b^2 - 4ac}}{2a}'])",False,
100,ddtree_tb32,dflash-original-ddtree,32,480,"We are given:

- 6 **different** books.
- 2 of them are **math books**.
- We want to **stack all 6 books on a shelf**.
- The **condition**: the **math books must not be next to each other**.

---

### Step 1: Total number of ways to arrange 6 books

Since all 6 books are **different**, the total number of ways to arrange them is:

$$
6! = 720
$$

---

### Step 2: Subtract the number of arrangements where the **math books are next to each other**

We want to **exclude** the cases where the two math books are **adjacent**.

#### Step 2.1: Treat the two math books as a single ""block""

If the two math books are next to each other, we can treat them as a **single unit** or ""block"". So now we have:

- 1 math block
- 4 other books

That’s a total of **5 units** to arrange.

The number of ways to arrange these 5 units is:

$$
5! = 120
$$

#### Step 2.2: Within the math block, the two math books","(['480', '480'], ['2.20000000000000', '2.2'])",False,
101,ddtree_tb32,dflash-original-ddtree,32,\begin{pmatrix} -1/3 \\ 2/3 \\ 5/3 \end{pmatrix},"We are given:

- A vector $\mathbf{a} = \begin{pmatrix} 1 \\ 1 \\ 1 \end{pmatrix}$
- A vector $\mathbf{v} = \begin{pmatrix} v_1 \\ v_2 \\ v_3 \end{pmatrix}$
- Two conditions:
  1. $\mathbf{a} \cdot \mathbf{v} = 2$
  2. $\mathbf{a} \times \mathbf{v} = \begin{pmatrix} 1 \\ -2 \\ 1 \end{pmatrix}$

We are to **find** the vector $\mathbf{v}$ that satisfies both conditions.

---

### Step 1: Use the dot product condition

$$
\mathbf{a} \cdot \mathbf{v} = 2
$$

$$
\begin{pmatrix} 1 \\ 1 \\ 1 \end{pmatrix} \cdot \begin{pmatrix} v_1 \\ v_2 \\ v_3 \end{pmatrix} = 2
$$

$$
v_1 + v_2 + v_3 = ","(['Matrix([[-1/3], [2/3], [5/3]])', '\\begin{pmatrix} -1/3 \\\\ 2/3 \\\\ 5/3 \\end{pmatrix}'], ['2', '\\begin{pmatrix} 1 \\\\ 1 \\\\ 1 \\end{pmatrix} \\cdot \\begin{pmatrix} v_1 \\\\ v_2 \\\\ v_3 \\end{pmatrix} = 2'])",False,
102,ddtree_tb32,dflash-original-ddtree,32,2000,"We are given:

- A snack-size tin of peaches has **40 calories**.
- This is **2%** of a person's daily caloric requirement.

We are asked to find the **total daily caloric requirement**.

---

### Step 1: Let the total daily caloric requirement be $ x $.

We are told that 40 calories is 2% of $ x $, so:

$$
0.02x = 40
$$

---

### Step 2: Solve for $ x $

$$
x = \frac{40}{0.02} = 2000
$$

---

### Final Answer:

$$
\boxed{2000}
$$

So, a person's daily caloric requirement is **2000 calories**.","(['2000', '2000'], ['2000', '2000'])",True,
103,ddtree_tb32,dflash-original-ddtree,32,12,"We are asked to find the **remainder** when the polynomial

$$
P(x) = (5x + 9)^{611} + (x + 5)^{11} + (x - 1)^{11} + 3x^2 + 1
$$

is divided by $ x + 2 $.

---

### Step 1: Use the Remainder Theorem

The **Remainder Theorem** says that the remainder of a polynomial $ P(x) $ divided by $ x - a $ is $ P(a) $.

In this case, we are dividing by $ x + 2 = x - (-2) $, so the **remainder is**:

$$
P(-2)
$$

So we need to compute:

$$
P(-2) = (5(-2) + 9)^{611} + (-2 + 5)^{11} + (-2 - 1)^{11} + 3(-2)^2 + 1
$$

---

### Step 2: Compute each term

#### First term: $ (5(-2) + 9)^{611} $

$$
5(-2)","(['12', '12'], ['5', '5(-2)'])",False,
104,ddtree_tb32,dflash-original-ddtree,32,\frac9{19},"We are given the equation:

$$
\frac{\sqrt{2x}}{\sqrt{3x - 1}} = \frac{3}{2}
$$

---

### Step 1: Eliminate the square roots by squaring both sides

$$
\left( \frac{\sqrt{2x}}{\sqrt{3x - 1}} \right)^2 = \left( \frac{3}{2} \right)^2
$$

$$
\frac{2x}{3x - 1} = \frac{9}{4}
$$

---

### Step 2: Cross-multiply to eliminate the fraction

$$
4 \cdot 2x = 9 \cdot (3x - 1)
$$

$$
8x = 27x - 9
$$

---

### Step 3: Solve for $ x $

$$
8x - 27x = -9
$$

$$
-19x = -9
$$

$$
x = \frac{9}{19}
$$

---

### Step 4: Check that the solution is valid

We must ensure that the original expression is defined. That is, the expressions under the square roots must","(['9/19', '\\frac{9}{19}'], ['4', '4'])",False,
105,ddtree_tb32,dflash-original-ddtree,32,1600,"We are given the expression:

$$
441 + 2(21)(19) + 361 = x
$$

Let's solve this step by step.

---

### Step 1: Evaluate the middle term

$$
2(21)(19)
$$

First, compute $21 \times 19$:

$$
21 \times 19 = 399
$$

Now multiply by 2:

$$
2 \times 399 = 798
$$

So the middle term is **798**.

---

### Step 2: Add the other two terms

We now have:

$$
441 + 798 + 361
$$

Add 441 and 798 first:

$$
441 + 798 = 1239
$$

Now add 361:

$$
1239 + 361 = 1600
$$

---

### Final Answer:

$$
\boxed{1600}
$$","(['1600', '1600'], ['1600', '1600'])",True,
106,ddtree_tb32,dflash-original-ddtree,32,\dfrac{33}{100},"We are given that a number is selected **at random** from the integers **1 through 100**, inclusive. We are to find the **probability** that the number is a **multiple of 3**.

---

### Step 1: Total number of possible outcomes

The numbers from 1 to 100 inclusive form a total of:

$$
100 \text{ numbers}
$$

So, the total number of possible outcomes is **100**.

---

### Step 2: Count the number of favorable outcomes (multiples of 3)

We want to count how many numbers between 1 and 100 are divisible by 3.

A number is divisible by 3 if it is of the form:

$$
3k \quad \text{where } k \in \mathbb{Z}^+
$$

So, we find the largest integer $ k $ such that $ 3k \leq 100 $:

$$
k = \left\lfloor \frac{100}{3} \right\rfloor = \left\lfloor 33.333\ldots \right\rfloor = 33
$$

So,","(['33/100', '\\frac{33}{100}'], ['Eq(floor(33.333), 33) & Eq(k, floor(100/3)) & Eq(floor(100/3), floor(33.333))', 'k = \\lfloor \\frac{100}{3} \\rfloor = \\lfloor 33.333  \\rfloor = 33'])",False,
107,ddtree_tb32,dflash-original-ddtree,32,"(3,4]","We are given a function:

$$
f(x) = \lambda x(1 - x)
$$

with domain and codomain both $[0,1]$, and a constant $\lambda \in [0,4]$. We are to find the values of $\lambda$ such that **there exists an $x \in [0,1]$** for which:

- $f(x) \ne x$, but
- $f(f(x)) = x$.

---

### Step 1: Understand the condition

We are looking for **fixed points of $f \circ f$** (i.e., points $x$ such that $f(f(x)) = x$), **but not fixed points of $f$** (i.e., $f(x) \ne x$).

So, we are looking for **period-2 points** of the function $f$, i.e., points $x$ such that:

$$
f(f(x)) = x \quad \text{but} \quad f(x) \ne x
$$

---

### Step 2: Compute $f(f(x))$

We are given:

$$
f(x) = \lambda x(1 - x)
$$

So:

$$
","(['Interval.Lopen(3, 4)', '(3,4]'], ['Eq(f(x), lambda*x*(1 - x))', 'f(x) = \\lambda x(1 - x)'])",False,
108,ddtree_tb32,dflash-original-ddtree,32,63,"We are given a **rectangular region** with the following **vertices**:

- $ (5,4) $
- $ (-5,4) $
- $ (-5,-4) $
- $ (5,-4) $

This defines a **rectangle** centered at the origin, with:

- **Width**: from $ x = -5 $ to $ x = 5 $, so width = $ 10 $
- **Height**: from $ y = -4 $ to $ y = 4 $, so height = $ 8 $

We are to find how many **points with integer coordinates** lie **strictly inside** this rectangle.

---

### Step 1: Understand the region

The rectangle is defined by the **bounding box**:

$$
-5 < x < 5 \quad \text{and} \quad -4 < y < 4
$$

So, the **interior** of the rectangle is the set of all points $ (x, y) $ such that:

$$
-5 < x < 5 \quad \text{and} \quad -4 < y < 4
$$

We are to count the number of **integer-coordinate points** that satisfy this.

---

###","(['63', '63'], ['{(-5 < x) & (x < 5), (-4 < y) & (y < 4)}', '-5 < x < 5 \\quad, \\quad -4 < y < 4'])",False,
109,ddtree_tb32,dflash-original-ddtree,32,216,"We are given:

- A **steel sphere** with **radius 3 inches** is made by **removing metal from the corners** of a **cube**.
- The **cube has the shortest possible side length** that allows this.
- We are to find the **volume of the cube**.

---

### Step 1: Understand the Geometry

We are told that a **sphere of radius 3 inches** is formed by **removing material from the corners** of a **cube**. This means that the **sphere is inscribed** in the cube, touching the **midpoints of the cube's edges**.

But wait — if the sphere is formed by **removing material from the corners**, then the **sphere is inscribed in the cube**, and the **sphere touches the cube's edges**, not its corners.

So, the **sphere is inscribed in the cube**, and the **sphere touches the cube's edges** at their **midpoints**.

---

### Step 2: Determine the Side Length of the Cube

Let the **side length of the cube** be $ s $.

If the **sphere is inscribed in the cube**, then the **diameter of the sphere is equal to the side length of the cube**","(['216', '216'], ['s', 's'])",False,
110,ddtree_tb32,dflash-original-ddtree,32,54,"We are given:

- The area of triangle $ \triangle ABC $ is 6 square centimeters.
- $ \overline{AB} \parallel \overline{DE} $
- $ BD = 4BC $

We are to find the area of triangle $ \triangle CDE $.

---

### Step 1: Understand the Geometry

From the Asymptote diagram:

- Points $ A, B, C $ form triangle $ ABC $.
- Points $ D, E $ are such that $ \overline{DE} \parallel \overline{AB} $.
- $ D $ lies on the extension of $ BC $, and $ E $ lies on the extension of $ AC $, such that $ \overline{DE} \parallel \overline{AB} $.

We are told that $ BD = 4BC $, so the point $ D $ is **4 times** the length of $ BC $ away from $ B $, along the line $ BC $.

This suggests that triangle $ CDE $ is similar to triangle $ CAB $, because $ \overline{DE} \parallel \overline{AB} $, and both triangles share angle $ C $.

---

### Step 2","(['54', '54'], ['2', '2'])",False,
111,ddtree_tb32,dflash-original-ddtree,32,16,"We are given that $ x, y, z $ are **positive real numbers** such that:

$$
xyz = 2
$$

We are to **minimize** the expression:

$$
x^4 + 4y^2 + 4z^4
$$

---

### Step 1: Use the constraint $ xyz = 2 $

We can express one variable in terms of the others. For example, solve for $ z $:

$$
z = \frac{2}{xy}
$$

Substitute this into the expression to be minimized:

$$
x^4 + 4y^2 + 4\left(\frac{2}{xy}\right)^4 = x^4 + 4y^2 + 4 \cdot \frac{16}{x^4 y^4} = x^4 + 4y^2 + \frac{64}{x^4 y^4}
$$

So the expression becomes:

$$
f(x, y) = x^4 + 4y^2 + \frac{64}{x^4 y^4}
$$

We now want to **minimize** this function over positive real numbers $ x, y $.

---

","(['16', '16'], ['{x, y}', 'x, y'])",False,
112,ddtree_tb32,dflash-original-ddtree,32,9,"We are given the function:

$$
f(x) = \frac{2}{x + 1}
$$

We are asked to find:

$$
f^{-1}\left(\frac{1}{5}\right)
$$

---

### Step 1: Understand what $ f^{-1}(y) $ means

The inverse function $ f^{-1}(y) $ is the value of $ x $ such that:

$$
f(x) = y
$$

So, to find $ f^{-1}\left(\frac{1}{5}\right) $, we need to solve the equation:

$$
\frac{2}{x + 1} = \frac{1}{5}
$$

---

### Step 2: Solve the equation

$$
\frac{2}{x + 1} = \frac{1}{5}
$$

Cross-multiply:

$$
2 \cdot 5 = 1 \cdot (x + 1)
$$

$$
10 = x + 1
$$

Subtract 1 from both sides:

$$
x = 9
$$

---

### Final Answer:

$$
\boxed{9}
$$","(['9', '9'], ['9', '9'])",True,
113,ddtree_tb32,dflash-original-ddtree,32,65,"We are given the formula for the volume of a cone:

$$
V = \frac{1}{3}Bh
$$

Where:
- $ B $ is the area of the base (in square units),
- $ h $ is the height (in units),
- $ V $ is the volume (in cubic units).

---

### Step 1: Plug in the given values

We are told:
- $ B = 30 $ square units,
- $ h = 6.5 $ units.

Substitute into the formula:

$$
V = \frac{1}{3} \times 30 \times 6.5
$$

---

### Step 2: Simplify the expression

First, compute $ 30 \times 6.5 $:

$$
30 \times 6.5 = 195
$$

Now multiply by $ \frac{1}{3} $:

$$
V = \frac{1}{3} \times 195 = 65
$$

---

### Final Answer:

$$
\boxed{65}
$$

So, the volume of the cone is **65 cubic units**.","(['65', '65'], ['65', '65'])",True,
114,ddtree_tb32,dflash-original-ddtree,32,"3, 5, 7","We are given the equation:

$$
(x - 3)^3 + (x - 7)^3 = (2x - 10)^3
$$

---

### Step 1: Expand both sides

Let’s expand the left-hand side (LHS) and the right-hand side (RHS).

#### Left-Hand Side (LHS):

$$
(x - 3)^3 + (x - 7)^3
$$

We can use the binomial expansion for cubes:

$$
(a - b)^3 = a^3 - 3a^2b + 3ab^2 - b^3
$$

So:

$$
(x - 3)^3 = x^3 - 9x^2 + 27x - 27
$$
$$
(x - 7)^3 = x^3 - 21x^2 + 147x - 343
$$

Now add them:

$$
(x - 3)^3 + (x - 7)^3 = (x^3 - 9x^2 + 27x - 27) + (x^3 - 21x^2 + 14","(['{3, 5, 7}', '3, 5, 7'], ['14', '14'])",False,
115,ddtree_tb32,dflash-original-ddtree,32,1\frac{4}{5},"We are given:

- Quadrilateral $ CDEG $ is a **square** with side length $ CD = 3 $.
- Quadrilateral $ BEFH $ is a **rectangle** with $ BE = 5 $.
- We are to find the length of $ BH $, expressed as a **mixed number**.

---

### Step 1: Understand the Geometry

From the Asymptote code and the labels:

- $ A = (0, 0) $
- $ B = (3, 0) $
- $ C = (6, 0) $
- $ D = (9, 0) $
- $ E = (9, 3) $
- $ G = (6, 3) $

So, the square $ CDEG $ has vertices at:

- $ C = (6, 0) $
- $ D = (9, 0) $
- $ E = (9, 3) $
- $ G = (6, 3) $

This confirms that $ CDEG $ is a square of side length 3, as the horizontal and vertical distances between adjacent points are 3.

Now, $ BEFH $ is a rectangle. We are told $ BE","(['9/5', '1\\frac{4}{5}'], ['b*e*f*h', 'BEFH'])",False,
116,ddtree_tb32,dflash-original-ddtree,32,64,"We are given a sequence of positive real numbers $(a_1, a_2, \dots, a_n)$ such that:

$$
\sum_{i=1}^n a_i = 96, \quad \sum_{i=1}^n a_i^2 = 144, \quad \sum_{i=1}^n a_i^3 = 216.
$$

We are to find the **sum of all possible values of $n$**.

---

### Step 1: Use Cauchy-Schwarz Inequality

We are given:

- $\sum a_i = 96$
- $\sum a_i^2 = 144$
- $\sum a_i^3 = 216$

Let’s denote:

- $S_1 = \sum a_i = 96$
- $S_2 = \sum a_i^2 = 144$
- $S_3 = \sum a_i^3 = 216$

We want to find all possible values of $n$ such that these three sums are consistent with a sequence of $n$ positive real numbers.

---

### Step 2: Use Cauchy","(['64', '64'], ['2', '2'])",False,
117,ddtree_tb32,dflash-original-ddtree,32,11,"We are given the expression:

$$
(3x - 2)(4x + 1) - (3x - 2)4x + 1
$$

and we are to evaluate it when $ x = 4 $.

---

### Step 1: Substitute $ x = 4 $ into the expression

Let’s substitute $ x = 4 $ into the expression:

$$
(3(4) - 2)(4(4) + 1) - (3(4) - 2)(4(4)) + 1
$$

Now compute each part step by step.

---

### Step 2: Compute each term

#### First term: $ (3x - 2)(4x + 1) $

$$
3(4) - 2 = 12 - 2 = 10 \\
4(4) + 1 = 16 + 1 = 17 \\
\Rightarrow (3x - 2)(4x + 1) = 10 \cdot 17 = 170
$$

#### Second term: $ (3x - 2)4x $

$$
(3x - 2) = 1","(['11', '11'], ['1', '1'])",False,
118,ddtree_tb32,dflash-original-ddtree,32,\frac{2}{3},"We are given a game between Alice and Bob with the following rules:

- **Alice starts first.**
- On **Alice's turn**, she flips a **coin**:
  - If it's **heads**, she **wins**.
  - If it's **tails**, the turn goes to **Bob**.
- On **Bob's turn**, he flips a **coin**:
  - If it's **tails**, he **wins**.
  - If it's **heads**, the turn goes back to **Alice**.

We are to find the **probability that Alice wins the game**.

---

### Step 1: Define the probability of Alice winning

Let $ P $ be the probability that **Alice wins** the game.

We'll analyze the game step by step.

---

### Step 2: First turn (Alice's turn)

- Alice flips a coin:
  - Probability of **heads** (Alice wins): $ \frac{1}{2} $
  - Probability of **tails** (Bob's turn): $ \frac{1}{2} $

So, the game can end on the first turn with probability $ \frac{1}{2} $, and if not, it goes to Bob.

---

### Step 3:","(['2/3', '\\frac{2}{3}'], ['3', '3'])",False,
119,ddtree_tb32,dflash-original-ddtree,32,\frac{20000}{\pi},"We are given a **rectangular field** enclosed in an **athletic track**. The track consists of:

- **Two straight edges** of the field (the length of the field),
- **Two semicircular ends** (one on each end of the rectangle).

The **total length of the track is 400 meters**, and we are to find the **largest possible area of the field**.

---

### Step 1: Understand the Shape

The field is a **rectangle** with **two semicircular ends**, forming a **track** that is **400 meters long**.

This is a **standard running track** shape, where the **straight parts** are the length of the rectangle, and the **curved parts** are two semicircles (i.e., one full circle).

Let’s define:

- Let $ x $ be the **length** of the rectangle (the straight part of the track),
- Let $ y $ be the **width** of the rectangle (the diameter of the semicircles),
- Then the **radius** of the semicircles is $ r = \frac{y}{2} $.

---

### Step 2: Total Track Length

The total length of the track","(['20000/pi', '\\frac{20000}{\\pi}'], ['2', '2'])",False,
120,ddtree_tb32,dflash-original-ddtree,32,15,"We are given:

- A **circle**: $ x^2 + y^2 = 2 $
- A **parabola**: $ y^2 = 8x $

We are told that these two curves have **two common tangents**, and that these tangents touch the circle and the parabola at **four points of tangency**. These four points form a **quadrilateral**, and we are to find the **area of this quadrilateral**.

---

### Step 1: Understand the Geometry

We are given that the **circle** and **parabola** have **two common tangents**, and each tangent touches both curves at one point. So, there are **two tangents**, each touching the circle and the parabola at one point. That gives us **four points of tangency**.

These four points form a **quadrilateral**, and we are to find the **area** of that quadrilateral.

---

### Step 2: Find the Points of Tangency

Let’s find the **points of tangency** of the **common tangents** to both the circle and the parabola.

We are given:

- Circle: $ x^2 + y^2 = 2 $
- Par","(['15', '15'], ['Eq(x**2 + y**2, 2)', 'x^2 + y^2 = 2'])",False,
121,ddtree_tb32,dflash-original-ddtree,32,\frac{11}{2},"We are given the equation:

$$
|x + 5| - |3x - 6| = 0
$$

We are to **find the largest possible value of $ x $** that satisfies this equation.

---

### Step 1: Understand the equation

We are dealing with absolute values, so we need to consider different cases based on the expressions inside the absolute values.

Let’s define:

- $ A = x + 5 $
- $ B = 3x - 6 $

So the equation becomes:

$$
|A| - |B| = 0 \Rightarrow |A| = |B|
$$

This means:

$$
|x + 5| = |3x - 6|
$$

This equation is true when the two expressions inside the absolute values are either equal or negatives of each other.

So we have two cases:

---

### **Case 1: $ x + 5 = 3x - 6 $**

Solve:

$$
x + 5 = 3x - 6 \\
5 + 6 = 3x - x \\
11 = 2x \\
x = \frac{11}{2}
$$

---

### **Case 2: $ x +","(['11/2', '\\frac{11}{2}'], ['2', '2'])",False,
122,ddtree_tb32,dflash-original-ddtree,32,-\sqrt{3},"We are asked to simplify the expression:

$$
\tan 100^\circ + 4 \sin 100^\circ
$$

---

### Step 1: Use known trigonometric identities

We know that:

$$
\tan \theta = \frac{\sin \theta}{\cos \theta}
$$

So we can write:

$$
\tan 100^\circ = \frac{\sin 100^\circ}{\cos 100^\circ}
$$

Therefore, the expression becomes:

$$
\frac{\sin 100^\circ}{\cos 100^\circ} + 4 \sin 100^\circ
$$

---

### Step 2: Factor out $\sin 100^\circ$

$$
\sin 100^\circ \left( \frac{1}{\cos 100^\circ} + 4 \right)
$$

Now, we need to evaluate this expression numerically or simplify it further.

---

### Step 3: Use exact values or approximate values

We can use a calculator to find approximate values of the trigonometric functions.

- $\sin 100^\circ \","(['-sqrt(3)', '-\\sqrt{3}'], ['100', '100'])",False,
123,ddtree_tb32,dflash-original-ddtree,32,1+2\sqrt{3},"We are given a **regular tetrahedron** $ABCD$ with **side length 2**, and a **plane** that is **parallel to edges $AB$ and $CD$** and **lies halfway between them**. This plane cuts the tetrahedron into two pieces. We are to find the **surface area of one of these pieces**.

---

### Step 1: Understand the Geometry

A **regular tetrahedron** has:

- 4 triangular faces
- 6 edges, all of equal length (here, 2)
- 4 vertices

Let’s label the vertices as $A, B, C, D$, and assume the tetrahedron is oriented so that:

- $AB$ and $CD$ are **skew lines** (not intersecting and not parallel)
- The plane is **parallel to both $AB$ and $CD$** and lies **halfway between them**

This is a key geometric configuration.

---

### Step 2: Understand the Plane

We are told the plane is **parallel to both $AB$ and $CD$** and lies **halfway between them**.

This means the plane is **equidistant from both $AB$ and $CD","(['1 + 2*sqrt(3)', '1+2\\sqrt{3}'], ['a*b', 'AB'])",False,
124,ddtree_tb32,dflash-original-ddtree,32,84,"We are given the following information about a class of 30 students:

- 20 students scored **80**
- 8 students scored **90**
- 2 students scored **100**

We are asked to find the **class average** (i.e., the **mean** score).

---

### Step 1: Calculate the total score

We calculate the total score by multiplying the number of students by their respective scores and then adding them all together.

$$
\text{Total score} = (20 \times 80) + (8 \times 90) + (2 \times 100)
$$

$$
= 1600 + 720 + 200 = 2520
$$

---

### Step 2: Calculate the mean (average)

$$
\text{Mean} = \frac{\text{Total score}}{\text{Number of students}} = \frac{2520}{30}
$$

$$
\text{Mean} = 84
$$

---

### ✅ Final Answer:

$$
\boxed{84}
$$","(['84', '84'], ['84', '84'])",True,
125,ddtree_tb32,dflash-original-ddtree,32,6,"We are asked to evaluate:

$$
\log_2 64
$$

---

### Step 1: Understand the definition of a logarithm

The expression $\log_2 64$ means:

> ""To what power must we raise 2 to get 64?""

In other words:

$$
\log_2 64 = x \quad \text{if and only if} \quad 2^x = 64
$$

---

### Step 2: Express 64 as a power of 2

We know that:

$$
64 = 2^6
$$

So:

$$
\log_2 64 = \log_2 (2^6)
$$

---

### Step 3: Use the logarithmic identity

$$
\log_b (b^x) = x
$$

So:

$$
\log_2 (2^6) = 6
$$

---

### Final Answer:

$$
\boxed{6}
$$","(['6', '6'], ['6', '6'])",True,
126,ddtree_tb32,dflash-original-ddtree,32,12,"We are asked to simplify the expression:

$$
\frac{\sqrt{2.5^2 - 0.7^2}}{2.7 - 2.5}
$$

---

### Step 1: Simplify the denominator

$$
2.7 - 2.5 = 0.2
$$

So the expression becomes:

$$
\frac{\sqrt{2.5^2 - 0.7^2}}{0.2}
$$

---

### Step 2: Compute the numerator inside the square root

First, compute $2.5^2$ and $0.7^2$:

$$
2.5^2 = 6.25, \quad 0.7^2 = 0.49
$$

Now subtract:

$$
6.25 - 0.49 = 5.76
$$

So the expression becomes:

$$
\frac{\sqrt{5.76}}{0.2}
$$

---

### Step 3: Simplify the square root

$$
\sqrt{5.76} = 2.4
$$

So the expression becomes:

$$
\frac{2.4","(['12', '12'], ['Eq(sqrt(5.76), 2.4)', '\\sqrt{5.76} = 2.4'])",False,
127,ddtree_tb32,dflash-original-ddtree,32,18+2\pi,"We are given a **regular nonagon** (a 9-sided polygon) with **side length 2 units**. We are to find the **perimeter of the set $ S $**, which is defined as:

> The union of:
> - All points **inside** the nonagon, and
> - All points **less than 1 unit away from a point on the perimeter** of the nonagon.

---

### Step 1: Understand the shape of $ S $

The set $ S $ is the union of:
- The **interior** of the nonagon, and
- A **buffer zone** (or ""inflation"") of 1 unit around the perimeter of the nonagon.

This is equivalent to taking the **Minkowski sum** of the nonagon with a disk of radius 1, or more simply, the **nonagon expanded outward by 1 unit**.

So, the shape of $ S $ is a **nonagon with rounded edges**, where each side is replaced by a **circular arc** of radius 1, and the corners are rounded as well.

---

### Step 2: Compute the perimeter of $ S $

We need to compute the **total perimeter** of this expanded shape.

Let","(['2*pi + 18', '18+2\\pi'], ['s', 'S'])",False,
0,ddtree_tb64,dflash-original-ddtree,64,900,"We are given that the product of two integers, 240 and $ k $, is a **perfect cube**. We are to find the **smallest possible positive value of $ k $** such that this condition is satisfied.

---

### Step 1: Prime Factorization of 240

We start by factoring 240 into its prime factors:

$$
240 = 2^4 \times 3^1 \times 5^1
$$

So, the prime factorization of 240 is:

$$
240 = 2^4 \cdot 3^1 \cdot 5^1
$$

---

### Step 2: Understanding the Condition

We are told that:

$$
240 \cdot k = \text{a perfect cube}
$$

Let’s denote the prime factorization of $ k $ as:

$$
k = 2^a \cdot 3^b \cdot 5^c \cdot \text{(other primes)}
$$

Then the product $ 240 \cdot k $ becomes:

$$
240 \cdot k = 2^{4+a} \cdot 3^{1+b} \cdot","(['900', '900'], ['3', '3'])",False,
1,ddtree_tb64,dflash-original-ddtree,64,32,"We are given:

- A triangle is **isosceles right triangle**.
- The **altitude to the hypotenuse** has length $ 4\sqrt{2} $.
- We are to find the **area** of the triangle.

---

### Step 1: Understand the triangle

An **isosceles right triangle** has:

- Two legs of equal length.
- A right angle between the two legs.
- The hypotenuse is the side opposite the right angle.

Let the legs be of length $ a $. Then the hypotenuse is:

$$
\text{Hypotenuse} = a\sqrt{2}
$$

---

### Step 2: Use the altitude to the hypotenuse

In a right triangle, the **altitude to the hypotenuse** divides the triangle into two smaller, similar right triangles.

Let’s denote:

- $ h = 4\sqrt{2} $: the altitude to the hypotenuse.
- $ a $: the length of each leg.
- $ c = a\sqrt{2} $: the hypotenuse.

In a right triangle, the **area** can be expressed in two ways:

$$
\text{Area} = \frac{1","(['32', '32'], ['Eq(c, sqrt(2)*a)', 'c = a\\sqrt{2}'])",False,
2,ddtree_tb64,dflash-original-ddtree,64,120^\circ,"We are given the expression:

$$
\tan \theta = \frac{\cos 5^\circ \cos 20^\circ + \cos 35^\circ \cos 50^\circ - \sin 5^\circ \sin 20^\circ - \sin 35^\circ \sin 50^\circ}{\sin 5^\circ \cos 20^\circ - \sin 35^\circ \cos 50^\circ + \cos 5^\circ \sin 20^\circ - \cos 35^\circ \sin 50^\circ}
$$

We are to find the **least positive angle** $\theta$ such that this equation holds.

---

### Step 1: Recognize trigonometric identities

Let’s look at the **numerator** and **denominator** separately.

#### Numerator:
$$
\cos 5^\circ \cos 20^\circ + \cos 35^\circ \cos 50^\circ - \sin 5^\circ \sin 20^\circ - \sin 35^\circ \sin 50^\circ
$$

Group terms:
$$
(\cos 5","(['120', '120^\\circ'], ['5', '5'])",False,
3,ddtree_tb64,dflash-original-ddtree,64,-120,"We are given the following system of equations:

$$
\begin{cases}
a + b = 8 \quad \text{(1)} \\
b + c = -3 \quad \text{(2)} \\
a + c = -5 \quad \text{(3)}
\end{cases}
$$

We are asked to find the value of the product $ abc $.

---

### Step 1: Add all three equations

Add equations (1), (2), and (3):

$$
(a + b) + (b + c) + (a + c) = 8 + (-3) + (-5)
$$

Simplify the left-hand side:

$$
a + b + b + c + a + c = 2a + 2b + 2c
$$

Right-hand side:

$$
8 - 3 - 5 = 0
$$

So:

$$
2a + 2b + 2c = 0
$$

Divide both sides by 2:

$$
a + b + c = 0 \quad \text{(4)}
$$

---

### Step 2: Use equation (4) to find one variable

From equation (4): $ a","(['-120', '-120'], ['2', '2'])",False,
4,ddtree_tb64,dflash-original-ddtree,64,25,"We are given that $ A $ is the **sum of the positive divisors** of $ 500 $, and we are to find the **sum of the distinct prime divisors** of $ A $.

---

### Step 1: Prime Factorization of 500

We start by factoring 500:

$$
500 = 5^3 \times 2^2
$$

So, the prime factorization of 500 is:

$$
500 = 2^2 \times 5^3
$$

---

### Step 2: Use the Formula for the Sum of Divisors

The **sum of the positive divisors** of a number $ n = p_1^{e_1} p_2^{e_2} \cdots p_k^{e_k} $ is given by:

$$
\sigma(n) = (1 + p_1 + p_1^2 + \cdots + p_1^{e_1}) \times (1 + p_2 + p_2^2 + \cdots + p_2^{e_2}) \times \cdots
$$

So for $ 500","(['25', '25'], ['500', '500'])",False,
5,ddtree_tb64,dflash-original-ddtree,64,2516_8,"We are given a binary number:

$$
10101001110_2
$$

We are to convert this binary number to **base 8** (octal).

---

### Step 1: Understand the relationship between binary and octal

Each **octal digit** corresponds to **3 binary digits**. So, we can group the binary number into sets of 3 bits starting from the right.

Let’s write the binary number again:

$$
10101001110_2
$$

We need to group it into sets of 3 bits from the right. If the number of bits is not a multiple of 3, we pad with leading zeros.

Let’s count the number of bits:

$$
10101001110 \rightarrow 11 \text{ bits}
$$

We need to add **2 leading zeros** to make it 12 bits (a multiple of 3):

$$
0010101001110
$$

Now group into 3-bit chunks from the right:

$$
001\ 010\ 100\ 111\","(['2516', '2516_8'], ['111', '111'])",False,
6,ddtree_tb64,dflash-original-ddtree,64,3,"We are asked to find how many **two-digit primes** have digits that **sum to 8**.

---

### Step 1: Understand the problem

We are looking for **two-digit prime numbers** such that the **sum of their digits is 8**.

Let’s denote a two-digit number as $ \overline{ab} $, where:

- $ a $ is the tens digit (1 to 9, since it's a two-digit number),
- $ b $ is the units digit (0 to 9),
- The number is $ 10a + b $,
- The **sum of the digits** is $ a + b = 8 $.

We need to find all such numbers that are **prime**.

---

### Step 2: Find all two-digit numbers with digit sum 8

We need to find all pairs $ (a, b) $ such that:

$$
a + b = 8, \quad \text{where } a \in [1,9], \, b \in [0,9]
$$

Let’s list all such pairs:

- $ a = 1, b = 7 $ → 17
- $ a = 2, b =","(['3', '3'], ['2', '2'])",False,
7,ddtree_tb64,dflash-original-ddtree,64,\begin{pmatrix} -2 \\ -14 \\ -7 \end{pmatrix},"We are given a matrix $\mathbf{A}$ such that:

$$
\mathbf{A} \begin{pmatrix} 3 \\ 1 \\ 0 \end{pmatrix} = \begin{pmatrix} 2 \\ 4 \\ -3 \end{pmatrix}, \quad \mathbf{A} \begin{pmatrix} -5 \\ 2 \\ 2 \end{pmatrix} = \begin{pmatrix} 0 \\ -5 \\ -5 \end{pmatrix}
$$

We are asked to find:

$$
\mathbf{A} \begin{pmatrix} -13 \\ 3 \\ 4 \end{pmatrix}
$$

---

### Step 1: Express the vector $\begin{pmatrix} -13 \\ 3 \\ 4 \end{pmatrix}$ as a linear combination of the given vectors

Let’s denote:

$$
\mathbf{v}_1 = \begin{pmatrix} 3 \\ 1 \\ 0 \end{pmatrix}, \quad \mathbf{v}_2 = \begin{pmatrix} -5 \\ 2 \\ 2 \end{pmatrix}
$$

","(['Matrix([[-2], [-14], [-7]])', '\\begin{pmatrix} -2 \\\\ -14 \\\\ -7 \\end{pmatrix}'], ['{Eq(v_1, Matrix([\n[3],\n[1],\n[0]])), Eq(v_2, Matrix([\n[-5],\n[ 2],\n[ 2]]))}', '\\text{v}_1 = \\begin{pmatrix} 3 \\\\ 1 \\\\ 0 \\end{pmatrix}, \\quad \\text{v}_2 = \\begin{pmatrix} -5 \\\\ 2 \\\\ 2 \\end{pmatrix}'])",False,
8,ddtree_tb64,dflash-original-ddtree,64,4,"We are given the equation:

$$
\frac{6r^2 - 19r - 7}{2r - 7} = 4r - 3
$$

---

### Step 1: Eliminate the denominator

Multiply both sides of the equation by $2r - 7$, assuming $2r - 7 \ne 0$ (we'll check this later):

$$
6r^2 - 19r - 7 = (4r - 3)(2r - 7)
$$

---

### Step 2: Expand the right-hand side

$$
(4r - 3)(2r - 7) = 4r \cdot 2r + 4r \cdot (-7) - 3 \cdot 2r - 3 \cdot (-7)
$$
$$
= 8r^2 - 28r - 6r + 21 = 8r^2 - 34r + 21
$$

So the equation becomes:

$$
6r^2 - 19r - 7 = 8r^2 - 34r + 21
$$

---

### Step","(['4', '4'], ['Eq(6*r**2 - 1*19*r - 7, 8*r**2 - 1*34*r + 21)', '6r^2 - 19r - 7 = 8r^2 - 34r + 21'])",False,
9,ddtree_tb64,dflash-original-ddtree,64,\frac{\sqrt{3}}{3},"We are given the expression:

$$
\sqrt{\sqrt[3]{\sqrt{\frac{1}{729}}}}
$$

We are to **simplify** this expression and write the result with a **rational denominator**.

---

### Step 1: Simplify the innermost radical

We start with:

$$
\sqrt{\frac{1}{729}}
$$

Recall that:

$$
\sqrt{\frac{1}{729}} = \frac{1}{\sqrt{729}} = \frac{1}{27}
$$

Because $ \sqrt{729} = 27 $.

So now the expression becomes:

$$
\sqrt{\sqrt[3]{\frac{1}{27}}}
$$

---

### Step 2: Simplify the cube root

$$
\sqrt[3]{\frac{1}{27}} = \frac{1}{\sqrt[3]{27}} = \frac{1}{3}
$$

Because $ \sqrt[3]{27} = 3 $.

Now the expression becomes:

$$
\sqrt{\frac{1}{3}}
$$

---

### Step 3: Simplify","(['sqrt(3)/3', '\\frac{\\sqrt{3}}{3}'], ['3', '3'])",False,
10,ddtree_tb64,dflash-original-ddtree,64,1251,"We are told that **two-thirds** of the students at Baker Middle School take music, and that **834 students** take music.

Let’s denote the **total number of students** at the school as $ x $.

According to the problem:

$$
\frac{2}{3}x = 834
$$

To find $ x $, we solve the equation:

$$
x = 834 \times \frac{3}{2}
$$

Now calculate:

$$
x = 834 \times 1.5 = 1251
$$

### Final Answer:
$$
\boxed{1251}
$$

So, there are **1251 students** at Baker Middle School.","(['1251', '1251'], ['1251', '1251'])",True,
11,ddtree_tb64,dflash-original-ddtree,64,\text{(C)},"We are given the equation in **cylindrical coordinates**:

$$
z = c
$$

and asked to determine the **shape** described by this equation, with the options being:

- (A) Line  
- (B) Circle  
- (C) Plane  
- (D) Sphere  
- (E) Cylinder  
- (F) Cone  

---

### Step 1: Understand Cylindrical Coordinates

In **cylindrical coordinates**, a point is represented as:

$$
(r, \theta, z)
$$

where:

- $ r $ is the **radial distance** from the $ z $-axis,
- $ \theta $ is the **angle** in the $ xy $-plane,
- $ z $ is the **height** above the $ xy $-plane.

---

### Step 2: Interpret the Equation $ z = c $

The equation $ z = c $ says that the **height** is constant, regardless of the values of $ r $ and $ \theta $.

This means that for **any** $ r $ and $ \theta $, the $ z $-coordinate is fixed at $ c $.

So, this is a **horizontal plane** that is parallel to the $ xy","(['c', '\\text{(C)}'], ['c', 'c'])",True,
12,ddtree_tb64,dflash-original-ddtree,64,17,"We are given that for all $ x \in [0, 1] $, the inequality
$$
|ax^2 + bx + c| \le 1
$$
holds, and we are to find the **largest possible value of** $ |a| + |b| + |c| $.

---

### Step 1: Understand the constraint

We are told that the quadratic function
$$
f(x) = ax^2 + bx + c
$$
satisfies
$$
|f(x)| \le 1 \quad \text{for all } x \in [0, 1].
$$
This means that the graph of the quadratic lies between the lines $ y = 1 $ and $ y = -1 $ on the interval $ [0, 1] $.

We are to **maximize** the sum of the absolute values of the coefficients:
$$
|a| + |b| + |c|.
$$

---

### Step 2: Use known bounds for such quadratics

There is a known result in approximation theory that gives the **maximum possible value of** $ |a| + |b| + |c| $ under the constraint that
$$
|","(['17', '17'], ['Abs(a) + Abs(b) + Abs(c)', '|a| + |b| + |c|'])",False,
13,ddtree_tb64,dflash-original-ddtree,64,17,"We are given the coordinates of three vertices of a **parallelogram**:

- $ A = (5, 3) $
- $ B = (6, 8) $
- $ C = (7, 4) $
- $ D = (x, y) $, with the condition $ x > 7 $

We are to find the value of $ x + y $.

---

### Step 1: Use the property of a parallelogram

In a **parallelogram**, the **diagonals bisect each other**. That is, the **midpoint of diagonal AC is the same as the midpoint of diagonal BD**.

So, we can use this property to find the coordinates of the fourth vertex $ D = (x, y) $.

---

### Step 2: Find the midpoint of diagonal AC

Coordinates of A = (5, 3), C = (7, 4)

Midpoint of AC:

$$
\text{Midpoint} = \left( \frac{5 + 7}{2}, \frac{3 + 4}{2} \right) = \left( \frac{12}{2}, \frac{7}{2} \right) = (","(['17', '17'], ['{7/2, 6}', '\\frac{12}{2} and \\frac{7}{2}'])",False,
14,ddtree_tb64,dflash-original-ddtree,64,3,"We are given that:

$$
(x - 1) \cdot f(x) = 3x^4 + x^3 - 25x^2 + 38x - 17
$$

We are asked to find the **degree** of the polynomial $ f(x) $.

---

### Step 1: Understand the structure

Let’s denote:

$$
P(x) = (x - 1) \cdot f(x) = 3x^4 + x^3 - 25x^2 + 38x - 17
$$

So, $ f(x) $ is a polynomial such that when multiplied by $ (x - 1) $, it gives the polynomial $ P(x) $.

We are to find the **degree** of $ f(x) $.

---

### Step 2: Use the degree of a product

Recall the rule for the degree of a product of two polynomials:

$$
\deg(A \cdot B) = \deg(A) + \deg(B)
$$

Let’s denote:

- $ \deg(f(x)) = n $
- $ \deg(x - 1) = 1 $

Then:

$$
\deg((","(['3', '3'], ['1', '\\deg(x - 1) = 1'])",False,
15,ddtree_tb64,dflash-original-ddtree,64,\begin{pmatrix} 1/5 \\ -18/5 \end{pmatrix},"We are given that a **reflection** takes the vector  
$$
\begin{pmatrix} 5 \\ 0 \end{pmatrix}
$$  
to  
$$
\begin{pmatrix} 4 \\ 3 \end{pmatrix}.
$$  
We are to find where the reflection takes  
$$
\begin{pmatrix} -2 \\ 3 \end{pmatrix}.
$$

---

### Step 1: Understand the reflection

A **reflection** is a linear transformation that maps a vector to its mirror image across a line (or plane). In 2D, a reflection is a **linear transformation** of the form:

$$
R = 2P - I
$$

where $ P $ is the projection matrix onto the line of reflection, and $ I $ is the identity matrix.

Alternatively, we can think of a reflection as a **symmetry** across a line. If we know the image of one vector under the reflection, we can find the **line of reflection** and then apply the reflection to the other vector.

---

### Step 2: Use the given information

We are told that:

$$
R \begin{pmatrix} 5 \\ 0 \end{pmatrix}","(['Matrix([[1/5], [-18/5]])', '\\begin{pmatrix} 1/5 \\\\ -18/5 \\end{pmatrix}'], ['0', '0'])",False,
16,ddtree_tb64,dflash-original-ddtree,64,28800,"We are given a Senate committee with:

- 5 Democrats
- 5 Republicans
- 1 Independent

We are to find the number of **distinct ways** they can sit **around a circular table**, with the condition that **all members of each party sit next to each other**. Also, **rotations of the same arrangement are considered equivalent**.

---

### Step 1: Understand the seating condition

We are told that **all members of each party must sit next to each other**. That means:

- The 5 Democrats must form a **block** (i.e., sit together).
- The 5 Republicans must form a **block**.
- The 1 Independent is a **single person**, so they are not in a block.

So, we are arranging **three blocks** around a circular table:

- Block D (Democrats)
- Block R (Republicans)
- Block I (Independent)

---

### Step 2: Circular arrangement of blocks

In a **circular arrangement**, the number of ways to arrange **n** objects is **(n - 1)!**, because rotations are considered the same.

Here, we have **3 blocks** to arrange: D, R, I.

So, the number of **distinct circular","(['28800', '28800'], ['3', '3'])",False,
17,ddtree_tb64,dflash-original-ddtree,64,11,"We are given the equation:

$$
\frac{2}{3} = \frac{4}{x - 5}
$$

---

### Step 1: Cross-multiply to eliminate the fractions

Multiply both sides of the equation by $3(x - 5)$ to eliminate the denominators:

$$
2(x - 5) = 3 \cdot 4
$$

$$
2(x - 5) = 12
$$

---

### Step 2: Distribute the 2 on the left side

$$
2x - 10 = 12
$$

---

### Step 3: Solve for $x$

Add 10 to both sides:

$$
2x = 22
$$

Divide both sides by 2:

$$
x = 11
$$

---

### Final Answer:

$$
\boxed{11}
$$","(['11', '11'], ['11', '11'])",True,
18,ddtree_tb64,dflash-original-ddtree,64,898,"We are given a recurrence relation:

$$
x_n = x_{n-1} - x_{n-2} + x_{n-3} - x_{n-4} \quad \text{for } n \geq 5
$$

with initial values:

$$
x_1 = 211, \quad x_2 = 375, \quad x_3 = 420, \quad x_4 = 523
$$

We are to find:

$$
x_{531} + x_{753} + x_{975}
$$

---

### Step 1: Understand the recurrence

The recurrence is:

$$
x_n = x_{n-1} - x_{n-2} + x_{n-3} - x_{n-4}
$$

This is a **linear recurrence relation** of order 4. To find a pattern, we can compute the first few terms and look for periodicity.

---

### Step 2: Compute the first few terms

We are given:

$$
x_1 = 211, \quad x_2 = 375, \quad x_3","(['898', '898'], ['375', '375'])",False,
19,ddtree_tb64,dflash-original-ddtree,64,-2,"We are given that:

$$
z + \frac{1}{z} = \frac{1 + \sqrt{5}}{2}
$$

We are to find:

$$
z^{85} + \frac{1}{z^{85}}
$$

---

### Step 1: Recognize the expression

Let’s denote:

$$
\alpha = \frac{1 + \sqrt{5}}{2}
$$

This is the **golden ratio**, often denoted by $\phi$. So we have:

$$
z + \frac{1}{z} = \phi
$$

We are to compute:

$$
z^{85} + \frac{1}{z^{85}}
$$

---

### Step 2: Use recurrence relation

Let’s define a sequence:

$$
a_n = z^n + \frac{1}{z^n}
$$

We are given:

$$
a_1 = z + \frac{1}{z} = \phi
$$

We can derive a recurrence relation for $a_n$.

We know that:

$$
a_1 = z + \frac{1}{z} = \phi
$$

$$
a_2 = z^","(['-2', '-2'], ['Eq(a_1, z + 1/z) & Eq(z + 1/z, phi)', 'a_1 = z + \\frac{1}{z} = \\phi'])",False,
20,ddtree_tb64,dflash-original-ddtree,64,\frac 59,"We are asked to compute:

$$
0.\overline{7} - 0.\overline{4} + 0.\overline{2}
$$

and express the result as a **common fraction**.

---

### Step 1: Convert repeating decimals to fractions

We'll use the standard method to convert repeating decimals to fractions.

#### 1. Convert $ 0.\overline{7} $ to a fraction

Let $ x = 0.\overline{7} $

Then:

$$
10x = 7.\overline{7}
$$

Subtract:

$$
10x - x = 7.\overline{7} - 0.\overline{7} \Rightarrow 9x = 7 \Rightarrow x = \frac{7}{9}
$$

So:

$$
0.\overline{7} = \frac{7}{9}
$$

---

#### 2. Convert $ 0.\overline{4} $ to a fraction

Let $ x = 0.\overline{4} $

Then:

$$
10x = 4.\overline{4}
$$

Subtract:

$$
10x - x = 4.\","(['5/9', '\\frac{5}{9}'], ['4', '4'])",False,
21,ddtree_tb64,dflash-original-ddtree,64,"-2,1","We are given the polynomial:

$$
x^4 + 5x^3 + 9x^2 - x - 14 = 0
$$

We are to **find all the integer roots** of this polynomial.

---

### Step 1: Use the **Rational Root Theorem**

The **Rational Root Theorem** says that any rational root of a polynomial with integer coefficients must be of the form:

$$
\frac{p}{q}
$$

where $ p $ is a factor of the **constant term** and $ q $ is a factor of the **leading coefficient**.

In this case:

- Constant term = $-14$
- Leading coefficient = $1$

So the possible rational roots are the **factors of -14**:

$$
\pm 1, \pm 2, \pm 7, \pm 14
$$

Since we are only interested in **integer roots**, we only need to test these values.

---

### Step 2: Test each possible integer root

We will test each of the values $ \pm 1, \pm 2, \pm 7, \pm 14 $ in the polynomial:

$$
f(x)","(['{-2, 1}', '-2,1'], ['{-14, -7, -2, -1, 1, 2, 7, 14}', '\\pm 1, \\pm 2, \\pm 7, \\pm 14'])",False,
22,ddtree_tb64,dflash-original-ddtree,64,6 - 5i,"We are given:

- $ z = 2 + \sqrt{2} - (3 + 3\sqrt{2})i $
- $ c = 2 - 3i $
- $ w $ is the result of rotating $ z $ around $ c $ by $ \frac{\pi}{4} $ **counter-clockwise**

We are to find $ w $.

---

### Step 1: Understand the rotation

To rotate a complex number $ z $ around another complex number $ c $ by an angle $ \theta $, we can use the following formula:

$$
w = (z - c) \cdot e^{i\theta} + c
$$

Here:
- $ z - c $ is the vector from $ c $ to $ z $
- $ e^{i\theta} $ is the rotation factor
- Then we add back $ c $ to get the new point $ w $

We are rotating by $ \frac{\pi}{4} $ **counter-clockwise**, so:

$$
e^{i\theta} = e^{i\pi/4} = \cos\left(\frac{\pi}{4}\right) + i\sin\left(\frac{\pi}{4}\right)","(['-1*5*i + 6', '6 - 5i'], ['pi/4', '\\frac{\\pi}{4}'])",False,
23,ddtree_tb64,dflash-original-ddtree,64,16,"We are given that the two-digit integer $ \text{AB} $, when cubed, equals $ 912,673 $. We are to find the value of $ A + B $, where $ \text{AB} $ is a two-digit number.

---

### Step 1: Understand the notation

The two-digit number $ \text{AB} $ is a number like 12, 34, etc., where $ A $ is the tens digit and $ B $ is the units digit. So, the number is:

$$
\text{AB} = 10A + B
$$

We are told:

$$
(10A + B)^3 = 912673
$$

---

### Step 2: Estimate the cube root

We need to find the cube root of 912,673 to find the two-digit number $ \text{AB} $.

Let’s estimate:

$$
\sqrt[3]{912673} \approx ?
$$

Try some cube values:

- $ 90^3 = 729000 $
- $ 95^3 = 8573","(['16', '16'], ['8573', '8573'])",False,
24,ddtree_tb64,dflash-original-ddtree,64,540,"We are given:

- **6 cars** pull up to a red light, **one at a time**.
- There are **3 lanes** at the intersection:
  - **Left-turn lane**
  - **Straight-going lane**
  - **Right-turn lane**
- We are to find the number of **ways** the cars can **stack up** such that **all three lanes are occupied**.
- The **cars are distinguishable**, and the **order in which they arrive** is fixed (i.e., the first car is the first to arrive, the second is the next, etc.).
- The **lanes are distinguishable** (left, straight, right), and each car must choose one of the three lanes.

---

### Step 1: Understand the problem

We are to count the number of **valid sequences** of 6 cars, where each car chooses one of the 3 lanes, and **all three lanes are used at least once**.

This is a **permutation with constraints** problem.

Each car is **distinguishable**, so the **order in which they arrive** matters. But the **lane choice** also matters.

So, we are to count the number of **sequences of 6 cars**, where","(['540', '540'], ['6', '6'])",False,
25,ddtree_tb64,dflash-original-ddtree,64,2\sqrt{5},"We are given a point $(6, 0)$ and a line $y = 2x - 2$, and we are asked to find the **shortest distance** from the point to the line.

---

### Step 1: Use the point-to-line distance formula

The **shortest distance** from a point $(x_0, y_0)$ to a line $Ax + By + C = 0$ is given by:

$$
\text{Distance} = \frac{|Ax_0 + By_0 + C|}{\sqrt{A^2 + B^2}}
$$

First, we rewrite the line equation $y = 2x - 2$ in standard form:

$$
y = 2x - 2 \Rightarrow 2x - y - 2 = 0
$$

So, $A = 2$, $B = -1$, and $C = -2$.

Now, plug in the point $(6, 0)$:

$$
\text{Distance} = \frac{|2(6) + (-1)(0) - 2|}{\sqrt{2^2 + (-1)^2}} = \frac{|12 - 0","(['2*sqrt(5)', '2\\sqrt{5}'], ['0', '0'])",False,
26,ddtree_tb64,dflash-original-ddtree,64,-9,"We are given the expression:

$$
1 + 2 + 3 - 4 + 5 + 6
$$

We are allowed to **add parentheses** (but **not rearrange the order** of the terms), and we are to find the **minimum possible value** of the expression under these constraints.

---

### Step 1: Understand the original expression

Let’s compute the original value:

$$
1 + 2 + 3 - 4 + 5 + 6 = (1 + 2 + 3) + (5 + 6) - 4 = 6 + 11 - 4 = 13
$$

So the original value is **13**.

---

### Step 2: Goal

We are to **add parentheses** (not change the order of the terms) to **minimize** the value of the expression.

We **cannot** change the order of the terms or use multiplication (e.g., we can't do something like $(1+2+3)(-4)+5+6$).

---

### Step 3: Strategy

We want to **minimize** the value. To do that, we want to **maximize the negative contributions** and **","(['-9', '-9'], ['3', '3'])",False,
27,ddtree_tb64,dflash-original-ddtree,64,60,"We are given:

- **6 witches**
- **10 sorcerers**

Each **witch** shakes hands with **each sorcerer**, but:

- **Witches do not shake hands with each other** (they are good friends).
- **Sorcerers do not shake hands with each other** (they hate each other).

So, the only handshakes that happen are between **witches and sorcerers**.

---

### Step 1: Count the number of possible handshakes between witches and sorcerers

Each of the **6 witches** shakes hands with **10 sorcerers**.

So, the total number of handshakes is:

$$
6 \text{ witches} \times 10 \text{ sorcerers} = 60 \text{ handshakes}
$$

---

### Step 2: Check for any overcounting or invalid handshakes

- Witches don’t shake hands with other witches → no handshakes between witches.
- Sorcerers don’t shake hands with other sorcerers → no handshakes between sorcerers.
- Only handshakes between witches and sorcerers are valid.

So, the total number of handshakes is indeed","(['60', '60'], ['2', '2'])",False,
28,ddtree_tb64,dflash-original-ddtree,64,10,"We are given the polynomial:

$$
x^8 + 3x^4 - 4
$$

and asked to factor it into irreducible monic polynomials with integer coefficients, and then compute the sum of the values of these polynomials evaluated at $ x = 1 $.

---

### Step 1: Factor the polynomial

We are given:

$$
x^8 + 3x^4 - 4
$$

Let’s make a substitution to simplify the expression. Let:

$$
y = x^4
$$

Then the polynomial becomes:

$$
y^2 + 3y - 4
$$

This is a quadratic in $ y $, so we can factor it:

$$
y^2 + 3y - 4 = (y + 4)(y - 1)
$$

Now substitute back $ y = x^4 $:

$$
(x^4 + 4)(x^4 - 1)
$$

So the original polynomial factors as:

$$
x^8 + 3x^4 - 4 = (x^4 + 4)(x^4 - 1)
$$

---

### Step 2: Factor each factor further

We now factor","(['10', '10'], ['2', '2'])",False,
29,ddtree_tb64,dflash-original-ddtree,64,14,"We are asked to simplify the expression:

$$
(u+4)(u-1) - (u-3)(u+6)
$$

---

### Step 1: Expand each product

**First term:**
$$
(u+4)(u-1) = u(u-1) + 4(u-1) = u^2 - u + 4u - 4 = u^2 + 3u - 4
$$

**Second term:**
$$
(u-3)(u+6) = u(u+6) - 3(u+6) = u^2 + 6u - 3u - 18 = u^2 + 3u - 18
$$

---

### Step 2: Subtract the two expanded expressions

$$
(u^2 + 3u - 4) - (u^2 + 3u - 18)
$$

Distribute the negative sign:

$$
u^2 + 3u - 4 - u^2 - 3u + 18
$$

Now combine like terms:

- $u^2 - u^2 = 0$
- $3u - 3u = ","(['14', '14'], ['3', '3'])",False,
30,ddtree_tb64,dflash-original-ddtree,64,0,"We are given a piecewise function:

$$
f(x) = \begin{cases}
3 - x & \text{if } x \leq 3, \\
-x^3 + 2x^2 + 3x & \text{if } x > 3.
\end{cases}
$$

We are asked to compute:

$$
f^{-1}(0) + f^{-1}(6)
$$

---

### Step 1: Find $ f^{-1}(0) $

We need to find the value of $ x $ such that $ f(x) = 0 $.

We'll check both cases of the piecewise function.

#### Case 1: $ x \leq 3 $

$$
f(x) = 3 - x
$$

Set $ f(x) = 0 $:

$$
3 - x = 0 \Rightarrow x = 3
$$

Check if $ x = 3 $ satisfies the condition $ x \leq 3 $: **Yes**.

So, $ f(3) = 0 $, so $ f^{-1}(0) = 3 $.

---

### Step 2: Find $ f^{-1}(6) $

We need","(['0', '0'], ['1/f(6)', 'f^{-1}(6)'])",False,
31,ddtree_tb64,dflash-original-ddtree,64,0.15,"We are asked to write the fraction $\frac{3}{20}$ as a decimal.

---

### Step 1: Understand the fraction
The fraction is:

$$
\frac{3}{20}
$$

This means 3 divided by 20.

---

### Step 2: Perform the division
We can divide 3 by 20:

$$
3 \div 20 = 0.15
$$

---

### Step 3: Verify the result
To check, multiply the decimal by 20:

$$
0.15 \times 20 = 3
$$

This confirms that the decimal is correct.

---

### Final Answer:

$$
\boxed{0.15}
$$","(['0.150000000000000', '0.15'], ['0.150000000000000', '0.15'])",True,
32,ddtree_tb64,dflash-original-ddtree,64,\frac{2}{1005},"We are given the equation:

$$
\frac{1}{x^2 - 1} + \frac{2}{x^2 - 2} + \frac{3}{x^2 - 3} + \frac{4}{x^2 - 4} = 2010x - 4
$$

We are to **find the sum of all complex solutions** of this equation.

---

### Step 1: Let’s make a substitution

Let:

$$
y = x^2
$$

Then the equation becomes:

$$
\frac{1}{y - 1} + \frac{2}{y - 2} + \frac{3}{y - 3} + \frac{4}{y - 4} = 2010x - 4
$$

But this still has both $ y $ and $ x $, and $ y = x^2 $, so we need to be careful. However, we can **try to find the sum of all complex solutions** of the original equation, **without solving explicitly**.

---

### Step 2: Consider the function on the left-hand side

Let’s define:

$$
f(x) = \","(['2/1005', '\\frac{2}{1005}'], ['2', '2'])",False,
33,ddtree_tb64,dflash-original-ddtree,64,6,"We are given:

- 2 **indistinguishable** IMO gold medals (let's call them **I**),
- 2 **indistinguishable** IPhO gold medals (let's call them **P**).

We are to arrange these 4 medals in a **row**, and we want to find the number of **distinct arrangements** possible.

---

### Step 1: Understand the problem

We have 4 medals in total:

- 2 of type **I** (indistinguishable),
- 2 of type **P** (indistinguishable).

We are to arrange these 4 medals in a row, and we want to count how many **distinct** arrangements are possible.

---

### Step 2: Use the formula for permutations of multiset

When we have a total of $ n $ items, where there are duplicates of certain types, the number of **distinct arrangements** is given by:

$$
\frac{n!}{n_1! \cdot n_2! \cdot \ldots \cdot n_k!}
$$

Where:
- $ n $ is the total number of items,
- $ n_1, n_2, \ldots, n_k $ are the counts of each type of item","(['6', '6'], ['n', 'n_1, n_2,  , n_k'])",False,
34,ddtree_tb64,dflash-original-ddtree,64,28,"We are given the problem of selecting **6 cookies** from a tray that contains **three types of cookies**: **chocolate chip**, **oatmeal**, and **peanut butter**. Each type has **at least 6 cookies**, and **cookies of the same type are indistinguishable**.

We are to find the number of **different assortments** of 6 cookies that can be selected.

---

### Step 1: Understand the problem

We are choosing **6 cookies** from **three types**, where:

- Let $ x $ = number of chocolate chip cookies
- Let $ y $ = number of oatmeal cookies
- Let $ z $ = number of peanut butter cookies

We are to find the number of **non-negative integer solutions** to the equation:

$$
x + y + z = 6
$$

with the constraint that $ x, y, z \geq 0 $, and since there are **at least 6 of each type**, we don't need to worry about the upper bounds (i.e., we don't have to worry about running out of cookies of any type).

---

### Step 2: Use the stars and bars method

This is a classic **combinatorics problem**","(['28', '28'], ['2', '2'])",False,
35,ddtree_tb64,dflash-original-ddtree,64,\frac{16}{27},"We are given the following:

- Sam is carrying a **2-gallon** bucket of milk.
- The distance from the barn to his house is **3 miles**.
- For **each mile** he walks, the **amount of milk in the bucket is multiplied by $\frac{2}{3}$**.
- We are to find how many gallons of milk are left in the bucket **when he gets home**.

---

### Step 1: Understand the process

At the **start**, the bucket has **2 gallons**.

For **each mile**, the amount of milk is multiplied by $\frac{2}{3}$.

So, after:

- **1 mile**: $2 \times \frac{2}{3}$
- **2 miles**: $2 \times \left(\frac{2}{3}\right)^2$
- **3 miles**: $2 \times \left(\frac{2}{3}\right)^3$

We need to compute the amount of milk after **3 miles**.

---

### Step 2: Compute the amount of milk after 3 miles

$$
\text{Milk after 3 miles} = 2 \times \left(\frac{2}{3}\right)^3
$$

","(['16/27', '\\frac{16}{27}'], ['Eq(milkafter3miles, 2*(2/3)**3)', '\\text{Milk after 3 miles} = 2 \\times (\\frac{2}{3})^3'])",True,
36,ddtree_tb64,dflash-original-ddtree,64,42,"We are given that a **regular hexagon** can be divided into **six equilateral triangles**, and the **perimeter of one of these triangles is 21 inches**. We are to find the **perimeter of the regular hexagon**.

---

### Step 1: Understand the structure

A **regular hexagon** has **6 equal sides** and **6 equal angles**. When you divide a regular hexagon into **6 equilateral triangles**, each triangle has:

- **3 equal sides** (since the hexagon is regular and the triangles are equilateral)
- The **side length of each triangle** is equal to the **side length of the hexagon**

So, the **side length of the hexagon** is the **same as the side length of each equilateral triangle**.

---

### Step 2: Use the given perimeter of one triangle

We are told that the **perimeter of one equilateral triangle is 21 inches**.

Let the side length of the triangle be $ s $.

Then the perimeter of the triangle is:

$$
3s = 21
$$

Solve for $ s $:

$$
s = \frac{21}{3} = 7 \text{","(['42', '42'], ['7', '7'])",False,
37,ddtree_tb64,dflash-original-ddtree,64,103,"We are given the following:

- A **book has $ n $ leaves** if it is composed of $ n $ pieces of paper.
- Each **leaf** is one piece of paper, and each **page** is one side of a leaf.
- So, **each leaf has 2 pages**.
- Therefore, the **number of pages** in the book is **twice the number of leaves**.

Let’s define:

- Let $ L $ be the number of **leaves**.
- Then the number of **pages** is $ 2L $.

We are told:

1. The number of **pages** is **3 more than a multiple of 7**.
2. The number of **leaves** is **greater than 100**.
3. We are to find the **smallest possible number of leaves** that satisfies these conditions.

---

### Step 1: Translate the first condition into an equation

The number of **pages** is $ 2L $, and it is **3 more than a multiple of 7**.

So:

$$
2L \equiv 3 \pmod{7}
$$

We need to solve this congruence for $ L $, and find the","(['103', '103'], ['l', 'L'])",False,
38,ddtree_tb64,dflash-original-ddtree,64,56,"We are given the following information:

- Frank took a **100-question** aptitude test.
- Each **correct answer** gives **5 points**.
- Each **incorrect answer** gives **-2 points**.
- Each **unanswered question** gives **0 points**.
- Frank **answered 80 questions**.
- His **total score** is **232 points**.
- We are to find how many questions he answered **correctly**.

---

### Step 1: Define variables

Let:
- $ c $ = number of **correct answers**
- $ i $ = number of **incorrect answers**
- $ u $ = number of **unanswered questions**

We are told:
- Total questions: $ c + i + u = 100 $
- Total answered questions: $ c + i = 80 $
- Total score: $ 5c - 2i = 232 $

---

### Step 2: Use the total answered questions

From the second equation:
$$
c + i = 80 \quad \text{(1)}
$$

From the first equation:
$$
c + i + u = 100 \quad \text{(2)}
$$

","(['56', '56'], ['Eq(c + i, 80*1)', 'c + i = 80 \\quad \\text{(1)}'])",False,
39,ddtree_tb64,dflash-original-ddtree,64,\text{(E)},"We are given the polar equation:

$$
r^2 \cos 2\theta = 4
$$

We are to determine what kind of curve this represents, and choose from the options:

- (A) Line  
- (B) Circle  
- (C) Parabola  
- (D) Ellipse  
- (E) Hyperbola  

---

### Step 1: Use a trigonometric identity

Recall the double angle identity for cosine:

$$
\cos 2\theta = \cos^2 \theta - \sin^2 \theta
$$

But we can also use the identity:

$$
\cos 2\theta = \frac{1 - \tan^2 \theta}{1 + \tan^2 \theta}
$$

However, a more useful identity in polar coordinates is:

$$
\cos 2\theta = \frac{r^2 \cos^2 \theta - r^2 \sin^2 \theta}{r^2} = \cos^2 \theta - \sin^2 \theta
$$

But that's not helpful directly. Let's try to convert the equation to Cartesian coordinates.

---

### Step 2: Convert to Cartesian coordinates

","(['e', '\\text{(E)}'], ['2', '2'])",False,
40,ddtree_tb64,dflash-original-ddtree,64,4,"We are asked to find the **difference between the positive square root of 64 and the cube root of 64**.

---

### Step 1: Find the **positive square root of 64**

The square root of 64 is:

$$
\sqrt{64} = 8
$$

(We take the **positive** square root, so we don't consider -8.)

---

### Step 2: Find the **cube root of 64**

The cube root of 64 is:

$$
\sqrt[3]{64} = 4
$$

Because $4^3 = 64$.

---

### Step 3: Find the **difference**

Now subtract the cube root from the square root:

$$
8 - 4 = 4
$$

---

### ✅ Final Answer:

$$
\boxed{4}
$$","(['4', '4'], ['4', '4'])",True,
41,ddtree_tb64,dflash-original-ddtree,64,\frac{14}{3},"We are given the function:

$$
f(x) = \frac{3x - 2}{x - 2}
$$

We are asked to find:

$$
f(-2) + f(-1) + f(0)
$$

---

### Step 1: Compute $ f(-2) $

$$
f(-2) = \frac{3(-2) - 2}{-2 - 2} = \frac{-6 - 2}{-4} = \frac{-8}{-4} = 2
$$

---

### Step 2: Compute $ f(-1) $

$$
f(-1) = \frac{3(-1) - 2}{-1 - 2} = \frac{-3 - 2}{-3} = \frac{-5}{-3} = \frac{5}{3}
$$

---

### Step 3: Compute $ f(0) $

$$
f(0) = \frac{3(0) - 2}{0 - 2} = \frac{-2}{-2} = 1
$$

---

### Step 4: Add the results

$$
f(-2) + f(-1)","(['14/3', '\\frac{14}{3}'], ['4', '4'])",False,
42,ddtree_tb64,dflash-original-ddtree,64,1,"We are given the following functions:

- $ t(x) = 3 - g(x) $
- $ g(x) = \sqrt{x} $

We are asked to find $ t(g(16)) $.

---

### Step 1: Evaluate $ g(16) $

Since $ g(x) = \sqrt{x} $, we substitute $ x = 16 $:

$$
g(16) = \sqrt{16} = 4
$$

---

### Step 2: Substitute into $ t(x) $

We now know that $ g(16) = 4 $, so we substitute this into $ t(x) $:

$$
t(g(16)) = t(4)
$$

Recall that $ t(x) = 3 - g(x) $, so:

$$
t(4) = 3 - g(4)
$$

Now compute $ g(4) $:

$$
g(4) = \sqrt{4} = 2
$$

---

### Step 3: Final Calculation

$$
t(4) = 3 - 2 = 1
$$

---

### Final Answer:

$$
\boxed{1}
$$","(['1', '1'], ['1', '1'])",True,
43,ddtree_tb64,dflash-original-ddtree,64,12,"We are given the quadratic expression:

$$
10x^2 - x - 24
$$

and told it can be factored as:

$$
(Ax - 8)(Bx + 3)
$$

Our goal is to find integers $ A $ and $ B $, and then compute $ AB + B $.

---

### Step 1: Expand the factored form

We expand:

$$
(Ax - 8)(Bx + 3) = A B x^2 + 3A x - 8B x - 24
$$

Group like terms:

$$
= AB x^2 + (3A - 8B)x - 24
$$

Now compare this with the original expression:

$$
10x^2 - x - 24
$$

So we match coefficients:

- Coefficient of $ x^2 $: $ AB = 10 $
- Coefficient of $ x $: $ 3A - 8B = -1 $
- Constant term: $ -24 $ (matches)

---

### Step 2: Solve the system of equations

We have:

1. $ AB = 10 $
2. $ ","(['12', '12'], ['2', '2'])",False,
44,ddtree_tb64,dflash-original-ddtree,64,55^\circ,"We are given:

- The angle between vectors $\mathbf{a}$ and $\mathbf{b}$ is $29^\circ$.
- The angle between $\mathbf{b}$ and $\mathbf{a} - \mathbf{b}$ is $84^\circ$.
- We are to find the angle between $\mathbf{a}$ and $\mathbf{a} - \mathbf{b}$.

---

### Step 1: Use vector geometry and triangle angles

Let’s consider the triangle formed by the vectors $\mathbf{a}$, $\mathbf{b}$, and $\mathbf{a} - \mathbf{b}$.

Let’s denote:

- $\theta_1 = \angle(\mathbf{a}, \mathbf{b}) = 29^\circ$
- $\theta_2 = \angle(\mathbf{b}, \mathbf{a} - \mathbf{b}) = 84^\circ$
- $\theta_3 = \angle(\mathbf{a}, \mathbf{a} - \mathbf{b})$ (this is what we want to find)

These three angles are the internal angles of a triangle formed by","(['55', '55^\\circ'], ['Eq(theta_3, \\angle(a, a - b))', '\\theta_3 = \\angle(\\text{a}, \\text{a} - \\text{b})'])",False,
45,ddtree_tb64,dflash-original-ddtree,64,110,"We are given a problem involving 360 students, and we are to find how many students take **physics**. Let's break this down step by step using the information provided.

---

### **Step 1: Total number of students**
- Total students = 360
- 15 students take **all three** subjects: calculus, physics, and chemistry.
- 15 students take **none** of the three subjects.

So, the number of students who take **at least one** of the three subjects is:

$$
360 - 15 - 15 = 330
$$

So, **330 students** take at least one of the three subjects.

---

### **Step 2: Let’s define variables**

Let:
- $ C $ = number of students who take **calculus**
- $ P $ = number of students who take **physics**
- $ Ch $ = number of students who take **chemistry**

We are given:
- $ C = 180 $
- $ Ch = 2P $ (twice as many take chemistry as take physics)
- 75 take **both calculus and chemistry**
- 75 take **both physics and chemistry","(['110', '110'], ['75', '75'])",False,
46,ddtree_tb64,dflash-original-ddtree,64,120,"We are given a diagram with two circles, both centered at point $ D $, with radii 1 and 2. The shaded region has an area equal to $ \frac{5}{12} $ of the area of the **larger circle** (radius 2). We are to find the measure of the smaller angle $ \angle ADC $, where $ A $ is a point on the **smaller circle** (radius 1), and $ C $ is a point on the **larger circle** (radius 2).

---

### Step 1: Understand the Geometry

- The two circles are concentric (same center $ D $).
- $ A $ is on the **smaller circle** (radius 1), and $ C $ is on the **larger circle** (radius 2).
- The angle $ \angle ADC $ is formed by the lines $ DA $ and $ DC $, where $ D $ is the center.
- The shaded region is a **lens-shaped region** formed by the intersection of the two circles, or a combination of regions between the two circles.

We are told that the **total shaded area** is $ \frac{5}{12} $ of the area of","(['120', '120'], ['5/12', '\\frac{5}{12}'])",False,
47,ddtree_tb64,dflash-original-ddtree,64,8,"We are given that in a **convex polygon**, the **sum of all but one of its interior angles is $1070^\circ$**. We are to find the **number of sides** of the polygon.

---

### Step 1: Recall the formula for the sum of interior angles of a polygon

The sum of the interior angles of a polygon with $ n $ sides is:

$$
S = (n - 2) \times 180^\circ
$$

---

### Step 2: Use the given information

We are told that the **sum of all but one** of the interior angles is $1070^\circ$. That means the **sum of all interior angles** is:

$$
S = 1070^\circ + x
$$

where $ x $ is the **missing angle**.

But we also know that the total sum of all interior angles is:

$$
S = (n - 2) \times 180^\circ
$$

So we can write:

$$
(n - 2) \times 180 = 1070 + x
$$

---

### Step 3: Use the fact that the polygon is convex","(['8', '8'], ['3', '3'])",False,
48,ddtree_tb64,dflash-original-ddtree,64,80,"We are given a quadrilateral $ABCD$, with angles $\angle BAD$ and $\angle CDA$ **trisected**. We are to find the **degree measure of angle $\angle AFD$**.

---

### Step 1: Understand the diagram and given information

From the Asymptote code and the diagram:

- $A = (0,0)$, $B = (2,4)$, $C = (7,4)$, $D = (7,-2)$
- The quadrilateral is drawn as $A \to B \to C \to D \to A$
- Points $E$ and $F$ are on the trisectors of $\angle BAD$ and $\angle CDA$, respectively
- The diagram shows:
  - $\angle BAD$ is trisected into three equal parts, each of measure $x$
  - $\angle CDA$ is trisected into three equal parts, each of measure $y$
  - The diagram also labels:
    - $\angle ABC = 110^\circ$
    - $\angle BCD = 100^\circ$
    - The trisected angles are labeled as $x$ and $y$

---

","(['80', '80'], ['{x, y}', 'x and y'])",False,
49,ddtree_tb64,dflash-original-ddtree,64,4495,"We are asked to compute the binomial coefficient:

$$
\dbinom{31}{28}
$$

---

### Step 1: Use the identity for binomial coefficients

Recall the identity:

$$
\dbinom{n}{k} = \dbinom{n}{n - k}
$$

So,

$$
\dbinom{31}{28} = \dbinom{31}{3}
$$

This is because $ 31 - 28 = 3 $, and the binomial coefficient is symmetric.

---

### Step 2: Compute $ \dbinom{31}{3} $

The formula for a binomial coefficient is:

$$
\dbinom{n}{k} = \frac{n!}{k!(n - k)!}
$$

So,

$$
\dbinom{31}{3} = \frac{31!}{3!(31 - 3)!} = \frac{31!}{3! \cdot 28!}
$$

We can simplify this by canceling the $ 28! $ in the numerator and denominator:

$$
\dbinom{31}{3} = \frac{31 \cdot","(['4495', '4495'], ['factorial(28)', '28!'])",False,
50,ddtree_tb64,dflash-original-ddtree,64,"(-\sqrt{3}, \sqrt{3})","We are given the inequality:

$$
-4 < x^4 + 4x^2 < 21
$$

We need to find all **real values of $ x $** that satisfy this inequality.

---

### Step 1: Analyze the left inequality: $ -4 < x^4 + 4x^2 $

Let’s define the function:

$$
f(x) = x^4 + 4x^2
$$

We want to find the values of $ x $ such that:

$$
f(x) > -4
$$

Note that $ x^4 \geq 0 $ and $ 4x^2 \geq 0 $ for all real $ x $, so:

$$
f(x) = x^4 + 4x^2 \geq 0
$$

So the left inequality $ -4 < x^4 + 4x^2 $ is **always true** for all real $ x $, because the expression is always non-negative.

So the **left inequality is always satisfied**.

---

### Step 2: Analyze the right inequality: $ x^4 + 4x^2 < 21 $

We now solve:

$$","(['Interval.open(-sqrt(3), sqrt(3))', '(-\\sqrt{3}, \\sqrt{3})'], ['x**4 + 4*x**2 < 21', 'x^4 + 4x^2 < 21'])",False,
51,ddtree_tb64,dflash-original-ddtree,64,210,"We are given:

- **7 boys**
- **4 girls**
- Mr. Brennan wants to **pick 3 boys and 2 girls** for a group presentation.

We are to find the number of **ways** to do this, where **the order does not matter**.

---

### Step 1: Choose 3 boys from 7

This is a **combination** problem because the order of selection doesn't matter.

$$
\binom{7}{3} = \frac{7!}{3!(7-3)!} = \frac{7 \times 6 \times 5}{3 \times 2 \times 1} = 35
$$

---

### Step 2: Choose 2 girls from 4

Again, this is a combination:

$$
\binom{4}{2} = \frac{4!}{2!(4-2)!} = \frac{4 \times 3}{2 \times 1} = 6
$$

---

### Step 3: Multiply the two results

Since we are choosing 3 boys **and** 2 girls, and the choices are independent, we multiply the number of ways to choose the boys by the number of ways","(['210', '210'], ['2', '2'])",False,
52,ddtree_tb64,dflash-original-ddtree,64,"\left( \frac{3}{2}, -13 \right)","We are given a parametric equation of a line:

$$
\begin{pmatrix} x \\ y \end{pmatrix} = \begin{pmatrix} 8 \\ -1 \end{pmatrix} + t \begin{pmatrix} 2 \\ 3 \end{pmatrix}
$$

This represents a line in **parametric form**, where:

- The point $\begin{pmatrix} 8 \\ -1 \end{pmatrix}$ is a point on the line (when $t = 0$).
- The vector $\begin{pmatrix} 2 \\ 3 \end{pmatrix}$ is the **direction vector** of the line.

We are asked to find the equation of the line in **slope-intercept form**:

$$
y = mx + b
$$

---

### Step 1: Find the slope $m$

The direction vector is $\begin{pmatrix} 2 \\ 3 \end{pmatrix}$, so the **slope** $m$ is:

$$
m = \frac{3}{2}
$$

---

### Step 2: Use a point to find $b$

We know the line passes through the point $(8, -1","(['(3/2, -13)', '( \\frac{3}{2}, -13 )'], ['-1', '-1'])",False,
53,ddtree_tb64,dflash-original-ddtree,64,\sqrt{53},"We are asked to simplify $\sqrt{53}$ in simplest radical form.

---

### Step 1: Understand what ""simplest radical form"" means

A radical is in **simplest radical form** when:
- The radicand (the number under the square root) has **no perfect square factors** other than 1.
- The radical is **simplified** as much as possible.

---

### Step 2: Check if 53 is a perfect square

We check the square of numbers near 53:

- $7^2 = 49$
- $8^2 = 64$

So, 53 is **not a perfect square**.

---

### Step 3: Check if 53 has any perfect square factors

We factor 53:

- 53 is a **prime number** (it has no divisors other than 1 and itself).

So, the only factors of 53 are 1 and 53.

Since 53 is prime, it has **no perfect square factors** other than 1.

---

### Step 4: Conclusion

Since 53 is a prime number and has no perfect square factors other than 1, the square root of","(['sqrt(53)', '\\sqrt{53}'], ['1', '1'])",False,
54,ddtree_tb64,dflash-original-ddtree,64,\frac{1}{2},"We are given that two numbers $ x $ and $ y $ are selected **at random** from the interval $ (0, 3) $, and we are to find the **probability** that a triangle with sides of length $ 1 $, $ x $, and $ y $ **exists**.

---

### Step 1: **Triangle Inequality Conditions**

For a triangle with sides $ a, b, c $, the **triangle inequality** must hold:

$$
a + b > c, \quad a + c > b, \quad b + c > a
$$

In our case, the sides are $ 1, x, y $. So the triangle inequalities become:

1. $ 1 + x > y $
2. $ 1 + y > x $
3. $ x + y > 1 $

We are to find the **probability** that **all three** of these inequalities are satisfied, given that $ x, y \in (0, 3) $, and they are selected **uniformly at random**.

---

### Step 2: **Geometric Interpretation**

Since $ x $ and $ y $ are selected from the interval $ (0, 3) $, we can","(['1/2', '\\frac{1}{2}'], ['Interval.open(0, 3)', '(0, 3)'])",False,
55,ddtree_tb64,dflash-original-ddtree,64,\frac{8}{15},"We are given that the **area of triangle $ ABC $** is:

$$
\text{Area} = a^2 - (b - c)^2
$$

where $ a, b, c $ are the sides of triangle $ ABC $, and we are to compute $ \tan A $, where $ A $ is the angle opposite side $ a $.

---

### Step 1: Use the standard formula for the area of a triangle

The area of triangle $ ABC $ can also be written using the formula:

$$
\text{Area} = \frac{1}{2}bc \sin A
$$

So we equate the two expressions for the area:

$$
\frac{1}{2}bc \sin A = a^2 - (b - c)^2
$$

---

### Step 2: Simplify the right-hand side

$$
a^2 - (b - c)^2 = a^2 - (b^2 - 2bc + c^2) = a^2 - b^2 + 2bc - c^2
$$

So the equation becomes:

$$
\frac{1}{2}bc \sin A = a^2 - b^","(['8/15', '\\frac{8}{15}'], ['1/2', '\\frac{1}{2}'])",False,
56,ddtree_tb64,dflash-original-ddtree,64,1 - 12i,"We are given a **complex number** $ z = 3 $, and we are to apply a **90° clockwise rotation** around the point $ -4 - 5i $ in the complex plane.

---

### Step 1: Understand the rotation

A **90° clockwise rotation** in the complex plane corresponds to multiplying by $ e^{-i\pi/2} = -i $.

So, to rotate a complex number $ z $ by 90° clockwise, we compute:

$$
z' = -i \cdot z
$$

But this is **only** true if the rotation is about the origin. Since the rotation is **about the point** $ -4 - 5i $, we need to:

1. Translate the complex plane so that the center of rotation becomes the origin.
2. Apply the rotation.
3. Translate back.

---

### Step 2: Translate the point

Let’s denote the center of rotation as $ c = -4 - 5i $.

To rotate around $ c $, we first translate the point $ z = 3 $ by subtracting $ c $:

$$
z' = z - c = 3 - (-4 - 5i) = ","(['-1*12*i + 1', '1 - 12i'], ['5', '5'])",False,
57,ddtree_tb64,dflash-original-ddtree,64,10,"We are given:

- 7th grade enrollment: **520**
- 8th grade enrollment: **650**
- Total number of representatives: **18**

We are to determine how many representatives the **8th grade** should have for **fair representation**.

---

### Step 1: Understand the goal

Fair representation means that the number of representatives each grade gets is **proportional** to their **enrollment**.

So, we want to divide the 18 representatives in the **same ratio** as the enrollments of the two grades.

---

### Step 2: Find the ratio of enrollments

$$
\text{Ratio of 7th to 8th} = \frac{520}{650}
$$

Simplify the fraction:

$$
\frac{520}{650} = \frac{52}{65} = \frac{4}{5}
$$

So, the ratio of 7th to 8th grade enrollments is **4:5**.

---

### Step 3: Divide the total representatives in the same ratio

We have 18 total representatives. We divide them in the ratio **4:5**.

","(['10', '10'], ['4', '4'])",False,
58,ddtree_tb64,dflash-original-ddtree,64,8,"We are told:

- **12 friends** met for dinner.
- Each ordered **one meal**.
- The **portions were so large** that the food was enough for **18 people**.
- The question is: **If they share, how many meals should they have ordered to have just enough food for the 12 of them?**

---

### Step 1: Understand the total amount of food

The food was enough for **18 people**, which means the total amount of food is equivalent to **18 meals**.

So, the total food = **18 meals**.

---

### Step 2: Determine how many meals are needed for 12 people

If the food is to be **just enough** for **12 people**, we need to find out how many meals are required to serve 12 people, assuming the food is shared equally.

Since the food is enough for 18 people, we can find the amount of food per person:

$$
\text{Food per person} = \frac{18 \text{ meals}}{12 \text{ people}} = 1.5 \text{ meals per person}
$$

So, each person gets **1.5 meals","(['8', '8'], ['1.50000000000000', '1.5'])",False,
59,ddtree_tb64,dflash-original-ddtree,64,2k+2,"We are given the expression:

$$
(-k + 4) + (-2 + 3k)
$$

### Step 1: Remove the parentheses
Distribute the addition across the terms inside each parenthesis:

$$
-k + 4 - 2 + 3k
$$

### Step 2: Combine like terms
Group the terms with $ k $ and the constant terms:

- Terms with $ k $: $ -k + 3k = 2k $
- Constant terms: $ 4 - 2 = 2 $

### Step 3: Write the simplified expression
$$
2k + 2
$$

### Final Answer:
$$
\boxed{2k + 2}
$$","(['2*k + 2', '2k+2'], ['2*k + 2', '2k + 2'])",True,
60,ddtree_tb64,dflash-original-ddtree,64,550,"We are given:

- Karla drove **12,000 miles** last year.
- She drove an **SUV** that gets **15 miles per gallon**.
- She would have driven a **hybrid** that gets **48 miles per gallon**.

We need to find how many **gallons of gasoline** she would have **saved** by driving the hybrid instead of the SUV.

---

### Step 1: Find how many gallons she used in the SUV

$$
\text{Gallons used by SUV} = \frac{\text{Miles driven}}{\text{Miles per gallon}} = \frac{12,000}{15} = 800 \text{ gallons}
$$

---

### Step 2: Find how many gallons she would have used in the hybrid

$$
\text{Gallons used by hybrid} = \frac{12,000}{48} = 250 \text{ gallons}
$$

---

### Step 3: Find the difference (gallons saved)

$$
\text{Gallons saved} = 800 - 250 = \boxed{550","(['550', '550'], ['800 - 1*250', '800 - 250'])",True,
61,ddtree_tb64,dflash-original-ddtree,64,"\$32,\!348","We are given:

- **Initial investment**: \$24,000  
- **Interest rate**: 1% **bi-monthly** (i.e., every 2 months)  
- **Time period**: 5 years  
- **Goal**: Find the total amount in the investment at the end of 5 years, rounded to the nearest whole number.

---

### Step 1: Understand the compounding frequency

- **Bi-monthly** means **every 2 months**.
- In 5 years, there are:
  $$
  5 \text{ years} \times 12 \text{ months/year} = 60 \text{ months}
  $$
  So, the number of **2-month periods** is:
  $$
  \frac{60}{2} = 30 \text{ periods}
  $$

---

### Step 2: Use the compound interest formula

The formula for compound interest is:

$$
A = P \left(1 + \frac{r}{n}\right)^{nt}
$$

But in this case, the interest is **compounded bi-monthly**, so we can use the formula:

$$
A = P (1 + r)^","(['32348', '32,348'], ['Eq(a, p*(1 + r/n)**(n*t))', 'A = P (1 + \\frac{r}{n})^{nt}'])",False,
62,ddtree_tb64,dflash-original-ddtree,64,"(-\infty, 2) \cup (3, \infty)","We are given the function:

$$
f(x) = \frac{2x - 7}{\sqrt{x^2 - 5x + 6}}
$$

We are asked to find the **domain** of this function, which is the set of all real numbers $ x $ for which the function is defined (i.e., the expression is real and defined).

---

### Step 1: Understand the function

The function is a **rational function** with a **square root in the denominator**. So, we need to ensure:

1. The **denominator is not zero** (since division by zero is undefined).
2. The **expression under the square root is non-negative** (since square roots of negative numbers are not real).

So, we need to find the values of $ x $ such that:

- $ x^2 - 5x + 6 \geq 0 $ (so that the square root is defined)
- $ \sqrt{x^2 - 5x + 6} \neq 0 $ (so that the denominator is not zero)

---

### Step 2: Solve the inequality $ x^2 - 5x + 6 \geq 0 $

Factor the quadratic","(['Union(Interval.open(-oo, 2), Interval.open(3, oo))', '(-\\infty, 2) \\cup (3, \\infty)'], ['x**2 - 1*5*x + 6 >= 0', 'x^2 - 5x + 6 \\geq 0'])",False,
63,ddtree_tb64,dflash-original-ddtree,64,1,"We are given the equation:

$$
(3^k)^6 = 3^6
$$

---

### Step 1: Simplify the left-hand side

Use the power of a power rule: $(a^m)^n = a^{m \cdot n}$

$$
(3^k)^6 = 3^{k \cdot 6} = 3^{6k}
$$

So the equation becomes:

$$
3^{6k} = 3^6
$$

---

### Step 2: Use the property of exponents

If $a^x = a^y$, then $x = y$, provided $a \ne 0$ and $a \ne 1$.

Here, the base is 3, which is not 0 or 1, so we can equate the exponents:

$$
6k = 6
$$

---

### Step 3: Solve for $k$

$$
6k = 6 \Rightarrow k = \frac{6}{6} = 1
$$

---

### Final Answer:

$$
\boxed{1}
$$","(['1', '1'], ['1', '1'])",True,
64,ddtree_tb64,dflash-original-ddtree,64,2,"We are given a piecewise function:

$$
f(x) =
\begin{cases}
ax^2 & \text{if } x \geq a,\\
ax + 2a & \text{if } x < a,
\end{cases}
$$

and we are asked to find the **largest value of $ a $** such that the graph of $ y = f(x) $ **intersects every horizontal line at least once**.

---

### Step 1: Understand the problem

We are to find the **largest** value of $ a $ such that **every horizontal line** (i.e., every line of the form $ y = k $) intersects the graph of $ f(x) $ at least once.

This means that for **every** real number $ k $, the equation $ f(x) = k $ has at least one solution $ x $.

So, we need to ensure that the function $ f(x) $ is **surjective** (onto) from $ \mathbb{R} $ to $ \mathbb{R} $, i.e., for every $ k \in \mathbb{R} $, there exists an $ x \in \mathbb{","(['2', '2'], ['Eq(k, Reals)', 'k \\in \\mathbb{R}'])",False,
65,ddtree_tb64,dflash-original-ddtree,64,4,"We are given that:

- $ n $ fair 6-sided dice are rolled.
- The probability that **exactly two** of them show a number **other than 1** is $ \frac{25}{216} $.
- We are to find the value of $ n $.

---

### Step 1: Understand the event

We are looking for the probability that **exactly two dice show a number other than 1**, and the remaining $ n - 2 $ dice show **1**.

So, for each die:

- The probability that it shows **1** is $ \frac{1}{6} $.
- The probability that it shows **not 1** is $ \frac{5}{6} $.

We want **exactly two** of the $ n $ dice to show **not 1**, and the rest to show **1**.

---

### Step 2: Use the binomial probability formula

This is a **binomial probability** problem.

Let’s define:

- $ X $ = number of dice that show **not 1**.
- We want $ P(X = 2) $.

The binomial probability formula is:

$$
P(X = k) = \","(['4', '4'], ['2', 'P(X = 2)'])",False,
66,ddtree_tb64,dflash-original-ddtree,64,1+274i,"We are given a function:

$$
F(z) = \frac{z + i}{z - i}
$$

and a sequence defined recursively by:

$$
z_n = F(z_{n-1}), \quad \text{for } n \geq 1, \quad \text{with } z_0 = \frac{1}{137} + i
$$

We are to find $ z_{2002} $.

---

### Step 1: Understand the function $ F(z) $

We are given:

$$
F(z) = \frac{z + i}{z - i}
$$

This is a Möbius transformation (a rational function of the form $ \frac{az + b}{cz + d} $), and such functions often have **periodic behavior** when iterated, especially if they are **conformal** (i.e., angle-preserving) and **not constant**.

Let’s try to find the **period** of the function $ F(z) $, i.e., the smallest positive integer $ k $ such that $ F^k(z) = z $, where $ F^k $ means applying $ F $ $ k $ times.

---

","(['274*i + 1', '1+274i'], ['k', 'k'])",False,
67,ddtree_tb64,dflash-original-ddtree,64,\frac{11}{36},"We are given two fair, 6-sided dice, and we are to find the **probability that the product of the two numbers is a multiple of 5**.

---

### Step 1: Understand the problem

We are rolling two dice, each with numbers from 1 to 6. Let the numbers rolled be $ a $ and $ b $, where $ a, b \in \{1, 2, 3, 4, 5, 6\} $.

We are to find the probability that:

$$
a \cdot b \equiv 0 \pmod{5}
$$

This means that the product is divisible by 5.

---

### Step 2: When is a product divisible by 5?

A number is divisible by 5 if it has at least one factor of 5. So, the product $ a \cdot b $ is divisible by 5 **if at least one of the numbers is divisible by 5**.

So, the product is divisible by 5 **if either**:

- $ a $ is divisible by 5, **or**
- $ b $ is divisible by 5

So, we can use the **inclusion-exclusion principle** to find the number","(['11/36', '\\frac{11}{36}'], ['5', '5'])",False,
68,ddtree_tb64,dflash-original-ddtree,64,10,"We are given:

- The robot moves at a **constant speed**.
- It takes **2.5 hours** to travel **1 kilometer**.
- At the same speed, it takes **90 seconds** to travel the **length of a hallway**.
- We are to find the **length of the hallway in meters**.

---

### Step 1: Find the robot's speed

We are told the robot takes **2.5 hours** to travel **1 kilometer**.

First, convert **2.5 hours** to **seconds** to match the time unit in the second part of the problem.

$$
2.5 \text{ hours} = 2.5 \times 3600 \text{ seconds} = 9000 \text{ seconds}
$$

So, the robot travels **1 kilometer = 1000 meters** in **9000 seconds**.

Now, calculate the **speed** in meters per second:

$$
\text{Speed} = \frac{1000 \text{ meters}}{9000 \text{ seconds}} = \frac{1}{9} \text{ m/s}
$$

---

### Step ","(['10', '10'], ['Eq(speed, (1000*meters)/((9000*seconds))) & Eq((1000*meters)/((9000*seconds)), m/s/9)', '\\text{Speed} = \\frac{1000 \\text{ meters}}{9000 \\text{ seconds}} = \\frac{1}{9} \\text{ m/s}'])",False,
69,ddtree_tb64,dflash-original-ddtree,64,78,"We are given the following information about the math club's bake sale:

- **Cookies**: 54 cookies sold at **3 for $1**.
- **Cupcakes**: 20 cupcakes sold at **$2 each**.
- **Brownies**: 35 brownies sold at **$1 each**.
- **Cost to bake all items**: **$15**.

We are asked to find the **profit**, which is:

$$
\text{Profit} = \text{Total Revenue} - \text{Total Cost}
$$

---

### Step 1: Calculate total revenue

#### Cookies:
- 54 cookies sold at 3 for $1.
- Number of sets of 3 cookies:  
  $$
  \frac{54}{3} = 18 \text{ sets}
  $$
- Revenue from cookies:  
  $$
  18 \times 1 = \$18
  $$

#### Cupcakes:
- 20 cupcakes at $2 each:  
  $$
  20 \times 2 = \$40
  $$

#### Brownies:
- 35 brownies at $1 each:  
  $$
  ","(['78', '78'], ['1', '1'])",False,
70,ddtree_tb64,dflash-original-ddtree,64,3,"We are given the Fibonacci sequence:

$$
1, 1, 2, 3, 5, 8, 13, 21, \ldots
$$

Each term is the sum of the two previous terms. We are asked to find the **remainder when the 100th term** of the Fibonacci sequence is divided by **4**.

---

### Step 1: Understand the Problem

We are to compute:

$$
F_{100} \mod 4
$$

Where $ F_n $ is the $ n $-th Fibonacci number.

---

### Step 2: Use the Fibonacci Definition

The Fibonacci sequence is defined recursively as:

$$
F_1 = 1, \quad F_2 = 1, \quad F_n = F_{n-1} + F_{n-2} \text{ for } n \geq 3
$$

We are not going to compute $ F_{100} $ directly (that would be too large), but we can **find a pattern in the Fibonacci sequence modulo 4**.

---

### Step 3: Compute Fibonacci Numbers Modulo 4

Let’s compute the first few Fibonacci numbers modulo 4","(['3', '3'], ['4', '4'])",False,
71,ddtree_tb64,dflash-original-ddtree,64,28,"We are given a geometric diagram with the following information:

- $\overline{BC}$ is **parallel** to the segment through $A$.
- $AB = BC$.
- An angle labeled $124^\circ$ is at point $A$.
- We are to find the value of $x$, which is the angle at point $B$ (labeled at the bottom of the diagram).

---

### Step 1: Understand the diagram

From the Asymptote code and the labels:

- Point $A$ is at $(2,3)$, labeled **N** (north).
- Point $B$ is at $(4,0)$, labeled **S** (south).
- Point $C$ is at $(8,0)$, also labeled **S**.
- The segment from $A$ to $B$ is drawn, and from $B$ to $C$ is also drawn.
- The segment through $A$ is the horizontal line at $y = 3$, which is **parallel** to $\overline{BC}$, which is the horizontal segment from $B = (4,0)$ to $C = (8,0)$.

So, $\overline{BC}$ is","(['28', '28'], ['bar{bc}', '\\overline{BC}'])",False,
72,ddtree_tb64,dflash-original-ddtree,64,23,"We are asked to find the result when the **greatest common factor (GCF)** of 6432 and 132 is **increased by 11**.

---

### Step 1: Find the GCF of 6432 and 132

We will use the **Euclidean Algorithm** to find the GCF.

Let’s denote:
- $ a = 6432 $
- $ b = 132 $

We apply the Euclidean Algorithm:

$$
\begin{align*}
6432 \div 132 &= 48 \text{ remainder } 96 \quad \text{(since } 132 \times 48 = 6336, \text{ and } 6432 - 6336 = 96) \\
132 \div 96 &= 1 \text{ remainder } 36 \quad \text{(since } 96 \times 1 = 96, \text{ and } 132 - 96 = 36) \\
96 \div 36 &= 2 \text{ remainder } 24","(['23', '23'], ['24', '24'])",False,
73,ddtree_tb64,dflash-original-ddtree,64,3,"We are given the expression:

$$
\log_2{3} \cdot \log_3{4} \cdot \log_4{5} \cdot \log_5{6} \cdot \log_6{7} \cdot \log_7{8}
$$

We are to find the value of this product.

---

### Step 1: Use the **change of base formula**

Recall the **change of base formula**:

$$
\log_a{b} = \frac{\log_c{b}}{\log_c{a}}
$$

We can use this to convert all logarithms to the same base, say base 2.

Let’s rewrite each term using base 2:

- $\log_2{3} = \log_2{3}$
- $\log_3{4} = \frac{\log_2{4}}{\log_2{3}} = \frac{2}{\log_2{3}}$
- $\log_4{5} = \frac{\log_2{5}}{\log_2{4}} = \frac{\log_2{5}}{2}$
- $\log_5{6} = \frac","(['3', '3'], ['Eq(log(5, 4), log(5, 2)/log(4, 2)) & Eq(log(5, 2)/log(4, 2), log(5, 2)/2)', '\\log_4{5} = \\frac{\\log_2{5}}{\\log_2{4}} = \\frac{\\log_2{5}}{2}'])",False,
74,ddtree_tb64,dflash-original-ddtree,64,44,"We are asked to compute the **modular inverse** of $ 17 $ modulo $ 83 $, that is, find an integer $ x $ such that:

$$
17x \equiv 1 \pmod{83}
$$

We are also given a hint: $ 17 \cdot 5 = 85 $. Let's use this to help us find the inverse.

---

### Step 1: Use the given hint

We are told:

$$
17 \cdot 5 = 85
$$

Now compute $ 85 \mod 83 $:

$$
85 - 83 = 2 \Rightarrow 85 \equiv 2 \pmod{83}
$$

So:

$$
17 \cdot 5 \equiv 2 \pmod{83}
$$

This tells us that:

$$
17 \cdot 5 \equiv 2 \pmod{83}
$$

We want to find $ x $ such that:

$$
17x \equiv 1 \pmod{83}
$$

Let’s try to use the above equation to find such an $ x $.

---

### Step 2:","(['44', '44'], ['2', '2'])",False,
75,ddtree_tb64,dflash-original-ddtree,64,12,"We are given the percentage of **bus riders** among **males** and **females** in each grade, based on a survey of 300 males and 300 females in each grade.

We are asked: **For which grade is the number of its male bus riders closest to 135% of the number of its female bus riders?**

---

### Step 1: Understand the question

We are given **percentages** of bus riders among males and females in each grade. We are to find the grade where the **number of male bus riders is closest to 135% of the number of female bus riders**.

Let’s denote:

- $ M $ = number of male bus riders
- $ F $ = number of female bus riders

We are to find the grade where:

$$
M \approx 1.35F
$$

Since there are 300 males and 300 females in each grade, we can compute the number of male and female bus riders as:

$$
M = 0.411 \times 300 = 123.3 \quad \text{(for 9th grade)}
$$
$$
F = ","(['12', '12'], ['Eq(m, 0.411*300) & Eq(0.411*300, 123.3*for9thgrade)', 'M = 0.411 \\times 300 = 123.3 \\quad \\text{(for 9th grade)}'])",False,
76,ddtree_tb64,dflash-original-ddtree,64,3,"We are given:

- Total number of boxes: **10**
- Boxes with **pencils**: **5**
- Boxes with **pens**: **4**
- Boxes with **both pens and pencils**: **2**

We are asked to find how many boxes contain **neither pens nor pencils**.

---

### Step 1: Use the principle of inclusion and exclusion

Let:

- $ P $ = set of boxes with **pencils**
- $ Q $ = set of boxes with **pens**

We are given:

- $ |P| = 5 $
- $ |Q| = 4 $
- $ |P \cap Q| = 2 $

We want to find the number of boxes that contain **neither** pencils **nor** pens, i.e., the number of boxes in the complement of $ P \cup Q $.

First, find the number of boxes that contain **either** pencils **or** pens:

$$
|P \cup Q| = |P| + |Q| - |P \cap Q| = 5 + 4 - 2 = 7
$$

So, 7 boxes contain **either** pencils **or** pens.

---

### Step 2:","(['3', '3'], ['2', '2'])",False,
77,ddtree_tb64,dflash-original-ddtree,64,13,"We are given a geometric figure with four points: $ A, B, C, D $, and the distances between them are labeled in the diagram. The goal is to find the **shortest distance** that can be traveled if we **start at any one of the points** and **visit the other three points once** (i.e., a **Hamiltonian path** that visits all four points exactly once).

---

### Step 1: Understand the Diagram

From the Asymptote code and the labels, we can extract the distances between the points:

- $ AB = 6 $
- $ AC = 6 $
- $ AD = 5 $
- $ BC = 5 $
- $ BD = 3 $
- $ CD = 4 $

So the full distance matrix is:

|   | A | B | C | D |
|---|---|---|---|---|
| A | 0 | 6 | 6 | 5 |
| B | 6 | 0 | 5 | 3 |
| C | 6 | 5 | 0 | 4 |
| D | 5 | 3 | 4 | 0 |

---

### Step 2: Goal

We want to","(['13', '13'], ['2', '2'])",False,
78,ddtree_tb64,dflash-original-ddtree,64,\frac{3}{2},"We are given that Remmy wants to divide **10 by $\frac{2}{3}$**, and we need to find the number he should **multiply 10 by** to get the result.

---

### Step 1: Understand the operation

Dividing by a fraction is the same as **multiplying by its reciprocal**.

So:

$$
10 \div \frac{2}{3} = 10 \times \frac{3}{2}
$$

---

### Step 2: Perform the multiplication

$$
10 \times \frac{3}{2} = \frac{10 \times 3}{2} = \frac{30}{2} = 15
$$

---

### Final Answer:

$$
\boxed{15}
$$

So, Remmy should multiply **10 by $\frac{3}{2}$** to get the result of dividing 10 by $\frac{2}{3}$, and the answer is:

$$
\boxed{15}
$$","(['3/2', '\\frac{3}{2}'], ['15', '15'])",False,
79,ddtree_tb64,dflash-original-ddtree,64,-1,"We are given two polynomials:

- $ P(t) = 3t^2 + 5t + a $
- $ Q(t) = 4t^2 + bt - 2 $

Their product is:

$$
P(t) \cdot Q(t) = 12t^4 + 26t^3 - 8t^2 - 16t + 6
$$

We are to find the value of $ a + b $.

---

### Step 1: Multiply the two polynomials

We multiply:

$$
(3t^2 + 5t + a)(4t^2 + bt - 2)
$$

Use the distributive property (FOIL method for polynomials):

$$
= 3t^2(4t^2 + bt - 2) + 5t(4t^2 + bt - 2) + a(4t^2 + bt - 2)
$$

Now expand each term:

- $ 3t^2(4t^2 + bt - 2) = 12t^4 + 3bt^3 - 6t^2 $
- $ 5t(4t^2","(['-1', '-1'], ['5', '5'])",False,
80,ddtree_tb64,dflash-original-ddtree,64,24,"We are given that $ p(x) $ is a **monic polynomial of degree 4**, and that **three of its roots are 1, 2, and 3**. We are to find:

$$
p(0) + p(4)
$$

---

### Step 1: General form of the polynomial

Since $ p(x) $ is a **monic polynomial of degree 4**, and it has roots 1, 2, and 3, we can write:

$$
p(x) = (x - 1)(x - 2)(x - 3)(x - r)
$$

where $ r $ is the **fourth root** of the polynomial (not yet known).

---

### Step 2: Find $ p(0) $

We compute $ p(0) $ by plugging in $ x = 0 $:

$$
p(0) = (0 - 1)(0 - 2)(0 - 3)(0 - r) = (-1)(-2)(-3)(-r) = (6)(r) = 6r
$$

So:

$$
p(0) = 6r
$$

---

### Step 3: Find","(['24', '24'], ['3', '3'])",False,
81,ddtree_tb64,dflash-original-ddtree,64,66,"We are given the following conditions about a group of $ N $ students:

1. When the students are grouped in **groups of 8**, the **last group has 5 students**.
2. When the students are grouped in **groups of 6**, the **last group has 3 students**.
3. $ N < 50 $

We are to find the **sum of all possible values of $ N $** that satisfy these conditions.

---

### Step 1: Translate the conditions into congruences

Let’s interpret the conditions using modular arithmetic.

#### Condition 1: Grouping in 8s, last group has 5 students

This means that when $ N $ is divided by 8, the **remainder is 5**.

So:
$$
N \equiv 5 \pmod{8}
$$

#### Condition 2: Grouping in 6s, last group has 3 students

This means that when $ N $ is divided by 6, the **remainder is 3**.

So:
$$
N \equiv 3 \pmod{6}
$$

We now have a system of congruences:
$$
\begin{cases}
N \equiv 5 \pmod{","(['66', '66'], ['5', '5'])",False,
82,ddtree_tb64,dflash-original-ddtree,64,81,"We are asked to find the **maximum value** of the expression:

$$
4(x + 7)(2 - x)
$$

---

### Step 1: Expand the expression

First, expand the product inside the parentheses:

$$
(x + 7)(2 - x) = x(2 - x) + 7(2 - x) = 2x - x^2 + 14 - 7x = -x^2 - 5x + 14
$$

Now multiply by 4:

$$
4(x + 7)(2 - x) = 4(-x^2 - 5x + 14) = -4x^2 - 20x + 56
$$

So the expression becomes:

$$
f(x) = -4x^2 - 20x + 56
$$

---

### Step 2: Recognize the form of the function

This is a **quadratic function** of the form:

$$
f(x) = ax^2 + bx + c
$$

where:

- $ a = -4 $
- $ b = -20 $
- $ c = 56 $

Since the coefficient of","(['81', '81'], ['Eq(c, 56)', 'c = 56'])",False,
83,ddtree_tb64,dflash-original-ddtree,64,11,"We are given the inequality:

$$
|x - 2| \leq 5.6
$$

### Step 1: Understand the inequality

The expression $|x - 2| \leq 5.6$ means that the distance between $x$ and 2 is less than or equal to 5.6.

This can be rewritten as a compound inequality:

$$
-5.6 \leq x - 2 \leq 5.6
$$

### Step 2: Solve the compound inequality

Add 2 to all parts of the inequality:

$$
-5.6 + 2 \leq x \leq 5.6 + 2
$$

$$
-3.6 \leq x \leq 7.6
$$

### Step 3: Find the integers in this interval

We are looking for **integers** $x$ such that:

$$
-3.6 \leq x \leq 7.6
$$

The integers in this range are:

$$
-3, -2, -1, 0, 1, 2, 3, 4, 5, 6, 7","(['11', '11'], ['7', '7'])",False,
84,ddtree_tb64,dflash-original-ddtree,64,3,"We are given four symbols:  
- $\triangle$  
- $\square$  
- $\diamond$  
- $\clubsuit$  

Each represents a **different integer from 1 to 9**.

We are also given three equations:

$$
\begin{align*}
(1) \quad \triangle + \square &= \clubsuit \\
(2) \quad \triangle + \triangle &= \diamond + \diamond + \diamond + \diamond + \diamond \\
(3) \quad \triangle + \triangle &= \clubsuit + \diamond
\end{align*}
$$

---

### Step 1: Simplify the equations

From equation (2):

$$
2\triangle = 5\diamond \quad \text{(Equation 2)}
$$

From equation (3):

$$
2\triangle = \clubsuit + \diamond \quad \text{(Equation 3)}
$$

From equation (1):

$$
\triangle + \square = \clubsuit \quad \text{(Equation 1)}
$$

---

### Step 2: Use Equation 2 to express $\diamond$ in terms of $\triangle$

From (2):

$$
2\triangle = 5\diamond \Rightarrow","(['3', '3'], ['5', '5'])",False,
85,ddtree_tb64,dflash-original-ddtree,64,64,"We are given a Mr. Potato Head with various optional features, and we are to count how many **different wacky personalities** Tom can create, given the rules.

---

### **Step 1: Understand the Components**

The Mr. Potato Head has the following optional features:

- **Hairstyle**: 3 choices  
- **Eyebrows**: 2 sets (but **cannot mix and match** — so only one set of eyebrows is used at a time)  
- **Eyes**: 1 pair (so only 1 choice)  
- **Ears**: 2 sets  
- **Lips**: 2 sets  
- **Shoes**: 2 choices (regular or clown)  
- **Hair**: Optional — can be **bald** (i.e., no hair), or one of the 3 hairstyles

---

### **Step 2: Understand the ""Complete Personality"" Definition**

A **complete personality** includes:

- **Eyebrows**
- **Eyes**
- **Ears**
- **Lips**
- **Shoes**
- **Optionally** **Hair**

So, **hair is optional** — meaning Tom can choose to have **no hair** (bald), or one of the 3","(['64', '64'], ['3', '3'])",False,
86,ddtree_tb64,dflash-original-ddtree,64,2,"We are given the equation:

$$
3^{2x} + 19 = 10^x
$$

---

### Step 1: Simplify the left-hand side

Note that $ 3^{2x} = (3^2)^x = 9^x $. So the equation becomes:

$$
9^x + 19 = 10^x
$$

---

### Step 2: Let’s make a substitution

Let’s set:

$$
y = 10^x
$$

Then, since $ 9^x = (10^x)^{\log_{10} 9} = y^{\log_{10} 9} $, but this might complicate things.

Alternatively, we can try to **guess and check** small integer values of $ x $ to see if they satisfy the equation.

---

### Step 3: Try small integer values of $ x $

Try $ x = 1 $:

$$
9^1 + 19 = 9 + 19 = 28 \\
10^1 = 10 \quad \text{→ Not equal}
$$

Try $ x = 2 $:

$$
9","(['2', '2'], ['9', '9'])",False,
87,ddtree_tb64,dflash-original-ddtree,64,26000,"We are asked to find the value of:

$$
513^2 - 487^2
$$

This is a difference of squares, which can be factored using the identity:

$$
a^2 - b^2 = (a - b)(a + b)
$$

Let’s apply this identity.

### Step 1: Identify $ a $ and $ b $
Here, $ a = 513 $ and $ b = 487 $

### Step 2: Compute $ a - b $ and $ a + b $

$$
a - b = 513 - 487 = 26
$$
$$
a + b = 513 + 487 = 1000
$$

### Step 3: Multiply the results

$$
513^2 - 487^2 = (a - b)(a + b) = 26 \times 1000 = 26000
$$

### Final Answer:

$$
\boxed{26000}
$$","(['26000', '26000'], ['26000', '26000'])",True,
88,ddtree_tb64,dflash-original-ddtree,64,120,"We are given a **convex quadrilateral** with the following properties:

- The **largest angle** is **twice** the **smallest angle**.
- The **other two angles** are **both right angles** (i.e., 90° each).
- We are to find the **measure of the largest angle**.

---

### Step 1: Use the angle sum of a quadrilateral

In any quadrilateral, the **sum of the interior angles** is:

$$
\text{Sum of angles} = 360^\circ
$$

Let the **smallest angle** be $ x $ degrees.

Then the **largest angle** is $ 2x $ degrees.

The other two angles are both right angles, so they are each $ 90^\circ $.

So, the total sum of the angles is:

$$
x + 2x + 90^\circ + 90^\circ = 360^\circ
$$

---

### Step 2: Solve the equation

$$
x + 2x + 90 + 90 = 360
$$
$$
3x + 180 = 360
","(['120', '120'], ['360', '360'])",False,
89,ddtree_tb64,dflash-original-ddtree,64,49,"We are given a custom operation defined as:

$$
\frac{m}{n} @ \frac{p}{q} = (m)(p)\left(\frac{q}{n}\right)
$$

We are asked to compute:

$$
\frac{7}{30} @ \frac{10}{21}
$$

---

### Step 1: Identify the values of $ m, n, p, q $

From the expression:

- $ \frac{m}{n} = \frac{7}{30} \Rightarrow m = 7, n = 30 $
- $ \frac{p}{q} = \frac{10}{21} \Rightarrow p = 10, q = 21 $

---

### Step 2: Plug into the operation formula

$$
\frac{7}{30} @ \frac{10}{21} = (7)(10)\left(\frac{21}{30}\right)
$$

---

### Step 3: Compute the expression

First, compute the product of the integers:

$$
7 \times 10 = 70
$$

Now compute the fraction:

$$
\frac{","(['49', '49'], ['Eq(7*10, 70)', '7 \\times 10 = 70'])",False,
90,ddtree_tb64,dflash-original-ddtree,64,\dfrac{17}{50},"We are given the set of integers:

$$
\{1, 2, 3, \ldots, 100\}
$$

We are to find the **probability** that a randomly selected integer from this set is:

- **Divisible by 2**, and
- **Not divisible by 3**.

---

### Step 1: Total number of integers in the set

The set contains the integers from 1 to 100, so the total number of integers is:

$$
100
$$

---

### Step 2: Count the numbers divisible by 2

A number is divisible by 2 if it is even.

The even numbers between 1 and 100 are:

$$
2, 4, 6, \ldots, 100
$$

This is an arithmetic sequence with:

- First term $ a = 2 $
- Last term $ l = 100 $
- Common difference $ d = 2 $

The number of terms in this sequence is:

$$
n = \frac{l - a}{d} + 1 = \frac{100 - 2}{2} + 1 = \frac{98}{","(['17/50', '\\frac{17}{50}'], ['1', '1'])",False,
91,ddtree_tb64,dflash-original-ddtree,64,200,"We are given:

- The field is **rectangular**.
- **Width** = 300 feet
- **Length** = 400 feet
- **Jim** walks **diagonally** across the field.
- **Martha** walks **along the length and width** to the same point.
- We are to find: **How many feet less than Martha does Jim walk?**

---

### Step 1: Find the distance Jim walks (diagonal)

Jim walks **diagonally** across the rectangle. The diagonal of a rectangle can be found using the **Pythagorean Theorem**:

$$
\text{Diagonal} = \sqrt{\text{length}^2 + \text{width}^2}
$$

$$
\text{Diagonal} = \sqrt{400^2 + 300^2} = \sqrt{160000 + 90000} = \sqrt{250000} = 500 \text{ feet}
$$

So, **Jim walks 500 feet**.

---

### Step 2: Find the distance Martha walks

Martha walks **along the length and","(['200', '200'], ['2', '2'])",False,
92,ddtree_tb64,dflash-original-ddtree,64,21,"We are asked to find the **greatest common divisor (GCD)** of the three numbers:

$$
3339,\ 2961,\ 1491
$$

---

### Step 1: Use the Euclidean Algorithm

We'll start by finding the GCD of the first two numbers, then use that result to find the GCD with the third number.

---

### Step 2: Find GCD(3339, 2961)

We apply the **Euclidean Algorithm**:

$$
\begin{align*}
3339 \div 2961 &= 1 \text{ remainder } 378 \\
2961 \div 378 &= 7 \text{ remainder } 273 \\
378 \div 273 &= 1 \text{ remainder } 105 \\
273 \div 105 &= 2 \text{ remainder } 63 \\
105 \div 63 &= 1 \text{ remainder } 42 \\
63 \div 42 &= 1 \text{ remainder } 21 \\
42 \div 21 &=","(['21', '21'], ['21', '21'])",True,
93,ddtree_tb64,dflash-original-ddtree,64,\sqrt{5},"We are given:

- A **right cylindrical tank** is being filled with water at a rate of $ 20\pi $ cubic meters per hour.
- The **water level rises 4 meters per hour**.
- We are to find the **radius** of the tank, in **simplest radical form**.

---

### Step 1: Understand the relationship between volume and height

The volume $ V $ of a cylinder is given by:

$$
V = \pi r^2 h
$$

Where:
- $ r $ is the **radius** of the base,
- $ h $ is the **height** of the water in the tank.

We are told that the **volume increases at a rate of $ 20\pi $ m³/hour**, and the **height increases at a rate of 4 meters per hour**.

So, we are given:

$$
\frac{dV}{dt} = 20\pi \quad \text{and} \quad \frac{dh}{dt} = 4
$$

We want to find $ r $, the radius of the tank.

---

### Step 2: Differentiate the volume formula with respect to time

Differentiate both sides of the","(['sqrt(5)', '\\sqrt{5}'], ['2', '2'])",False,
94,ddtree_tb64,dflash-original-ddtree,64,\frac{1}{4},"We are given that a point $(x, y)$ is randomly selected such that:

$$
0 \le x \le 8 \quad \text{and} \quad 0 \le y \le 4
$$

We are to find the **probability** that:

$$
x + y \le 4
$$

---

### Step 1: Understand the Sample Space

The total area of the region where the point $(x, y)$ can be selected is a rectangle with:

- Width = $8$ (from $x = 0$ to $x = 8$)
- Height = $4$ (from $y = 0$ to $y = 4$)

So the **total area** of the sample space is:

$$
\text{Total Area} = 8 \times 4 = 32
$$

---

### Step 2: Understand the Region Where $x + y \le 4$

We are interested in the region where:

$$
x + y \le 4
$$

This is a **linear inequality**. Let's sketch or visualize the region in the $xy$-plane.

- The line $x + y = 4$ is a","(['1/4', '\\frac{1}{4}'], ['Eq(x + y, 4)', 'x + y = 4'])",False,
95,ddtree_tb64,dflash-original-ddtree,64,3,"We are given the cubic equation:

$$
x^3 + ax^2 + ax + 1 = 0
$$

and told that **all roots are real**. We are to find the **smallest possible value of $ a > 0 $** for which this is true.

---

### Step 1: Use the fact that all roots are real

Let the roots of the cubic be $ r_1, r_2, r_3 $, all real. Then by Vieta's formulas:

- $ r_1 + r_2 + r_3 = -a $
- $ r_1r_2 + r_1r_3 + r_2r_3 = a $
- $ r_1r_2r_3 = -1 $

We are to find the **smallest positive $ a $** such that all roots are real.

---

### Step 2: Use the discriminant of a cubic

The **discriminant** $ D $ of a cubic polynomial $ x^3 + bx^2 + cx + d $ is given by:

$$
D = 18bcd - 4b^3d + b^2c^2 - 4c^3","(['3', '3'], ['4', '4'])",False,
96,ddtree_tb64,dflash-original-ddtree,64,2,"We are given a two-digit number in the form **""B6""**, where **B** is the tens digit, and the number is the **square of a positive integer**.

We are to find how many **distinct possible values** there are for **B**.

---

### Step 1: Understand the number format

The number is of the form **""B6""**, which is a two-digit number where the **tens digit is B** and the **units digit is 6**.

So, the number is:

$$
10B + 6
$$

We are told that this number is a **perfect square**.

---

### Step 2: Find all two-digit numbers ending in 6 that are perfect squares

We need to find all **two-digit numbers** that end in **6** and are perfect squares.

Let’s list all perfect squares between 10 and 99 (since we are looking for two-digit numbers):

$$
4^2 = 16 \\
5^2 = 25 \\
6^2 = 36 \\
7^2 = 49 \\
8^2 = 64 \\
9^2 = 81 \\
10^2 = 1","(['2', '2'], ['1', '1'])",False,
97,ddtree_tb64,dflash-original-ddtree,64,13,"We are given the equation of a line:

$$
\frac{x}{4} + \frac{y}{12} = 1
$$

We are to find:

- $ a $: the **x-intercept**
- $ b $: the **y-intercept**
- $ m $: the **slope**

Then compute $ a + b + m $.

---

### Step 1: Find the x-intercept $ a $

The **x-intercept** is the value of $ x $ when $ y = 0 $.

Substitute $ y = 0 $ into the equation:

$$
\frac{x}{4} + \frac{0}{12} = 1 \Rightarrow \frac{x}{4} = 1 \Rightarrow x = 4
$$

So, $ a = 4 $

---

### Step 2: Find the y-intercept $ b $

The **y-intercept** is the value of $ y $ when $ x = 0 $.

Substitute $ x = 0 $ into the equation:

$$
\frac{0}{4} + \frac{y}{12} = 1 \Rightarrow \frac{y}{12} = 1 \Rightarrow","(['13', '13'], ['1', '1'])",False,
98,ddtree_tb64,dflash-original-ddtree,64,\frac{1997}{2},"We are given that:

$$
\omega^{1997} = 1 \quad \text{and} \quad \omega \neq 1
$$

This means that $\omega$ is a **primitive 1997th root of unity**, i.e., $\omega$ is a complex number such that:

$$
\omega^{1997} = 1, \quad \omega^k \neq 1 \text{ for } 1 \leq k < 1997
$$

We are asked to evaluate the sum:

$$
S = \sum_{k=1}^{1997} \frac{1}{1 + \omega^k}
$$

---

### Step 1: Use the identity for roots of unity

Let’s consider the sum:

$$
S = \sum_{k=1}^{1997} \frac{1}{1 + \omega^k}
$$

Note that $\omega^k$ for $k = 1, 2, \dots, 1997$ are all the **1997th roots of unity**, except for $\omega^0 = 1$, which is","(['1997/2', '\\frac{1997}{2}'], ['Eq(omega**0, 1)', '\\omega^0 = 1'])",False,
99,ddtree_tb64,dflash-original-ddtree,64,66,"We are given the equation:

$$
\sqrt[3]{x^2 - 4x + 4} = 16
$$

---

### Step 1: Eliminate the cube root

To get rid of the cube root, we raise both sides of the equation to the power of 3:

$$
\left( \sqrt[3]{x^2 - 4x + 4} \right)^3 = 16^3
$$

$$
x^2 - 4x + 4 = 4096
$$

---

### Step 2: Solve the quadratic equation

Now we solve:

$$
x^2 - 4x + 4 = 4096
$$

Subtract 4096 from both sides:

$$
x^2 - 4x + 4 - 4096 = 0
$$

$$
x^2 - 4x - 4092 = 0
$$

---

### Step 3: Use the quadratic formula

The quadratic formula is:

$$
x = \frac{-b \pm \sqrt{b^2 - 4ac}}{2a}
$$

Here","(['66', '66'], ['4', 'x = \\frac{-b \\pm \\sqrt{b^2 - 4ac}}{2a}'])",False,
100,ddtree_tb64,dflash-original-ddtree,64,480,"We are given:

- 6 **different** books.
- 2 of them are **math books**.
- We want to **stack all 6 books on a shelf**.
- The **condition**: the **math books must not be next to each other**.

---

### Step 1: Total number of ways to arrange 6 books

Since all 6 books are **different**, the total number of ways to arrange them is:

$$
6! = 720
$$

---

### Step 2: Subtract the number of arrangements where the **math books are next to each other**

We want to **exclude** the cases where the two math books are **adjacent**.

#### Step 2.1: Treat the two math books as a single ""block""

If the two math books are next to each other, we can treat them as a **single unit** or ""block"". So now we have:

- 1 math block
- 4 other books

That’s a total of **5 units** to arrange.

The number of ways to arrange these 5 units is:

$$
5! = 120
$$

#### Step 2.2: Within the math block, the two math books","(['480', '480'], ['2.20000000000000', '2.2'])",False,
101,ddtree_tb64,dflash-original-ddtree,64,\begin{pmatrix} -1/3 \\ 2/3 \\ 5/3 \end{pmatrix},"We are given:

- A vector $\mathbf{a} = \begin{pmatrix} 1 \\ 1 \\ 1 \end{pmatrix}$
- A vector $\mathbf{v} = \begin{pmatrix} v_1 \\ v_2 \\ v_3 \end{pmatrix}$
- Two conditions:
  1. $\mathbf{a} \cdot \mathbf{v} = 2$
  2. $\mathbf{a} \times \mathbf{v} = \begin{pmatrix} 1 \\ -2 \\ 1 \end{pmatrix}$

We are to **find** the vector $\mathbf{v}$ that satisfies both conditions.

---

### Step 1: Use the dot product condition

$$
\mathbf{a} \cdot \mathbf{v} = 2
$$

$$
\begin{pmatrix} 1 \\ 1 \\ 1 \end{pmatrix} \cdot \begin{pmatrix} v_1 \\ v_2 \\ v_3 \end{pmatrix} = v_1 + v_2 + v_3 = 2 \tag{1}
$$","(['Matrix([[-1/3], [2/3], [5/3]])', '\\begin{pmatrix} -1/3 \\\\ 2/3 \\\\ 5/3 \\end{pmatrix}'], ['2', '\\begin{pmatrix} 1 \\\\ 1 \\\\ 1 \\end{pmatrix} \\cdot \\begin{pmatrix} v_1 \\\\ v_2 \\\\ v_3 \\end{pmatrix} = v_1 + v_2 + v_3 = 2 \\tag{1}'])",False,
102,ddtree_tb64,dflash-original-ddtree,64,2000,"We are given:

- A snack-size tin of peaches has **40 calories**.
- This is **2%** of a person's daily caloric requirement.

We are asked to find the **total daily caloric requirement**.

---

### Step 1: Let the total daily caloric requirement be $ x $.

We are told that 40 calories is 2% of $ x $, so:

$$
0.02x = 40
$$

---

### Step 2: Solve for $ x $

$$
x = \frac{40}{0.02} = 2000
$$

---

### Final Answer:

$$
\boxed{2000}
$$

So, a person's daily caloric requirement is **2000 calories**.","(['2000', '2000'], ['2000', '2000'])",True,
103,ddtree_tb64,dflash-original-ddtree,64,12,"We are asked to find the **remainder** when the polynomial

$$
P(x) = (5x + 9)^{611} + (x + 5)^{11} + (x - 1)^{11} + 3x^2 + 1
$$

is divided by $ x + 2 $.

---

### Step 1: Use the Remainder Theorem

The **Remainder Theorem** says that the remainder of a polynomial $ P(x) $ divided by $ x - a $ is $ P(a) $.

In this case, we are dividing by $ x + 2 = x - (-2) $, so the **remainder is**:

$$
P(-2)
$$

So we just need to compute:

$$
P(-2) = (5(-2) + 9)^{611} + (-2 + 5)^{11} + (-2 - 1)^{11} + 3(-2)^2 + 1
$$

---

### Step 2: Compute each term

#### First term: $ (5(-2) + 9)^{611} $

$$
5(-2","(['12', '12'], ['5', '5(-2'])",False,
104,ddtree_tb64,dflash-original-ddtree,64,\frac9{19},"We are given the equation:

$$
\frac{\sqrt{2x}}{\sqrt{3x - 1}} = \frac{3}{2}
$$

---

### Step 1: Eliminate the square roots by squaring both sides

$$
\left( \frac{\sqrt{2x}}{\sqrt{3x - 1}} \right)^2 = \left( \frac{3}{2} \right)^2
$$

$$
\frac{2x}{3x - 1} = \frac{9}{4}
$$

---

### Step 2: Cross-multiply to eliminate the fraction

$$
4 \cdot 2x = 9 \cdot (3x - 1)
$$

$$
8x = 27x - 9
$$

---

### Step 3: Solve for $ x $

$$
8x - 27x = -9
$$

$$
-19x = -9
$$

$$
x = \frac{9}{19}
$$

---

### Step 4: Check the domain of the original equation

We must ensure that the expressions under the square roots are **non-negative**:

- $ ","(['9/19', '\\frac{9}{19}'], ['4', '4'])",False,
105,ddtree_tb64,dflash-original-ddtree,64,1600,"We are given the expression:

$$
441 + 2(21)(19) + 361 = x
$$

Let's solve this step by step.

---

### Step 1: Evaluate the middle term

$$
2(21)(19)
$$

First, compute $21 \times 19$:

$$
21 \times 19 = 399
$$

Now multiply by 2:

$$
2 \times 399 = 798
$$

So the middle term is **798**.

---

### Step 2: Add the other two terms

We now have:

$$
441 + 798 + 361
$$

Add 441 and 798 first:

$$
441 + 798 = 1239
$$

Now add 361:

$$
1239 + 361 = 1600
$$

---

### Final Answer:

$$
\boxed{1600}
$$","(['1600', '1600'], ['1600', '1600'])",True,
106,ddtree_tb64,dflash-original-ddtree,64,\dfrac{33}{100},"We are given that a number is selected **at random** from the integers **1 through 100**, inclusive. We are to find the **probability** that the number is a **multiple of 3**.

---

### Step 1: Total number of possible outcomes

The numbers from 1 to 100 inclusive form a total of:

$$
100 \text{ numbers}
$$

So, the total number of possible outcomes is **100**.

---

### Step 2: Count the number of favorable outcomes

We want to count how many numbers between 1 and 100 are **multiples of 3**.

A number is a multiple of 3 if it can be written as:

$$
3k \quad \text{for some integer } k
$$

So, we need to find all integers $ k $ such that:

$$
1 \leq 3k \leq 100
$$

Divide the inequality by 3:

$$
\frac{1}{3} \leq k \leq \frac{100}{3}
$$

$$
\frac{1}{3} \leq k \leq 33","(['33/100', '\\frac{33}{100}'], ['33', '33'])",False,
107,ddtree_tb64,dflash-original-ddtree,64,"(3,4]","We are given a function:

$$
f(x) = \lambda x(1 - x)
$$

with domain and codomain both $[0,1]$, and a constant $\lambda \in [0,4]$. We are to find the values of $\lambda$ such that **there exists an $x \in [0,1]$** for which:

- $f(x) \ne x$, but
- $f(f(x)) = x$.

---

### Step 1: Understand the condition

We are looking for **fixed points of $f \circ f$** (i.e., points $x$ such that $f(f(x)) = x$), **but not fixed points of $f$** (i.e., $f(x) \ne x$).

So, we are looking for **period-2 points** of the function $f$, i.e., points $x$ such that:

$$
f(f(x)) = x \quad \text{but} \quad f(x) \ne x
$$

---

### Step 2: Compute $f(f(x))$

We are given:

$$
f(x) = \lambda x(1 - x)
$$

So:

$$
","(['Interval.Lopen(3, 4)', '(3,4]'], ['Eq(f(x), lambda*x*(1 - x))', 'f(x) = \\lambda x(1 - x)'])",False,
108,ddtree_tb64,dflash-original-ddtree,64,63,"We are given a **rectangular region** with the following **vertices**:

- $ (5,4) $
- $ (-5,4) $
- $ (-5,-4) $
- $ (5,-4) $

This defines a **rectangle** centered at the origin, with:

- **Width**: from $ x = -5 $ to $ x = 5 $, so width = $ 10 $
- **Height**: from $ y = -4 $ to $ y = 4 $, so height = $ 8 $

We are asked to find how many **points with integer coordinates** are **strictly inside** this rectangle.

---

### Step 1: Understand the region

The rectangle is defined by the **bounding box**:

$$
-5 < x < 5, \quad -4 < y < 4
$$

We are to count all **integer-coordinate points** that lie **strictly inside** this region.

That is, we want all integer points $ (x, y) $ such that:

$$
-5 < x < 5, \quad -4 < y < 4
$$

---

### Step 2: Count the integer values of $ x $

We need to","(['63', '63'], ['x', 'x'])",False,
109,ddtree_tb64,dflash-original-ddtree,64,216,"We are given:

- A **steel sphere** with **radius 3 inches**.
- The sphere is made by **removing metal from the corners** of a **cube**.
- The **cube has the shortest possible side length** that allows this.
- We are to find the **volume of the cube**.

---

### Step 1: Understand the Geometry

We are told that a **sphere of radius 3 inches** is formed by **cutting off the corners** of a **cube**. This means that the **sphere is inscribed** in the cube, touching the **midpoints of the cube's edges**.

Let’s denote the **side length of the cube** as $ s $.

When you cut off the corners of a cube to form a sphere, the **sphere touches the midpoints of the cube's edges**. This is a known geometric configuration.

---

### Step 2: Determine the Relationship Between the Cube and the Sphere

In this configuration:

- The **diameter of the sphere** is equal to the **edge length of the cube**.
- The **diameter of the sphere** is $ 2 \times \text{radius} = 2 \times 3 = 6 $ inches.
","(['216', '216'], ['Eq(2*3, 6) & Eq(2*radius, 2*3)', '2 \\times \\text{radius} = 2 \\times 3 = 6'])",False,
110,ddtree_tb64,dflash-original-ddtree,64,54,"We are given:

- The area of triangle $ \triangle ABC $ is 6 square centimeters.
- $ \overline{AB} \parallel \overline{DE} $
- $ BD = 4BC $

We are to find the area of triangle $ \triangle CDE $.

---

### Step 1: Understand the Geometry

From the Asymptote diagram:

- Points $ A, B, C $ form triangle $ \triangle ABC $.
- Points $ D, E $ are such that $ \overline{DE} \parallel \overline{AB} $.
- $ D $ lies on the extension of $ BC $, and $ E $ lies on the extension of $ AC $, such that $ \overline{DE} \parallel \overline{AB} $.

We are told that $ BD = 4BC $, so the point $ D $ is **4 times** the length of $ BC $ away from $ B $, along the line $ BC $.

This suggests that triangle $ \triangle CDE $ is similar to triangle $ \triangle CAB $, because $ \overline{DE} \parallel \overline{AB} $, and both triangles share angle $ \angle","(['54', '54'], ['a*b*c*triangle', '\\overline{DE} \\parallel \\overline{AB}'])",False,
111,ddtree_tb64,dflash-original-ddtree,64,16,"We are given that $ x, y, z $ are **positive real numbers** such that:

$$
xyz = 2
$$

We are to **minimize** the expression:

$$
x^4 + 4y^2 + 4z^4
$$

---

### Step 1: Use the constraint $ xyz = 2 $

We can express one variable in terms of the other two. For example, solve for $ z $:

$$
z = \frac{2}{xy}
$$

Substitute this into the expression to be minimized:

$$
x^4 + 4y^2 + 4\left(\frac{2}{xy}\right)^4 = x^4 + 4y^2 + 4 \cdot \frac{16}{x^4 y^4} = x^4 + 4y^2 + \frac{64}{x^4 y^4}
$$

So the expression becomes:

$$
f(x, y) = x^4 + 4y^2 + \frac{64}{x^4 y^4}
$$

We now want to **minimize** this function over positive real numbers $ x, y $.

","(['16', '16'], ['{x, y}', 'x, y'])",False,
112,ddtree_tb64,dflash-original-ddtree,64,9,"We are given the function:

$$
f(x) = \frac{2}{x + 1}
$$

We are asked to find:

$$
f^{-1}\left(\frac{1}{5}\right)
$$

---

### Step 1: Understand what $ f^{-1}(y) $ means

The inverse function $ f^{-1}(y) $ is the value of $ x $ such that:

$$
f(x) = y
$$

So, to find $ f^{-1}\left(\frac{1}{5}\right) $, we need to solve the equation:

$$
\frac{2}{x + 1} = \frac{1}{5}
$$

---

### Step 2: Solve the equation

$$
\frac{2}{x + 1} = \frac{1}{5}
$$

Cross-multiply:

$$
2 \cdot 5 = 1 \cdot (x + 1)
$$

$$
10 = x + 1
$$

$$
x = 10 - 1 = 9
$$

---

### Final Answer:

$$
\boxed{9}
$$","(['9', '9'], ['9', '9'])",True,
113,ddtree_tb64,dflash-original-ddtree,64,65,"We are given the formula for the volume of a cone:

$$
V = \frac{1}{3}Bh
$$

Where:
- $ B $ is the area of the base (in square units),
- $ h $ is the height (in units),
- $ V $ is the volume (in cubic units).

---

### Step 1: Plug in the given values

We are told:
- $ B = 30 $ square units,
- $ h = 6.5 $ units.

Substitute into the formula:

$$
V = \frac{1}{3} \times 30 \times 6.5
$$

---

### Step 2: Simplify the expression

First, compute $ 30 \times 6.5 $:

$$
30 \times 6.5 = 195
$$

Now multiply by $ \frac{1}{3} $:

$$
V = \frac{1}{3} \times 195 = 65
$$

---

### Final Answer:

$$
\boxed{65}
$$

So, the volume of the cone is **65 cubic units**.","(['65', '65'], ['65', '65'])",True,
114,ddtree_tb64,dflash-original-ddtree,64,"3, 5, 7","We are given the equation:

$$
(x - 3)^3 + (x - 7)^3 = (2x - 10)^3
$$

---

### Step 1: Expand both sides

Let’s expand each term.

#### Left-hand side:

$$
(x - 3)^3 + (x - 7)^3
$$

We can use the binomial expansion:

$$
(a - b)^3 = a^3 - 3a^2b + 3ab^2 - b^3
$$

So:

$$
(x - 3)^3 = x^3 - 9x^2 + 27x - 27
$$
$$
(x - 7)^3 = x^3 - 21x^2 + 147x - 343
$$

Add them together:

$$
(x - 3)^3 + (x - 7)^3 = (x^3 - 9x^2 + 27x - 27) + (x^3 - 21x^2 + 147x - 343)
$$

$$
= 2x^3 - ","(['{3, 5, 7}', '3, 5, 7'], ['2', '2'])",False,
115,ddtree_tb64,dflash-original-ddtree,64,1\frac{4}{5},"We are given:

- Quadrilateral $ CDEG $ is a **square** with side length $ CD = 3 $.
- Quadrilateral $ BEFH $ is a **rectangle** with $ BE = 5 $.
- We are to find the length of $ BH $, expressed as a **mixed number**.

---

### Step 1: Understand the Geometry

From the Asymptote code and the labels:

- $ A = (0, 0) $
- $ B = (3, 0) $
- $ C = (6, 0) $
- $ D = (9, 0) $
- $ E = (9, 3) $
- $ G = (6, 3) $

So, the square $ CDEG $ has vertices at:

- $ C = (6, 0) $
- $ D = (9, 0) $
- $ E = (9, 3) $
- $ G = (6, 3) $

This confirms that $ CDEG $ is a square of side length 3, as the horizontal and vertical distances between adjacent points are 3.

Now, $ BEFH $ is a rectangle. We are told $ BE","(['9/5', '1\\frac{4}{5}'], ['b*e*f*h', 'BEFH'])",False,
116,ddtree_tb64,dflash-original-ddtree,64,64,"We are given a sequence of positive real numbers $(a_1, a_2, \dots, a_n)$ such that:

$$
\sum_{i=1}^n a_i = 96, \quad \sum_{i=1}^n a_i^2 = 144, \quad \sum_{i=1}^n a_i^3 = 216.
$$

We are to find the **sum of all possible values of $n$**.

---

### Step 1: Use Cauchy-Schwarz Inequality

We are given:

- $\sum a_i = 96$
- $\sum a_i^2 = 144$
- $\sum a_i^3 = 216$

Let’s denote:

- $S_1 = \sum a_i = 96$
- $S_2 = \sum a_i^2 = 144$
- $S_3 = \sum a_i^3 = 216$

We want to find all possible values of $n$ such that these three sums are consistent with a sequence of $n$ positive real numbers.

---

### Step 2: Use Cauchy","(['64', '64'], ['2', '2'])",False,
117,ddtree_tb64,dflash-original-ddtree,64,11,"We are given the expression:

$$
(3x - 2)(4x + 1) - (3x - 2)4x + 1
$$

and we are to evaluate it when $ x = 4 $.

---

### Step 1: Substitute $ x = 4 $ into the expression

Let’s substitute $ x = 4 $ into the expression:

$$
(3(4) - 2)(4(4) + 1) - (3(4) - 2)(4(4)) + 1
$$

Now compute each part step by step.

---

### Step 2: Compute each term

#### First term: $ (3x - 2)(4x + 1) $

$$
3(4) - 2 = 12 - 2 = 10 \\
4(4) + 1 = 16 + 1 = 17 \\
\Rightarrow (3x - 2)(4x + 1) = 10 \cdot 17 = 170
$$

#### Second term: $ (3x - 2)4x $

$$
(3x - 2) = 1","(['11', '11'], ['1', '1'])",False,
118,ddtree_tb64,dflash-original-ddtree,64,\frac{2}{3},"We are given a game between Alice and Bob with the following rules:

- **Alice starts first.**
- On **Alice's turn**, she flips a **coin**:
  - If it's **heads**, she **wins**.
  - If it's **tails**, the turn goes to **Bob**.
- On **Bob's turn**, he flips a **coin**:
  - If it's **tails**, he **wins**.
  - If it's **heads**, the turn goes back to **Alice**.

We are to find the **probability that Alice wins the game**.

---

### Step 1: Define the probability of Alice winning

Let $ P $ be the probability that **Alice wins** the game.

We'll analyze the game step by step.

---

### Step 2: First turn (Alice's turn)

- Alice flips a coin:
  - Probability of **heads** (Alice wins): $ \frac{1}{2} $
  - Probability of **tails** (Bob's turn): $ \frac{1}{2} $

So, the game can end on the first turn with probability $ \frac{1}{2} $, and if not, it goes to Bob.

---

### Step 3:","(['2/3', '\\frac{2}{3}'], ['3', '3'])",False,
119,ddtree_tb64,dflash-original-ddtree,64,\frac{20000}{\pi},"We are given a **rectangular field** enclosed in an **athletic track**. The track consists of:

- **Two straight edges** of the field (the length of the field),
- **Two semicircular ends** (one on each end of the rectangle).

The **total length of the track is 400 meters**, and we are to find the **largest possible area** of the field.

---

### Step 1: Understand the Shape

The field is a **rectangle** with **two semicircular ends**, forming a **track** that is **400 meters long**.

This is a **standard running track** shape, where the **straight parts** are the length of the rectangle, and the **curved parts** are two semicircles (i.e., one full circle).

Let’s define:

- Let $ x $ be the **length** of the rectangle (the straight part of the track),
- Let $ y $ be the **width** of the rectangle (the diameter of the semicircles),
- Then the **radius** of the semicircles is $ r = \frac{y}{2} $.

---

### Step 2: Total Track Length

The total length of the track","(['20000/pi', '\\frac{20000}{\\pi}'], ['2', '2'])",False,
120,ddtree_tb64,dflash-original-ddtree,64,15,"We are given:

- A **circle**: $ x^2 + y^2 = 2 $
- A **parabola**: $ y^2 = 8x $

We are told that these two curves have **two common tangents**, and these tangents touch the circle and the parabola at **four points of tangency**. These four points form a **quadrilateral**, and we are to find the **area of this quadrilateral**.

---

### Step 1: Understand the Geometry

We are given that the **circle** and **parabola** have **two common tangents**, and each tangent touches both the circle and the parabola at one point. So, there are **two tangents**, each touching the circle and the parabola at one point, so **four points of tangency** in total.

These four points form a **quadrilateral**, and we are to find the **area** of that quadrilateral.

---

### Step 2: Find the Points of Tangency

Let’s find the **equation of a common tangent** to both the circle and the parabola.

Let the equation of a line be:

$$
y = mx + c
$$

This line is","(['15', '15'], ['2', 'y = mx +'])",False,
121,ddtree_tb64,dflash-original-ddtree,64,\frac{11}{2},"We are given the equation:

$$
|x + 5| - |3x - 6| = 0
$$

We are to **find the largest possible value of $ x $** that satisfies this equation.

---

### Step 1: Understand the equation

We are dealing with absolute values, so we need to consider different cases based on the expressions inside the absolute values.

Let’s define:

- $ A = x + 5 $
- $ B = 3x - 6 $

So the equation becomes:

$$
|A| - |B| = 0 \Rightarrow |A| = |B|
$$

This means:

$$
|x + 5| = |3x - 6|
$$

This equation is true when the two expressions inside the absolute values are either equal or negatives of each other.

So we have two cases:

---

### **Case 1: $ x + 5 = 3x - 6 $**

Solve:

$$
x + 5 = 3x - 6 \\
5 + 6 = 3x - x \\
11 = 2x \\
x = \frac{11}{2}
$$

---

### **Case 2: $ x +","(['11/2', '\\frac{11}{2}'], ['2', '2'])",False,
122,ddtree_tb64,dflash-original-ddtree,64,-\sqrt{3},"We are asked to simplify the expression:

$$
\tan 100^\circ + 4 \sin 100^\circ
$$

---

### Step 1: Use known trigonometric identities

We can use the identity:

$$
\tan \theta = \frac{\sin \theta}{\cos \theta}
$$

So:

$$
\tan 100^\circ = \frac{\sin 100^\circ}{\cos 100^\circ}
$$

Now substitute into the original expression:

$$
\tan 100^\circ + 4 \sin 100^\circ = \frac{\sin 100^\circ}{\cos 100^\circ} + 4 \sin 100^\circ
$$

---

### Step 2: Combine the terms

To combine the terms, we need a common denominator. The first term has denominator $\cos 100^\circ$, and the second term is just $\sin 100^\circ$, so we can write:

$$
\frac{\sin 100^\circ}{\cos 100^\circ} + 4 \sin 100","(['-sqrt(3)', '-\\sqrt{3}'], ['100', '100'])",False,
123,ddtree_tb64,dflash-original-ddtree,64,1+2\sqrt{3},"We are given a **regular tetrahedron** $ABCD$ with **side length 2**, and a **plane** that is **parallel to edges $AB$ and $CD$** and **lies halfway between them**. This plane cuts the tetrahedron into two pieces. We are to find the **surface area of one of these pieces**.

---

### Step 1: Understand the Geometry

A **regular tetrahedron** has:

- 4 triangular faces
- 4 vertices
- 6 edges, all of equal length (here, 2)
- All faces are equilateral triangles

Let’s label the vertices as $A, B, C, D$, and assume the tetrahedron is oriented so that:

- $AB$ and $CD$ are skew lines (not intersecting and not parallel)
- The plane is **parallel to both $AB$ and $CD$** and lies **halfway between them**

This is a key geometric configuration.

---

### Step 2: Understand the Plane

We are told the plane is **parallel to both $AB$ and $CD$** and lies **halfway between them**.

This means the plane is **equidistant from both $","(['1 + 2*sqrt(3)', '1+2\\sqrt{3}'], ['{a*b, c*d}', 'AB and CD'])",False,
124,ddtree_tb64,dflash-original-ddtree,64,84,"We are given the following information about a class of 30 students:

- 20 students scored **80**
- 8 students scored **90**
- 2 students scored **100**

We are asked to find the **class average** (i.e., the **mean** score).

---

### Step 1: Calculate the total score

We calculate the total score by multiplying the number of students by their respective scores and then adding them all together.

$$
\text{Total score} = (20 \times 80) + (8 \times 90) + (2 \times 100)
$$

$$
= 1600 + 720 + 200 = 2520
$$

---

### Step 2: Calculate the mean (average)

$$
\text{Mean} = \frac{\text{Total score}}{\text{Number of students}} = \frac{2520}{30}
$$

$$
\text{Mean} = 84
$$

---

### ✅ Final Answer:

$$
\boxed{84}
$$","(['84', '84'], ['84', '84'])",True,
125,ddtree_tb64,dflash-original-ddtree,64,6,"We are asked to evaluate:

$$
\log_2 64
$$

---

### Step 1: Understand the definition of a logarithm

The expression $\log_2 64$ means:

> ""To what power must we raise 2 to get 64?""

In other words:

$$
\log_2 64 = x \quad \text{if and only if} \quad 2^x = 64
$$

---

### Step 2: Express 64 as a power of 2

We know that:

$$
64 = 2^6
$$

So:

$$
\log_2 64 = \log_2 (2^6)
$$

---

### Step 3: Use the logarithmic identity

$$
\log_b (b^x) = x
$$

So:

$$
\log_2 (2^6) = 6
$$

---

### Final Answer:

$$
\boxed{6}
$$","(['6', '6'], ['6', '6'])",True,
126,ddtree_tb64,dflash-original-ddtree,64,12,"We are given the expression:

$$
\frac{\sqrt{2.5^2 - 0.7^2}}{2.7 - 2.5}
$$

---

### Step 1: Simplify the denominator

$$
2.7 - 2.5 = 0.2
$$

So the expression becomes:

$$
\frac{\sqrt{2.5^2 - 0.7^2}}{0.2}
$$

---

### Step 2: Compute the numerator inside the square root

First, compute $2.5^2$ and $0.7^2$:

$$
2.5^2 = 6.25, \quad 0.7^2 = 0.49
$$

Now subtract:

$$
6.25 - 0.49 = 5.76
$$

So the expression becomes:

$$
\frac{\sqrt{5.76}}{0.2}
$$

---

### Step 3: Simplify the square root

$$
\sqrt{5.76} = 2.4
$$

So the expression becomes:

$$
\frac{2.4}{0","(['12', '12'], ['Eq(sqrt(5.76), 2.4)', '\\sqrt{5.76} = 2.4'])",False,
127,ddtree_tb64,dflash-original-ddtree,64,18+2\pi,"We are given a **regular nonagon** (a 9-sided polygon) with **side length 2 units**. We are to find the **perimeter of the set $ S $**, which is defined as:

> The union of:
> - All points **inside** the nonagon, and
> - All points **less than 1 unit away from a point on the perimeter** of the nonagon.

---

### Step 1: Understand the shape of $ S $

The set $ S $ is the union of:
- The **interior** of the nonagon, and
- A **buffer zone** (or ""inflation"") of 1 unit around the perimeter of the nonagon.

This is equivalent to taking the **Minkowski sum** of the nonagon with a disk of radius 1, or more simply, the **offset** of the nonagon by 1 unit outward.

So, $ S $ is a **rounded nonagon** with rounded edges and rounded corners.

---

### Step 2: Visualize the shape

- The original nonagon has **9 sides**, each of length 2 units.
- The **buffer zone** adds a **1-unit radius** around the perimeter.
- This results in","(['2*pi + 18', '18+2\\pi'], ['1', '1'])",False,
