prompt_index,method_key,method,budget,decode_rounds,num_output_tokens,mean_matched_draft_tokens,mean_committed_tokens,full_block_acceptance,milliseconds_per_token,tokens_per_second,matches_sequential_baseline,draft_milliseconds_per_round,tree_build_milliseconds_per_round,tree_compile_milliseconds_per_round,verify_milliseconds_per_round,commit_milliseconds_per_round,other_milliseconds_per_round
0,dflash2,DFlash2-GreedyPath,7,124,629,4.064516129032258,5.064516129032258,0.3548387096774194,10.58149639904719,94.50459200553571,False,12.601909879102154,0.0,0.0,40.36170793545851,0.5635541532419373,0.14832186284805968
1,dflash2,DFlash2-GreedyPath,7,101,559,4.534653465346534,5.524752475247524,0.37623762376237624,9.68435874955225,103.25928911361679,False,12.612255861367345,0.0,0.0,40.27977888117585,0.5597845049105852,0.1477504654146044
2,dflash2,DFlash2-GreedyPath,7,231,1420,5.147186147186147,6.142857142857143,0.5281385281385281,9.105643260564122,109.82200503405697,False,13.318763948034333,0.0,0.0,41.871413333377134,0.6208354977951829,0.1630713333520263
3,dflash2,DFlash2-GreedyPath,7,92,555,5.032608695652174,6.021739130434782,0.4673913043478261,8.95526171891991,111.66619484579502,False,12.701205739196428,0.0,0.0,40.63403118472865,0.5407341086736225,0.14761868479858412
4,dflash2,DFlash2-GreedyPath,7,116,621,4.353448275862069,5.344827586206897,0.29310344827586204,10.098161059581118,99.0279313332205,False,12.728738586357112,0.0,0.0,40.600603965497704,0.5810410085861553,0.14959935335104219
5,dflash2,DFlash2-GreedyPath,7,97,410,3.216494845360825,4.216494845360825,0.17525773195876287,12.896986695119356,77.53749179088732,False,12.803073556515113,0.0,0.0,40.94799384526511,0.6114995566602693,0.15046958794028825
6,dflash2,DFlash2-GreedyPath,7,114,620,4.43859649122807,5.4298245614035086,0.42105263157894735,9.909794896773217,100.91026206058164,False,12.686267508717975,0.0,0.0,40.51225909655873,0.5491068685794169,0.14774228052453384
7,dflash2,DFlash2-GreedyPath,7,143,917,5.4125874125874125,6.405594405594406,0.5734265734265734,8.319197244275498,120.20390557371475,True,12.605783405544914,0.0,0.0,40.08344279725963,0.5110106503071347,0.14734267836126866
8,dflash2,DFlash2-GreedyPath,7,127,784,5.173228346456693,6.165354330708661,0.5354330708661418,8.613823903061178,116.09245919743267,False,12.542286921323138,0.0,0.0,39.96870505509682,0.5173017794216386,0.14680813392189546
9,dflash2,DFlash2-GreedyPath,7,67,367,4.477611940298507,5.462686567164179,0.44776119402985076,9.716966792912386,102.91277322563313,False,12.485341537190399,0.0,0.0,40.05429932829483,0.5394096418180496,0.14672282103769682
10,dflash2,DFlash2-GreedyPath,7,32,158,3.9375,4.90625,0.15625,10.720049753171558,93.28314914808553,True,12.224565312521918,0.0,0.0,39.95098346877057,0.6077070625565284,0.14698981243554954
11,dflash2,DFlash2-GreedyPath,7,133,479,2.601503759398496,3.593984962406015,0.10526315789473684,14.756974448852715,67.76456810072916,False,12.50806565405952,0.0,0.0,39.8710098570997,0.6204454962278391,0.1477779475035482
12,dflash2,DFlash2-GreedyPath,7,150,690,3.6,4.593333333333334,0.28,11.642378424638055,85.89310221043503,False,12.628246073303066,0.0,0.0,40.19803798658055,0.5807360266893132,0.1479206667621232
13,dflash2,DFlash2-GreedyPath,7,148,847,4.716216216216216,5.716216216216216,0.4527027027027027,9.463208030695986,105.67241011254124,False,12.77814451349194,0.0,0.0,40.68860252695034,0.5428976959395899,0.14803906091204938
14,dflash2,DFlash2-GreedyPath,7,93,546,4.870967741935484,5.860215053763441,0.4838709677419355,9.20749538827861,108.60716816356236,False,12.746693677302094,0.0,0.0,40.62700481721237,0.5355651828135559,0.14764473127543562
15,dflash2,DFlash2-GreedyPath,7,395,2048,4.184810126582279,5.182278481012658,0.369620253164557,10.428943839356108,95.88698677485071,False,12.784398048102105,0.0,0.0,40.5772396784863,0.5628411164310174,0.1476147848319946
16,dflash2,DFlash2-GreedyPath,7,119,450,2.7815126050420167,3.773109243697479,0.14285714285714285,14.079074653333615,71.02739523887828,False,12.53202719340725,0.0,0.0,39.948295050451925,0.6131542015909032,0.14672182345855297
17,dflash2,DFlash2-GreedyPath,7,35,189,4.4,5.371428571428571,0.42857142857142855,9.82000774073491,101.83291361898274,True,12.275800114314604,0.0,0.0,40.06671362866265,0.5407538285258592,0.14477422846540047
18,dflash2,DFlash2-GreedyPath,7,331,2048,5.187311178247734,6.18429003021148,0.5981873111782477,8.57420244238316,116.62892341530188,False,12.558979966755189,0.0,0.0,39.84604525678613,0.5001543021483119,0.14607909062672955
19,dflash2,DFlash2-GreedyPath,7,398,2048,4.1457286432160805,5.14321608040201,0.36683417085427134,10.610432370116385,94.24686620843435,False,12.896250864364836,0.0,0.0,40.98468240449368,0.5679052461876304,0.14956724876881608
20,dflash2,DFlash2-GreedyPath,7,88,545,5.193181818181818,6.181818181818182,0.5795454545454546,8.745575053212175,114.34353875137217,False,12.740907511401515,0.0,0.0,40.75438635233943,0.5213521251128193,0.14629042024435793
21,dflash2,DFlash2-GreedyPath,7,151,821,4.437086092715232,5.430463576158941,0.4503311258278146,9.86510577588397,101.36738750886776,False,12.64751652975396,0.0,0.0,40.30090296682287,0.5416991986465965,0.14731072200001957
22,dflash2,DFlash2-GreedyPath,7,258,1513,4.8604651162790695,5.8604651162790695,0.4883720930232558,9.291684173166239,107.62311561212262,False,12.855282515431114,0.0,0.0,40.94460422872593,0.5408243450237792,0.1488941588832018
23,dflash2,DFlash2-GreedyPath,7,104,513,3.9326923076923075,4.923076923076923,0.28846153846153844,10.821352029238787,92.40989455828134,False,12.523024644224279,0.0,0.0,40.129631557699845,0.5794334711551458,0.14631024037743584
24,dflash2,DFlash2-GreedyPath,7,185,833,3.502702702702703,4.4972972972972975,0.2,11.88255230972507,84.15700380982689,False,12.584887329649064,0.0,0.0,40.16368357841054,0.608345573001881,0.14668391894382374
25,dflash2,DFlash2-GreedyPath,7,64,368,4.75,5.734375,0.46875,9.287218239132532,107.67486821688003,False,12.4890472811785,0.0,0.0,40.23424346857496,0.5342076406691376,0.14400648458946091
26,dflash2,DFlash2-GreedyPath,7,240,1041,3.3375,4.333333333333333,0.25416666666666665,12.336575947166335,81.0597692814185,False,12.591935479046393,0.0,0.0,40.18405614999665,0.5864173249771435,0.1474892168137861
27,dflash2,DFlash2-GreedyPath,7,56,237,3.232142857142857,4.214285714285714,0.25,12.818016130800464,78.01519281888683,False,12.652124642792321,0.0,0.0,40.85379367851211,0.5948015179585907,0.14695557144607715
28,dflash2,DFlash2-GreedyPath,7,211,1179,4.587677725118484,5.5829383886255926,0.43601895734597157,9.69576822222253,103.13777898568343,False,12.75915015633589,0.0,0.0,40.72165659711948,0.5484206541079997,0.14760071566110197
29,dflash2,DFlash2-GreedyPath,7,53,289,4.452830188679245,5.433962264150943,0.4339622641509434,9.965962553629199,100.34153696833233,False,12.65344843396067,0.0,0.0,40.994284434006815,0.5488653395040497,0.14610326420466355
30,dflash2,DFlash2-GreedyPath,7,73,433,4.931506849315069,5.917808219178082,0.4794520547945205,9.24844264203066,108.12631258103713,True,12.822575999962282,0.0,0.0,41.34425242466945,0.5419605479564531,0.14841190411422994
31,dflash2,DFlash2-GreedyPath,7,32,150,3.65625,4.65625,0.3125,11.486549673330348,87.05834462387045,False,12.436894687311906,0.0,0.0,40.67929871882825,0.5813323440406748,0.14567584355518193
32,dflash2,DFlash2-GreedyPath,7,353,2048,4.801699716713881,5.798866855524079,0.49291784702549574,9.327458309082104,107.2103425030916,False,12.7706829688585,0.0,0.0,40.65612234840677,0.5397877789786558,0.14851913321825114
33,dflash2,DFlash2-GreedyPath,7,104,461,3.4326923076923075,4.423076923076923,0.23076923076923078,12.155825453363578,82.2650838346231,False,12.610565144279043,0.0,0.0,40.528841586522574,0.5972320289297036,0.1463952210437688
34,dflash2,DFlash2-GreedyPath,7,81,430,4.308641975308642,5.296296296296297,0.3333333333333333,10.155190334884283,98.47181264194344,False,12.65393355543769,0.0,0.0,40.5365161358206,0.5728220864208803,0.14699790133616059
35,dflash2,DFlash2-GreedyPath,7,90,396,3.4,4.388888888888889,0.25555555555555554,12.236109446968674,81.72532326014263,False,12.56060930010992,0.0,0.0,40.545309066631795,0.5870699333374634,0.1458932665829909
36,dflash2,DFlash2-GreedyPath,7,87,410,3.7126436781609193,4.7011494252873565,0.22988505747126436,11.38213124878104,87.85700833550784,False,12.536643942523327,0.0,0.0,40.36603950577234,0.591749781626444,0.14549564364370918
37,dflash2,DFlash2-GreedyPath,7,145,720,3.9655172413793105,4.958620689655173,0.3103448275862069,10.937572123609446,91.42796853804843,False,12.73923667603381,0.0,0.0,40.84501677926114,0.5792215932035168,0.14722791011395045
38,dflash2,DFlash2-GreedyPath,7,78,417,4.346153846153846,5.333333333333333,0.3717948717948718,10.242625383694884,97.6312188076202,False,12.788306858872089,0.0,0.0,41.25410578219602,0.5667285641277723,0.149509884557539
39,dflash2,DFlash2-GreedyPath,7,104,549,4.278846153846154,5.269230769230769,0.3557692307692308,10.356488708560132,96.55782265020501,False,12.834843769129433,0.0,0.0,41.11784965381888,0.568940394242208,0.14867676934325294
40,dflash2,DFlash2-GreedyPath,7,42,189,3.5,4.476190476190476,0.21428571428571427,12.201595396820467,81.95649564487144,False,12.710078023831427,0.0,0.0,41.4435946903766,0.606549857236262,0.14695671424782458
41,dflash2,DFlash2-GreedyPath,7,51,350,5.862745098039215,6.8431372549019605,0.6666666666666666,7.987137257145411,125.20130402233731,False,12.7850164314498,0.0,0.0,41.38696484298242,0.4954052351511599,0.14630054925767863
42,dflash2,DFlash2-GreedyPath,7,46,259,4.630434782608695,5.608695652173913,0.45652173913043476,9.729937324320074,102.77558494652274,True,12.762566478356703,0.0,0.0,41.32638258698021,0.5456317608347846,0.14919671728263062
43,dflash2,DFlash2-GreedyPath,7,105,549,4.228571428571429,5.219047619047619,0.41904761904761906,10.507765285973486,95.16771385585395,False,12.914332390417778,0.0,0.0,41.3220376666383,0.5567049715388012,0.1475263237807667
44,dflash2,DFlash2-GreedyPath,7,71,430,5.042253521126761,6.042253521126761,0.5774647887323944,8.977528120928138,111.38923616054521,False,12.725568436636282,0.0,0.0,40.98442936613627,0.5136821829938514,0.14726497196739138
45,dflash2,DFlash2-GreedyPath,7,143,710,3.965034965034965,4.958041958041958,0.3076923076923077,11.02778874084552,90.68001060775927,False,12.892440832195087,0.0,0.0,41.12406611179054,0.5870297343510453,0.1498200069802367
46,dflash2,DFlash2-GreedyPath,7,290,1389,3.7896551724137932,4.786206896551724,0.3103448275862069,11.314704699784613,88.38056551480624,False,12.790434417171316,0.0,0.0,40.67703536542906,0.5769486103135619,0.14911549674409266
47,dflash2,DFlash2-GreedyPath,7,125,624,3.984,4.984,0.28,10.758311506411026,92.9513892030442,False,12.60742319993733,0.0,0.0,40.36875502386829,0.5823960958368843,0.14691672036133951
48,dflash2,DFlash2-GreedyPath,7,183,862,3.710382513661202,4.704918032786885,0.273224043715847,11.40047501508032,87.71564331110942,False,12.62055440438516,0.0,0.0,40.35047150279101,0.5836802568117123,0.14589199447788712
49,dflash2,DFlash2-GreedyPath,7,74,398,4.378378378378378,5.364864864864865,0.40540540540540543,10.056742711055254,99.43577445813666,False,12.646631067484025,0.0,0.0,40.736468053969354,0.5590201082815985,0.14684832431895128
50,dflash2,DFlash2-GreedyPath,7,127,671,4.275590551181103,5.275590551181103,0.41732283464566927,10.264023540984441,97.42767989638575,False,12.751737236240434,0.0,0.0,40.77848888201823,0.552455157399733,0.14692341725939637
51,dflash2,DFlash2-GreedyPath,7,71,338,3.76056338028169,4.746478873239437,0.28169014084507044,11.429084213020666,87.49607417020717,True,12.701632661869361,0.0,0.0,40.97408745061765,0.5859941971772367,0.1471654649975162
52,dflash2,DFlash2-GreedyPath,7,92,503,4.456521739130435,5.456521739130435,0.45652173913043476,9.91724018688043,100.8345044746325,False,12.707317250023271,0.0,0.0,40.82479890210221,0.5416291413419695,0.1476874674114262
53,dflash2,DFlash2-GreedyPath,7,65,275,3.2153846153846155,4.2153846153846155,0.16923076923076924,12.867659825450655,77.71420861018741,False,12.697567969371448,0.0,0.0,40.98348455386608,0.6120692615625628,0.14697747672191605
54,dflash2,DFlash2-GreedyPath,7,359,2048,4.704735376044568,5.701949860724234,0.46518105849582175,9.443617062988352,105.89162958748335,False,12.733151526500633,0.0,0.0,40.45354163503878,0.5393987214378396,0.14724445407050057
55,dflash2,DFlash2-GreedyPath,7,198,1216,5.136363636363637,6.136363636363637,0.51010101010101,8.678232049341636,115.23084359974723,False,12.54912301012173,0.0,0.0,40.07769204036602,0.5225471414733975,0.1472548383389949
56,dflash2,DFlash2-GreedyPath,7,109,496,3.55045871559633,4.541284403669724,0.25688073394495414,11.747919127016406,85.12145761203992,False,12.519733165123782,0.0,0.0,40.204773311933245,0.5872123852862663,0.14670211930933874
57,dflash2,DFlash2-GreedyPath,7,83,382,3.602409638554217,4.590361445783133,0.1927710843373494,11.636488981678605,85.93657430299447,False,12.530446373570026,0.0,0.0,40.27643062646206,0.6029356144970361,0.14607643367843956
58,dflash2,DFlash2-GreedyPath,7,87,381,3.3793103448275863,4.367816091954023,0.20689655172413793,12.328229456695734,81.11464858052896,False,12.633545218454072,0.0,0.0,40.60832226438008,0.6006891150624644,0.1465861952191904
59,dflash2,DFlash2-GreedyPath,7,32,151,3.6875,4.6875,0.21875,11.394289913911077,87.76325752244715,True,12.359547343692157,0.0,0.0,40.66139784384859,0.5994131562374605,0.14644718748969138
60,dflash2,DFlash2-GreedyPath,7,62,304,3.903225806451613,4.887096774193548,0.3709677419354839,11.016780812497018,90.77061775302255,False,12.578166612911446,0.0,0.0,40.726466209830946,0.5660017097045877,0.1471294514093672
61,dflash2,DFlash2-GreedyPath,7,113,528,3.672566371681416,4.663716814159292,0.2743362831858407,11.619981289775504,86.0586583628931,False,12.741703531023994,0.0,0.0,40.802634876105905,0.6030187788680845,0.14777662817427922
62,dflash2,DFlash2-GreedyPath,7,144,731,4.069444444444445,5.069444444444445,0.3819444444444444,10.663587586869154,93.77707003892127,False,12.731176666673289,0.0,0.0,40.694528965155364,0.5600068750229386,0.14680503482446106
63,dflash2,DFlash2-GreedyPath,7,49,236,3.816326530612245,4.795918367346939,0.2653061224489796,11.208914347461961,89.21470617057845,True,12.587397224706365,0.0,0.0,40.66369348984896,0.5885289796869798,0.14617185679897524
64,dflash2,DFlash2-GreedyPath,7,274,1345,3.908759124087591,4.905109489051095,0.3102189781021898,11.196471981412493,89.31384829615273,False,12.988075171456563,0.0,0.0,41.24153254749888,0.5822421349730045,0.1489341424212131
65,dflash2,DFlash2-GreedyPath,7,155,882,4.690322580645161,5.683870967741935,0.44516129032258067,9.560896646258769,104.59270055924154,False,12.795469309616413,0.0,0.0,40.91460393546215,0.5461931548427768,0.148319677499521
66,dflash2,DFlash2-GreedyPath,7,374,2048,4.475935828877005,5.473262032085562,0.4197860962566845,10.05723255371116,99.43093138787926,False,12.792980925109866,0.0,0.0,41.5790373262278,0.5525927299167183,0.14814909896074063
67,dflash2,DFlash2-GreedyPath,7,130,630,3.8461538461538463,4.838461538461538,0.34615384615384615,11.081215219048087,90.24281003775174,False,12.611648376962247,0.0,0.0,40.37571934614579,0.5665412690667346,0.14736476167364834
68,dflash2,DFlash2-GreedyPath,7,85,415,3.8823529411764706,4.870588235294117,0.3176470588235294,11.013893542166256,90.79441309029723,False,12.587128682314548,0.0,0.0,40.45968985885659,0.5793412117568283,0.14755577647199114
69,dflash2,DFlash2-GreedyPath,7,75,384,4.12,5.1066666666666665,0.41333333333333333,10.465320106770074,95.55369446875251,True,12.55523745358611,0.0,0.0,40.33122985313336,0.5495298668877998,0.14644177305550934
70,dflash2,DFlash2-GreedyPath,7,157,833,4.305732484076433,5.2993630573248405,0.37579617834394907,10.059302959183311,99.41046651617971,False,12.543680012704558,0.0,0.0,40.11170255419465,0.5706040892676987,0.14598382153818207
71,dflash2,DFlash2-GreedyPath,7,366,2048,4.595628415300546,5.592896174863388,0.44808743169398907,9.535277913574447,104.87371307514775,False,12.59206286894135,0.0,0.0,40.07629626780255,0.5414022403793687,0.14611066386162155
72,dflash2,DFlash2-GreedyPath,7,83,427,4.144578313253012,5.132530120481928,0.3253012048192771,10.522167002343624,95.03745756717869,True,12.69132377112043,0.0,0.0,40.71781826487824,0.5750196627099263,0.14795046997486602
73,dflash2,DFlash2-GreedyPath,7,113,607,4.371681415929204,5.3628318584070795,0.39823008849557523,10.013797985174739,99.86221027031735,False,12.656773044515258,0.0,0.0,40.43086308828067,0.5560713625769028,0.14722504445961554
74,dflash2,DFlash2-GreedyPath,7,125,601,3.808,4.8,0.312,11.111785064894926,89.9945413054528,False,12.542020487919217,0.0,0.0,40.16049209621269,0.5765478078683373,0.14640220001456328
75,dflash2,DFlash2-GreedyPath,7,191,990,4.183246073298429,5.178010471204188,0.387434554973822,10.262428043433552,97.44282695749115,False,12.5659061780744,0.0,0.0,39.92556512031015,0.5547897068522164,0.14642885339788297
76,dflash2,DFlash2-GreedyPath,7,75,331,3.4133333333333336,4.4,0.28,12.034227416921057,83.0963189704993,False,12.491146306905042,0.0,0.0,39.89266861322297,0.5813568268786184,0.14588525300496258
77,dflash2,DFlash2-GreedyPath,7,417,1927,3.6211031175059953,4.618705035971223,0.3117505995203837,11.489022480020624,87.03960687160262,False,12.580090942558437,0.0,0.0,39.79216658988736,0.5729221462754938,0.14677792079847227
78,dflash2,DFlash2-GreedyPath,7,45,217,3.8222222222222224,4.8,0.26666666666666666,11.177237055290298,89.46754864849986,True,12.53159166687207,0.0,0.0,40.634229044695125,0.5869110886932403,0.14638911080611353
79,dflash2,DFlash2-GreedyPath,7,151,875,4.788079470198675,5.788079470198675,0.4503311258278146,9.269403069712489,107.88181207347338,False,12.668846854171985,0.0,0.0,40.35154792693342,0.5460986686852723,0.14693493430486523
80,dflash2,DFlash2-GreedyPath,7,71,414,4.830985915492958,5.816901408450704,0.4788732394366197,9.157322516910137,109.20222566731438,True,12.543574985845137,0.0,0.0,40.174503563474914,0.5323821409239801,0.1457579294855041
81,dflash2,DFlash2-GreedyPath,7,151,740,3.9006622516556293,4.894039735099338,0.33774834437086093,10.839567236483138,92.2546055744977,False,12.532449741705186,0.0,0.0,39.87490087403532,0.566463053076326,0.14724431129921048
82,dflash2,DFlash2-GreedyPath,7,96,558,4.8125,5.802083333333333,0.5,9.214049566308796,108.52991323776935,False,12.612048864449813,0.0,0.0,40.267438677005885,0.5312481459138022,0.14592741680038065
83,dflash2,DFlash2-GreedyPath,7,66,336,4.090909090909091,5.075757575757576,0.2878787878787879,10.544532857141219,94.83587500253805,True,12.596280454696776,0.0,0.0,40.3547144398379,0.5833336360934261,0.1469296511817392
84,dflash2,DFlash2-GreedyPath,7,155,811,4.232258064516129,5.225806451612903,0.3548387096774194,10.378783265105477,96.35040779414881,False,12.79642804546447,0.0,0.0,40.78916425172675,0.5713690581145666,0.1475110834073876
85,dflash2,DFlash2-GreedyPath,7,155,543,2.503225806451613,3.496774193548387,0.11612903225806452,15.656723775323647,63.87032270289437,False,12.930145935482166,0.0,0.0,41.13017503243041,0.6393568709984632,0.14936093528728722
86,dflash2,DFlash2-GreedyPath,7,127,592,3.661417322834646,4.653543307086614,0.28346456692913385,11.620951032092627,86.05147696073945,False,12.736070464941761,0.0,0.0,40.697433157485044,0.5888579999152608,0.1477408264676571
87,dflash2,DFlash2-GreedyPath,7,44,235,4.340909090909091,5.318181818181818,0.38636363636363635,10.037898723400776,99.62244365633592,False,12.51669313635582,0.0,0.0,40.39193997703644,0.556686386516958,0.14618504552675982
88,dflash2,DFlash2-GreedyPath,7,63,336,4.333333333333333,5.317460317460317,0.30158730158730157,9.988337255955619,100.11676361886386,True,12.485208698236088,0.0,0.0,40.064499158659835,0.5745496509050663,0.1468745239623194
89,dflash2,DFlash2-GreedyPath,7,62,350,4.645161290322581,5.629032258064516,0.45161290322580644,9.438375788574506,105.95043282876446,False,12.47410649985766,0.0,0.0,40.119477935501976,0.541731210051371,0.14583799976765388
90,dflash2,DFlash2-GreedyPath,7,131,718,4.480916030534351,5.473282442748092,0.35877862595419846,9.697425612812316,103.12015166981968,False,12.564964702401536,0.0,0.0,39.87262886279606,0.5618502596250596,0.1513316713547611
91,dflash2,DFlash2-GreedyPath,7,72,391,4.430555555555555,5.416666666666667,0.3611111111111111,9.816039173915263,101.87408406614337,False,12.526056319378162,0.0,0.0,40.072388583717434,0.5618327640048746,0.1462684023560238
92,dflash2,DFlash2-GreedyPath,7,78,407,4.217948717948718,5.205128205128205,0.32051282051282054,10.195547280095447,98.08203253122852,False,12.50733447457792,0.0,0.0,39.97391241011008,0.5704958847882853,0.14810008948328546
93,dflash2,DFlash2-GreedyPath,7,83,421,4.072289156626506,5.0602409638554215,0.26506024096385544,10.601311035624956,94.32795591409126,False,12.634529337556598,0.0,0.0,40.40193738564337,0.5886800600677247,0.14776822875768608
94,dflash2,DFlash2-GreedyPath,7,129,616,3.7751937984496124,4.767441860465116,0.3023255813953488,11.256042957791271,88.84116769542128,False,12.66530578290568,0.0,0.0,40.35949362018312,0.5766220773827887,0.1483650466557159
95,dflash2,DFlash2-GreedyPath,7,259,1359,4.243243243243243,5.243243243243243,0.3783783783783784,10.232512899190588,97.72770480251258,False,12.689773679541695,0.0,0.0,40.29251178390287,0.5607329692084092,0.14804345923896184
96,dflash2,DFlash2-GreedyPath,7,114,495,3.3421052631578947,4.333333333333333,0.19298245614035087,12.705492737373476,78.70611716289278,False,12.987215859698553,0.0,0.0,41.4132333948497,0.6178265264903179,0.15031110492520638
97,dflash2,DFlash2-GreedyPath,7,78,472,5.051282051282051,6.038461538461538,0.5384615384615384,8.964029586869879,111.55697226443301,False,12.811532384661499,0.0,0.0,40.755480756510785,0.5276997434497716,0.14915846156490703
98,dflash2,DFlash2-GreedyPath,7,223,1088,3.8789237668161434,4.874439461883408,0.35874439461883406,11.17266318014826,89.50417495595978,False,12.878607188413053,0.0,0.0,40.910581175000104,0.571642955151729,0.14974060969209538
99,dflash2,DFlash2-GreedyPath,7,80,494,5.1625,6.1625,0.5125,8.795853303638754,113.68993609594537,False,12.795623449892446,0.0,0.0,40.83826812488951,0.533650450006462,0.1468521251808852
100,dflash2,DFlash2-GreedyPath,7,108,459,3.25,4.2407407407407405,0.18518518518518517,12.87913990413343,77.64493649758865,False,12.885016944589248,0.0,0.0,41.08597975947406,0.6160868054360401,0.14926108306772895
101,dflash2,DFlash2-GreedyPath,7,177,1114,5.293785310734464,6.288135593220339,0.576271186440678,8.62560008527798,115.93396286790319,False,12.857332288103091,0.0,0.0,40.76654736725347,0.515836700606344,0.14795875702958322
102,dflash2,DFlash2-GreedyPath,7,33,171,4.151515151515151,5.151515151515151,0.30303030303030304,10.422665976609643,95.94474218440673,True,12.503196121542715,0.0,0.0,40.775586121030344,0.5826635755180508,0.14691424252249502
103,dflash2,DFlash2-GreedyPath,7,113,608,4.380530973451328,5.371681415929204,0.36283185840707965,10.036414266443515,99.63717852335704,True,12.730952398098163,0.0,0.0,40.555952247878665,0.5675863008559846,0.14674687615530854
104,dflash2,DFlash2-GreedyPath,7,70,408,4.828571428571428,5.814285714285714,0.42857142857142855,9.26192589950719,107.96890526334357,False,12.656817928759015,0.0,0.0,40.62821722862801,0.5515786713658599,0.14718284266044585
105,dflash2,DFlash2-GreedyPath,7,45,235,4.222222222222222,5.2,0.37777777777777777,10.397651744681347,96.17556199759474,True,12.640677377930842,0.0,0.0,40.93974186689593,0.5709764221036393,0.14745233307217454
106,dflash2,DFlash2-GreedyPath,7,77,405,4.259740259740259,5.246753246753247,0.3246753246753247,10.394794175316534,96.20200103380583,False,12.819172792518799,0.0,0.0,41.12559120791024,0.5799484675521085,0.14920494764477812
107,dflash2,DFlash2-GreedyPath,7,409,2048,4.007334963325183,5.004889975550122,0.31295843520782396,10.775496935545803,92.80314457714128,False,12.767673513531063,0.0,0.0,40.458273430278965,0.5821866161523849,0.14838899259945357
108,dflash2,DFlash2-GreedyPath,7,105,489,3.657142857142857,4.647619047619048,0.2571428571428571,11.633389867075142,85.95946765527074,False,12.755471552442206,0.0,0.0,40.67621384750791,0.5967295622256297,0.14994356163134354
109,dflash2,DFlash2-GreedyPath,7,66,331,4.015151515151516,5.0,0.2727272727272727,10.747628410875599,93.04378247652227,False,12.636226818248167,0.0,0.0,40.52965813675793,0.58725578795323,0.14784416612890322
110,dflash2,DFlash2-GreedyPath,7,117,503,3.299145299145299,4.2905982905982905,0.18803418803418803,12.556065300199313,79.64278427128968,False,12.724968888941142,0.0,0.0,40.49626847858561,0.611280307675459,0.14783143591106884
111,dflash2,DFlash2-GreedyPath,7,272,1444,4.3088235294117645,5.305147058823529,0.3860294117647059,10.157256587950753,98.45178088601895,False,12.756747136122344,0.0,0.0,40.450754459591145,0.5680892462511539,0.1474919264209722
112,dflash2,DFlash2-GreedyPath,7,41,246,5.0,5.975609756097561,0.43902439024390244,9.011970166661408,110.96352756463484,False,12.603808878250165,0.0,0.0,40.76581499967,0.5515513656995963,0.1506457563486836
113,dflash2,DFlash2-GreedyPath,7,39,248,5.358974358974359,6.333333333333333,0.6153846153846154,8.56888527822218,116.70129398762052,True,12.684380897367074,0.0,0.0,41.14711056377602,0.5086002564871123,0.14923005157750316
114,dflash2,DFlash2-GreedyPath,7,189,1103,4.830687830687831,5.830687830687831,0.4708994708994709,9.293568074340909,107.6012993073082,True,12.786713957611168,0.0,0.0,40.76090502110279,0.5407378728454995,0.14870974102267556
115,dflash2,DFlash2-GreedyPath,7,342,2048,4.988304093567251,5.985380116959064,0.5555555555555556,8.985694148925916,111.28800774056312,False,12.755878502960444,0.0,0.0,40.38715686842727,0.5178948889359865,0.14813879523266307
116,dflash2,DFlash2-GreedyPath,7,359,2048,4.704735376044568,5.701949860724234,0.45125348189415043,9.515235421387658,105.09461465895761,False,12.87025960165241,0.0,0.0,40.714473587853675,0.5483582507442615,0.14880867953216695
117,dflash2,DFlash2-GreedyPath,7,54,326,5.037037037037037,6.018518518518518,0.48148148148148145,8.921014773003233,112.09487098106811,False,12.615088074636772,0.0,0.0,40.55325155550909,0.5402987590059638,0.147858203423244
118,dflash2,DFlash2-GreedyPath,7,176,812,3.6136363636363638,4.607954545454546,0.2727272727272727,11.700286967980754,85.46798918151501,False,12.70944888640522,0.0,0.0,40.52968852294146,0.592716658998556,0.1490153521114156
119,dflash2,DFlash2-GreedyPath,7,189,967,4.116402116402116,5.111111111111111,0.3492063492063492,10.543294114787333,94.84701736599243,False,12.732600359938004,0.0,0.0,40.491963100567105,0.5711463281600526,0.148022534082725
120,dflash2,DFlash2-GreedyPath,7,382,2048,4.358638743455497,5.358638743455497,0.39790575916230364,10.07607265771604,99.24501678084084,False,12.784191997415821,0.0,0.0,40.530181515645936,0.5584451230917112,0.14759184291053878
121,dflash2,DFlash2-GreedyPath,7,152,901,4.927631578947368,5.921052631578948,0.5592105263157895,9.105046820200434,109.82919909663754,True,12.731152816023064,0.0,0.0,40.57274956582995,0.5193047566440088,0.14815592071739192
122,dflash2,DFlash2-GreedyPath,7,131,723,4.511450381679389,5.511450381679389,0.4351145038167939,9.75681686306987,102.49244338950946,False,12.690061771140686,0.0,0.0,40.46507278640127,0.5460332289630483,0.14752375547603513
123,dflash2,DFlash2-GreedyPath,7,398,1698,3.2663316582914574,4.263819095477387,0.20351758793969849,12.72363517196632,78.59389132779255,False,12.844036336791211,0.0,0.0,40.682448595613444,0.6077875703559772,0.14897503994995243
124,dflash2,DFlash2-GreedyPath,7,50,243,3.86,4.84,0.26,11.20035921810269,89.28285071283608,True,12.705763920166646,0.0,0.0,40.980665239767404,0.5994628796179313,0.14785376042709686
125,dflash2,DFlash2-GreedyPath,7,46,214,3.652173913043478,4.630434782608695,0.17391304347826086,11.643403271030527,85.88554194357064,True,12.621242608593489,0.0,0.0,40.782772282830635,0.6148960431386038,0.14822602197059692
126,dflash2,DFlash2-GreedyPath,7,50,308,5.16,6.14,0.58,9.283988334419673,107.71232836350913,False,13.38081696005247,0.0,0.0,43.10992372011242,0.5421750400273595,0.1564524198329309
127,dflash2,DFlash2-GreedyPath,7,239,868,2.6317991631799162,3.6276150627615062,0.14644351464435146,14.953924486174564,66.87207768934073,False,12.822728242746322,0.0,0.0,40.716106828448154,0.6220692049286467,0.14874615902132277
0,dflash2_unary_k16_tb8,Unary-FullMass,8,135,743,4.503703703703704,5.496296296296296,0.3111111111111111,10.23284795558601,97.7245048827399,False,13.971341999947779,0.7447018296564542,0.23420938519444057,39.201921755536915,2.00526386665674,0.16112435560326385
1,dflash2_unary_k16_tb8,Unary-FullMass,8,134,735,4.485074626865671,5.477611940298507,0.30597014925373134,10.035899911565052,99.64228507775688,True,13.892580044658141,0.7238157985427021,0.2358303507262191,38.04211136564085,1.993178858152641,0.16014354496835054
2,dflash2_unary_k16_tb8,Unary-FullMass,8,245,1554,5.3428571428571425,6.338775510204082,0.5387755102040817,9.245659258044169,108.15886375327447,False,14.625098534674997,0.7729509796077689,0.2417708408905369,40.70700879182907,2.131347747000495,0.16571897130586655
3,dflash2_unary_k16_tb8,Unary-FullMass,8,94,555,4.8936170212765955,5.8936170212765955,0.3829787234042553,9.548472329730462,104.728794876052,False,13.997247202186895,0.7330547339617933,0.23355788297076868,39.25413231911776,1.998545989331336,0.16008041498896497
4,dflash2_unary_k16_tb8,Unary-FullMass,8,111,618,4.5675675675675675,5.558558558558558,0.2972972972972973,10.125909166666496,98.75656432825828,False,14.000645720804092,0.7324632612696266,0.2330382161875736,39.25499451349776,1.9964392341772748,0.15910252253118554
5,dflash2_unary_k16_tb8,Unary-FullMass,8,93,409,3.3978494623655915,4.387096774193548,0.13978494623655913,12.885894677261795,77.60423509937428,False,14.061617709861215,0.7408968388625253,0.2359730752951075,39.46410697845035,2.006981795749462,0.16064858027675655
6,dflash2_unary_k16_tb8,Unary-FullMass,8,114,613,4.37719298245614,5.368421052631579,0.38596491228070173,10.384211329526696,96.30004323550098,False,13.86332098244518,0.727078526260652,0.23464728946508553,38.86599657015036,1.987244999965473,0.15961992118575022
7,dflash2_unary_k16_tb8,Unary-FullMass,8,145,917,5.324137931034483,6.317241379310345,0.5586206896551724,8.827060526718359,113.28799626706203,True,13.905443062083515,0.7263203308709841,0.2318911034998219,38.80947142063413,1.99093709655652,0.1594852829118187
8,dflash2_unary_k16_tb8,Unary-FullMass,8,129,784,5.069767441860465,6.069767441860465,0.5271317829457365,9.221959700254251,108.4368217280791,False,13.928271806223567,0.726064713172639,0.23256451171365305,39.00828874411532,1.9924462248331845,0.15900279838608058
9,dflash2_unary_k16_tb8,Unary-FullMass,8,73,402,4.506849315068493,5.493150684931507,0.3013698630136986,10.17654526119589,98.2651749030285,False,13.872732588947967,0.7267074794968995,0.23358301370211698,39.05501089049148,1.9931766576905519,0.15949067105108566
10,dflash2_unary_k16_tb8,Unary-FullMass,8,33,158,3.787878787878788,4.757575757575758,0.15151515151515152,11.62790558227462,86.00001031349815,True,13.592896181790186,0.7319017878961115,0.23431118163650602,38.97368406063778,1.9788884244255975,0.16132084844381703
11,dflash2_unary_k16_tb8,Unary-FullMass,8,122,464,2.80327868852459,3.7950819672131146,0.08196721311475409,14.702562247846581,68.0153556327548,False,13.898221967241119,0.731950811358893,0.23353186882514657,38.91330060653926,1.9815631310580026,0.15937327891867323
12,dflash2_unary_k16_tb8,Unary-FullMass,8,399,2048,4.132832080200501,5.130325814536341,0.3107769423558897,10.989829653320626,90.99322114586603,False,14.075581819584718,0.7326642581781989,0.23390539350192485,39.2104404912159,1.9961297719574238,0.16022846606469748
13,dflash2_unary_k16_tb8,Unary-FullMass,8,153,796,4.2026143790849675,5.196078431372549,0.27450980392156865,10.856449301508606,92.11114722942064,False,14.047525856238554,0.7385467319407658,0.23403150328175162,39.301321653564464,1.9996714118010785,0.16082208500901127
14,dflash2_unary_k16_tb8,Unary-FullMass,8,348,2048,4.885057471264368,5.882183908045977,0.46839080459770116,9.58913550878826,104.2846875073899,False,14.082364847727986,0.7320832385045216,0.23335696560861416,39.22285868685353,2.00294475868874,0.15900507157740562
15,dflash2_unary_k16_tb8,Unary-FullMass,8,328,1890,4.759146341463414,5.759146341463414,0.43597560975609756,9.792557386243146,102.11837016189739,False,14.070978472579178,0.7300197316464796,0.2329089177293077,39.230567469442065,2.0031868353648528,0.1589649756757664
16,dflash2_unary_k16_tb8,Unary-FullMass,8,108,450,3.1666666666666665,4.157407407407407,0.10185185185185185,13.247867142223791,75.48384877840341,False,13.892571046350591,0.7351038610876357,0.23227850924403928,38.19512870362545,1.9852025924996672,0.15916171312508393
17,dflash2_unary_k16_tb8,Unary-FullMass,8,34,189,4.5588235294117645,5.529411764705882,0.38235294117647056,10.024278534397054,99.75780267563651,True,13.602925764751168,0.7268955883131746,0.2321341471542837,39.02125564710492,1.9832691472509074,0.1567150878091685
18,dflash2_unary_k16_tb8,Unary-FullMass,8,315,2048,5.501587301587302,6.498412698412698,0.5936507936507937,8.602582002441572,116.2441694500769,False,13.947225012735645,0.7214341650285947,0.23255771428387287,38.88589034921472,1.9841601809954257,0.15917048567932815
19,dflash2_unary_k16_tb8,Unary-FullMass,8,366,2048,4.595628415300546,5.592896174863388,0.3825136612021858,10.19402646142531,98.09666511893495,False,14.217447592968735,0.7369458360480678,0.2369875902664826,39.65925779777804,2.0301203524274465,0.16122496438837233
20,dflash2_unary_k16_tb8,Unary-FullMass,8,87,551,5.333333333333333,6.32183908045977,0.5747126436781609,8.86366932849434,112.82009322992971,False,13.894080678182528,0.7336090229623603,0.2350937126835958,39.11444058620214,1.9995314597435518,0.15981695402330645
21,dflash2_unary_k16_tb8,Unary-FullMass,8,149,823,4.516778523489933,5.516778523489933,0.40939597315436244,10.001677103280915,99.98323177939463,False,13.915604999983893,0.7262670871642092,0.23199216105319692,38.22189346313787,1.9901501813084246,0.1582548993000145
22,dflash2_unary_k16_tb8,Unary-FullMass,8,256,1516,4.921875,5.91796875,0.4453125,9.614246937994325,104.01230657474821,False,14.163010246001306,0.7328754141298077,0.2351326445833024,39.618479773459114,2.0237449257436424,0.1611255820179805
23,dflash2_unary_k16_tb8,Unary-FullMass,8,92,456,3.9565217391304346,4.945652173913044,0.21739130434782608,11.344698337716022,88.1469008898588,False,13.908906391209356,0.7356079674299627,0.2325164131553206,39.196782413059935,1.9973870433837557,0.1590437065280402
24,dflash2_unary_k16_tb8,Unary-FullMass,8,189,831,3.3915343915343916,4.391534391534392,0.14814814814814814,12.800587466907599,78.12141455110753,False,13.99456207408062,0.7339969470964717,0.2330544443914073,39.16949304759867,1.9917734179211684,0.15906813769587735
25,dflash2_unary_k16_tb8,Unary-FullMass,8,64,364,4.6875,5.671875,0.421875,9.906650793954423,100.94228824642273,True,13.902842921766023,0.7319844998789904,0.23490376554491377,39.31715209375852,1.998795703258338,0.15839740640898742
26,dflash2_unary_k16_tb8,Unary-FullMass,8,232,1040,3.4827586206896552,4.478448275862069,0.1810344827586207,12.591854337499452,79.41642058405391,False,14.055285543087127,0.7309602629228376,0.23435627151135624,39.27198772416416,1.9943003663872239,0.1593534138213852
27,dflash2_unary_k16_tb8,Unary-FullMass,8,54,237,3.388888888888889,4.37037037037037,0.16666666666666666,12.880863362866716,77.63454760981517,False,13.819462666645078,0.7563903890075852,0.23489970377947125,39.57084411114111,1.9930310185777165,0.15805020343072507
28,dflash2_unary_k16_tb8,Unary-FullMass,8,147,833,4.666666666666667,5.659863945578231,0.3673469387755102,9.976867914766288,100.2318571863568,False,14.04407882999257,0.7312261019919509,0.2338842447966117,39.3695675783401,1.998038258410766,0.15878983681029987
29,dflash2_unary_k16_tb8,Unary-FullMass,8,49,286,4.816326530612245,5.816326530612245,0.4489795918367347,9.665673227274356,103.45890829189476,False,13.842399693964339,0.7310094287258464,0.23311044888218094,39.45247397956448,1.998396612142809,0.15858010203596584
30,dflash2_unary_k16_tb8,Unary-FullMass,8,73,433,4.931506849315069,5.917808219178082,0.4246575342465753,9.534418510391935,104.88316606933721,True,13.972992274120022,0.7277104520641207,0.23369530141305767,39.460616301306025,1.9998487809659795,0.1586055887569211
31,dflash2_unary_k16_tb8,Unary-FullMass,8,31,150,3.838709677419355,4.806451612903226,0.25806451612903225,11.631790873325372,85.97128429236568,False,13.697330032359346,0.7437385160770763,0.23342106443681498,39.44853106458463,1.9987816129052531,0.1610567741144839
32,dflash2_unary_k16_tb8,Unary-FullMass,8,340,2048,5.023529411764706,6.020588235294118,0.5205882352941177,9.406422505370493,106.31034268650606,False,14.12789689410441,0.7294417235297099,0.23450590883037556,39.40721932345053,2.001363408854719,0.15943536181486492
33,dflash2_unary_k16_tb8,Unary-FullMass,8,97,454,3.6804123711340204,4.670103092783505,0.1958762886597938,12.148001592510854,82.31806625844469,False,14.068040371207598,0.7334471958773102,0.2340664227490707,39.659011144264234,2.0028665154482557,0.1602252885971108
34,dflash2_unary_k16_tb8,Unary-FullMass,8,78,416,4.333333333333333,5.32051282051282,0.2948717948717949,10.61584226922955,94.19883742042218,True,14.0019547949263,0.7322134999226247,0.23287356399146703,39.494552576961254,1.9962129487491136,0.16001805134016114
35,dflash2_unary_k16_tb8,Unary-FullMass,8,82,396,3.8292682926829267,4.817073170731708,0.25609756097560976,11.717339696969422,85.34360408264348,True,13.995836121888182,0.7298460121579943,0.23317379265524613,39.475307170793776,1.9919285609054296,0.16008541476877303
36,dflash2_unary_k16_tb8,Unary-FullMass,8,84,400,3.761904761904762,4.75,0.16666666666666666,11.909120287500627,83.96925850598412,False,14.00600521431746,0.7348426190999037,0.23388509526696344,39.579056630957766,1.997521952446169,0.15878509505758606
37,dflash2_unary_k16_tb8,Unary-FullMass,8,144,720,4.0,4.993055555555555,0.2222222222222222,11.430312943055773,87.48666856120744,False,14.192432604179178,0.7359264723163506,0.23417247223278537,39.81738543754747,2.0118604861636413,0.1597872428394314
38,dflash2_unary_k16_tb8,Unary-FullMass,8,77,416,4.402597402597403,5.3896103896103895,0.3246753246753247,10.573284987983174,94.57798604090661,False,14.098452052037048,0.7379772339066092,0.23613181817039164,39.876722454540534,2.0145373376641595,0.15938111668125296
39,dflash2_unary_k16_tb8,Unary-FullMass,8,111,549,3.945945945945946,4.936936936936937,0.2882882882882883,11.57304994899816,86.40764572925451,True,14.180440072065009,0.7391477026537465,0.23309047742464123,39.91473663062697,2.0132155044651685,0.1590490902418497
40,dflash2_unary_k16_tb8,Unary-FullMass,8,41,187,3.5609756097560976,4.536585365853658,0.24390243902439024,12.488623438503785,80.07287632013079,True,13.95221424398897,0.7452860732084401,0.2353521462859268,39.858779195306056,2.010142560831765,0.1585326828229349
41,dflash2_unary_k16_tb8,Unary-FullMass,8,53,364,5.867924528301887,6.849056603773585,0.6792452830188679,8.303575953295177,120.43004190299021,True,14.030686113125379,0.7387037926234353,0.23602500004926696,39.844371113295495,2.0198654718389557,0.15868147132112378
42,dflash2_unary_k16_tb8,Unary-FullMass,8,42,259,5.142857142857143,6.142857142857143,0.40476190476190477,9.243452212349684,108.18468868849165,True,13.991440023779607,0.7391961190002067,0.23548114287612926,39.86117007137918,2.014609499773152,0.15939178601478315
43,dflash2_unary_k16_tb8,Unary-FullMass,8,110,585,4.318181818181818,5.3090909090909095,0.3181818181818182,10.754611164100845,92.98337101559045,False,14.172768927197797,0.7364301910208517,0.2345330546053116,39.87924638186087,2.0124931908040624,0.15950580904741815
44,dflash2_unary_k16_tb8,Unary-FullMass,8,71,430,5.042253521126761,6.042253521126761,0.5070422535211268,9.450108795347257,105.81888755527854,False,14.133319704188567,0.7330281689679446,0.23802035192743395,39.943573591533,2.0249468874629803,0.16016456351613848
45,dflash2_unary_k16_tb8,Unary-FullMass,8,132,706,4.348484848484849,5.340909090909091,0.3106060606060606,10.817049934844272,92.4466472858523,False,14.372437939335104,0.7450438408451384,0.23768762122761639,40.293819022708426,2.0437520000114366,0.16208725769087973
46,dflash2_unary_k16_tb8,Unary-FullMass,8,410,2048,3.995121951219512,4.992682926829269,0.25853658536585367,11.537004258300954,86.67761384247503,False,14.366583121955045,0.751514800029371,0.23630411468308543,40.08082619267686,2.031940770686516,0.16157422192120022
47,dflash2_unary_k16_tb8,Unary-FullMass,8,112,585,4.214285714285714,5.214285714285714,0.23214285714285715,10.838594936755035,92.26288147450502,False,14.047406705360897,0.7342439375861431,0.23230990180828875,39.441395616043856,1.9973056428170821,0.15964210711315122
48,dflash2_unary_k16_tb8,Unary-FullMass,8,387,2048,4.291989664082688,5.289405684754522,0.32558139534883723,10.549231532226422,94.79363467804649,False,14.121539204062392,0.7315101810084317,0.23343429969573598,38.586153790768876,1.993934713177964,0.15985204384399598
49,dflash2_unary_k16_tb8,Unary-FullMass,8,71,394,4.549295774647887,5.535211267605634,0.323943661971831,10.216467109138959,97.88119408767712,True,14.010226943765433,0.7312093098911466,0.23364938026364618,39.564475408247155,1.9968190141221833,0.15781770428436853
50,dflash2_unary_k16_tb8,Unary-FullMass,8,156,852,4.461538461538462,5.455128205128205,0.3076923076923077,10.382952865021965,96.31171527020936,False,14.105012128194899,0.7330152564533748,0.23358096800271036,39.46752436538121,2.008378852445812,0.15938484618042517
51,dflash2_unary_k16_tb8,Unary-FullMass,8,55,296,4.381818181818182,5.363636363636363,0.32727272727272727,10.362152682429608,96.50504394667253,False,13.931879127234094,0.7380102001744407,0.23161118184692564,38.708663854677894,1.9988613092044198,0.1581960359379247
52,dflash2_unary_k16_tb8,Unary-FullMass,8,91,503,4.516483516483516,5.516483516483516,0.3956043956043956,10.25236323260235,97.53848720654142,False,14.02964335172258,0.7337380988906511,0.23587269238855146,39.51041706602484,1.9998354065127397,0.16014949433955844
53,dflash2_unary_k16_tb8,Unary-FullMass,8,66,286,3.3333333333333335,4.318181818181818,0.15151515151515152,13.070310937065234,76.50927394268533,False,13.982924984812792,0.7409851361279091,0.23329162115370503,39.523719091035176,1.9965075151214313,0.1605857123649912
54,dflash2_unary_k16_tb8,Unary-FullMass,8,247,1208,3.8906882591093117,4.886639676113361,0.242914979757085,11.583305357615377,86.33114375617801,False,14.140077813701158,0.7331932348584844,0.23477060725273347,39.38259657495113,2.0003730081334505,0.15932427527055157
55,dflash2_unary_k16_tb8,Unary-FullMass,8,191,1195,5.2565445026178015,6.2513089005235605,0.4869109947643979,9.002254770711408,111.0832814078394,False,14.033708879508533,0.7225675811798797,0.23267632466893282,39.18923840832938,1.9862918430037708,0.15852456016884142
56,dflash2_unary_k16_tb8,Unary-FullMass,8,111,511,3.6036036036036037,4.594594594594595,0.21621621621621623,12.254184176126444,81.60477969216394,True,13.994715126082648,0.7319482702351289,0.23322461260380936,39.30509818022623,1.98949348652588,0.15892675676425555
57,dflash2_unary_k16_tb8,Unary-FullMass,8,80,382,3.775,4.7625,0.2,11.81295723560047,84.65280793418266,False,13.955772750205142,0.7344423624772389,0.23199246238618798,39.340771612614844,1.9851723999408932,0.1587192123679415
58,dflash2_unary_k16_tb8,Unary-FullMass,8,80,341,3.2625,4.25,0.1375,13.230986615837159,75.58015354675253,False,13.95470975007811,0.7303537624011369,0.23298720000184403,39.33499123741058,1.9852085124284713,0.15882998768574907
59,dflash2_unary_k16_tb8,Unary-FullMass,8,33,151,3.5454545454545454,4.545454545454546,0.18181818181818182,12.287952549668745,81.38052258567338,True,13.689363545298958,0.7534819090902932,0.23277451504272353,39.4043216060571,1.988737333235666,0.1580130609716324
60,dflash2_unary_k16_tb8,Unary-FullMass,8,63,319,4.063492063492063,5.0476190476190474,0.31746031746031744,11.147056429466812,89.709781800022,False,13.91848696821687,0.7277629364190423,0.23296293667434448,39.41264206349886,1.9917601904515843,0.15941666664268325
61,dflash2_unary_k16_tb8,Unary-FullMass,8,100,503,4.03,5.02,0.22,11.223717471171264,89.09703960105509,False,13.994964529920253,0.7317123799293768,0.2333457799431926,39.347156940020795,1.989539100050024,0.15858015012781834
62,dflash2_unary_k16_tb8,Unary-FullMass,8,137,731,4.335766423357664,5.328467153284672,0.36496350364963503,10.585060238030634,94.47277365575498,False,14.02568266415067,0.7307558102396412,0.23359903642660462,39.34066814593671,1.9899393942965071,0.15876395625200795
63,dflash2_unary_k16_tb8,Unary-FullMass,8,47,236,4.0212765957446805,5.0,0.2765957446808511,11.2315491525451,89.0349128529075,True,13.846218000176027,0.7365179786729834,0.27403548951855206,39.38798689357119,1.992950553184083,0.15900597850788395
64,dflash2_unary_k16_tb8,Unary-FullMass,8,211,1082,4.127962085308057,5.123222748815166,0.26066350710900477,11.169600621996391,89.52871582809249,False,14.260233706120257,0.7431064739183195,0.23451977724874815,39.8595400284213,2.019689109035223,0.16019940288694381
65,dflash2_unary_k16_tb8,Unary-FullMass,8,149,882,4.919463087248322,5.912751677852349,0.4697986577181208,9.679079674603441,103.31560784894259,False,14.255803516826079,0.7369456913308733,0.2353772214085884,39.89670493279577,2.0096453556851697,0.1604781343040858
66,dflash2_unary_k16_tb8,Unary-FullMass,8,297,1617,4.441077441077441,5.441077441077441,0.3434343434343434,10.399175323439156,96.16147135687349,False,14.110545037054468,0.7436743366674313,0.2343133872377146,39.3701707239094,1.9982358484510536,0.16079298318200078
67,dflash2_unary_k16_tb8,Unary-FullMass,8,122,619,4.073770491803279,5.065573770491803,0.29508196721311475,11.15819605815879,89.6202212963275,True,14.06588748359056,0.7319783524239863,0.2339323197150809,39.42930046720948,1.9934454753414774,0.15958180336115146
68,dflash2_unary_k16_tb8,Unary-FullMass,8,82,416,4.073170731707317,5.060975609756097,0.25609756097560976,11.153079127404034,89.66133823465105,False,13.995638500047079,0.7374909513068482,0.23479742678939988,39.46213909756164,1.9923717925671443,0.15903682928981697
69,dflash2_unary_k16_tb8,Unary-FullMass,8,72,384,4.333333333333333,5.319444444444445,0.3333333333333333,10.616832320314037,94.19005309960673,True,14.003818166656856,0.7333006113488713,0.2353755278111041,39.49450387522625,1.9973457637610812,0.15876176353736404
70,dflash2_unary_k16_tb8,Unary-FullMass,8,158,876,4.537974683544304,5.537974683544304,0.379746835443038,10.158644254564328,98.4383324133725,False,14.014068246794949,0.7322477341876026,0.23280891764443368,39.196471765880915,1.9886454618797502,0.15836779132343187
71,dflash2_unary_k16_tb8,Unary-FullMass,8,403,2048,4.0818858560794045,5.079404466501241,0.2704714640198511,11.10432882373047,90.0549700818435,False,14.062362789086782,0.7376706227353252,0.23362792799568205,39.24721465506718,1.991285183556521,0.15877041212923215
72,dflash2_unary_k16_tb8,Unary-FullMass,8,79,427,4.405063291139241,5.3924050632911396,0.3291139240506329,10.443181014048324,95.75626417418073,True,13.960423531460936,0.7349508481109043,0.23328789863131258,39.35695725310405,2.0012892911629163,0.1591455192847437
73,dflash2_unary_k16_tb8,Unary-FullMass,8,112,650,4.803571428571429,5.794642857142857,0.45535714285714285,9.712792638462044,102.95700085679408,False,13.962920062307862,0.7267553838313948,0.23185317867760855,39.293567883955156,1.9950416876456853,0.15874765179951789
74,dflash2_unary_k16_tb8,Unary-FullMass,8,324,2048,5.317901234567901,6.317901234567901,0.5401234567901234,8.907505282715888,112.26487869060249,False,14.025728117348429,0.7242221049805435,0.23286848451710812,39.17472980250705,1.9878542222759727,0.1588281912170063
75,dflash2_unary_k16_tb8,Unary-FullMass,8,172,945,4.494186046511628,5.488372093023256,0.36627906976744184,10.206576831746297,97.97604196635481,False,13.929454343037092,0.7301172035388231,0.23392404087052307,39.041411715092984,1.9837815871565105,0.15814312193343052
76,dflash2_unary_k16_tb8,Unary-FullMass,8,70,331,3.7285714285714286,4.714285714285714,0.17142857142857143,11.849557154084675,84.39133943965905,False,13.844875828518914,0.7360496712603241,0.2343978999436201,39.06440580025706,1.9919327429566434,0.15981545709239217
77,dflash2_unary_k16_tb8,Unary-FullMass,8,288,1450,4.03125,5.03125,0.3055555555555556,11.138691124137479,89.77715504050613,False,13.977545461784757,0.7314178959000451,0.23316615968522253,38.991377892342726,1.9875568506475045,0.15915146880413683
78,dflash2_unary_k16_tb8,Unary-FullMass,8,45,217,3.8222222222222224,4.8,0.26666666666666666,11.732369921656224,85.23427122376593,True,13.913415088932702,0.7577033553388901,0.23380766667994773,39.49200055544174,2.018550999895928,0.160617289253019
79,dflash2_unary_k16_tb8,Unary-FullMass,8,137,809,4.905109489051095,5.897810218978102,0.44525547445255476,9.595379969099907,104.216821347389,False,14.024608167884471,0.7319259052067132,0.23403948907001984,39.510952956015565,2.0013731827000902,0.15886960570580003
80,dflash2_unary_k16_tb8,Unary-FullMass,8,70,414,4.914285714285715,5.9,0.42857142857142855,9.511126888887285,105.14001250139887,True,13.902587771372055,0.7328718287940968,0.23318005696637556,39.221450800167595,2.0027664429757612,0.1586649854289135
81,dflash2_unary_k16_tb8,Unary-FullMass,8,128,654,4.109375,5.1015625,0.296875,10.928311434254727,91.50544491855402,False,13.879282937494963,0.728221218849967,0.23226947675425436,38.85342853911311,1.9848838437610539,0.15875521842189516
82,dflash2_unary_k16_tb8,Unary-FullMass,8,95,558,4.873684210526315,5.863157894736842,0.43157894736842106,9.513155284947054,105.11759453588753,False,13.848186768499497,0.7272577580328001,0.2316753264734105,38.92496732625755,1.9870492630089804,0.15813354720624997
83,dflash2_unary_k16_tb8,Unary-FullMass,8,62,336,4.419354838709677,5.403225806451613,0.3387096774193548,10.35215976786016,96.59820003016672,True,13.852050435337832,0.7382540322484396,0.23303104846432218,39.12267785480869,1.9967669839153983,0.15924677427392453
84,dflash2_unary_k16_tb8,Unary-FullMass,8,144,767,4.326388888888889,5.319444444444445,0.3055555555555556,10.619924256846625,94.16263014826154,False,14.060712298588543,0.7351140556137479,0.23484449295412763,39.37281074991006,2.0022460417345025,0.16011892370847314
85,dflash2_unary_k16_tb8,Unary-FullMass,8,119,502,3.2184873949579833,4.2100840336134455,0.16806722689075632,13.429805314741946,74.46124322459808,False,14.057471227134869,0.7387013444843303,0.23616360490182964,39.45831944531333,2.002494605030657,0.16031421011361732
86,dflash2_unary_k16_tb8,Unary-FullMass,8,125,592,3.736,4.728,0.256,11.945824388513339,83.7112590539639,False,14.052928368124412,0.7336942239489872,0.234073544095736,39.39258674401208,2.0018299441435374,0.1603114796744194
87,dflash2_unary_k16_tb8,Unary-FullMass,8,43,235,4.465116279069767,5.441860465116279,0.32558139534883723,10.19034576170367,98.13209712256273,False,13.869445349142595,0.7505565116061493,0.2335336743441118,38.67456744182016,2.003079813686443,0.16024172103687645
88,dflash2_unary_k16_tb8,Unary-FullMass,8,60,333,4.55,5.533333333333333,0.23333333333333334,10.10716690689697,98.93969390350287,False,13.843807183184254,0.7379470333034988,0.23214018347061938,39.131080966520436,1.991016233114351,0.15878473368502455
89,dflash2_unary_k16_tb8,Unary-FullMass,8,60,350,4.833333333333333,5.816666666666666,0.4,9.625248345712732,103.89342322220901,False,13.835358833481829,0.7297255998006827,0.23345403369603446,39.20019296650329,1.9882493501427234,0.16030123303304813
90,dflash2_unary_k16_tb8,Unary-FullMass,8,122,695,4.69672131147541,5.688524590163935,0.3524590163934426,9.875897169784222,101.25662335362782,True,13.969005352472047,0.7432993361511703,0.23338510663216155,39.15927544287234,1.9956296885941467,0.15963895032759642
91,dflash2_unary_k16_tb8,Unary-FullMass,8,78,388,3.9743589743589745,4.961538461538462,0.23076923076923078,11.281851938142657,88.63792979050841,False,13.877585872064511,0.7341739742398017,0.23352844884637028,39.12246670500817,1.9926262563482549,0.15960017938199692
92,dflash2_unary_k16_tb8,Unary-FullMass,8,77,406,4.2727272727272725,5.259740259740259,0.2857142857142857,10.901601017242239,91.72964580325178,False,14.198672324757306,0.7483656494065593,0.23756276632057405,40.09740109077856,2.038546649541845,0.16062051919969283
93,dflash2_unary_k16_tb8,Unary-FullMass,8,84,455,4.416666666666667,5.404761904761905,0.27380952380952384,10.46217127912134,95.58245351953217,False,14.009753857516486,0.7356216784457847,0.2342115359559622,39.52539719033493,2.0045127026345915,0.16059746368617717
94,dflash2_unary_k16_tb8,Unary-FullMass,8,127,617,3.858267716535433,4.850393700787402,0.25984251968503935,11.650047301455526,85.83656135671335,False,14.05470414969687,0.7347614883319621,0.23467273201713684,39.415427110023614,1.9997079528645452,0.15977526783799262
95,dflash2_unary_k16_tb8,Unary-FullMass,8,192,1043,4.432291666666667,5.427083333333333,0.3229166666666667,10.429989177371494,95.87737657192989,False,14.09688473955839,0.733871031286526,0.2354308228594467,39.4287988697594,2.002632098954867,0.16112572924005994
96,dflash2_unary_k16_tb8,Unary-FullMass,8,96,444,3.625,4.614583333333333,0.15625,12.40628000450342,80.60433906352306,False,14.226407187720724,0.7468208647954574,0.2363468439625649,39.982659114381626,2.025820708164853,0.1609903018030915
97,dflash2_unary_k16_tb8,Unary-FullMass,8,77,472,5.12987012987013,6.116883116883117,0.4675324675324675,9.238614930089138,108.24133352967354,False,14.027175999973377,0.7305832338963889,0.2349736103307994,39.46392655808421,2.0147126106875675,0.16013768835328882
98,dflash2_unary_k16_tb8,Unary-FullMass,8,179,951,4.307262569832402,5.307262569832402,0.3687150837988827,10.666629089379397,93.7503302702899,False,14.096534067105408,0.7375027764394786,0.2347857597207276,39.424510033522026,2.0133963297153743,0.16346245249030936
99,dflash2_unary_k16_tb8,Unary-FullMass,8,80,494,5.1625,6.1625,0.4625,9.188627884611602,108.8301771012756,False,14.027659499970468,0.7330766248742293,0.2335125250283454,39.576649625269056,2.009073250110305,0.15980566222424386
100,dflash2_unary_k16_tb8,Unary-FullMass,8,109,466,3.2752293577981653,4.26605504587156,0.13761467889908258,13.26890896566335,75.36414656154115,False,14.075073981676315,0.738926321108411,0.23659194490275295,39.5013502202346,2.0156406239489493,0.16004606408420566
101,dflash2_unary_k16_tb8,Unary-FullMass,8,174,1114,5.402298850574713,6.396551724137931,0.5862068965517241,8.854879758527428,112.93208121058672,False,14.132572597724181,0.7426087241823887,0.23585551161363844,39.4038823849079,2.016182316274144,0.1604849652951883
102,dflash2_unary_k16_tb8,Unary-FullMass,8,33,171,4.181818181818182,5.151515151515151,0.21212121212121213,10.789709274852969,92.68090312040654,True,13.65695760581399,0.7543394242406286,0.23375363669016003,39.10915399947871,1.9986750000195268,0.15743203072237189
103,dflash2_unary_k16_tb8,Unary-FullMass,8,106,608,4.735849056603773,5.726415094339623,0.3867924528301887,9.812886245066167,101.90681671284952,True,13.96420699028619,0.7315989621346025,0.2324054151719089,39.20287324529814,1.9965756603613833,0.15757403807068807
104,dflash2_unary_k16_tb8,Unary-FullMass,8,71,400,4.633802816901408,5.619718309859155,0.38028169014084506,9.98675692750112,100.13260633652165,True,13.902651760155338,0.7411221549132984,0.23312270407676433,39.2305419999515,1.9981725211911114,0.15780816957744784
105,dflash2_unary_k16_tb8,Unary-FullMass,8,42,235,4.571428571428571,5.571428571428571,0.3333333333333333,10.150629765957227,98.51605496968865,True,13.951337785502325,0.7634989758246645,0.23374583317837233,39.67514019071435,2.0105994281038875,0.16086814381803075
106,dflash2_unary_k16_tb8,Unary-FullMass,8,84,432,4.142857142857143,5.130952380952381,0.2619047619047619,11.078141770827575,90.26784642107867,True,14.08977805966147,0.7436281669340262,0.2353540953880015,39.73188335684036,2.0110658573511975,0.1615909995096098
107,dflash2_unary_k16_tb8,Unary-FullMass,8,383,2048,4.347258485639687,5.344647519582246,0.34464751958224543,10.50017916748125,95.23647016395407,False,13.995841336865528,0.7375812506740584,0.2336429452209602,39.02733297655157,1.9932105274343324,0.15956311730472506
108,dflash2_unary_k16_tb8,Unary-FullMass,8,103,489,3.7475728155339807,4.737864077669903,0.2524271844660194,11.883574290386642,84.1497663551413,False,14.002154504992486,0.7355430873943881,0.23560795151867037,39.276512330068776,2.007020465878191,0.1612959125656205
109,dflash2_unary_k16_tb8,Unary-FullMass,8,65,323,3.9692307692307693,4.953846153846154,0.15384615384615385,11.301219439628316,88.4860262507113,False,13.858230723025581,0.7362713540854972,0.23452687707434122,39.16962783097495,2.001313199770476,0.1583973842990907
110,dflash2_unary_k16_tb8,Unary-FullMass,8,159,667,3.1949685534591197,4.188679245283019,0.1069182389937107,13.425507506746516,74.48507994930435,False,14.01579120128127,0.7352464841837986,0.23465469819929233,39.14812879243616,2.026081207432014,0.15967942149844752
111,dflash2_unary_k16_tb8,Unary-FullMass,8,251,1345,4.3585657370517925,5.354581673306773,0.3187250996015936,10.510079947213269,95.14675483178874,False,14.057246394335076,0.7313579083264962,0.23460357372377225,39.12875797999935,2.0068906734264327,0.16009776900101275
112,dflash2_unary_k16_tb8,Unary-FullMass,8,46,245,4.326086956521739,5.304347826086956,0.30434782608695654,10.623066783665884,94.13477485970515,True,13.89974515167642,0.7532566085738717,0.23614132592426715,39.51548030446524,2.01276899987652,0.1619850442258884
113,dflash2_unary_k16_tb8,Unary-FullMass,8,43,248,4.767441860465116,5.744186046511628,0.4418604651162791,9.820450072575408,101.82832686992629,True,13.888027605030084,0.7517477673435107,0.2397680460532239,39.58823862778318,2.0120489297855677,0.15904386118352196
114,dflash2_unary_k16_tb8,Unary-FullMass,8,185,1096,4.918918918918919,5.918918918918919,0.43243243243243246,9.557591035584922,104.6288752340197,False,14.082898546090489,0.7310956431988539,0.23638285929337144,39.333167329833316,2.0801227080212543,0.1586019676225889
115,dflash2_unary_k16_tb8,Unary-FullMass,8,395,2048,4.184810126582279,5.182278481012658,0.31645569620253167,10.812047355956977,92.48942102062128,False,13.998657010040317,0.7326273974458557,0.23625961009743093,38.92806319499984,2.0031500201104238,0.15965538755902148
116,dflash2_unary_k16_tb8,Unary-FullMass,8,352,1962,4.573863636363637,5.5710227272727275,0.39488636363636365,10.148423484708111,98.5374724957846,False,14.114470283981394,0.7346817329272942,0.2364883720867345,39.303198778425624,2.015655090996337,0.16143436941588749
117,dflash2_unary_k16_tb8,Unary-FullMass,8,57,326,4.719298245614035,5.701754385964913,0.3684210526315789,9.978227960128367,100.21819545473035,False,14.230353368283863,0.7726571049971155,0.24082182439119687,39.605023087285204,2.0552506136657924,0.16435566807590557
118,dflash2_unary_k16_tb8,Unary-FullMass,8,164,800,3.8780487804878048,4.871951219512195,0.2682926829268293,11.547355917496134,86.59991145547323,False,14.005303365814964,0.7525041218752626,0.23466979877323355,39.17635920719832,1.999090786695178,0.1606381708437012
119,dflash2_unary_k16_tb8,Unary-FullMass,8,215,1110,4.162790697674419,5.158139534883721,0.24651162790697675,10.89176745585605,91.81246331717647,False,13.992542469688573,0.737028934862221,0.23455806986867386,39.1081559675682,2.0000471861262774,0.15958307421263485
120,dflash2_unary_k16_tb8,Unary-FullMass,8,365,2048,4.608219178082192,5.608219178082192,0.3589041095890411,10.036935678222392,99.63200244171603,False,14.04228784927934,0.7333998575233313,0.2352308657451705,39.143245964367274,2.0026995890737154,0.1599694877083107
121,dflash2_unary_k16_tb8,Unary-FullMass,8,173,1036,4.988439306358382,5.982658959537572,0.44508670520231214,9.407728226836237,106.29558761566118,False,14.062632034674712,0.7494961503237711,0.23559819664446116,39.120497566522836,2.009058583934416,0.16032696502317534
122,dflash2_unary_k16_tb8,Unary-FullMass,8,115,667,4.8,5.791304347826087,0.4260869565217391,9.67959425936882,103.31011540407349,False,13.9397430782834,0.7412231043892225,0.23325837401384691,39.0669376434981,2.0016778435408766,0.15880666061371082
123,dflash2_unary_k16_tb8,Unary-FullMass,8,396,2048,4.171717171717172,5.16919191919192,0.2828282828282828,10.95607264404208,91.27358246787462,False,14.142474219698496,0.7448837297047386,0.2393748434108354,39.367704340972956,2.006820126259088,0.16045176772707356
124,dflash2_unary_k16_tb8,Unary-FullMass,8,48,243,4.0625,5.041666666666667,0.3125,11.16885330864332,89.53470623757973,True,13.903218562442513,0.7549194584347182,0.2339743956175274,39.481663020827305,2.0097442497899465,0.1588001878947883
125,dflash2_unary_k16_tb8,Unary-FullMass,8,46,214,3.652173913043478,4.630434782608695,0.1956521739130435,12.151972018702475,82.2911703928343,True,13.86857730429493,0.7580516955741864,0.2350813041551231,39.508346021450606,2.003549825768341,0.1594810661987614
126,dflash2_unary_k16_tb8,Unary-FullMass,8,47,308,5.553191489361702,6.531914893617022,0.5319148936170213,9.00322811364052,111.07127214570185,False,14.433143638520864,0.7821658726514099,0.24179304269405003,41.27690887237785,2.0980387447746174,0.16782768007226664
127,dflash2_unary_k16_tb8,Unary-FullMass,8,205,855,3.1707317073170733,4.1658536585365855,0.08780487804878048,13.612501670175664,73.46188263035823,False,14.12024597558207,0.7527888733176685,0.23424804873307373,39.49907041960836,2.0060860000695557,0.16165301439752688
0,dflash2_unary_k16_tb16,Unary-FullMass,16,128,743,4.8046875,5.796875,0.4140625,9.700367138626843,103.08888165871598,False,14.00074414848973,0.9823939451649721,0.23284707037873886,38.92295134376411,2.0064504921748494,0.16221287502560938
1,dflash2_unary_k16_tb16,Unary-FullMass,16,125,735,4.88,5.872,0.408,9.363231148299933,106.80073835211986,True,13.918609120024485,0.9618481918587349,0.23238215182209387,37.778570240028785,2.002141344040865,0.1622481042286381
2,dflash2_unary_k16_tb16,Unary-FullMass,16,199,1335,5.708542713567839,6.703517587939698,0.6381909547738693,8.360245456180415,119.61371292761956,False,13.999253728610684,0.9595022109799595,0.23366720611261713,38.72512443210403,2.0046560653808134,0.16286009550964795
3,dflash2_unary_k16_tb16,Unary-FullMass,16,83,510,5.144578313253012,6.132530120481928,0.4457831325301205,9.177157178433559,108.96620604363335,False,13.98535898804394,0.9669123854942575,0.23254268656394314,39.03110099998734,2.011907650608393,0.1619382652191793
4,dflash2_unary_k16_tb16,Unary-FullMass,16,101,631,5.247524752475248,6.237623762376238,0.44554455445544555,9.008040694135577,111.01193189003031,False,13.984040633802957,0.9616606039884626,0.23451997035993885,38.93329078220073,2.0027524159297965,0.1616928016344468
5,dflash2_unary_k16_tb16,Unary-FullMass,16,89,403,3.5280898876404496,4.51685393258427,0.16853932584269662,12.526187955336805,79.83274748595387,False,14.077444145973612,0.9912455954302489,0.23365032589690907,39.24335380892689,2.010250123726365,0.1637610112901599
6,dflash2_unary_k16_tb16,Unary-FullMass,16,108,610,4.648148148148148,5.638888888888889,0.4351851851851852,9.879668990163095,101.21796600631777,False,13.88067546310965,0.9652023610653016,0.23334358340636957,38.5697537962423,1.9894029814066825,0.16345592587606883
7,dflash2_unary_k16_tb16,Unary-FullMass,16,152,1054,5.934210526315789,6.927631578947368,0.6842105263157895,8.079445685957124,123.77086731805116,False,14.002252888160097,0.9547075065878935,0.23496098687677372,38.66884944740808,2.0021226249283295,0.16168386839940227
8,dflash2_unary_k16_tb16,Unary-FullMass,16,120,785,5.541666666666667,6.533333333333333,0.6,8.562093177070388,116.79387029774894,True,13.937870300029923,0.9554219251337296,0.23342069989666925,38.727317000014715,1.9947266082908754,0.16160299996954564
9,dflash2_unary_k16_tb16,Unary-FullMass,16,69,432,5.246376811594203,6.246376811594203,0.5507246376811594,8.953065569442144,111.69358609559575,False,13.86937853622721,0.969239246209643,0.23263314498130375,38.82381007249511,1.9980163332798258,0.1608984059229429
10,dflash2_unary_k16_tb16,Unary-FullMass,16,34,195,4.735294117647059,5.705882352941177,0.38235294117647056,9.685663123076292,103.24538312895473,False,13.620007382568849,0.9651103822868796,0.2296642941313193,38.59450223535532,1.9806799999808873,0.1601624409672493
11,dflash2_unary_k16_tb16,Unary-FullMass,16,103,481,3.6699029126213594,4.660194174757281,0.18446601941747573,11.952049918917645,83.66765590705951,False,13.875461349493227,0.9773987281750504,0.23350894183555654,38.58128371842398,1.9847326408143469,0.1625273494072229
12,dflash2_unary_k16_tb16,Unary-FullMass,16,361,2048,4.673130193905817,5.670360110803324,0.4155124653739612,9.941506146484258,100.58838019766681,False,14.098977797826022,0.9722891467884379,0.23457310808754953,38.93250294737637,1.998534337970371,0.1625813544713592
13,dflash2_unary_k16_tb16,Unary-FullMass,16,179,1120,5.251396648044692,6.251396648044692,0.5027932960893855,9.002399536607948,111.08149509844952,False,14.057273916285075,0.9640408491541979,0.234692519553498,38.90885435197683,2.0006483073658328,0.16235307801598436
14,dflash2_unary_k16_tb16,Unary-FullMass,16,112,603,4.383928571428571,5.375,0.36607142857142855,10.474806834162326,95.46715427139142,False,14.01234467851152,0.971998133910087,0.23340369630529625,39.018732723239474,1.9972301875473673,0.16190237512806302
15,dflash2_unary_k16_tb16,Unary-FullMass,16,298,1884,5.322147651006712,6.318791946308725,0.5637583892617449,8.912799535562476,112.19819272384109,False,14.097886053715051,0.9616161241926524,0.23395193952851423,38.89150593962365,2.0012505268725924,0.16182406371754895
16,dflash2_unary_k16_tb16,Unary-FullMass,16,103,512,3.970873786407767,4.961165048543689,0.23300970873786409,11.084793251953329,90.21368078505054,False,13.926349582548426,0.9772827281832505,0.23001176686573194,37.817919407705595,1.9887930388860202,0.16075167969548487
17,dflash2_unary_k16_tb16,Unary-FullMass,16,31,189,5.096774193548387,6.064516129032258,0.45161290322580644,9.118340052910275,109.66908386804819,True,13.584165903188067,0.954101193729589,0.2294602259245303,38.67713590332114,1.9881434193760674,0.1594536770426131
18,dflash2_unary_k16_tb16,Unary-FullMass,16,325,2048,5.3015384615384615,6.298461538461538,0.5507692307692308,8.861690590820537,112.84528496581218,False,13.960958341547386,0.9592709600278445,0.23264121546302563,38.53711284004161,1.9913848246394013,0.16091591058984006
19,dflash2_unary_k16_tb16,Unary-FullMass,16,348,2048,4.882183908045977,5.882183908045977,0.47988505747126436,9.712437313476485,102.96076749061234,False,14.255908344767212,0.9810449310736721,0.23755733336552165,39.483587951262855,2.0361753678879797,0.16397784750437097
20,dflash2_unary_k16_tb16,Unary-FullMass,16,82,551,5.719512195121951,6.7073170731707314,0.6707317073170732,8.382063591651407,119.30236379929244,False,13.957202756057264,0.9652678659111233,0.23684609781101731,38.99036932928472,2.0113018657334245,0.16239060959178903
21,dflash2_unary_k16_tb16,Unary-FullMass,16,141,825,4.843971631205674,5.843971631205674,0.48226950354609927,9.431972692120436,106.02235954684326,False,13.923888227045028,0.9679298155846326,0.23211552485679557,37.90829634034714,1.993180971654278,0.1616633829189273
22,dflash2_unary_k16_tb16,Unary-FullMass,16,278,1744,5.273381294964029,6.26978417266187,0.5215827338129496,9.106071899655536,109.81683551585266,False,14.251983633133566,0.9740594172687039,0.23597784530734284,39.46621742436442,2.0337177696896918,0.16390503613287702
23,dflash2_unary_k16_tb16,Unary-FullMass,16,98,504,4.142857142857143,5.13265306122449,0.2755102040816326,10.923863926589346,91.54270015813172,False,13.915331204084303,0.9797004899229825,0.23262096939496196,38.89634520410069,1.9948976531274953,0.16097610182905742
24,dflash2_unary_k16_tb16,Unary-FullMass,16,174,838,3.8160919540229883,4.810344827586207,0.1839080459770115,11.681307706443443,85.60685371282507,False,13.99704822980029,0.9834419942590416,0.23404479317581844,38.89133980451386,1.9916998906870274,0.16067734503295292
25,dflash2_unary_k16_tb16,Unary-FullMass,16,60,364,5.066666666666666,6.05,0.5166666666666667,9.273512395608762,107.83400693716922,True,13.897550366558184,0.9655263166071867,0.23242558348404904,39.009217049897416,1.9927665167112234,0.1618227001017658
26,dflash2_unary_k16_tb16,Unary-FullMass,16,200,1025,4.125,5.12,0.255,11.006564232196004,90.85487341043594,False,14.049533869938386,0.9770980900339055,0.23335082500125282,38.98559990500871,2.0019839300312015,0.1610750699910568
27,dflash2_unary_k16_tb16,Unary-FullMass,16,50,237,3.74,4.72,0.22,11.89572113502674,84.06384015303769,False,13.879761019998114,0.9802639200279373,0.23404917999869213,39.12461229985638,2.001087080061552,0.16594468008406693
28,dflash2_unary_k16_tb16,Unary-FullMass,16,142,849,4.97887323943662,5.971830985915493,0.5,9.449212593638531,105.8289238484514,False,14.047913140658098,0.9632626901498362,0.2410094365599511,39.08089777460063,2.001279978877635,0.16128128900675964
29,dflash2_unary_k16_tb16,Unary-FullMass,16,49,289,4.8979591836734695,5.877551020408164,0.5306122448979592,9.82987665397606,101.73067630462207,False,14.288711204114536,0.996150163366704,0.24088632644448735,40.20329253053576,2.0835955103245154,0.16357555090953424
30,dflash2_unary_k16_tb16,Unary-FullMass,16,69,427,5.188405797101449,6.173913043478261,0.5072463768115942,9.120756653396338,109.64002637079736,False,13.96729197095619,0.9596694492137285,0.23376318840482913,39.122380304394504,1.997764695682934,0.16207373917732332
31,dflash2_unary_k16_tb16,Unary-FullMass,16,30,150,4.0,4.966666666666667,0.3,11.23289235332777,89.0242662838078,False,13.66513296688936,0.9729027999128448,0.2343125332724109,39.13456063334403,1.9963788666548983,0.1611739665653126
32,dflash2_unary_k16_tb16,Unary-FullMass,16,364,2048,4.626373626373627,5.623626373626373,0.37637362637362637,10.042138440429227,99.58038379296207,False,14.101091552180192,0.9738237774679595,0.23477485162332484,39.029855593476036,1.999943244539951,0.16133385433632003
33,dflash2_unary_k16_tb16,Unary-FullMass,16,89,458,4.146067415730337,5.134831460674158,0.2808988764044944,11.028531733626746,90.67390149052495,False,14.056727988849815,0.9755857640862977,0.23370232577618796,39.32195004497853,2.003649719013032,0.16195195506073748
34,dflash2_unary_k16_tb16,Unary-FullMass,16,73,430,4.890410958904109,5.876712328767123,0.3835616438356164,9.611786844183117,104.03892805895735,False,13.979621260360757,0.9903639999458691,0.23443571242825959,39.2443921368857,2.0057494519976102,0.16281200000838447
35,dflash2_unary_k16_tb16,Unary-FullMass,16,72,396,4.5,5.486111111111111,0.3611111111111111,10.310064429296574,96.9926043486643,True,13.976026652774939,0.9794546248890078,0.23552868052926593,39.34218255552777,2.0108984305251294,0.16126341688504908
36,dflash2_unary_k16_tb16,Unary-FullMass,16,64,347,4.421875,5.40625,0.25,10.45398187607894,95.65733056111613,True,13.984967671973436,1.0008830937238145,0.23562071876881419,39.29486007800165,2.0024496093355992,0.16140181256218966
37,dflash2_unary_k16_tb16,Unary-FullMass,16,131,722,4.511450381679389,5.5038167938931295,0.33587786259541985,10.433385470912935,95.84616640378943,False,14.323652961909218,0.9878823969767336,0.2359862060595805,39.76363293900562,2.0289172443048273,0.16301458761531892
38,dflash2_unary_k16_tb16,Unary-FullMass,16,81,493,5.08641975308642,6.074074074074074,0.43209876543209874,9.403055515211578,106.34840966133538,False,14.156433987802393,0.9856822839481785,0.2374895680358024,39.662219419919836,2.025563642050263,0.1635539253954819
39,dflash2_unary_k16_tb16,Unary-FullMass,16,101,549,4.435643564356436,5.425742574257426,0.38613861386138615,10.517493799637311,95.07968524160046,True,14.191194891056943,0.9752300890732561,0.23646430689959652,39.59057420795961,2.0123284159108334,0.16355557425701436
40,dflash2_unary_k16_tb16,Unary-FullMass,16,38,187,3.9210526315789473,4.894736842105263,0.2894736842105263,11.589906807483612,86.281970736322,True,13.965869131568883,0.9789552105327235,0.23783150008009551,39.67253444749842,2.0188678159492586,0.16048328909260148
41,dflash2_unary_k16_tb16,Unary-FullMass,16,49,350,6.142857142857143,7.122448979591836,0.6938775510204082,7.976644042859594,125.366005381068,False,14.041937469263924,0.9566523674539913,0.235865795934378,39.56028271412443,2.020523224519839,0.16076730627195948
42,dflash2_unary_k16_tb16,Unary-FullMass,16,38,259,5.815789473684211,6.7894736842105265,0.6052631578947368,8.349451548267632,119.76834576727173,True,13.958597263234353,0.9593402894671798,0.23525523671483634,39.5774653946941,2.0173457104599373,0.16010007914845023
43,dflash2_unary_k16_tb16,Unary-FullMass,16,91,541,4.945054945054945,5.934065934065934,0.4835164835164835,9.628102672824967,103.86262319599791,False,14.193655384648022,0.9674459010716668,0.23752417585525948,39.65669950536052,2.022473593240068,0.16180084639927372
44,dflash2_unary_k16_tb16,Unary-FullMass,16,68,430,5.3088235294117645,6.3088235294117645,0.5588235294117647,9.336054706977318,107.11162599043556,False,14.616409514902069,1.0028272501104392,0.2437049410860602,40.92112298530992,2.0858327205881806,0.166919117418729
45,dflash2_unary_k16_tb16,Unary-FullMass,16,123,685,4.569105691056911,5.560975609756097,0.3333333333333333,10.153823341605705,98.48506974731964,False,14.062870146428795,0.9788633333374765,0.23469202442800274,39.109438178848805,2.0003407885898064,0.16151088608993877
46,dflash2_unary_k16_tb16,Unary-FullMass,16,384,2048,4.333333333333333,5.330729166666667,0.3177083333333333,10.6986363984376,93.46985566740425,False,14.25559727343284,0.984919510377343,0.23567292968114847,39.40407757294887,2.0162654400337487,0.16286139852657774
47,dflash2_unary_k16_tb16,Unary-FullMass,16,109,620,4.678899082568807,5.678899082568807,0.3394495412844037,9.955106819354349,100.45095629268761,True,14.076218568926722,0.9726883854455082,0.23316127524995287,39.18099187165253,2.001794770667986,0.16052336658662456
48,dflash2_unary_k16_tb16,Unary-FullMass,16,160,809,4.05625,5.05,0.2875,11.100386432631954,90.08695382534492,False,14.125809431197922,0.9876874687165582,0.23619841254003404,38.578242674907415,2.0348619688775216,0.16352894375586402
49,dflash2_unary_k16_tb16,Unary-FullMass,16,67,398,4.940298507462686,5.925373134328358,0.417910447761194,9.527368381909652,104.96077824583513,False,13.999779194072383,0.9635905523703229,0.2329901641648725,39.24024725379987,1.9979384328575749,0.16086658184006533
50,dflash2_unary_k16_tb16,Unary-FullMass,16,113,649,4.743362831858407,5.734513274336283,0.3805309734513274,9.86421207858362,101.37657139094964,False,14.070901725658466,0.9715550265588387,0.23436471669851242,39.21592079647209,1.999889106072606,0.16111764624540745
51,dflash2_unary_k16_tb16,Unary-FullMass,16,59,338,4.728813559322034,5.711864406779661,0.3898305084745763,9.747807328403185,102.58717333140116,True,13.983381644104186,0.9756491694811996,0.23247305090096188,38.49017161007658,2.000060118685508,0.16163520336642434
52,dflash2_unary_k16_tb16,Unary-FullMass,16,82,517,5.2926829268292686,6.2926829268292686,0.5365853658536586,8.97718438491158,111.3935012497629,False,14.028279012120215,0.9581703902213343,0.23358509752586365,39.21964256094326,1.998944987862182,0.16143071961112848
53,dflash2_unary_k16_tb16,Unary-FullMass,16,82,415,4.060975609756097,5.048780487804878,0.23170731707317074,11.551453766265059,86.56919035770255,False,14.52067584141776,1.0193354755534618,0.23887895125570627,40.431374317028336,2.08883023180267,0.16253095123474628
54,dflash2_unary_k16_tb16,Unary-FullMass,16,382,2048,4.361256544502618,5.358638743455497,0.3219895287958115,10.561143783690774,94.68671390917592,False,14.14530337437033,0.9811457224552205,0.23486587430343017,39.09979377492416,1.9985911780672698,0.16130130362489103
55,dflash2_unary_k16_tb16,Unary-FullMass,16,187,1207,5.454545454545454,6.449197860962567,0.5454545454545454,8.71474949295693,114.74799141480523,False,14.03051614969515,0.9493396737233656,0.23286651331754862,38.889944759339315,1.986493598869759,0.1605860323223186
56,dflash2_unary_k16_tb16,Unary-FullMass,16,104,507,3.875,4.865384615384615,0.2692307692307692,11.558513968443002,86.5163119350978,False,13.99018756735761,0.9782303847819444,0.23196285577306788,38.99823741340487,1.9867328365902581,0.16240453825188383
57,dflash2_unary_k16_tb16,Unary-FullMass,16,82,384,3.682926829268293,4.670731707317073,0.2073170731707317,12.028462247395547,83.13614653581543,False,13.950998292651692,0.978893231659618,0.23453765850984093,39.01716478071094,1.986237146433623,0.16057746320368052
58,dflash2_unary_k16_tb16,Unary-FullMass,16,74,381,4.148648648648648,5.135135135135135,0.24324324324324326,10.962294711287521,91.22177667512736,False,13.959030594648809,0.9769491351451851,0.23291700005289828,39.120354864846036,1.9913838647167919,0.16036839194901012
59,dflash2_unary_k16_tb16,Unary-FullMass,16,29,151,4.206896551724138,5.172413793103448,0.3103448275862069,10.767965887421479,92.86805051714946,True,13.664961724347888,0.9600967929647344,0.23168331019154847,39.066953241327326,1.9852552760030135,0.1587341034635303
60,dflash2_unary_k16_tb16,Unary-FullMass,16,61,307,4.032786885245901,5.016393442622951,0.3114754098360656,11.204163299679177,89.25253704831616,True,13.918956049192424,0.9701582950851918,0.23253631154714596,39.11600701659884,1.9888241968146758,0.16168424554052763
61,dflash2_unary_k16_tb16,Unary-FullMass,16,90,504,4.6,5.588888888888889,0.3111111111111111,10.071310158731908,99.29194754596966,True,13.989374977791158,0.9738159110282949,0.233465700087739,39.05005955566594,1.9926738555012788,0.15994688882427807
62,dflash2_unary_k16_tb16,Unary-FullMass,16,128,731,4.7109375,5.703125,0.4375,9.878675911080812,101.2281412004123,True,14.018406882811973,0.9678799375052449,0.23464035947995399,39.03732541404281,1.9969894452032122,0.16125867189487747
63,dflash2_unary_k16_tb16,Unary-FullMass,16,44,236,4.363636363636363,5.340909090909091,0.2727272727272727,10.509885792374515,95.14851252956085,True,13.862912409008873,0.9766177499841433,0.23406270454209085,39.14838720443599,1.9897329090616205,0.15949263661241275
64,dflash2_unary_k16_tb16,Unary-FullMass,16,189,1080,4.714285714285714,5.708994708994709,0.3386243386243386,10.00735740740816,99.92648001756474,False,14.25396776185682,0.9807058888722042,0.23594898403937578,39.54209889959428,2.00960527513296,0.16257266140812096
65,dflash2_unary_k16_tb16,Unary-FullMass,16,135,821,5.0814814814814815,6.074074074074074,0.4962962962962963,9.424549978074948,106.10586206517834,False,14.269732911082057,0.9743803407791011,0.23594754815416377,39.657213488896595,2.0142779777853757,0.16367389626221093
66,dflash2_unary_k16_tb16,Unary-FullMass,16,330,2048,5.203030303030303,6.203030303030303,0.48484848484848486,9.133134911133212,109.49142980259809,False,14.146094921257331,0.9718418333773805,0.23457383028444106,39.164089957557735,2.001675439328899,0.16251280001487237
67,dflash2_unary_k16_tb16,Unary-FullMass,16,111,597,4.378378378378378,5.36936936936937,0.3333333333333333,10.505683954773668,95.18656798595306,False,14.023051828877902,0.975868288380527,0.23505354050661204,39.11321149554079,1.9943038919213782,0.16205438720413717
68,dflash2_unary_k16_tb16,Unary-FullMass,16,67,374,4.582089552238806,5.567164179104478,0.3283582089552239,10.12763455882011,98.73973968868225,False,13.973108044722979,0.9747072386988891,0.235607179187789,39.18890899985311,1.9996569253770988,0.16137467184253454
69,dflash2_unary_k16_tb16,Unary-FullMass,16,65,384,4.907692307692308,5.892307692307693,0.49230769230769234,9.57162747916603,104.47544079380837,True,13.965308984356502,0.9717248923642239,0.23271004627951278,39.21074613843722,2.002608523057111,0.16313144627089898
70,dflash2_unary_k16_tb16,Unary-FullMass,16,194,1157,4.958762886597938,5.958762886597938,0.4484536082474227,9.43557861019938,105.98184184688482,False,14.034279453552859,0.971189092862127,0.23295696380430564,38.88282696920514,1.9895118969627932,0.16224826279155713
71,dflash2_unary_k16_tb16,Unary-FullMass,16,374,1959,4.237967914438503,5.235294117647059,0.2887700534759358,10.754890909136696,92.98095242885833,False,14.042629401158587,0.9830006096950349,0.2342984679024785,38.91843205869699,1.9938741390948822,0.16153882879637466
72,dflash2_unary_k16_tb16,Unary-FullMass,16,55,316,4.745454545454545,5.7272727272727275,0.41818181818181815,9.79269537025244,102.11693126263577,False,13.85975027263736,0.9847970180668529,0.2351249271172988,39.030578181965126,1.9927817817502231,0.16045394573170182
73,dflash2_unary_k16_tb16,Unary-FullMass,16,102,607,4.950980392156863,5.9411764705882355,0.5,9.469194261945402,105.60560617272147,False,13.976093568499873,0.964045225212912,0.23397624532021033,39.02484151937339,1.992162097831526,0.1598707261234499
74,dflash2_unary_k16_tb16,Unary-FullMass,16,291,2048,6.037800687285223,7.034364261168385,0.7010309278350515,7.986784483398068,125.20683412438076,False,14.018241525607671,0.950178708062032,0.2334911651124048,38.854965889961235,1.9920090445898604,0.16051099312468112
75,dflash2_unary_k16_tb16,Unary-FullMass,16,161,938,4.826086956521739,5.819875776397516,0.4409937888198758,9.611729492540041,104.03954884249819,False,13.937102248339938,0.9799458695727803,0.23337632309850045,38.69603627313634,1.9909018571654866,0.16140925478980506
76,dflash2_unary_k16_tb16,Unary-FullMass,16,61,331,4.426229508196721,5.409836065573771,0.32786885245901637,10.319522906346172,96.90370466497365,False,13.824833737656219,0.9734526558203783,0.23370165599473813,38.81243798348835,1.9891947703712742,0.162478901596633
77,dflash2_unary_k16_tb16,Unary-FullMass,16,350,2048,4.851428571428571,5.848571428571429,0.46,9.550449501464442,104.70711350776344,False,13.960665940030594,0.968626471440075,0.2348053399535794,38.56859154844382,1.989671462901502,0.1614123200852191
78,dflash2_unary_k16_tb16,Unary-FullMass,16,42,217,4.166666666666667,5.142857142857143,0.35714285714285715,11.01525958986499,90.7831533012702,True,13.896383857129313,0.9877840713583975,0.23322178596918958,39.62710411880315,2.0044788570452337,0.1632018573304993
79,dflash2_unary_k16_tb16,Unary-FullMass,16,143,885,5.188811188811189,6.181818181818182,0.5034965034965035,9.122666711864747,109.61707048876632,False,14.043946328812678,0.968781643436401,0.23486509087672164,39.03568554548522,2.0121992867160343,0.16298392285687288
80,dflash2_unary_k16_tb16,Unary-FullMass,16,67,414,5.17910447761194,6.164179104477612,0.47761194029850745,9.090745524150881,110.00197919338467,True,13.91910625355181,0.971413895506464,0.23535068645124643,38.88018352246483,2.005110268314706,0.1615017468223536
81,dflash2_unary_k16_tb16,Unary-FullMass,16,114,654,4.7368421052631575,5.728070175438597,0.3508771929824561,9.732337273700576,102.75024096239164,False,13.901416245508907,0.9712991843052645,0.23513010538616136,38.5756719823436,1.987267131609546,0.16209760523404265
82,dflash2_unary_k16_tb16,Unary-FullMass,16,102,659,5.46078431372549,6.450980392156863,0.5392156862745098,8.660967097116782,115.46054716371084,False,13.919369127560298,0.9552997058099387,0.2333656373986171,38.66841672560458,2.0183655294970904,0.16182363687417534
83,dflash2_unary_k16_tb16,Unary-FullMass,16,58,336,4.793103448275862,5.775862068965517,0.39655172413793105,9.636635800591518,103.77065406359112,False,13.818121724084605,0.962957689964618,0.23382025844104395,38.65894793093973,1.9909879310630616,0.16119255169228539
84,dflash2_unary_k16_tb16,Unary-FullMass,16,142,808,4.690140845070423,5.683098591549296,0.34507042253521125,9.931769480196031,100.6869925841515,False,14.078478753399907,0.979779514316658,0.23547043655154584,39.041175070220994,2.016005760466009,0.16225764813216428
85,dflash2_unary_k16_tb16,Unary-FullMass,16,116,511,3.4051724137931036,4.396551724137931,0.16379310344827586,12.850901001952488,77.81555548891599,False,14.076735370445963,1.0050199223079634,0.23700868950982112,39.12203357732982,2.0075148105865206,0.16212221600716445
86,dflash2_unary_k16_tb16,Unary-FullMass,16,115,592,4.147826086956521,5.139130434782609,0.3130434782608696,10.975695506750846,91.11039928038527,False,14.05550104353334,0.9723781303720266,0.23582247800811235,39.07283013914307,2.0022508435510606,0.16218901753587567
87,dflash2_unary_k16_tb16,Unary-FullMass,16,41,235,4.7317073170731705,5.7073170731707314,0.43902439024390244,9.704476063826464,103.04523329471752,False,13.878207780735243,0.9671520243367612,0.23542907338862012,38.380217316798955,2.0021404142891877,0.16006985384681285
88,dflash2_unary_k16_tb16,Unary-FullMass,16,57,333,4.842105263157895,5.824561403508772,0.3684210526315789,9.652948735741369,103.595287551602,False,13.901679473635516,0.977770350896447,0.2360403682120561,39.120457912711,1.996281298743908,0.16131320986906966
89,dflash2_unary_k16_tb16,Unary-FullMass,16,58,345,4.948275862068965,5.931034482758621,0.46551724137931033,9.415937834779944,106.20291016644872,True,13.823433052023354,0.9623187241482685,0.23206137917315636,38.84083331028925,1.988038982619463,0.1619102931099719
90,dflash2_unary_k16_tb16,Unary-FullMass,16,119,718,5.033613445378151,6.025210084033613,0.4369747899159664,9.367716050137536,106.74960626985678,False,14.06444233606551,0.9729866723922774,0.23608656308834808,39.07365639486884,2.011247210080115,0.1627583360994536
91,dflash2_unary_k16_tb16,Unary-FullMass,16,68,391,4.75,5.735294117647059,0.4117647058823529,9.771260288998793,102.34094379062586,False,13.907251779260953,0.9757855880653712,0.23579729365926194,38.911150191084104,1.9953773971792543,0.15938441249411173
92,dflash2_unary_k16_tb16,Unary-FullMass,16,70,407,4.814285714285714,5.8,0.38571428571428573,9.682269550373173,103.28156996635754,False,13.946162143007054,0.9653962141393484,0.23567684277492976,38.98274994285852,2.0033466569397467,0.1621497288787069
93,dflash2_unary_k16_tb16,Unary-FullMass,16,79,459,4.810126582278481,5.7974683544303796,0.4050632911392405,9.745111814818639,102.61554910836192,False,14.02686083540313,0.9761863291691665,0.23486207586917968,39.213776898635196,2.0064110125807746,0.1622360508964114
94,dflash2_unary_k16_tb16,Unary-FullMass,16,109,570,4.229357798165138,5.220183486238532,0.3486238532110092,10.820535070180133,92.41687157928621,False,14.058125990874416,0.977488284235833,0.23442386246233998,39.15021308237706,2.001698807312054,0.16249942230413147
95,dflash2_unary_k16_tb16,Unary-FullMass,16,149,892,4.9865771812080535,5.97986577181208,0.40268456375838924,9.445989057172735,105.86503900728724,False,14.101690496611035,0.9815900672440833,0.23513310747600047,39.065505906090024,2.0037583758036495,0.16146459038648286
96,dflash2_unary_k16_tb16,Unary-FullMass,16,96,508,4.291666666666667,5.28125,0.25,10.735655125989885,93.14755254936476,False,14.133526385383751,0.9816993332757799,0.23614814563188702,39.28265504165059,2.0128290831280538,0.16265038595975057
97,dflash2_unary_k16_tb16,Unary-FullMass,16,70,444,5.3428571428571425,6.328571428571428,0.5428571428571428,8.938539551800696,111.87509930507014,True,14.034741085717021,0.9652700714338737,0.235196428963848,39.25051284298076,2.0189047283825596,0.19125428537206193
98,dflash2_unary_k16_tb16,Unary-FullMass,16,90,464,4.155555555555556,5.144444444444445,0.3111111111111111,10.912688314655153,91.63644843196464,False,13.975868477427866,0.9797912776573665,0.2355467888668904,38.9085691892736,1.9996749332171424,0.16152020022370076
99,dflash2_unary_k16_tb16,Unary-FullMass,16,73,494,5.767123287671233,6.7534246575342465,0.6438356164383562,8.368704082997342,119.49281395093125,False,14.017671150911267,0.9466163288903174,0.23525513695434935,39.25277391766168,2.017082451882195,0.16265330138083625
100,dflash2_unary_k16_tb16,Unary-FullMass,16,97,458,3.7216494845360826,4.711340206185567,0.21649484536082475,12.013222657201387,83.24161039340638,False,14.090829608191138,0.9825519382783822,0.23644754618703934,39.2318214540002,2.0185833093716243,0.16199271096373888
101,dflash2_unary_k16_tb16,Unary-FullMass,16,161,1121,5.962732919254658,6.956521739130435,0.6956521739130435,8.123078586083322,123.1060354030339,False,14.12298011797157,0.9561731306614024,0.23595782004800042,39.06346811175958,2.0179893911048996,0.16225810546946753
102,dflash2_unary_k16_tb16,Unary-FullMass,16,31,171,4.483870967741935,5.483870967741935,0.3225806451612903,10.138171473678,98.63711642640156,True,13.6611354192287,0.9813056775226048,0.2309489031059427,38.89120522569189,1.999816064785738,0.15905070963085874
103,dflash2_unary_k16_tb16,Unary-FullMass,16,96,608,5.333333333333333,6.322916666666667,0.5416666666666666,8.871027741777556,112.72651028815544,False,13.962697718435871,0.9576587397077674,0.23372080242249163,38.86515846894175,2.0025813330448727,0.16135863537177406
104,dflash2_unary_k16_tb16,Unary-FullMass,16,65,400,5.153846153846154,6.138461538461539,0.49230769230769234,9.126782020002793,109.56764364573857,True,13.901210276750275,0.9618030310286065,0.23476035393496902,38.90866016909758,1.9979656459047244,0.16041295407026504
105,dflash2_unary_k16_tb16,Unary-FullMass,16,41,235,4.7317073170731705,5.7073170731707314,0.4146341463414634,9.888610085104022,101.12644662836665,True,13.919351707289291,0.9803063905742531,0.23760273174181148,39.3656549512809,2.0140429024184234,0.1616600971695933
106,dflash2_unary_k16_tb16,Unary-FullMass,16,69,393,4.695652173913044,5.681159420289855,0.36231884057971014,10.000048916032357,99.9995108420692,False,14.095463666255482,0.9739087533713588,0.23566901470168386,39.458620188204385,2.030810942190895,0.16232778311266727
107,dflash2_unary_k16_tb16,Unary-FullMass,16,352,1902,4.403409090909091,5.400568181818182,0.3181818181818182,10.432504965298591,95.85425584040244,False,14.083040093892537,0.9799935938665592,0.23540377540856836,38.90290255671144,2.0072152358765876,0.1625369146929436
108,dflash2_unary_k16_tb16,Unary-FullMass,16,84,432,4.142857142857143,5.130952380952381,0.3333333333333333,10.871423268520596,91.98427614308885,False,13.872816940506926,0.9741677735551743,0.23136242894647044,38.68165432119159,1.9878718927170016,0.16230345261733636
109,dflash2_unary_k16_tb16,Unary-FullMass,16,60,331,4.516666666666667,5.5,0.23333333333333334,10.169489525678921,98.33335266975845,False,13.868851366532908,0.9791252502206286,0.23282406667325026,38.86173088352128,1.9969664164212493,0.16218589995939947
110,dflash2_unary_k16_tb16,Unary-FullMass,16,123,595,3.83739837398374,4.829268292682927,0.23577235772357724,11.610345215128955,86.13008325514231,False,13.979890504010765,0.9773307806093859,0.23562806494353242,38.81105222784,1.998214398332582,0.16174908931844117
111,dflash2_unary_k16_tb16,Unary-FullMass,16,180,1103,5.127777777777778,6.122222222222222,0.4666666666666667,9.173725679964063,109.00696564145761,False,14.030236677616712,0.9677526387450699,0.23410973323431486,38.80662002777373,2.013670405742434,0.16216287800085005
112,dflash2_unary_k16_tb16,Unary-FullMass,16,42,246,4.833333333333333,5.833333333333333,0.40476190476190477,9.642238121958188,103.71036136544983,False,13.88867214284671,0.9643515950301662,0.23702854767699527,39.212499952554936,2.0107186904039867,0.16269521438516676
113,dflash2_unary_k16_tb16,Unary-FullMass,16,36,249,5.916666666666667,6.888888888888889,0.6111111111111112,8.157389594385043,122.58823590923348,False,13.814603583442578,0.9595503335933446,0.23511105549308317,39.23930488902746,2.0117406110229137,0.1616342219171606
114,dflash2_unary_k16_tb16,Unary-FullMass,16,169,1103,5.5266272189349115,6.520710059171598,0.5739644970414202,8.663580247507184,115.42572140285017,True,14.055872710096029,0.9574034615845514,0.23568594076887003,39.10293013009672,2.0306688816835634,0.1613975325774969
115,dflash2_unary_k16_tb16,Unary-FullMass,16,370,2048,4.535135135135135,5.532432432432432,0.34864864864864864,10.116289921386468,98.8504686768553,False,14.008106329778014,0.9773201567539316,0.23430586768734282,38.609635778433386,2.003709659530196,0.16195398889681814
116,dflash2_unary_k16_tb16,Unary-FullMass,16,349,2048,4.868194842406877,5.865329512893982,0.46418338108882523,9.653431828125392,103.59010327151094,False,14.170138197752546,0.9748175729755453,0.23688245277621992,39.07433361601477,2.028340114601474,0.1637069112112556
117,dflash2_unary_k16_tb16,Unary-FullMass,16,74,413,4.581081081081081,5.5675675675675675,0.40540540540540543,9.917716242126488,100.82966436894013,False,13.91285405402045,0.9898647298344971,0.23519140563006954,38.0481078376564,2.00341062146755,0.16214983785372367
118,dflash2_unary_k16_tb16,Unary-FullMass,16,154,810,4.259740259740259,5.253246753246753,0.33766233766233766,10.691294419751856,93.53404374988767,False,14.008792350706516,0.9952096686477004,0.23549676637691386,38.83139503260907,1.9996575716126623,0.16288029835234372
119,dflash2_unary_k16_tb16,Unary-FullMass,16,190,1083,4.7,5.6947368421052635,0.38421052631578945,9.84374158264135,101.58738845434748,False,14.003139121077288,0.9752116158204828,0.23500434192675657,38.73165554208467,2.002248289480983,0.16206811066551477
120,dflash2_unary_k16_tb16,Unary-FullMass,16,352,2048,4.818181818181818,5.815340909090909,0.4318181818181818,9.660904578126406,103.50997589440384,False,14.069253687580385,0.9748384856762145,0.23704749143731038,38.7593520512155,2.006178071031751,0.1622295767033806
121,dflash2_unary_k16_tb16,Unary-FullMass,16,164,1062,5.475609756097561,6.469512195121951,0.6036585365853658,8.659817347455375,115.47587667005965,False,13.993455694927855,0.9589527316409924,0.2353861400701046,38.71227425628515,2.0159511524713998,0.16157772580943236
122,dflash2_unary_k16_tb16,Unary-FullMass,16,131,749,4.717557251908397,5.709923664122138,0.42748091603053434,9.807029651535906,101.96767375363112,False,13.973513854746859,0.9832866412962037,0.23473112972565208,38.71916358781608,1.9996809313650943,0.16187735886991964
123,dflash2_unary_k16_tb16,Unary-FullMass,16,396,2048,4.16919191919192,5.16919191919192,0.29797979797979796,10.928422833496043,91.50451215476042,False,14.119595376348915,0.9950520428203457,0.23505407830500666,38.997979436849946,2.0073477676627167,0.1636833257905873
124,dflash2_unary_k16_tb16,Unary-FullMass,16,44,243,4.5227272727272725,5.5,0.4090909090909091,10.241681777779563,97.64021395095561,True,13.911618522714972,0.9982717275223959,0.2356902045490146,39.23740525020879,2.017105136226085,0.16192443151587874
125,dflash2_unary_k16_tb16,Unary-FullMass,16,43,214,3.9767441860465116,4.953488372093023,0.2558139534883721,11.355217906537495,88.06524086378597,True,13.882226139431559,0.9821063491514461,0.23433532547896058,39.24611746519668,2.005657139687723,0.16157227870534435
126,dflash2_unary_k16_tb16,Unary-FullMass,16,42,278,5.619047619047619,6.595238095238095,0.6190476190476191,8.981639025183775,111.33825320702408,False,14.562422237975712,0.9953495000878493,0.24146269035035012,41.37523097605957,2.103862023432157,0.17156897688219708
127,dflash2_unary_k16_tb16,Unary-FullMass,16,168,725,3.3154761904761907,4.309523809523809,0.13095238095238096,13.128474984826834,76.17030928236103,False,14.102340672382395,1.0058589763329586,0.2352733510980172,39.1401598271408,2.008889249975168,0.16309913735312875
0,dflash2_unary_k16_tb32,Unary-FullMass,32,121,743,5.140495867768595,6.132231404958677,0.45454545454545453,9.223902580080786,108.41398110161325,False,13.999701528849652,1.4428444793481525,0.23550553723456807,38.772951900908026,2.021687578520914,0.1666446528248447
1,dflash2_unary_k16_tb32,Unary-FullMass,32,116,722,5.224137931034483,6.2155172413793105,0.4482758620689655,8.895162371191265,112.42065723709517,False,13.915838637801464,1.4315210689252629,0.23476022408493888,37.614669767271124,2.0018044397618033,0.16612337939759841
2,dflash2_unary_k16_tb32,Unary-FullMass,32,217,1499,5.907834101382488,6.903225806451613,0.7050691244239631,8.32744217211431,120.08489273556893,False,14.24968444235393,1.4435101612237677,0.2407569493023461,39.35908459911445,2.0604253687422664,0.17112749308512654
3,dflash2_unary_k16_tb32,Unary-FullMass,32,84,550,5.5476190476190474,6.535714285714286,0.5476190476190477,8.655346210907737,115.53552863544255,True,13.99045551189764,1.43098595234343,0.2363177857313574,38.837572583426144,2.0100108810029704,0.1665669998753098
4,dflash2_unary_k16_tb32,Unary-FullMass,32,94,617,5.5638297872340425,6.553191489361702,0.5212765957446809,8.645997298216198,115.66045714660532,False,14.024914904207145,1.4319079360923732,0.2375213617461726,38.879978106493546,2.0085775638321177,0.1679547340051826
5,dflash2_unary_k16_tb32,Unary-FullMass,32,79,374,3.7341772151898733,4.7215189873417724,0.17721518987341772,11.987233355610705,83.42208500779233,False,13.987826417834658,1.4840660126457252,0.23656888612394245,38.86893997475419,2.0050965696457212,0.16718916429200834
6,dflash2_unary_k16_tb32,Unary-FullMass,32,103,616,4.980582524271845,5.970873786407767,0.4563106796116505,9.389664917207128,106.50007309285762,False,13.875989922206765,1.4393060389443897,0.2345817477017917,38.449436398065515,1.9921333592207604,0.16421844647816966
7,dflash2_unary_k16_tb32,Unary-FullMass,32,133,917,5.887218045112782,6.887218045112782,0.6466165413533834,8.162624816794798,122.50961209713765,True,13.960520864626384,1.4154920752474922,0.23497836095919042,38.50034084962659,2.0008356165263628,0.16698228565180603
8,dflash2_unary_k16_tb32,Unary-FullMass,32,117,786,5.717948717948718,6.7094017094017095,0.6239316239316239,8.385835751907726,119.24869858946452,False,13.933600555559616,1.4102125983027558,0.23538339312517176,38.588182572630494,2.00227743599133,0.16595798284765612
9,dflash2_unary_k16_tb32,Unary-FullMass,32,65,402,5.1692307692307695,6.1692307692307695,0.5230769230769231,9.115082937809058,109.70827219267896,False,13.883525600081507,1.4310206153683025,0.23460013855163617,38.657160692365814,2.001520307777145,0.16545481507469398
10,dflash2_unary_k16_tb32,Unary-FullMass,32,37,226,5.108108108108108,6.081081081081081,0.43243243243243246,9.150760871677521,109.28053022291245,False,13.658915891839472,1.425406513491809,0.23442762171357204,38.41723921613192,1.9940844595603757,0.1637629729147365
11,dflash2_unary_k16_tb32,Unary-FullMass,32,96,459,3.78125,4.770833333333333,0.21875,11.762059607845439,85.01912363485964,False,13.896458281161964,1.4761570313150212,0.2413121666791085,38.471131124936164,1.9874338228570803,0.1648550730616686
12,dflash2_unary_k16_tb32,Unary-FullMass,32,360,2006,4.572222222222222,5.569444444444445,0.4083333333333333,10.175783372881016,98.27253228140167,False,14.090961872170737,1.4528314721853046,0.23556746111555388,38.754393527794186,2.0014596805695977,0.1665122250516207
13,dflash2_unary_k16_tb32,Unary-FullMass,32,182,1176,5.461538461538462,6.456043956043956,0.5494505494505495,8.773851479591462,113.97503164101464,False,14.067295725318807,1.428403955977266,0.23587976375983,38.78706471980447,2.0074328187427573,0.16650180760324884
14,dflash2_unary_k16_tb32,Unary-FullMass,32,305,2048,5.714754098360656,6.711475409836066,0.6524590163934426,8.440255491699133,118.47982575687256,False,14.081955432784973,1.4328623605967445,0.23579482300103008,38.749668573839955,2.0069152065545612,0.16704375732052673
15,dflash2_unary_k16_tb32,Unary-FullMass,32,285,1873,5.571929824561403,6.568421052631579,0.6140350877192983,8.623592261078743,115.96095568123579,False,14.082144817547759,1.4221308420306549,0.2352561472849757,38.76189425263555,2.005907894680716,0.16630922126064993
16,dflash2_unary_k16_tb32,Unary-FullMass,32,107,543,4.074766355140187,5.065420560747664,0.2336448598130841,10.917178657458004,91.59875746073425,False,13.893104934557362,1.468899626067647,0.23401887848985242,37.65076699074538,1.990250420625263,0.1650900934368892
17,dflash2_unary_k16_tb32,Unary-FullMass,32,31,189,5.096774193548387,6.064516129032258,0.3548387096774194,9.180148841272167,108.93069570987717,True,13.601550548159022,1.4334368386170677,0.23182535475033575,38.546206419390906,1.9941013227752034,0.16217406470874254
18,dflash2_unary_k16_tb32,Unary-FullMass,32,309,2048,5.627831715210356,6.624595469255663,0.6213592233009708,8.475764527344332,117.98345704081575,False,13.96651076701608,1.4166156018859142,0.23442575724561499,38.40146713592292,1.9912521197643973,0.16566956315274745
19,dflash2_unary_k16_tb32,Unary-FullMass,32,336,2048,5.095238095238095,6.092261904761905,0.4791666666666667,9.381054158691171,106.59782824870913,False,14.186204273750306,1.4608103393107914,0.23644027080969127,39.099338619112565,2.0294248750122366,0.16754030355059513
20,dflash2_unary_k16_tb32,Unary-FullMass,32,79,551,5.974683544303797,6.962025316455696,0.7088607594936709,8.103979018147575,123.39617338108339,False,13.908737721596735,1.441133177189541,0.23653136711892572,38.76606589877651,2.0037647722393226,0.16645616433609725
21,dflash2_unary_k16_tb32,Unary-FullMass,32,135,823,5.088888888888889,6.088888888888889,0.5037037037037037,9.112235219926337,109.742557765984,False,13.93222674081766,1.441772933389142,0.23497262212644004,37.78191158516738,1.9942550815257063,0.1657468591912724
22,dflash2_unary_k16_tb32,Unary-FullMass,32,178,1170,5.573033707865169,6.567415730337078,0.5842696629213483,8.707348776068134,114.84552022866795,False,14.170470061870812,1.4363849326952496,0.23735412922975596,39.192406578703405,2.029473943846906,0.1676073648882317
23,dflash2_unary_k16_tb32,Unary-FullMass,32,98,548,4.591836734693878,5.581632653061225,0.3469387755102041,10.09816207481618,99.02792137728719,False,13.921203979593049,1.456466734601477,0.23481181632428624,38.69319651015275,1.9961273163581998,0.16546728581989573
24,dflash2_unary_k16_tb32,Unary-FullMass,32,165,837,4.072727272727272,5.066666666666666,0.21818181818181817,11.156920966546801,89.63046372726183,False,13.99505676358372,1.4833520363688215,0.2348571152017967,38.722618157595264,1.9943891818415564,0.16574401207352904
25,dflash2_unary_k16_tb32,Unary-FullMass,32,56,364,5.482142857142857,6.482142857142857,0.5714285714285714,8.718146115385464,114.70328516692749,True,13.888502178490723,1.4347534642118782,0.23591837501563923,38.92732369620587,2.016602607130023,0.16484942895138893
26,dflash2_unary_k16_tb32,Unary-FullMass,32,204,1132,4.549019607843137,5.544117647058823,0.3431372549019608,10.219340819788707,97.85366958929508,False,14.038131598048423,1.4665619803196808,0.23549489217247374,38.805509284287055,1.9956857794051186,0.16593905400655143
27,dflash2_unary_k16_tb32,Unary-FullMass,32,57,280,3.912280701754386,4.894736842105263,0.2631578947368421,11.541322839288373,86.64518044637413,False,13.88145503519729,1.4665657543669672,0.23511636847392206,38.93360019301645,2.0127120524991544,0.1647680525996277
28,dflash2_unary_k16_tb32,Unary-FullMass,32,138,860,5.231884057971015,6.22463768115942,0.5579710144927537,9.11050563837032,109.76339181311117,False,14.039675355084857,1.433008804375224,0.23502875364352224,38.89633878273911,2.005421608663565,0.16614154330876563
29,dflash2_unary_k16_tb32,Unary-FullMass,32,45,286,5.355555555555555,6.333333333333333,0.6,8.907343944057093,112.26691214356798,False,13.829910333273196,1.4248988444806956,0.23700033335545515,38.95190631107349,2.0020170221768137,0.16538644453653914
30,dflash2_unary_k16_tb32,Unary-FullMass,32,66,433,5.5606060606060606,6.545454545454546,0.5454545454545454,8.657591390302423,115.50556672380313,True,13.936470924239654,1.4347219999267096,0.23531174252694295,39.02429136360297,2.003983318238831,0.16426719693382355
31,dflash2_unary_k16_tb32,Unary-FullMass,32,26,157,5.038461538461538,6.0,0.38461538461538464,9.349161872607256,106.961459607408,False,13.62268069253612,1.4369014616022469,0.23409234619556138,38.98735519235812,2.0088736539317043,0.16465103796620567
32,dflash2_unary_k16_tb32,Unary-FullMass,32,348,2048,4.885057471264368,5.882183908045977,0.4425287356321839,9.673038298339875,103.38013446836284,False,14.118921120647972,1.458558649417306,0.23706555456838346,38.934223543079476,2.0094733505415543,0.16814408921675947
33,dflash2_unary_k16_tb32,Unary-FullMass,32,84,452,4.380952380952381,5.369047619047619,0.2976190476190476,10.59329356416032,94.3993474685949,False,14.022269035844406,1.4581805359219808,0.23563586901651606,39.11346036907811,2.0068336666770934,0.16562874965789628
34,dflash2_unary_k16_tb32,Unary-FullMass,32,69,417,5.043478260869565,6.028985507246377,0.5072463768115942,9.462218534772154,105.68346063084027,False,14.135523811474094,1.4503705941393306,0.2361977971620787,39.18598834781628,2.0089077245401037,0.16772373936069873
35,dflash2_unary_k16_tb32,Unary-FullMass,32,70,396,4.6571428571428575,5.642857142857143,0.38571428571428573,10.065076035351177,99.35344715606108,True,13.983198771399787,1.4547903999430543,0.2364725856750738,39.09727999990927,2.0029738714843655,0.1648573715751159
36,dflash2_unary_k16_tb32,Unary-FullMass,32,74,401,4.418918918918919,5.405405405405405,0.20270270270270271,10.531119436409812,94.95666686132584,False,14.012458081123366,1.4940715001914116,0.23704541903547627,39.15082632428911,2.007568905429326,0.16531212128717704
37,dflash2_unary_k16_tb32,Unary-FullMass,32,132,765,4.795454545454546,5.787878787878788,0.3939393939393939,9.921845423527616,100.78770201647222,False,14.21125486354647,1.4634836516327623,0.23611784091013815,39.40792938631906,2.0166219166474715,0.16619650002460482
38,dflash2_unary_k16_tb32,Unary-FullMass,32,78,493,5.32051282051282,6.3076923076923075,0.4358974358974359,9.09703528194497,109.92592300754464,False,14.14681098704489,1.4508562052213119,0.23843526923883474,39.466362243565996,2.02868882050284,0.16677460261678043
39,dflash2_unary_k16_tb32,Unary-FullMass,32,95,549,4.778947368421052,5.768421052631579,0.4,9.952770958104631,100.47453158617007,False,14.187091410464124,1.4620391686070147,0.23606645276901728,39.44439083149375,2.0209554736969664,0.16599619980536917
40,dflash2_unary_k16_tb32,Unary-FullMass,32,34,181,4.323529411764706,5.294117647058823,0.35294117647058826,10.747217232049413,93.04734224761803,False,13.91247826471526,1.4404141761855607,0.23585411771123557,39.441397235296954,2.0161348233801513,0.16684841215036988
41,dflash2_unary_k16_tb32,Unary-FullMass,32,50,364,6.26,7.26,0.76,7.874469700549684,126.992678621926,True,14.048737580014858,1.412246860236337,0.23538356010249117,39.4432250200407,2.022102019873273,0.16444437973404114
42,dflash2_unary_k16_tb32,Unary-FullMass,32,38,242,5.368421052631579,6.342105263157895,0.6052631578947368,8.984982214878832,111.29682575709869,False,13.941055078823027,1.4451919473446508,0.2360335525544973,39.41194021066813,2.019269000189333,0.16666010517502927
43,dflash2_unary_k16_tb32,Unary-FullMass,32,97,601,5.195876288659794,6.185567010309279,0.4536082474226804,9.264771833611201,107.93573959070963,True,14.166631154572295,1.4330790824912123,0.2363578660339213,39.385507412345724,2.0156055773994237,0.16619903087218715
44,dflash2_unary_k16_tb32,Unary-FullMass,32,88,589,5.681818181818182,6.681818181818182,0.625,8.524458578947396,117.30950308910768,False,14.061655329421477,1.423003818031661,0.2354614546220546,39.161276511239606,2.007886647623474,0.16646740951645453
45,dflash2_unary_k16_tb32,Unary-FullMass,32,133,779,4.857142857142857,5.849624060150376,0.38345864661654133,9.707720958920499,103.01078947691552,False,14.058429360908546,1.4531983006851708,0.23578347371993114,38.93659315795767,2.009549984952747,0.16595419545314813
46,dflash2_unary_k16_tb32,Unary-FullMass,32,376,2048,4.444148936170213,5.444148936170213,0.3351063829787234,10.541895279296831,94.85960289929027,False,14.247337632957382,1.4853380266492635,0.23741985106871072,39.259526247309275,2.0223555559126947,0.16770761163435113
47,dflash2_unary_k16_tb32,Unary-FullMass,32,104,620,4.961538461538462,5.951923076923077,0.38461538461538464,9.553157837097153,104.67742887244732,False,14.07511767320102,1.4507590481291397,0.2348266057546985,39.02247679798165,2.0038154424268075,0.1645223075089374
48,dflash2_unary_k16_tb32,Unary-FullMass,32,184,954,4.184782608695652,5.179347826086956,0.29891304347826086,10.824100204401276,92.38643223141835,False,14.088433239215231,1.4748930109362846,0.23540342386774643,38.15317896197959,2.0027827011033326,0.1659151574566077
49,dflash2_unary_k16_tb32,Unary-FullMass,32,65,398,5.123076923076923,6.107692307692307,0.46153846153846156,9.312031914575057,107.3879481055917,False,14.018736938417602,1.4238839229969575,0.23430340014993606,39.1693828769908,2.007121615399508,0.16485896913554127
50,dflash2_unary_k16_tb32,Unary-FullMass,32,123,771,5.2682926829268295,6.260162601626016,0.44715447154471544,9.125414600520013,109.58406207023349,False,14.12862090243531,1.4418330000756294,0.2357655934528287,39.210086975681335,2.0183241788363673,0.16613891863178712
51,dflash2_unary_k16_tb32,Unary-FullMass,32,57,338,4.9298245614035086,5.912280701754386,0.40350877192982454,9.477329884619651,105.51495117025068,True,13.991100771914047,1.447852105341378,0.23311938591512826,38.35036668415501,2.009834087801752,0.16663049121377332
52,dflash2_unary_k16_tb32,Unary-FullMass,32,62,353,4.693548387096774,5.67741935483871,0.3870967741935484,10.016093864024636,99.83931995603155,False,14.002004483993533,1.4493037097640955,0.23595300007723236,39.17000548373776,2.0053573225595756,0.16449106439516442
53,dflash2_unary_k16_tb32,Unary-FullMass,32,56,290,4.178571428571429,5.160714285714286,0.14285714285714285,11.04071650000245,90.57383187040244,False,14.022854142792442,1.4797353214492301,0.23702073209668534,39.25918800002494,2.0110623036738877,0.16527851783264072
54,dflash2_unary_k16_tb32,Unary-FullMass,32,343,2048,4.970845481049563,5.967930029154519,0.45481049562682213,9.533590715820495,104.89227299642225,False,14.136697760986651,1.447725973791869,0.23527745477876927,38.93658227700393,2.001192440263258,0.16612113690839195
55,dflash2_unary_k16_tb32,Unary-FullMass,32,177,1204,5.80225988700565,6.796610169491525,0.6101694915254238,8.319341453488809,120.20182193395114,False,14.026032186524452,1.3975785989144134,0.2341461242631237,38.77525343505832,1.991720197676358,0.16559211293353482
56,dflash2_unary_k16_tb32,Unary-FullMass,32,93,496,4.333333333333333,5.32258064516129,0.3118279569892473,10.646450612900862,93.92801754870752,False,14.006482956994992,1.4766931828137697,0.2324672042314271,38.90616025815415,1.9942817955887475,0.16498453768817659
57,dflash2_unary_k16_tb32,Unary-FullMass,32,51,302,4.921568627450981,5.901960784313726,0.4117647058823529,9.563592350991863,104.56321885115561,False,13.874234078363823,1.438696627505409,0.23211498046293855,38.92623129428887,1.9952502353036976,0.16494121543883902
58,dflash2_unary_k16_tb32,Unary-FullMass,32,86,452,4.255813953488372,5.244186046511628,0.22093023255813954,10.79477422345249,92.63741689264995,False,13.967028046546295,1.4738029187440609,0.23295651175600185,38.90127931401028,1.9953899303546614,0.16486826696691
59,dflash2_unary_k16_tb32,Unary-FullMass,32,30,167,4.566666666666666,5.533333333333333,0.36666666666666664,10.12346106586618,98.78044608397359,False,13.67380659982397,1.4313205332049013,0.23235266659564027,38.85920660001526,1.9910288998289616,0.16621796718633655
60,dflash2_unary_k16_tb32,Unary-FullMass,32,58,307,4.293103448275862,5.275862068965517,0.3448275862068966,10.709362879477915,93.37623640676843,False,13.918649465581282,1.448757224132915,0.2371177587174943,38.9262746207821,1.9883749482060324,0.16659156878223916
61,dflash2_unary_k16_tb32,Unary-FullMass,32,85,504,4.91764705882353,5.91764705882353,0.32941176470588235,9.579244636904424,104.39236473275356,True,13.996073164697222,1.4492374116397353,0.23631211763987428,38.95055941190067,2.0004213529318804,0.16668238824743586
62,dflash2_unary_k16_tb32,Unary-FullMass,32,121,731,5.041322314049586,6.033057851239669,0.48760330578512395,9.403695313270969,106.34117404769054,True,14.052817553653039,1.4392518429709782,0.23498403297257148,38.915250363617425,2.0028402313607128,0.16561030601269147
63,dflash2_unary_k16_tb32,Unary-FullMass,32,41,236,4.7560975609756095,5.7317073170731705,0.36585365853658536,9.842048296608699,101.60486616841463,True,13.83400378050815,1.4469349023828526,0.2303118047765144,38.9832390241858,1.993545512161246,0.1637551710989167
64,dflash2_unary_k16_tb32,Unary-FullMass,32,238,1347,4.659663865546219,5.65546218487395,0.36134453781512604,10.198239420935206,98.0561407439773,False,14.32035532775253,1.471676735315416,0.23725667650818222,39.50130661338763,2.0215357688953612,0.16647602099686334
65,dflash2_unary_k16_tb32,Unary-FullMass,32,141,893,5.333333333333333,6.326241134751773,0.5319148936170213,9.105288492721446,109.82628401059193,False,14.284340907818125,1.4446801701685494,0.23714547512635048,39.511926361693114,2.020952276551022,0.1677819292120064
66,dflash2_unary_k16_tb32,Unary-FullMass,32,266,1617,5.078947368421052,6.075187969924812,0.4699248120300752,9.39095244774243,106.4854715817881,False,14.158104402271338,1.436901496238267,0.2364422781673576,39.08163176695376,2.006794101546809,0.16723162399355893
67,dflash2_unary_k16_tb32,Unary-FullMass,32,106,613,4.783018867924528,5.773584905660377,0.4056603773584906,9.845229316475201,101.57203736499872,False,14.052147320639188,1.4489828396485878,0.23589949058695533,39.017314811249925,2.015313839708468,0.1654885943866728
68,dflash2_unary_k16_tb32,Unary-FullMass,32,65,369,4.676923076923077,5.661538461538462,0.3384615384615385,10.019458674796033,99.80579115671208,False,13.961967769360994,1.4588588614760039,0.23512467697191125,39.053721861441424,2.003093384617107,0.16692961535926296
69,dflash2_unary_k16_tb32,Unary-FullMass,32,63,384,5.095238095238095,6.079365079365079,0.5079365079365079,9.34160991666507,107.04792952401479,True,13.986608349013194,1.4429416192537505,0.23429523796602597,39.08366820646084,2.026456095047742,0.16536712716934124
70,dflash2_unary_k16_tb32,Unary-FullMass,32,131,833,5.358778625954199,6.351145038167939,0.5267175572519084,8.912315596637532,112.20428508807333,False,13.997290832193157,1.4451790229385837,0.2365968471063294,38.813400450392535,2.0118711298204537,0.1671036412059205
71,dflash2_unary_k16_tb32,Unary-FullMass,32,245,1247,4.089795918367347,5.085714285714285,0.2530612244897959,11.146257914195699,89.71620858749516,False,14.028495387515713,1.4826351346843638,0.23516921639235747,38.81991420408036,1.9997609959058795,0.1662030981643344
72,dflash2_unary_k16_tb32,Unary-FullMass,32,71,449,5.323943661971831,6.309859154929577,0.49295774647887325,8.952707231626132,111.69805670260529,False,13.917784704254943,1.4211050559386191,0.23509712684219114,38.878152844915,1.997372944022342,0.16690347895836194
73,dflash2_unary_k16_tb32,Unary-FullMass,32,99,607,5.1313131313131315,6.121212121212121,0.5353535353535354,9.245460609553682,108.16118766074915,False,13.986775030177958,1.440242202189631,0.2340602323885024,38.857282222409715,2.0038270810222127,0.1646272722067843
74,dflash2_unary_k16_tb32,Unary-FullMass,32,113,699,5.185840707964601,6.176991150442478,0.4690265486725664,9.14570793276174,109.3409069425672,False,13.985267831794289,1.426303017810059,0.23388022120858634,38.76877254003528,1.9940444246329578,0.16562439815117566
75,dflash2_unary_k16_tb32,Unary-FullMass,32,153,938,5.130718954248366,6.124183006535947,0.49673202614379086,9.179354713219476,108.94011956634257,False,13.925558366168676,1.4330658171578154,0.23484304570136408,38.52430364045503,1.9937116141793214,0.164561444441514
76,dflash2_unary_k16_tb32,Unary-FullMass,32,60,331,4.516666666666667,5.5,0.3333333333333333,10.210948054383039,97.93409923094761,False,13.819114383598693,1.4470475502093905,0.2330909668065336,38.67265998348254,1.992419066967462,0.1660648156151412
77,dflash2_unary_k16_tb32,Unary-FullMass,32,295,1945,5.593220338983051,6.589830508474576,0.6542372881355932,8.531277752697996,117.21573590588496,False,13.972585664404027,1.4269585931334265,0.23605733890613242,38.449178528969504,1.9984627592918005,0.16535111189715296
78,dflash2_unary_k16_tb32,Unary-FullMass,32,40,217,4.425,5.4,0.375,10.459202377880443,95.60958511662817,True,13.83807862548565,1.4561820746166632,0.237544024730596,39.028176575175166,2.0153319997916697,0.16585960020165658
79,dflash2_unary_k16_tb32,Unary-FullMass,32,138,874,5.333333333333333,6.326086956521739,0.5507246376811594,8.999906567503128,111.11226461070174,False,14.18221543484095,1.4519335869092331,0.23537068839199282,38.948049441888294,2.0155407678100965,0.1662983410125784
80,dflash2_unary_k16_tb32,Unary-FullMass,32,66,414,5.2727272727272725,6.257575757575758,0.5454545454545454,8.99700578260317,111.14808906020984,True,13.894817166312185,1.4188743334671017,0.23646942413920027,38.71624756048374,2.003329045637105,0.16602601538055972
81,dflash2_unary_k16_tb32,Unary-FullMass,32,105,645,5.142857142857143,6.133333333333334,0.44761904761904764,9.149323096124334,109.29770317364805,False,13.910387914213407,1.4391833045963376,0.23522962905449926,38.457593361852645,1.9952297524598959,0.16536077115840814
82,dflash2_unary_k16_tb32,Unary-FullMass,32,74,495,5.6891891891891895,6.675675675675675,0.581081081081081,8.402229818183873,119.01602570258525,True,13.870778986480168,1.4183607435296761,0.23438224343408365,38.52057818895028,1.9945566889726103,0.16544801351178526
83,dflash2_unary_k16_tb32,Unary-FullMass,32,54,336,5.222222222222222,6.203703703703703,0.42592592592592593,9.05021792858038,110.4945768037279,False,13.816371221899452,1.4207016671140014,0.23515998145740014,38.680289888900546,1.9957533145147694,0.16419103728064025
84,dflash2_unary_k16_tb32,Unary-FullMass,32,136,812,4.970588235294118,5.963235294117647,0.4632352941176471,9.519260732756754,105.05017438580049,False,14.085130786765255,1.4375123162554861,0.2355331325548725,38.89641879421855,2.0142637941342616,0.16672731576631883
85,dflash2_unary_k16_tb32,Unary-FullMass,32,123,580,3.7154471544715446,4.7073170731707314,0.23577235772357724,12.078950129310623,82.7886521009316,False,14.095749414400046,1.4839810488129894,0.23605193517112166,38.96403780491688,2.0117395529601576,0.16609126000028157
86,dflash2_unary_k16_tb32,Unary-FullMass,32,109,592,4.431192660550459,5.422018348623853,0.3577981651376147,10.473188467905267,95.48190630431853,False,14.080469926630698,1.4546797799393472,0.23689282570891895,38.93126561467957,2.011160742951538,0.1674354495387204
87,dflash2_unary_k16_tb32,Unary-FullMass,32,39,235,5.0256410256410255,6.0,0.5641025641025641,9.2806463999992,107.75111526715274,False,13.873731308148052,1.442738384633767,0.23711305104184133,38.19325082048845,2.010491768884001,0.16451835910676238
88,dflash2_unary_k16_tb32,Unary-FullMass,32,58,336,4.793103448275862,5.775862068965517,0.3275862068965517,9.910690410714821,100.90114397266031,True,14.095529499799936,1.4493886380384131,0.24098551744075317,39.420557051298914,2.0265825001717594,0.1806115863567764
89,dflash2_unary_k16_tb32,Unary-FullMass,32,58,345,4.948275862068965,5.931034482758621,0.5344827586206896,9.488341411591703,105.3924976580545,True,13.857380206837693,1.4272204656475063,0.23440925900198134,38.7577415688705,1.9962979827612108,0.166222706521404
90,dflash2_unary_k16_tb32,Unary-FullMass,32,115,718,5.243478260869566,6.234782608695652,0.4956521739130435,9.033055831476755,110.7045078272827,False,13.96471150450373,1.4231492088267417,0.23402724334079286,38.61503279144729,1.9939390260728744,0.16682793885474498
91,dflash2_unary_k16_tb32,Unary-FullMass,32,68,397,4.838235294117647,5.823529411764706,0.45588235294117646,9.666238974807555,103.45285302859057,True,13.906891132137389,1.4319260729761856,0.23478029390175567,38.69778504400421,1.9976033090642886,0.16479169201321545
92,dflash2_unary_k16_tb32,Unary-FullMass,32,67,406,5.059701492537314,6.044776119402985,0.417910447761194,9.628731142852818,103.85584405295984,False,14.32254547735419,1.4695265520852296,0.23954177617161437,40.08110216433233,2.0654034178461638,0.16911708979620668
93,dflash2_unary_k16_tb32,Unary-FullMass,32,79,479,5.063291139240507,6.050632911392405,0.43037974683544306,9.39805190188008,106.40503057872557,False,14.040471379959417,1.4413669873474761,0.23448973417221686,39.09301325316685,2.008178620276858,0.16560484786905477
94,dflash2_unary_k16_tb32,Unary-FullMass,32,108,616,4.694444444444445,5.694444444444445,0.3888888888888889,9.984336024350437,100.15688550156325,False,14.080197000044723,1.4526069257448802,0.23664747200032085,39.00410105550826,2.0080591943446455,0.16608271346707504
95,dflash2_unary_k16_tb32,Unary-FullMass,32,229,1376,5.008733624454148,6.004366812227074,0.44541484716157204,9.473052340843234,105.56259630156187,False,14.12809739722672,1.4493828558049868,0.2367978777170108,38.92624282533446,2.011910078622092,0.16861709193354493
96,dflash2_unary_k16_tb32,Unary-FullMass,32,89,508,4.696629213483146,5.696629213483146,0.34831460674157305,9.972296659453411,100.27780301261221,False,14.060793730197801,1.4691312469213709,0.2354414268819291,38.979237819761835,2.0104913144248795,0.16542921464738508
97,dflash2_unary_k16_tb32,Unary-FullMass,32,68,444,5.529411764705882,6.514705882352941,0.5441176470588235,8.717756680181974,114.7084091338881,True,14.032172705971307,1.4155795440862728,0.237632499941837,39.048636191289596,2.019935543905697,0.16786654422877334
98,dflash2_unary_k16_tb32,Unary-FullMass,32,176,1008,4.7272727272727275,5.721590909090909,0.4034090909090909,9.865731011904433,101.3609633987948,False,14.022764250016321,1.4429447897493282,0.235321567970459,38.63321888068392,2.002679369215085,0.16680330145391054
99,dflash2_unary_k16_tb32,Unary-FullMass,32,73,494,5.767123287671233,6.7534246575342465,0.6712328767123288,8.417656504048782,118.797910026266,False,14.042277822102745,1.4139109180800853,0.23527234255085852,39.08741389052808,2.0185608904882915,0.16588349241567202
100,dflash2_unary_k16_tb32,Unary-FullMass,32,93,460,3.946236559139785,4.935483870967742,0.22580645161290322,11.533848382603775,86.70133045170559,False,14.089411645091856,1.4809826022418973,0.2351826129910556,39.064275204529174,2.0119179889759407,0.16737248378014694
101,dflash2_unary_k16_tb32,Unary-FullMass,32,159,1120,6.044025157232705,7.037735849056604,0.710691823899371,8.076557214284158,123.81513229812884,False,14.119860754717536,1.4072578300981131,0.23752380485182228,38.93622633944425,2.0227703206265293,0.1678331515086601
102,dflash2_unary_k16_tb32,Unary-FullMass,32,30,171,4.666666666666667,5.666666666666667,0.36666666666666664,9.86484781872057,101.3700381776083,True,13.675115533624194,1.4548733000992797,0.2378780668853627,38.694729966664454,2.0006970333876475,0.1663386660463099
103,dflash2_unary_k16_tb32,Unary-FullMass,32,95,607,5.389473684210526,6.378947368421053,0.5263157894736842,8.841264937399751,113.10598733105081,False,13.971199421480138,1.4124519682618004,0.23424512623214946,38.7016493579722,2.0042802420855304,0.1672035366171162
104,dflash2_unary_k16_tb32,Unary-FullMass,32,63,400,5.349206349206349,6.333333333333333,0.5396825396825397,8.895982662497772,112.41029101997201,True,13.899608952395658,1.4343690475918323,0.23518422232074146,38.74173784124506,2.007219968315136,0.1643095712920296
105,dflash2_unary_k16_tb32,Unary-FullMass,32,38,235,5.157894736842105,6.157894736842105,0.47368421052631576,9.217065272349963,108.49440363625007,True,13.915400394436897,1.4392811572179198,0.23780642129024368,39.22644736868326,2.01537599969015,0.1659607376878787
106,dflash2_unary_k16_tb32,Unary-FullMass,32,69,405,4.869565217391305,5.855072463768116,0.34782608695652173,9.737866743213358,102.69189611748725,False,14.079628144827439,1.4406742751210306,0.23778495681429943,39.21483281179014,2.0161591303316317,0.1679646086721259
107,dflash2_unary_k16_tb32,Unary-FullMass,32,218,1239,4.678899082568807,5.678899082568807,0.4036697247706422,10.022305160613435,99.77744480679863,False,14.123689165173195,1.4669236145249287,0.24476839919545723,38.94278644495005,2.016910577801413,0.166555257070753
108,dflash2_unary_k16_tb32,Unary-FullMass,32,93,510,4.483870967741935,5.473118279569892,0.3655913978494624,10.263501635292378,97.43263415688176,False,13.905294290296258,1.4517574945198102,0.23493965589647903,38.53156341930478,1.9945448063569324,0.16561897877748977
109,dflash2_unary_k16_tb32,Unary-FullMass,32,58,323,4.568965517241379,5.551724137931035,0.27586206896551724,10.116337517026095,98.85000360228892,False,13.849064448581414,1.461220793160088,0.2340695688150751,38.63250177584695,1.9951329482739373,0.1655452584161359
110,dflash2_unary_k16_tb32,Unary-FullMass,32,112,558,3.982142857142857,4.973214285714286,0.26785714285714285,11.382216888891255,87.85634729698164,False,14.083427508726995,1.4707040981128168,0.2362317679528912,38.73020867857641,2.0215330091234915,0.16572550894774654
111,dflash2_unary_k16_tb32,Unary-FullMass,32,346,2048,4.91907514450867,5.916184971098266,0.4161849710982659,9.55493390624973,104.65797145346197,False,14.060503130114919,1.4447216414206363,0.2352226387554271,38.64253421961831,2.006554670378783,0.16683549161783737
112,dflash2_unary_k16_tb32,Unary-FullMass,32,38,246,5.447368421052632,6.447368421052632,0.5,8.769612032524972,114.03012998650034,False,13.864930473286414,1.4229837365986129,0.23482528941760966,39.063548157891525,2.02010134231195,0.16530994789239853
113,dflash2_unary_k16_tb32,Unary-FullMass,32,36,249,5.916666666666667,6.888888888888889,0.6388888888888888,8.241499196785927,121.3371470557185,False,13.905141055349507,1.4213223054563666,0.23753880567609384,39.25369016704079,2.0205115835981107,0.16549886064846456
114,dflash2_unary_k16_tb32,Unary-FullMass,32,167,1104,5.604790419161676,6.604790419161676,0.5808383233532934,8.608937785324535,116.15834902474005,False,14.132072892226313,1.426640323362896,0.23489747920807613,38.90605137159233,2.045709275488754,0.16640898745268595
115,dflash2_unary_k16_tb32,Unary-FullMass,32,346,2048,4.91907514450867,5.916184971098266,0.4479768786127168,9.525475090331526,104.98164033991462,False,14.032691216736483,1.4542585087596402,0.2359463179277423,38.48682850282343,2.0058637051841424,0.16641459538637676
116,dflash2_unary_k16_tb32,Unary-FullMass,32,334,2048,5.131736526946108,6.12874251497006,0.5059880239520959,9.340185715821292,107.06425229919199,False,14.228012568936377,1.454027808485009,0.23859181745214147,39.1480653623061,2.0348277663549585,0.16803259862711287
117,dflash2_unary_k16_tb32,Unary-FullMass,32,67,413,5.164179104477612,6.149253731343284,0.47761194029850745,9.165657154964729,109.10292443770206,False,14.09795923902846,1.4544936714071863,0.23821237325015018,38.50461940318885,2.0345237016275615,0.16894392493709806
118,dflash2_unary_k16_tb32,Unary-FullMass,32,145,810,4.586206896551724,5.5793103448275865,0.36551724137931035,10.13329006543503,98.68463189571878,False,14.015786413852013,1.4834919241146618,0.2360827102103062,38.69607714479007,2.0081568209018865,0.16705983442330635
119,dflash2_unary_k16_tb32,Unary-FullMass,32,178,1054,4.921348314606742,5.915730337078652,0.39325842696629215,9.551763993359225,104.69270395449894,False,14.02606248878972,1.4578827753968162,0.23617567973580275,38.662043949341424,2.009322831643944,0.16783389869130352
120,dflash2_unary_k16_tb32,Unary-FullMass,32,338,2048,5.059171597633136,6.056213017751479,0.47633136094674555,9.323990855957476,107.25021243034139,False,14.044428757500278,1.4432856804397978,0.2368091626462875,38.59207578709992,2.0117145947535615,0.16734658856876194
121,dflash2_unary_k16_tb32,Unary-FullMass,32,136,900,5.617647058823529,6.610294117647059,0.6176470588235294,8.531044161112126,117.21894543207215,False,14.004155654407334,1.4168245589537358,0.23561336031300872,38.62412644112363,2.0089837574981657,0.16573552918142762
122,dflash2_unary_k16_tb32,Unary-FullMass,32,166,1037,5.246987951807229,6.240963855421687,0.4939759036144578,9.032365378011082,110.71297031832418,False,13.994951096292535,1.4388215903559887,0.2353700964737204,38.57749619285652,2.0119628372785554,0.16647587949865925
123,dflash2_unary_k16_tb32,Unary-FullMass,32,364,1890,4.1923076923076925,5.18956043956044,0.25,10.948707056084737,91.33498548070574,False,14.11050983793697,1.4913424588335298,0.23550950811693258,38.83364922259696,2.0105717308119844,0.16747310983591487
124,dflash2_unary_k16_tb32,Unary-FullMass,32,41,243,4.926829268292683,5.902439024390244,0.43902439024390244,9.57641483538982,104.42321235964856,True,13.88274234137143,1.438320877751699,0.23342682896593653,39.02628060979357,2.0116554391634276,0.16534963465457578
125,dflash2_unary_k16_tb32,Unary-FullMass,32,40,214,4.35,5.325,0.3,10.60605745326845,94.28574231340146,True,13.852813324865565,1.4410254496397101,0.23344199980783742,39.039683074952336,2.010541599975113,0.164901925745653
126,dflash2_unary_k16_tb32,Unary-FullMass,32,44,296,5.7272727272727275,6.704545454545454,0.5909090909090909,8.473354283781903,118.01701740643742,False,13.928970886561068,1.417842045570565,0.23867540899531872,39.22823581822079,2.0207636590302256,0.16807736342756965
127,dflash2_unary_k16_tb32,Unary-FullMass,32,128,570,3.453125,4.4453125,0.171875,12.808339370173615,78.07413366393689,False,14.092933656286277,1.5058149611206773,0.23590342183865687,39.02343381241735,2.0135264375937822,0.16552396854763174
0,dflash2_unary_k16_tb64,Unary-FullMass,64,126,782,5.2063492063492065,6.198412698412699,0.48412698412698413,9.364055407928399,106.79133734656415,False,14.050121896847457,2.3760148174366647,0.2365904604067466,39.24861717457264,2.0301941111548722,0.17505938878804
1,dflash2_unary_k16_tb64,Unary-FullMass,64,80,496,5.2,6.1875,0.4375,9.183459629034292,108.89142440811898,False,13.942342674977226,2.378636774938059,0.23538080008620454,38.1794647125389,2.0267307501399046,0.1748939873323252
2,dflash2_unary_k16_tb64,Unary-FullMass,64,215,1534,6.130232558139535,7.130232558139535,0.7255813953488373,8.085043353976776,123.68517473788583,False,14.00153329302347,2.310739102362869,0.2360560092753541,38.946913018577995,2.016229762815529,0.17437302324884343
3,dflash2_unary_k16_tb64,Unary-FullMass,64,78,510,5.538461538461538,6.5256410256410255,0.5256410256410257,8.888555088236114,112.50422482316466,False,14.002148884710317,2.334016512763927,0.23584343589624415,39.33696887181726,2.0347488461294025,0.173749025611286
4,dflash2_unary_k16_tb64,Unary-FullMass,64,94,617,5.5638297872340425,6.553191489361702,0.5212765957446809,8.85015079740632,112.99242497574913,False,14.02923059558429,2.319526904121882,0.23783474472943356,39.307469170222596,2.0234411808911665,0.17338082997934606
5,dflash2_unary_k16_tb64,Unary-FullMass,64,136,770,4.661764705882353,5.654411764705882,0.3602941176470588,10.289179842858447,97.18947625296722,False,14.072006911820768,2.4228340514850166,0.23754980883067595,39.3287928750129,2.0192097426442,0.17452189697852352
6,dflash2_unary_k16_tb64,Unary-FullMass,64,97,608,5.268041237113402,6.257731958762887,0.5051546391752577,9.177777375001776,108.9588425541654,False,13.877112896957396,2.3601262062621786,0.2353783091485198,38.87917834012133,2.0030426804651986,0.17184861860290224
7,dflash2_unary_k16_tb64,Unary-FullMass,64,128,917,6.15625,7.15625,0.734375,8.082632997819301,123.722059416752,True,14.030998718837395,2.315230687528924,0.23596104691137043,39.11714938287503,2.0295546796660346,0.17559344512108055
8,dflash2_unary_k16_tb64,Unary-FullMass,64,112,785,6.008928571428571,7.0,0.6875,8.232802602547372,121.4653196823379,True,13.951469714259344,2.3048723571556757,0.23669655367289774,39.02091904469022,2.0159513839611725,0.17321633018647326
9,dflash2_unary_k16_tb64,Unary-FullMass,64,63,402,5.365079365079365,6.365079365079365,0.5555555555555556,9.057705875619746,110.40323164960112,False,13.862221365170193,2.3427109526459216,0.23635915888354203,39.1699945872778,2.0136663491044486,0.171837459920288
10,dflash2_unary_k16_tb64,Unary-FullMass,64,27,158,4.851851851851852,5.814814814814815,0.4074074074074074,9.777533063289077,102.27528697955726,True,13.518350407442389,2.374023259310181,0.23333440717747347,38.91777414827192,1.999057629493311,0.1741351112556273
11,dflash2_unary_k16_tb64,Unary-FullMass,64,74,393,4.3108108108108105,5.297297297297297,0.20270270270270271,10.856205582699507,92.11321509916908,False,13.832168959467978,2.4464451215543384,0.23604412156084828,38.96512378373331,2.003644675578225,0.1718273110905225
12,dflash2_unary_k16_tb64,Unary-FullMass,64,363,2048,4.641873278236915,5.639118457300276,0.41597796143250687,10.314969515625272,96.94648137206657,False,14.117367046869116,2.4268809256356576,0.23674415971365592,39.22269736361938,2.017500487592329,0.17456089260445307
13,dflash2_unary_k16_tb64,Unary-FullMass,64,189,1275,5.746031746031746,6.7407407407407405,0.6243386243386243,8.62272898274515,115.97256529818915,False,14.086772068660823,2.3360280422258213,0.24295105288695562,39.305496835907064,2.0233807725200976,0.17457468282604138
14,dflash2_unary_k16_tb64,Unary-FullMass,64,52,302,4.8076923076923075,5.788461538461538,0.40384615384615385,10.017475814571382,99.82554672559367,False,13.93220105767166,2.396213269268908,0.23725101919598485,39.424540692240186,2.0164044230673777,0.17180676933583947
15,dflash2_unary_k16_tb64,Unary-FullMass,64,288,1898,5.586805555555555,6.586805555555555,0.5868055555555556,8.819403875658558,113.38634834038922,False,14.097169982562718,2.3538620972721622,0.23718690972095324,39.24255271533007,2.017412249996495,0.17413742011740396
16,dflash2_unary_k16_tb64,Unary-FullMass,64,105,536,4.104761904761904,5.095238095238095,0.21904761904761905,11.158288166044978,89.61948151178166,False,13.903213066597734,2.4437375142692224,0.23545264761889398,38.203174390513425,2.0028547141659407,0.17197201921676641
17,dflash2_unary_k16_tb64,Unary-FullMass,64,31,189,5.096774193548387,6.064516129032258,0.45161290322580644,9.414051253972703,106.22419328533003,True,13.60173154834258,2.337527612678147,0.23456316111767064,39.04329074189703,2.007271709625192,0.17095996830198618
18,dflash2_unary_k16_tb64,Unary-FullMass,64,298,2048,5.87248322147651,6.869127516778524,0.6476510067114094,8.383427503417806,119.28295432772741,False,13.969199506690401,2.336286721487304,0.23515863424548317,38.90179526852141,1.998912775211496,0.17361194954748693
19,dflash2_unary_k16_tb64,Unary-FullMass,64,332,2048,5.168674698795181,6.1656626506024095,0.4789156626506024,9.378794839355997,106.62350729794467,False,13.999060198866902,2.4059233794970902,0.2359897380027901,39.031999367437834,2.0074904066761126,0.17427134024542448
20,dflash2_unary_k16_tb64,Unary-FullMass,64,79,551,5.974683544303797,6.962025316455696,0.6962025316455697,8.274797814882056,120.84887418052925,False,13.845662392380786,2.3390770886779344,0.23491993679387252,39.11892729102655,2.003766493717079,0.1717429493026752
21,dflash2_unary_k16_tb64,Unary-FullMass,64,233,1445,5.201716738197425,6.197424892703863,0.5107296137339056,9.192456644290562,108.78484813100536,False,13.959312716804936,2.3883739184212716,0.2360249441914593,38.24414952788865,2.007022206002023,0.17412892274256778
22,dflash2_unary_k16_tb64,Unary-FullMass,64,225,1513,5.72,6.72,0.6133333333333333,8.72813745406503,114.57198116583986,False,14.211607577809547,2.3598834000101,0.2388039378193854,39.667248044465346,2.0394287288945634,0.174903724336125
23,dflash2_unary_k16_tb64,Unary-FullMass,64,78,456,4.846153846153846,5.833333333333333,0.38461538461538464,10.024663377192299,99.75397301371324,False,14.07321516674132,2.4143590897158274,0.23781320513267135,39.67469252580859,2.0315819358354648,0.17406243573648866
24,dflash2_unary_k16_tb64,Unary-FullMass,64,159,817,4.138364779874214,5.132075471698113,0.23270440251572327,11.313166474908298,88.39258241429756,False,14.002154283106101,2.4694562703961362,0.23642554096679888,39.24082035851859,2.0086988364904608,0.17362087404442536
25,dflash2_unary_k16_tb64,Unary-FullMass,64,54,368,5.796296296296297,6.796296296296297,0.6481481481481481,8.503319154887441,117.60113689549468,False,13.853567592411343,2.318226814841856,0.2371119999224902,39.355615888679395,2.0101644630038344,0.17385859296660378
26,dflash2_unary_k16_tb64,Unary-FullMass,64,256,1530,4.9765625,5.97265625,0.43359375,9.708984272549143,102.99738591887171,False,14.02936763286533,2.411235402412615,0.23581522653159936,39.168653402306575,2.007729269585923,0.1735503827049456
27,dflash2_unary_k16_tb64,Unary-FullMass,64,44,237,4.386363636363637,5.363636363636363,0.3409090909090909,10.773600573838273,92.81947972234258,False,13.814587568132,2.4344362727374986,0.2360817501622395,39.357658295598824,2.0148269999150545,0.17293947708326
28,dflash2_unary_k16_tb64,Unary-FullMass,64,129,833,5.457364341085271,6.449612403100775,0.5736434108527132,9.022969848738198,110.82825463944594,False,14.046016782964399,2.373279278919456,0.23855919384949412,39.411279170441375,2.0205633256071365,0.1749060001477484
29,dflash2_unary_k16_tb64,Unary-FullMass,64,44,286,5.5,6.4772727272727275,0.6136363636363636,8.909126367137112,112.24445122797638,False,13.80014884088351,2.3247771818288046,0.23574243195153857,39.36521074989617,2.0115784318063974,0.17186375002479923
30,dflash2_unary_k16_tb64,Unary-FullMass,64,71,481,5.774647887323944,6.76056338028169,0.6197183098591549,8.590392758834277,116.409112839644,False,13.94754950709118,2.342627563412977,0.23749828185725458,39.47858276055932,2.017173549331705,0.17345449266710128
31,dflash2_unary_k16_tb64,Unary-FullMass,64,26,155,4.961538461538462,5.923076923076923,0.38461538461538464,9.689570632256236,103.20374740559045,True,13.600802769150715,2.3717931538228116,0.23374330773479485,39.37639149996987,2.0119541151451323,0.17006315416578077
32,dflash2_unary_k16_tb64,Unary-FullMass,64,314,2048,5.519108280254777,6.519108280254777,0.5796178343949044,8.930231734863625,111.97917698999903,False,14.11965948728101,2.372214289764065,0.23679877070607736,39.32229075155284,2.0213971720295376,0.17322740446488635
33,dflash2_unary_k16_tb64,Unary-FullMass,64,83,459,4.530120481927711,5.518072289156627,0.3373493975903614,10.59339570806049,94.39843724888917,False,14.05395843373178,2.4233441084336858,0.23551122907826857,39.67365768686108,2.0233672771007467,0.17291584310485808
34,dflash2_unary_k16_tb64,Unary-FullMass,64,66,412,5.242424242424242,6.2272727272727275,0.5303030303030303,9.34854393446444,106.96852975289441,False,13.983638454467865,2.372999409089971,0.23589666673642845,39.57338007581491,2.017227969769341,0.1744347119904088
35,dflash2_unary_k16_tb64,Unary-FullMass,64,66,396,5.0,5.984848484848484,0.45454545454545453,9.724533345962126,102.83269792223248,True,13.994004651508337,2.3788832726991544,0.2380641666549667,39.54822166680528,2.0166136664832295,0.17141265162177716
36,dflash2_unary_k16_tb64,Unary-FullMass,64,58,348,5.0,5.982758620689655,0.3448275862068966,9.720821566092148,102.87196336245563,False,13.962937706937423,2.385583206950255,0.2360936897620659,39.5455522931774,2.0213478965474523,0.17341460317828902
37,dflash2_unary_k16_tb64,Unary-FullMass,64,127,780,5.133858267716535,6.133858267716535,0.4409448818897638,9.604220450000867,104.12089197722547,False,14.235045149675218,2.3953015747613926,0.23890980313393181,39.90614859851737,2.0363971574639206,0.1747485117290827
38,dflash2_unary_k16_tb64,Unary-FullMass,64,76,493,5.4868421052631575,6.473684210526316,0.5,9.081269643000521,110.1167611261009,False,14.14208096043455,2.3556489866821626,0.23626355275490296,39.954190039488346,2.0475349341435694,0.17304381596037083
39,dflash2_unary_k16_tb64,Unary-FullMass,64,92,549,4.967391304347826,5.956521739130435,0.45652173913043476,9.886685626592895,101.14613104620537,False,14.181803934839674,2.3987550654727903,0.23913631512977704,39.96972315217531,2.0341462174221068,0.1741571519114191
40,dflash2_unary_k16_tb64,Unary-FullMass,64,34,186,4.470588235294118,5.4411764705882355,0.4117647058823529,10.75121555376065,93.01273842009536,False,13.95789170595997,2.382226676458873,0.23462826485389515,40.02887802931475,2.0381201766213053,0.17372847030535066
41,dflash2_unary_k16_tb64,Unary-FullMass,64,48,350,6.291666666666667,7.270833333333333,0.7708333333333334,8.058987851426147,124.08506110640636,False,14.03983733325731,2.316616520829484,0.24096650008686993,39.95480975004284,2.0363855000293065,0.17483747906984112
42,dflash2_unary_k16_tb64,Unary-FullMass,64,38,249,5.552631578947368,6.526315789473684,0.6052631578947368,8.957274277108297,111.64110521385452,False,13.979929105133985,2.322831394753609,0.23513549987049037,39.94480752642534,2.037659131737631,0.1733556315517298
43,dflash2_unary_k16_tb64,Unary-FullMass,64,94,601,5.3936170212765955,6.382978723404255,0.5106382978723404,9.206564171381162,108.61815345930302,True,14.161260053290963,2.3505701913544477,0.23616485111446348,39.90862709560269,2.031741351179625,0.17488185107566173
44,dflash2_unary_k16_tb64,Unary-FullMass,64,64,430,5.703125,6.703125,0.65625,8.682377090697754,115.17583140582478,False,13.974403843718619,2.366840625029454,0.23951582807058003,39.55749110946272,2.0235513123907367,0.17291835945343337
45,dflash2_unary_k16_tb64,Unary-FullMass,64,112,706,5.294642857142857,6.294642857142857,0.49107142857142855,9.370079737961065,106.72267771091568,False,14.23938357130997,2.4031898214583896,0.23953970534356422,39.96811996436073,2.040481455407774,0.17425240176700235
46,dflash2_unary_k16_tb64,Unary-FullMass,64,330,2048,5.206060606060606,6.203030303030303,0.509090909090909,9.498344856445406,105.28150063128292,False,14.306087018226346,2.401056187833698,0.238023830311387,39.78609127877986,2.0402984151422228,0.17574710607070962
47,dflash2_unary_k16_tb64,Unary-FullMass,64,101,617,5.099009900990099,6.099009900990099,0.43564356435643564,9.593357228524654,104.23879525997681,False,14.161012910857842,2.4007078515418163,0.23774266338648994,39.61331272267392,2.0189772772883403,0.1732110296942854
48,dflash2_unary_k16_tb64,Unary-FullMass,64,338,2048,5.059171597633136,6.056213017751479,0.47928994082840237,9.49449827880855,105.32415411901981,False,14.136686201149692,2.4195498727701072,0.2365690443615106,38.54322913321084,2.0184992810765685,0.17426077216473917
49,dflash2_unary_k16_tb64,Unary-FullMass,64,59,365,5.186440677966102,6.169491525423729,0.5084745762711864,9.44425018082356,105.88453088954465,False,14.007234406855817,2.362104948973619,0.23685384745106802,39.62832769487296,2.0203366779457874,0.17143591543633918
50,dflash2_unary_k16_tb64,Unary-FullMass,64,124,794,5.403225806451613,6.395161290322581,0.49193548387096775,9.113787178841072,109.72387004182404,False,14.090252983820509,2.3494695161213213,0.23560415324790218,39.49001141138304,2.0189359111833665,0.17336328230685338
51,dflash2_unary_k16_tb64,Unary-FullMass,64,55,338,5.1454545454545455,6.127272727272727,0.41818181818181815,9.373379437866902,106.68510825030357,True,13.977733909004284,2.391179436348135,0.2354216181464091,38.811039490908364,2.016358054441463,0.17194476386067334
52,dflash2_unary_k16_tb64,Unary-FullMass,64,63,421,5.682539682539683,6.666666666666667,0.6190476190476191,8.737244156771236,114.45256445363434,False,14.010926682420264,2.3555985238104653,0.23538882522275562,39.58900831749484,2.0232036665494513,0.17285477816398656
53,dflash2_unary_k16_tb64,Unary-FullMass,64,55,286,4.2,5.181818181818182,0.2545454545454545,11.249151328668193,88.89559494604042,False,13.97592520016505,2.4719199090627213,0.23421952725832604,39.624736163684496,2.0164392363023413,0.1723468726016687
54,dflash2_unary_k16_tb64,Unary-FullMass,64,301,1691,4.617940199335548,5.614617940199335,0.34219269102990035,10.408307116499058,96.07710349119294,False,14.155203491680252,2.466769923569963,0.2384695879698973,39.42183890701751,2.0161641162929036,0.17480093027980212
55,dflash2_unary_k16_tb64,Unary-FullMass,64,176,1207,5.857954545454546,6.8522727272727275,0.6193181818181818,8.455726566693242,118.26304837469068,False,14.040973477304677,2.3045671591407055,0.23571252269117726,39.22822740343111,2.007414477258284,0.17209340334871245
56,dflash2_unary_k16_tb64,Unary-FullMass,64,91,495,4.43956043956044,5.428571428571429,0.31868131868131866,10.698170886866542,93.47392283924309,False,13.975146241556594,2.4267229120876155,0.23430293417682202,39.37492572523687,2.007897230874073,0.17435208792448975
57,dflash2_unary_k16_tb64,Unary-FullMass,64,49,302,5.163265306122449,6.142857142857143,0.4897959183673469,9.409931264900592,106.27070186262026,False,13.859835367282136,2.360355387764332,0.2355554081857138,39.359617061155426,2.0069748162703553,0.17356485730079857
58,dflash2_unary_k16_tb64,Unary-FullMass,64,83,452,4.433734939759036,5.433734939759036,0.27710843373493976,10.698343904868633,93.47241114065488,False,13.973579132521465,2.4578219398604397,0.23539733737412594,39.401188674783484,2.019832686846164,0.17304101175434344
59,dflash2_unary_k16_tb64,Unary-FullMass,64,27,151,4.592592592592593,5.555555555555555,0.2962962962962963,10.342954046357752,96.68417702698271,True,13.65120774095919,2.33048977780628,0.2349598148780556,39.44998514803215,2.007784814917681,0.16950088859259807
60,dflash2_unary_k16_tb64,Unary-FullMass,64,57,307,4.385964912280702,5.368421052631579,0.3333333333333333,10.812407143323295,92.48634339648447,True,13.928902771926674,2.4009770700662587,0.2351441401658935,39.482666649188076,2.015474263348631,0.1720805965369596
61,dflash2_unary_k16_tb64,Unary-FullMass,64,83,504,5.0602409638554215,6.0602409638554215,0.40963855421686746,9.579630500000002,104.38815985647878,False,14.00120655421507,2.371557578383994,0.23522219275782189,39.3788677832064,2.009898638570154,0.17353366250512386
62,dflash2_unary_k16_tb64,Unary-FullMass,64,122,733,5.008196721311475,6.0,0.5327868852459017,9.700893132333565,103.08329205967125,False,14.058053639391652,2.372469975331323,0.23603686066530455,39.43255990972949,2.013136713014587,0.17261721334717386
63,dflash2_unary_k16_tb64,Unary-FullMass,64,40,236,4.9,5.875,0.35,9.847953766947578,101.54393731581814,True,13.842666649907187,2.3866457251642714,0.2363495250847336,39.453580125064036,2.0121152252158936,0.17156997455458622
64,dflash2_unary_k16_tb64,Unary-FullMass,64,260,1508,4.8,5.796153846153846,0.38461538461538464,10.181510734748096,98.21725145239375,False,14.307710330733524,2.429782811570756,0.23970380387674176,39.86882089226968,2.0309995192082377,0.17574490388002373
65,dflash2_unary_k16_tb64,Unary-FullMass,64,130,864,5.6461538461538465,6.638461538461539,0.6,8.891537255787322,112.46649158998015,False,14.279071238426976,2.3689257539724795,0.23751640008133387,40.00261507699179,2.0309819692836473,0.17541409201489508
66,dflash2_unary_k16_tb64,Unary-FullMass,64,344,2048,4.953488372093023,5.950581395348837,0.436046511627907,9.794978027832357,102.09313355869787,False,14.126983691872992,2.3973327325239913,0.2368806366269192,39.36296567450543,2.0151710028680694,0.174954055209191
67,dflash2_unary_k16_tb64,Unary-FullMass,64,105,619,4.895238095238096,5.885714285714286,0.41904761904761906,9.892948822293882,101.08209573939044,True,14.034253923801728,2.3829190476438575,0.23727566662100366,39.478462018953344,2.014799609536394,0.1735785048714078
68,dflash2_unary_k16_tb64,Unary-FullMass,64,64,374,4.84375,5.828125,0.390625,9.986189620318854,100.13829478716333,False,13.959669265631192,2.400990515639023,0.2367172968149589,39.56535942177197,2.020409046878058,0.17365004700309328
69,dflash2_unary_k16_tb64,Unary-FullMass,64,62,384,5.193548387096774,6.17741935483871,0.5161290322580645,9.400327309900073,106.37927457556052,True,13.951415032000025,2.36297948404465,0.23781591939510807,39.48001879020482,2.0157743711024523,0.17337845166630653
70,dflash2_unary_k16_tb64,Unary-FullMass,64,131,831,5.343511450381679,6.33587786259542,0.5572519083969466,9.15963756076888,109.17462545494625,False,14.019379107059843,2.3793330838366584,0.23729105322054794,39.27819682426266,2.0153675192699567,0.1746981604338535
71,dflash2_unary_k16_tb64,Unary-FullMass,64,366,2048,4.592896174863388,5.592896174863388,0.3469945355191257,10.393919291503906,96.21009861192688,False,14.067865598420715,2.447685011024167,0.23543998366500102,39.22391760103688,2.011230336159469,0.17437160357354525
72,dflash2_unary_k16_tb64,Unary-FullMass,64,66,427,5.46969696969697,6.454545454545454,0.5606060606060606,8.984122789226404,111.30747246678125,True,13.92705783319164,2.363619499991535,0.23474328808140743,39.41349409075029,2.012334590869035,0.1733026819596434
73,dflash2_unary_k16_tb64,Unary-FullMass,64,96,607,5.322916666666667,6.3125,0.5625,9.187187077430107,108.84724470852136,False,13.97103737508587,2.3685271459802,0.2354352707622335,39.33162916685736,2.010578396038909,0.1726109369428741
74,dflash2_unary_k16_tb64,Unary-FullMass,64,293,2048,5.989761092150171,6.986348122866894,0.7167235494880546,8.280706596190512,120.76264125334954,False,14.039882429940594,2.316436593869976,0.2353710580493821,39.10414552221308,2.010663928307212,0.17366124918347037
75,dflash2_unary_k16_tb64,Unary-FullMass,64,150,945,5.3,6.293333333333333,0.5,9.183620360846078,108.88951858936284,False,13.990957406543506,2.3801068535006684,0.23715904006773295,39.061827733336635,2.011734753177734,0.17502248670401363
76,dflash2_unary_k16_tb64,Unary-FullMass,64,58,331,4.706896551724138,5.689655172413793,0.3620689655172414,10.128816764347071,98.72821507838408,False,13.841268896706833,2.372719758694012,0.2353110172909259,39.17463429332139,2.008492138162998,0.17168336132178003
77,dflash2_unary_k16_tb64,Unary-FullMass,64,315,1895,5.015873015873016,6.012698412698413,0.5015873015873016,9.643736041160127,103.69425249010668,False,14.112248761814534,2.411910117405655,0.236096695164359,39.05560157473369,2.0250443746460536,0.1745898984529684
78,dflash2_unary_k16_tb64,Unary-FullMass,64,38,217,4.7105263157894735,5.684210526315789,0.39473684210526316,10.251910686634416,97.54279280873139,True,13.836692894696363,2.4164763945009327,0.23801392126188148,39.849700683733225,2.0293987893781282,0.17352307957863608
79,dflash2_unary_k16_tb64,Unary-FullMass,64,133,875,5.578947368421052,6.571428571428571,0.6090225563909775,8.857394524571387,112.90001785806086,False,14.083811563882351,2.367153052450464,0.23574851122549104,39.38273786507193,2.0287791578590615,0.1741022480066596
80,dflash2_unary_k16_tb64,Unary-FullMass,64,65,414,5.369230769230769,6.3538461538461535,0.5692307692307692,9.0879743019317,110.03552241421329,True,13.901584707827379,2.3305541848038467,0.2377293383268317,39.223313292145924,2.016827738183425,0.17339629255450115
81,dflash2_unary_k16_tb64,Unary-FullMass,64,118,728,5.169491525423729,6.161016949152542,0.4745762711864407,9.343011510986548,107.03187070080018,False,13.93902366926649,2.383628008520661,0.23446194932996334,38.9082508811999,2.00407883898213,0.17218699166871868
82,dflash2_unary_k16_tb64,Unary-FullMass,64,71,495,5.971830985915493,6.957746478873239,0.5774647887323944,8.272353880807952,120.88457703919347,True,13.866708070284878,2.3158680848776476,0.23630807071909452,39.07291722549724,2.008455070557522,0.17319659073878094
83,dflash2_unary_k16_tb64,Unary-FullMass,64,53,336,5.339622641509434,6.320754716981132,0.4528301886792453,9.092542860116737,109.98023494465676,False,13.798846830262468,2.324752735491855,0.23411822669759375,39.09310616970442,2.0083134337976345,0.18415318893703614
84,dflash2_unary_k16_tb64,Unary-FullMass,64,132,812,5.151515151515151,6.143939393939394,0.5075757575757576,9.481351990149866,105.47019043685916,False,14.115662469741823,2.361725901650833,0.23643775751803664,39.407843128697785,2.0286336741926125,0.17437749245414141
85,dflash2_unary_k16_tb64,Unary-FullMass,64,92,484,4.260869565217392,5.25,0.2826086956521739,11.112527650826557,89.98852749091871,False,14.060041587072192,2.44560897847449,0.2383335871380278,39.51872884808045,2.0242329565798687,0.17461255352511373
86,dflash2_unary_k16_tb64,Unary-FullMass,64,101,586,4.801980198019802,5.792079207920792,0.39603960396039606,10.063918052901656,99.36487904049233,False,14.092360089082353,2.3873340891945602,0.23692298022393912,39.473589692921216,2.0258694551530696,0.1745769508542622
87,dflash2_unary_k16_tb64,Unary-FullMass,64,38,235,5.157894736842105,6.157894736842105,0.5526315789473685,9.281489476601797,107.74132778159728,False,13.863704947461406,2.3821532373212424,0.23645723673613056,38.723669973765745,2.0169579472981,0.17574157850743322
88,dflash2_unary_k16_tb64,Unary-FullMass,64,54,333,5.166666666666667,6.148148148148148,0.35185185185185186,9.500118402408313,105.26184597304561,False,14.044960703729346,2.3744561111487674,0.2401783517092958,39.70955768528694,2.037921611257911,0.17698901838566936
89,dflash2_unary_k16_tb64,Unary-FullMass,64,55,345,5.2727272727272725,6.254545454545455,0.5272727272727272,9.217753936230809,108.48629795480369,True,13.85324532734971,2.330776672500757,0.2367741091637237,39.2179868365929,2.0090392364099072,0.17263432706716808
90,dflash2_unary_k16_tb64,Unary-FullMass,64,113,718,5.353982300884955,6.345132743362832,0.5132743362831859,9.102237616992127,109.86309543635647,False,13.970640265472714,2.3243930973128037,0.23545256630539177,39.12270821227751,2.009324805196261,0.17293777025255283
91,dflash2_unary_k16_tb64,Unary-FullMass,64,65,391,5.015384615384615,6.0,0.46153846153846156,9.630557104867101,103.8361528944799,False,13.893432292444722,2.365840553326192,0.235300769530183,39.24681199994386,2.01665032280009,0.1734691081555166
92,dflash2_unary_k16_tb64,Unary-FullMass,64,65,406,5.246153846153846,6.230769230769231,0.46153846153846156,9.265628256157985,107.92576308415943,False,13.859198107540859,2.3518232308560982,0.23462655383180112,39.24408401513714,2.010529938203175,0.17427772366388056
93,dflash2_unary_k16_tb64,Unary-FullMass,64,78,478,5.128205128205129,6.115384615384615,0.4358974358974359,9.53287815899172,104.90011340979613,False,14.052377769239216,2.3439328717172314,0.237721590075615,39.59277238437864,2.0183578718644686,0.17427033321254362
94,dflash2_unary_k16_tb64,Unary-FullMass,64,93,552,4.924731182795699,5.924731182795699,0.46236559139784944,9.841963699279628,101.60573952057901,False,14.068394129016495,2.3771199139250663,0.23555117185159977,39.54426979559871,2.0188273764130913,0.17265440891928702
95,dflash2_unary_k16_tb64,Unary-FullMass,64,151,950,5.291390728476821,6.28476821192053,0.5099337748344371,9.269465941052706,107.88108035126271,False,14.117497933855233,2.3668530195799584,0.23741015884177205,39.40185786767274,2.0192852450254457,0.1749278544955224
96,dflash2_unary_k16_tb64,Unary-FullMass,64,87,489,4.620689655172414,5.609195402298851,0.3103448275862069,10.407514662578796,96.08441903959978,False,14.092782436662297,2.41669442503139,0.2362768048013764,39.551614287517424,2.0261877583541863,0.1738542876451881
97,dflash2_unary_k16_tb64,Unary-FullMass,64,67,448,5.686567164179104,6.6716417910447765,0.6268656716417911,8.738540497769723,114.43558569708787,False,14.054578567110958,2.3129112534607246,0.24018161237298913,39.60952837316192,2.0385048356634363,0.17513331346631902
98,dflash2_unary_k16_tb64,Unary-FullMass,64,105,627,4.9714285714285715,5.961904761904762,0.42857142857142855,9.714921421047267,102.93444039943662,False,14.000553228626293,2.401065809404134,0.23662060020363979,39.17966240007358,2.020789628226166,0.1732676762912888
99,dflash2_unary_k16_tb64,Unary-FullMass,64,70,494,6.057142857142857,7.042857142857143,0.7,8.277887781373042,120.80376376328833,False,14.059300414217953,2.30381432858329,0.238315842891877,39.6129086142277,2.030504071184883,0.17339335744119516
100,dflash2_unary_k16_tb64,Unary-FullMass,64,87,459,4.264367816091954,5.264367816091954,0.25287356321839083,11.105533130715811,90.04520433460223,False,14.09695335598957,2.4456789885345183,0.2367089427412145,39.607072275984315,2.0306851379402735,0.17416229879352446
101,dflash2_unary_k16_tb64,Unary-FullMass,64,156,1114,6.141025641025641,7.134615384615385,0.7371794871794872,8.168800205565462,122.41699819254886,False,14.142740544859688,2.3029652819530337,0.24193235232161944,39.43964946152753,2.0317888521999405,0.1745352314966835
102,dflash2_unary_k16_tb64,Unary-FullMass,64,29,171,4.862068965517241,5.862068965517241,0.3448275862068966,9.79964462572614,102.04451673428937,True,13.699747586135095,2.3804028617099715,0.23450017246871319,39.27711720675218,2.020073862162274,0.17226972453625358
103,dflash2_unary_k16_tb64,Unary-FullMass,64,72,475,5.597222222222222,6.583333333333333,0.5555555555555556,8.787896065263531,113.79287972609994,False,13.94988245808943,2.313383527659122,0.2363478751148149,39.2878254304176,2.015472541592721,0.17279137546211132
104,dflash2_unary_k16_tb64,Unary-FullMass,64,63,408,5.476190476190476,6.4603174603174605,0.5873015873015873,8.950722882352292,111.72281983745154,False,13.906576968212095,2.368743095194943,0.23811195228878956,39.26245693635013,2.018317285431309,0.1723800482328183
105,dflash2_unary_k16_tb64,Unary-FullMass,64,36,235,5.5,6.5,0.5555555555555556,8.959041170214249,111.61908746715646,True,13.910769472204265,2.354521194320114,0.23896436131407325,39.76886894431826,2.034158583127363,0.17534730583671868
106,dflash2_unary_k16_tb64,Unary-FullMass,64,63,393,5.238095238095238,6.222222222222222,0.4603174603174603,9.391964012723989,106.47400252441619,False,14.05501309521256,2.34820171415719,0.23665860343109152,39.74530106348712,2.0300866662370343,0.17270484161036576
107,dflash2_unary_k16_tb64,Unary-FullMass,64,327,2048,5.2629969418960245,6.259938837920489,0.5076452599388379,9.234582577636985,108.28859795153703,False,14.039593834947262,2.389114773710328,0.23637995410362395,38.97980600923671,2.0162590701331133,0.1750088012957054
108,dflash2_unary_k16_tb64,Unary-FullMass,64,85,486,4.7176470588235295,5.705882352941177,0.4117647058823529,10.111236969137673,98.8998678452775,False,13.908625564662918,2.400412482272847,0.23469537648933886,39.08180058831075,2.0140026706298264,0.17294763529207557
109,dflash2_unary_k16_tb64,Unary-FullMass,64,57,331,4.807017543859649,5.7894736842105265,0.3333333333333333,9.977970435044478,100.22078202274633,False,13.879704508565881,2.3796112105437235,0.23582722809678353,39.256865877146005,2.015307754622323,0.17493278944145954
110,dflash2_unary_k16_tb64,Unary-FullMass,64,93,511,4.494623655913978,5.483870967741935,0.34408602150537637,10.530512442266925,94.96214030252149,False,13.926936182816531,2.4026425913122096,0.2349021396898885,39.10973720407108,2.013923139583635,0.17306151670298628
111,dflash2_unary_k16_tb64,Unary-FullMass,64,167,1079,5.461077844311378,6.455089820359281,0.5329341317365269,8.978801708988856,111.37343627923983,False,14.039850970013918,2.34412041321187,0.2367379998911624,39.199926431089,2.0184810058556044,0.17361997035147292
112,dflash2_unary_k16_tb64,Unary-FullMass,64,36,245,5.777777777777778,6.777777777777778,0.5555555555555556,8.556934689796453,116.86427865254484,True,13.883876000060505,2.3268301111885297,0.23641208331860575,39.57554241626187,2.0384348055005024,0.1735990003402953
113,dflash2_unary_k16_tb64,Unary-FullMass,64,35,249,6.114285714285714,7.085714285714285,0.6285714285714286,8.185448630523108,122.16801364693103,False,13.852170913846098,2.328015428793151,0.23690459992004825,39.61260802835958,2.031259228741484,0.17266205748975544
114,dflash2_unary_k16_tb64,Unary-FullMass,64,166,1118,5.734939759036145,6.728915662650603,0.6204819277108434,8.650406737922916,115.6015006341903,False,14.136413114342814,2.3402061022308596,0.23707158411470808,39.334712132553115,2.03615483142897,0.17541050640073694
115,dflash2_unary_k16_tb64,Unary-FullMass,64,344,2048,4.953488372093023,5.950581395348837,0.43023255813953487,9.736782309570202,102.70333342228555,False,14.083513912822148,2.4112045756272322,0.23570950286231765,39.03753586920957,2.0250411046216086,0.17481529648437064
116,dflash2_unary_k16_tb64,Unary-FullMass,64,329,2048,5.224924012158055,6.221884498480243,0.5167173252279635,9.361655619139597,106.81871248879662,False,14.14284772643629,2.403064911801946,0.2377577203253035,39.2826060546058,2.0342321428198735,0.17508630114724283
117,dflash2_unary_k16_tb64,Unary-FullMass,64,50,326,5.52,6.5,0.5,8.74438696626195,114.3590744392091,False,13.811530999882962,2.342837460237206,0.23616816033609211,38.42674486011674,2.0238983397575794,0.1722231996973278
118,dflash2_unary_k16_tb64,Unary-FullMass,64,139,810,4.820143884892087,5.820143884892087,0.39568345323741005,9.975173774077076,100.24888013467435,False,14.036087978749768,2.426988187056745,0.23729463316531174,39.22897858276445,2.024801690763754,0.17455940953185348
119,dflash2_unary_k16_tb64,Unary-FullMass,64,176,1078,5.125,6.119318181818182,0.45454545454545453,9.471859814471214,105.57588684665589,True,14.037220954461107,2.3938755227225723,0.2378577215619192,39.150793221510455,2.0206217159077577,0.17477222747236903
120,dflash2_unary_k16_tb64,Unary-FullMass,64,322,2048,5.357142857142857,6.357142857142857,0.5496894409937888,9.10440494140552,109.83694227528747,False,14.057412167852625,2.3627851335263106,0.23671323916171996,39.05459303411437,2.0193970775954253,0.17537673904924936
121,dflash2_unary_k16_tb64,Unary-FullMass,64,132,900,5.818181818181818,6.8106060606060606,0.6818181818181818,8.489175809999223,117.79706562586688,False,13.999881537970257,2.3194451439738977,0.23725660585941197,39.12937568160983,2.0213003409398054,0.1734848487324007
122,dflash2_unary_k16_tb64,Unary-FullMass,64,162,1037,5.401234567901234,6.395061728395062,0.5061728395061729,9.034194282545196,110.69055731202084,False,13.99995077794481,2.3561741913179075,0.23570394435488579,39.04828516659356,2.015775209948504,0.1741074444043427
123,dflash2_unary_k16_tb64,Unary-FullMass,64,350,2048,4.851428571428571,5.848571428571429,0.42,9.967434157715616,100.32672242193019,False,14.15615609433319,2.4164418255427984,0.23734000287991616,39.313127462799976,2.025885505593448,0.17477812314090052
124,dflash2_unary_k16_tb64,Unary-FullMass,64,38,243,5.394736842105263,6.368421052631579,0.5263157894736842,9.09337899588068,109.97012226731142,True,13.860514210854921,2.3340224210857596,0.2366163947666983,39.5160307630967,2.02811926311896,0.1744626312613132
125,dflash2_unary_k16_tb64,Unary-FullMass,64,37,214,4.783783783783784,5.756756756756757,0.3783783783783784,10.071953158874868,99.28560868244838,True,13.855020621712036,2.3579561894695034,0.23699656771527403,39.59811329725592,2.032299297531387,0.173613377646197
126,dflash2_unary_k16_tb64,Unary-FullMass,64,43,294,5.837209302325581,6.813953488372093,0.6511627906976745,8.496918972793667,117.68971826163174,False,13.858058069799458,2.284506907017203,0.23765160450386966,39.51502402365847,2.0268149067326937,0.17315793017989436
127,dflash2_unary_k16_tb64,Unary-FullMass,64,257,1392,4.416342412451362,5.412451361867705,0.29961089494163423,10.807872493533905,92.52514781223375,False,14.163418482501669,2.461941109031755,0.2364556186401932,39.47425594555673,2.027969400796261,0.17509761856753805
0,dflash2_pairwise_k16_tb8,Pairwise-MassPreserving,8,132,743,4.628787878787879,5.621212121212121,0.32575757575757575,10.034552907132799,99.65566072098501,False,13.980755166674939,0.9065372272688723,0.2328944772147445,39.192578083423015,2.008842515241475,0.16076230290171667
1,dflash2_pairwise_k16_tb8,Pairwise-MassPreserving,8,126,735,4.833333333333333,5.825396825396825,0.38095238095238093,9.472120239455899,105.57298415982126,True,13.901400492123065,0.8996332380630765,0.2328837857757684,38.06875809528893,1.9908036111802276,0.16055550772834398
2,dflash2_pairwise_k16_tb8,Pairwise-MassPreserving,8,221,1420,5.425339366515837,6.420814479638009,0.5701357466063348,8.758012708451236,114.18115425146941,False,13.996079760150325,0.9009676290078381,0.23355365157009123,38.982149547563374,2.0008210362306174,0.15963220353546706
3,dflash2_pairwise_k16_tb8,Pairwise-MassPreserving,8,88,550,5.25,6.238636363636363,0.45454545454545453,9.04150700727438,110.60103135411454,True,13.961892693094507,0.9073578977553222,0.23311295444727875,39.24651111362271,2.0002933182571394,0.16025081828791538
4,dflash2_pairwise_k16_tb8,Pairwise-MassPreserving,8,106,619,4.839622641509434,5.830188679245283,0.3490566037735849,9.686570562198849,103.23571108875505,True,13.99909209424052,0.906605396301289,0.2350945093534186,39.263619736046614,2.001983415213098,0.159521622440222
5,dflash2_pairwise_k16_tb8,Pairwise-MassPreserving,8,80,351,3.3875,4.375,0.15,12.900009156696912,77.51932482008044,False,13.9880344373978,0.9130042000833782,0.23349357502411294,39.30119364995335,2.0015627624843546,0.16150155006471323
6,dflash2_pairwise_k16_tb8,Pairwise-MassPreserving,8,107,608,4.682242990654205,5.672897196261682,0.40186915887850466,9.858903037830283,101.4311628953881,True,13.864921495432924,0.8996081215398284,0.2331904205820027,38.87735273837339,1.9855717197128584,0.16003818660958183
7,dflash2_pairwise_k16_tb8,Pairwise-MassPreserving,8,138,917,5.644927536231884,6.63768115942029,0.6231884057971014,8.459057540894639,118.2164792195324,True,13.954877144897182,0.8994688043879949,0.23402105067572743,38.965252876735484,1.9966731160425495,0.15953139132181252
8,dflash2_pairwise_k16_tb8,Pairwise-MassPreserving,8,120,784,5.525,6.525,0.55,8.602186454082789,116.2495146248984,False,13.931790858274931,0.8960457249789519,0.23245172507510384,38.982043374926434,1.9931657248586514,0.16545409189347993
9,dflash2_pairwise_k16_tb8,Pairwise-MassPreserving,8,67,402,5.0,5.985074626865671,0.417910447761194,9.36708975870661,106.75674363753274,False,13.854207806005759,0.9018218659195499,0.23243610447215318,39.064196298432535,1.9929247911606391,0.1569516862490291
10,dflash2_pairwise_k16_tb8,Pairwise-MassPreserving,8,30,158,4.266666666666667,5.233333333333333,0.16666666666666666,10.5743539873436,94.56842481317496,True,13.529414166744877,0.9021882667487565,0.23095903343346436,38.89507843335499,1.9762739998744412,0.15768376651976723
11,dflash2_pairwise_k16_tb8,Pairwise-MassPreserving,8,110,446,3.0545454545454547,4.045454545454546,0.10909090909090909,13.941600825112273,71.72777448904954,False,13.924024990890096,0.9097057182523052,0.2339178817816322,39.2917028635731,2.0054987727648537,0.16200402728414207
12,dflash2_pairwise_k16_tb8,Pairwise-MassPreserving,8,384,2044,4.322916666666667,5.3203125,0.328125,10.62472918150721,94.12004606578982,False,14.070167523489848,0.9088203671486402,0.23341127607541998,39.18532986978107,1.9965627552475478,0.16025624732189195
13,dflash2_pairwise_k16_tb8,Pairwise-MassPreserving,8,150,933,5.22,6.213333333333333,0.5133333333333333,9.103782389067394,109.84445335610022,False,14.042759826588735,0.9085848666533517,0.23487721335792835,39.271196053244545,2.0075585332597257,0.16054996689490508
14,dflash2_pairwise_k16_tb8,Pairwise-MassPreserving,8,67,393,4.865671641791045,5.850746268656716,0.43283582089552236,9.644599394404679,103.68497011707409,False,13.92538779107971,0.9070462835294546,0.2322697462985351,39.350804910412336,1.9973363729665983,0.15920805990797599
15,dflash2_pairwise_k16_tb8,Pairwise-MassPreserving,8,349,2048,4.868194842406877,5.865329512893982,0.4469914040114613,9.645879036621174,103.67121505499274,False,14.066009011430573,0.9048537134402949,0.2332386847721452,39.244580401080064,1.9955829512428813,0.1596328512150284
16,dflash2_pairwise_k16_tb8,Pairwise-MassPreserving,8,124,532,3.2903225806451615,4.282258064516129,0.12903225806451613,12.893213721802164,77.56018178066964,False,13.886472129005627,0.9088398226066924,0.2328170080105455,38.14824672583434,1.9817595563924237,0.1579107258822337
17,dflash2_pairwise_k16_tb8,Pairwise-MassPreserving,8,33,189,4.7272727272727275,5.696969696969697,0.45454545454545453,9.760803211638294,102.45058509197789,True,13.599923606141767,0.9036859090415281,0.23037787887557043,39.0276266361704,1.9852144241392098,0.1559535759235697
18,dflash2_pairwise_k16_tb8,Pairwise-MassPreserving,8,312,2048,5.564102564102564,6.560897435897436,0.625,8.554539275390738,116.89700260968455,False,13.94173776601257,0.8984289839493916,0.2316381922308863,38.93626506728418,1.985519807703895,0.15928337512750892
19,dflash2_pairwise_k16_tb8,Pairwise-MassPreserving,8,335,2048,5.113432835820896,6.11044776119403,0.4626865671641791,9.227481241699032,108.37193528836399,False,13.989342943278277,0.9120507791141872,0.23355189853768324,39.11339067160599,2.003156256766637,0.16009426562145088
20,dflash2_pairwise_k16_tb8,Pairwise-MassPreserving,8,81,547,5.753086419753086,6.7407407407407405,0.6419753086419753,8.539595687385468,117.10156272119316,False,14.200011370368525,0.9162381358894183,0.23911008629286776,40.114850210006864,2.0352752962935483,0.16314256781360773
21,dflash2_pairwise_k16_tb8,Pairwise-MassPreserving,8,145,825,4.689655172413793,5.682758620689655,0.4206896551724138,9.744024729697038,102.62699733840803,False,13.922936662016456,0.9044543792822816,0.23183478628323365,38.238277241468715,1.9847469310003236,0.15789070339765046
22,dflash2_pairwise_k16_tb8,Pairwise-MassPreserving,8,262,1603,5.1183206106870225,6.114503816793893,0.4618320610687023,9.36625328571437,106.76627777354938,False,14.213099896933134,0.9154256831746054,0.23565012973012092,39.75078905348029,2.029357889315519,0.16141787026761115
23,dflash2_pairwise_k16_tb8,Pairwise-MassPreserving,8,93,481,4.172043010752688,5.161290322580645,0.24731182795698925,11.12536645530161,89.88467966585195,False,14.202575301091182,0.9278046020891227,0.23587173112196802,39.97702195703178,2.036185537739369,0.16141468813168436
24,dflash2_pairwise_k16_tb8,Pairwise-MassPreserving,8,172,805,3.6802325581395348,4.674418604651163,0.1686046511627907,12.066051568943983,82.87715283546726,False,13.984812174385297,0.9138722791439524,0.2340179824302119,39.191063191802364,1.9891623720405034,0.15899940135991633
25,dflash2_pairwise_k16_tb8,Pairwise-MassPreserving,8,61,364,4.967213114754099,5.950819672131147,0.4426229508196721,9.502987513734787,105.23006565616207,True,13.9347026230754,0.9142867541219752,0.23310708200399666,39.4604097542529,2.0033244753471617,0.16052103250122393
26,dflash2_pairwise_k16_tb8,Pairwise-MassPreserving,8,212,1049,3.943396226415094,4.943396226415095,0.23113207547169812,11.411202199237529,87.6331855785377,False,13.996368990577157,0.9110204905053526,0.23500753299368574,39.1742346132045,1.9879439009426552,0.1593447878151909
27,dflash2_pairwise_k16_tb8,Pairwise-MassPreserving,8,50,237,3.74,4.72,0.16,11.910254004223392,83.96126561577937,False,13.832467000029283,0.9096965198477847,0.23223330001201248,39.326185660102055,1.9952532399111078,0.1587682601166307
28,dflash2_pairwise_k16_tb8,Pairwise-MassPreserving,8,140,833,4.95,5.942857142857143,0.4357142857142857,9.523244361344204,105.00623128595748,False,14.025636307100545,0.9150580500058173,0.2339096357510633,39.32921972870775,1.9996180286658014,0.1598621997670437
29,dflash2_pairwise_k16_tb8,Pairwise-MassPreserving,8,46,286,5.217391304347826,6.195652173913044,0.5217391304347826,9.088593087412178,110.02803078344581,False,13.803693043606156,0.9044081086714236,0.23312834788236575,39.4113225434605,1.9954231086597682,0.15936447815202764
30,dflash2_pairwise_k16_tb8,Pairwise-MassPreserving,8,68,433,5.367647058823529,6.352941176470588,0.4852941176470588,8.89484748036778,112.42463709548086,True,13.939220896993314,0.9063786470131376,0.23505094106761082,39.40642417653768,1.9932999706029744,0.1588747648330515
31,dflash2_pairwise_k16_tb8,Pairwise-MassPreserving,8,31,150,3.838709677419355,4.806451612903226,0.22580645161290322,11.661518100008834,85.75212861859232,False,13.691963032244765,0.9080091290196569,0.23617303216475016,39.423044774300635,2.0078425484591147,0.1596679677247941
32,dflash2_pairwise_k16_tb8,Pairwise-MassPreserving,8,357,2048,4.7366946778711485,5.733893557422969,0.4061624649859944,9.90335213818394,100.97591058529989,False,14.118403792693318,0.9171197422957328,0.23448489911501924,39.37935698325798,2.0023526386856765,0.16078944815594556
33,dflash2_pairwise_k16_tb8,Pairwise-MassPreserving,8,92,455,3.9456521739130435,4.934782608695652,0.22826086956521738,11.474692567032065,87.1483043365449,False,14.009542989282162,0.9075250217906812,0.23417726100413586,39.44826010869608,1.9910120218098555,0.15932083654305365
34,dflash2_pairwise_k16_tb8,Pairwise-MassPreserving,8,72,417,4.791666666666667,5.777777777777778,0.3472222222222222,9.839193163069483,101.63434983199731,False,14.068158930639482,0.9154870693792974,0.23536184719180003,39.60765102786152,1.997779986140813,0.16088820823117406
35,dflash2_pairwise_k16_tb8,Pairwise-MassPreserving,8,78,396,4.076923076923077,5.064102564102564,0.2948717948717949,11.210862396463272,89.19920382891091,True,14.012310012847779,0.9045848845254603,0.23632971801700292,39.59791611550127,2.0057480385217694,0.1597972434002515
36,dflash2_pairwise_k16_tb8,Pairwise-MassPreserving,8,80,412,4.15,5.1375,0.2,11.041328696601076,90.56880992120419,False,13.999961650097248,0.9182101001670162,0.2380922499924054,39.549255462429755,1.9998461500108533,0.1574771747982595
37,dflash2_pairwise_k16_tb8,Pairwise-MassPreserving,8,131,720,4.4961832061068705,5.488549618320611,0.33587786259541985,10.445099281944042,95.73867830329326,False,14.208231778567784,0.9115882518947638,0.23469164114583635,39.883203122219186,2.0110273513318,0.15943711438040312
38,dflash2_pairwise_k16_tb8,Pairwise-MassPreserving,8,87,493,4.666666666666667,5.655172413793103,0.3563218390804598,10.126547044622349,98.75034358637033,True,14.14052980467152,0.9129693677388641,0.23520416082113837,39.91978770111395,2.0156436895930887,0.15963186225475845
39,dflash2_pairwise_k16_tb8,Pairwise-MassPreserving,8,90,495,4.5,5.488888888888889,0.4,10.41974875353679,95.97160388925583,False,14.156165288901926,0.9180749554717396,0.23360788883211273,39.82704022220989,2.0137098334089387,0.16001995562773016
40,dflash2_pairwise_k16_tb8,Pairwise-MassPreserving,8,38,187,3.9210526315789473,4.894736842105263,0.2631578947368421,11.605766106959225,86.16406627395023,True,13.912895842000388,0.9186788948251265,0.2367088421746494,39.87378605238758,2.0113676578866464,0.159148552867057
41,dflash2_pairwise_k16_tb8,Pairwise-MassPreserving,8,49,350,6.142857142857143,7.122448979591836,0.6938775510204082,8.006162865718318,124.90377934752135,False,14.015140306026074,0.9082720000002823,0.2317210408883901,39.85661938780567,2.0152384083247648,0.15988646922852814
42,dflash2_pairwise_k16_tb8,Pairwise-MassPreserving,8,36,227,5.305555555555555,6.277777777777778,0.4722222222222222,9.057890938324798,110.40097598977538,False,13.90267263903095,0.9207145554278718,0.23532308331495086,39.88172199994248,2.016430416612517,0.15817183344147956
43,dflash2_pairwise_k16_tb8,Pairwise-MassPreserving,8,109,584,4.3577981651376145,5.348623853211009,0.3302752293577982,10.659178388696963,93.81586117935733,False,14.10822816501631,0.9153231100061505,0.2350200183999056,39.685942651426934,2.005782798232341,0.15942966975346465
44,dflash2_pairwise_k16_tb8,Pairwise-MassPreserving,8,69,430,5.217391304347826,6.217391304347826,0.5652173913043478,9.51797031395345,105.06441678369063,False,14.612824507333942,0.9400073621941704,0.24141895659525198,41.26126743476957,2.095383753734548,0.16398544914040214
45,dflash2_pairwise_k16_tb8,Pairwise-MassPreserving,8,126,707,4.611111111111111,5.603174603174603,0.35714285714285715,10.193951366335334,98.09738776098303,False,14.146646944345054,0.9151950159017966,0.23525829363366246,39.72615585712086,2.0145186506794297,0.16161901608967807
46,dflash2_pairwise_k16_tb8,Pairwise-MassPreserving,8,184,999,4.429347826086956,5.423913043478261,0.32065217391304346,10.440377981981841,95.78197281035368,False,14.067517244563494,0.9084309782318324,0.2327535163579381,39.32640686952768,1.9894781629496403,0.15985672836865453
47,dflash2_pairwise_k16_tb8,Pairwise-MassPreserving,8,111,624,4.612612612612613,5.612612612612613,0.27927927927927926,10.107220323719117,98.93917100562756,False,14.056486252344373,0.907920405331203,0.23377096399886174,39.46596627029394,1.9943176937738678,0.1605067205706324
48,dflash2_pairwise_k16_tb8,Pairwise-MassPreserving,8,343,2048,4.970845481049563,5.967930029154519,0.4839650145772595,9.388059391601367,106.51828650494137,False,14.13521130905437,0.9123140495748541,0.23314243733285384,38.6149679066801,1.9986977638004235,0.1603185277253253
49,dflash2_pairwise_k16_tb8,Pairwise-MassPreserving,8,66,398,5.03030303030303,6.015151515151516,0.48484848484848486,9.424528726134184,106.10610132971462,False,13.9866051515238,0.9054248483869631,0.23373406061595728,39.55102839385786,1.9975145001312327,0.15845718186911142
50,dflash2_pairwise_k16_tb8,Pairwise-MassPreserving,8,130,771,4.930769230769231,5.923076923076923,0.4,9.587339547340891,104.30422277860768,False,14.088245938490637,0.9070516615303439,0.23642693073410415,39.4672468306593,2.001278830777245,0.16004820011473314
51,dflash2_pairwise_k16_tb8,Pairwise-MassPreserving,8,61,338,4.540983606557377,5.524590163934426,0.29508196721311475,10.11668715384517,98.84658730599553,True,13.975579262269541,0.9108077212032618,0.2332895736665213,38.77607595063264,2.0017760982794197,0.15886906607431497
52,dflash2_pairwise_k16_tb8,Pairwise-MassPreserving,8,78,468,5.0,5.987179487179487,0.44871794871794873,9.453303861111916,105.78312246088936,False,13.995260435876844,0.9053728461787194,0.23219183330160703,39.43032141024816,1.9970039103123456,0.1596727307538132
53,dflash2_pairwise_k16_tb8,Pairwise-MassPreserving,8,60,275,3.5833333333333335,4.566666666666666,0.15,12.378527400003144,80.78505364052803,False,13.940384199971353,0.9168007334058833,0.23238209999666046,39.49794853330483,1.9898182000057811,0.1575834833299039
54,dflash2_pairwise_k16_tb8,Pairwise-MassPreserving,8,303,1709,4.64026402640264,5.636963696369637,0.3696369636963696,10.077373032182237,99.23221029989517,False,14.12906454791155,0.9168943299853036,0.23439909237873605,39.40146118812624,1.9968710198419544,0.16035441581377677
55,dflash2_pairwise_k16_tb8,Pairwise-MassPreserving,8,189,1218,5.439153439153439,6.439153439153439,0.5185185185185185,8.776616568143485,113.93912360598085,False,14.04133364026382,0.9079825661131138,0.23263460846142608,39.228493502657216,1.990806587258626,0.1591669788371361
56,dflash2_pairwise_k16_tb8,Pairwise-MassPreserving,8,103,506,3.912621359223301,4.902912621359223,0.2621359223300971,11.520549393281392,86.80141596226171,False,14.000484388533842,0.9070800097989262,0.2317347571785557,39.310921834875295,1.9876346504866729,0.15824137854791648
57,dflash2_pairwise_k16_tb8,Pairwise-MassPreserving,8,59,309,4.237288135593221,5.220338983050848,0.288135593220339,10.779297750812763,92.77042188806777,True,13.868691135600892,0.9049714408320142,0.23343377965906933,39.307709542407466,1.9807588812570538,0.15872344060187324
58,dflash2_pairwise_k16_tb8,Pairwise-MassPreserving,8,92,413,3.489130434782609,4.478260869565218,0.14130434782608695,12.613442184017684,79.28049975660775,False,13.982584315113934,0.920962075882847,0.2331298368438223,39.33533063038498,1.9919356520166849,0.15944468540233767
59,dflash2_pairwise_k16_tb8,Pairwise-MassPreserving,8,32,151,3.6875,4.6875,0.21875,11.961942860917462,83.59845985113672,True,13.72228346878046,0.905850093488425,0.23229959379023057,39.43433215601999,1.9928357189655799,0.15781684390958617
60,dflash2_pairwise_k16_tb8,Pairwise-MassPreserving,8,60,307,4.116666666666666,5.1,0.3,11.055660371338778,90.45140375263767,True,13.88173518316762,0.9158440000646806,0.23159193330381336,39.393944349800826,1.987440083181961,0.1575733504978416
61,dflash2_pairwise_k16_tb8,Pairwise-MassPreserving,8,95,503,4.294736842105263,5.28421052631579,0.2736842105263158,10.688315477139694,93.5601126425219,False,13.978021726334669,0.9082401473278878,0.23292538943152116,39.321671726161426,1.9919568738068367,0.15900187379309882
62,dflash2_pairwise_k16_tb8,Pairwise-MassPreserving,8,128,727,4.6796875,5.671875,0.40625,9.973731338376021,100.26337847624694,False,14.031532125002855,0.9041362813491105,0.23258801577696886,39.33311341403112,1.988170734449568,0.15813664032293673
63,dflash2_pairwise_k16_tb8,Pairwise-MassPreserving,8,46,236,4.130434782608695,5.108695652173913,0.2826086956521739,11.024269292370187,90.70895979401486,True,13.864824326091089,0.9047929782789889,0.23137930423652744,39.41369310865886,1.9868312391854883,0.15777367397000172
64,dflash2_pairwise_k16_tb8,Pairwise-MassPreserving,8,228,1234,4.412280701754386,5.407894736842105,0.2850877192982456,10.623090837926084,94.13456170682875,False,14.266799131587105,0.9210480877156538,0.23561094736865734,39.89857042544923,2.0119738859680263,0.16114705700250884
65,dflash2_pairwise_k16_tb8,Pairwise-MassPreserving,8,151,900,4.960264900662252,5.953642384105961,0.4370860927152318,9.66051530222305,103.51414688716272,False,14.2695662715602,0.9161777550206961,0.23589382123121905,39.98350609944228,2.0134293509962187,0.1606569799000169
66,dflash2_pairwise_k16_tb8,Pairwise-MassPreserving,8,337,2048,5.077151335311573,6.074183976261128,0.45103857566765576,9.355695068848036,106.88676711255081,False,14.145849958497305,0.9085532760291891,0.23357581599143634,39.41248890507635,1.9953569406948797,0.1601498841285776
67,dflash2_pairwise_k16_tb8,Pairwise-MassPreserving,8,114,608,4.333333333333333,5.324561403508772,0.3684210526315789,10.657770246711463,93.82825645998118,False,14.069674894783116,0.9056664209326795,0.23453274567592625,39.47771549114246,1.9936484035210207,0.16020335973925895
68,dflash2_pairwise_k16_tb8,Pairwise-MassPreserving,8,75,412,4.493333333333333,5.48,0.37333333333333335,10.342009655343062,96.6930058398624,False,14.01429727996098,0.9146207198743165,0.23325281321983007,39.487167013479244,2.0011883998813573,0.1615801469354968
69,dflash2_pairwise_k16_tb8,Pairwise-MassPreserving,8,67,384,4.7164179104477615,5.7164179104477615,0.43283582089552236,9.880552872393386,101.20891137519595,True,13.940410402748098,0.9005487763037064,0.23172011951014135,39.39898577615412,1.997110119598584,0.16006514895490176
70,dflash2_pairwise_k16_tb8,Pairwise-MassPreserving,8,147,833,4.666666666666667,5.659863945578231,0.3469387755102041,10.007130488592113,99.9287459217181,False,14.073729863950426,0.91826408849253,0.23560535355128956,39.32434634023804,1.9949944762134493,0.16013264624290263
71,dflash2_pairwise_k16_tb8,Pairwise-MassPreserving,8,131,640,3.885496183206107,4.877862595419847,0.24427480916030533,11.57757619218387,86.37386473648166,False,13.991128572363687,0.9094218245040063,0.23404090089424875,39.276503053256526,1.9919099466431307,0.15920000003058932
72,dflash2_pairwise_k16_tb8,Pairwise-MassPreserving,8,76,427,4.618421052631579,5.605263157894737,0.35526315789473684,10.093629714284218,99.07238806123712,True,13.960037079031233,0.9087546312864441,0.23389049984919102,39.4520474473163,1.9963836711165066,0.159148355602443
73,dflash2_pairwise_k16_tb8,Pairwise-MassPreserving,8,126,799,5.333333333333333,6.333333333333333,0.5476190476190477,8.936118790991125,111.9054058466794,False,14.03245590477632,0.9082259206017682,0.23385316697905573,39.33879330941723,1.9935947938580603,0.15941749168430558
74,dflash2_pairwise_k16_tb8,Pairwise-MassPreserving,8,115,667,4.8,5.791304347826087,0.3826086956521739,9.733029259370522,102.74293576557834,False,13.94858061748496,0.9100006349478423,0.2326711912009278,39.208455304406414,1.9928446260050607,0.15901733030382867
75,dflash2_pairwise_k16_tb8,Pairwise-MassPreserving,8,164,945,4.762195121951219,5.7560975609756095,0.39634146341463417,9.738288281480665,102.68745092520041,False,13.910696085387338,0.9015481584311801,0.2434373719973714,38.91547043291744,1.9840415366272237,0.1587236463420573
76,dflash2_pairwise_k16_tb8,Pairwise-MassPreserving,8,64,331,4.171875,5.15625,0.25,10.876529051359002,91.94109584758125,False,13.825055328197777,0.9054884061470148,0.23291893734267433,39.1383721719194,1.9897084532658482,0.1605053906246212
77,dflash2_pairwise_k16_tb8,Pairwise-MassPreserving,8,311,1538,3.945337620578778,4.942122186495177,0.2990353697749196,11.489933018206616,87.03270927823765,False,14.101852623872976,0.9115355144777235,0.23375255942129053,39.41171763346335,2.001411916300751,0.16132776533136328
78,dflash2_pairwise_k16_tb8,Pairwise-MassPreserving,8,41,217,4.2926829268292686,5.2682926829268295,0.2682926829268293,10.688614843321094,93.55749221564118,True,13.792920732024557,0.9272994634002538,0.23416417042892312,39.44330214627127,2.0164068049691597,0.1573559756052862
79,dflash2_pairwise_k16_tb8,Pairwise-MassPreserving,8,138,875,5.333333333333333,6.333333333333333,0.4492753623188406,8.86161689599976,112.84622340776343,False,13.926949101479966,0.9099082465357808,0.23309654344579347,38.96177331892208,1.9963401884550862,0.1597208910148449
80,dflash2_pairwise_k16_tb8,Pairwise-MassPreserving,8,68,414,5.088235294117647,6.073529411764706,0.47058823529411764,9.269614446860643,107.87935201972417,True,13.898500294303899,0.9059934705767185,0.2345588528067524,39.23191819124922,2.0051939706771758,0.1594290586260339
81,dflash2_pairwise_k16_tb8,Pairwise-MassPreserving,8,128,728,4.6875,5.6796875,0.3515625,9.888587857143907,101.12667394440557,False,13.930542991943184,0.9081691718790807,0.23252199238754656,39.01047287502024,1.9994461795249663,0.1601902267509489
82,dflash2_pairwise_k16_tb8,Pairwise-MassPreserving,8,82,495,5.036585365853658,6.024390243902439,0.4146341463414634,9.308046624246712,107.43392683434573,True,13.881744768496436,0.9019801097853881,0.23363232929380212,39.02075206093375,1.9920677316294153,0.1586410364724565
83,dflash2_pairwise_k16_tb8,Pairwise-MassPreserving,8,60,336,4.6,5.583333333333333,0.3333333333333333,10.023386726191218,99.76667840092303,True,13.820176699603811,0.903466016704139,0.23287859991493556,39.02973908328325,1.9868161500805097,0.15788911708417194
84,dflash2_pairwise_k16_tb8,Pairwise-MassPreserving,8,145,825,4.689655172413793,5.682758620689655,0.33793103448275863,9.986920063031103,100.13097067851093,False,14.071313855449011,0.9122814069369583,0.2352676208327717,39.43457110350398,2.007729730921083,0.1609676754642037
85,dflash2_pairwise_k16_tb8,Pairwise-MassPreserving,8,125,543,3.344,4.336,0.152,13.080649075507184,76.4488057303247,False,14.070638848177623,0.9181104319286533,0.2347205680271145,39.432762391952565,2.00608010427095,0.16002723964629695
86,dflash2_pairwise_k16_tb8,Pairwise-MassPreserving,8,148,816,4.513513513513513,5.506756756756757,0.3310810810810811,10.311877653186778,96.97554932597173,False,14.090767128387547,0.9123974120509072,0.23571961483449322,39.453903938821796,2.002077506821897,0.15981118962667393
87,dflash2_pairwise_k16_tb8,Pairwise-MassPreserving,8,41,235,4.7317073170731705,5.7073170731707314,0.4146341463414634,9.81590454468189,101.87548131178445,False,13.860132902642007,0.9125600243839095,0.23494412194051575,39.082587097410155,2.011351658793723,0.16031609727467253
88,dflash2_pairwise_k16_tb8,Pairwise-MassPreserving,8,60,336,4.6,5.583333333333333,0.3,10.047125241065995,99.53095796125464,True,13.866971099984463,0.9086608832149068,0.2324350000587098,39.09977315015567,1.99621173342166,0.1598494831341668
89,dflash2_pairwise_k16_tb8,Pairwise-MassPreserving,8,60,345,4.75,5.733333333333333,0.36666666666666664,9.793519913048089,102.10833376339812,True,13.836479799950515,0.9069690834318559,0.2331131333752031,39.18352608325222,1.9918927000010929,0.16075870001562484
90,dflash2_pairwise_k16_tb8,Pairwise-MassPreserving,8,111,695,5.261261261261262,6.252252252252252,0.45045045045045046,9.0118618388476,110.9648614106889,True,13.950598081079603,0.9046433694272088,0.2318751079705229,39.184267351227895,1.9935634594042533,0.16067405430566487
91,dflash2_pairwise_k16_tb8,Pairwise-MassPreserving,8,69,397,4.753623188405797,5.739130434782608,0.3333333333333333,9.799937241811083,102.04146978957534,True,13.884828825963348,0.9081007390678691,0.23289937667288832,39.20172204327199,1.9975599273533116,0.16003524707638714
92,dflash2_pairwise_k16_tb8,Pairwise-MassPreserving,8,75,406,4.413333333333333,5.4,0.32,10.453560115762194,95.6611899607455,False,13.946825613190109,0.9116277334881792,0.23497768003532352,39.329867440004215,2.0076796802459285,0.1576272796955891
93,dflash2_pairwise_k16_tb8,Pairwise-MassPreserving,8,81,456,4.62962962962963,5.617283950617284,0.3950617283950617,10.093113969305065,99.07745053124098,False,14.021972888628996,0.9070752840435253,0.23422011118209748,39.49910398772278,1.997216925825162,0.16090425942596162
94,dflash2_pairwise_k16_tb8,Pairwise-MassPreserving,8,114,617,4.412280701754386,5.4035087719298245,0.3333333333333333,10.499890854133982,95.23908523356539,False,14.058925561345715,0.9124055173551345,0.23476095626201163,39.460113438588195,2.002293666584209,0.1598575002214618
95,dflash2_pairwise_k16_tb8,Pairwise-MassPreserving,8,214,1247,4.822429906542056,5.822429906542056,0.4205607476635514,9.758345945471024,102.47638335307359,False,14.107612976658856,0.9109175516811697,0.23589148600604798,39.44385047203621,2.002989957881569,0.1616225744387986
96,dflash2_pairwise_k16_tb8,Pairwise-MassPreserving,8,104,498,3.7884615384615383,4.778846153846154,0.14423076923076922,11.881027865463722,84.16780192114881,False,14.072559192195163,0.9211245193140573,0.23628083664124672,39.49477375947306,2.006453327025016,0.16065333651428004
97,dflash2_pairwise_k16_tb8,Pairwise-MassPreserving,8,70,476,5.8,6.785714285714286,0.6428571428571429,8.368953876053654,119.48924737909368,False,14.017558528420134,0.9109370571552843,0.237402028246184,39.570637971441364,2.0122527855814303,0.16009798632044944
98,dflash2_pairwise_k16_tb8,Pairwise-MassPreserving,8,117,627,4.358974358974359,5.35042735042735,0.3162393162393162,10.527846089317926,94.98619105142974,False,13.960082487258653,0.9089228204594781,0.2342274016190746,39.1662270595923,1.990324410082052,0.15867306887168184
99,dflash2_pairwise_k16_tb8,Pairwise-MassPreserving,8,79,494,5.2405063291139244,6.2405063291139244,0.5443037974683544,9.137464115388012,109.43955427588962,False,14.093652126287948,0.9145270758588456,0.23513596216282995,39.71662202507738,2.017804342093642,0.16032521537603822
100,dflash2_pairwise_k16_tb8,Pairwise-MassPreserving,8,97,457,3.711340206185567,4.701030927835052,0.17525773195876287,12.092126890587663,82.6984375079942,False,14.095113546590227,0.9195210826424186,0.2351698971061833,39.54641573202644,2.0147147217883066,0.15918861776974397
101,dflash2_pairwise_k16_tb8,Pairwise-MassPreserving,8,170,1122,5.6,6.594117647058823,0.6411764705882353,8.615375472368983,116.07155175153711,False,14.118827052880079,0.9083454296855694,0.2352956413447186,39.425969482266844,2.0117585999661753,0.16128191149190946
102,dflash2_pairwise_k16_tb8,Pairwise-MassPreserving,8,32,171,4.3125,5.3125,0.28125,10.517566116978257,95.07903148673567,True,13.669113468608884,0.9131857185593617,0.23577981232847378,39.23097971858169,1.9937655939656906,0.16041962555846112
103,dflash2_pairwise_k16_tb8,Pairwise-MassPreserving,8,103,608,4.902912621359223,5.893203883495145,0.44660194174757284,9.557704305920149,104.62763525552771,True,13.941141650188337,0.9042220679351956,0.2337655630239593,39.183270524270625,1.9965241068012862,0.15936946641604047
104,dflash2_pairwise_k16_tb8,Pairwise-MassPreserving,8,66,408,5.181818181818182,6.166666666666667,0.45454545454545453,9.130253948533923,109.52597875556063,False,13.886145363799049,0.9082421212510918,0.23393572728585268,39.24400553031856,2.0100289241809426,0.15921219682874807
105,dflash2_pairwise_k16_tb8,Pairwise-MassPreserving,8,41,235,4.7073170731707314,5.7073170731707314,0.43902439024390244,9.94096673191265,100.59383830244438,True,13.911179926675153,0.9204885616604659,0.23685000020877187,39.73914846316869,2.010916146679026,0.16012865769259474
106,dflash2_pairwise_k16_tb8,Pairwise-MassPreserving,8,71,393,4.535211267605634,5.52112676056338,0.30985915492957744,10.348723139948227,96.63027858381791,False,14.106688112828841,0.917607225423587,0.23585336605041013,39.83775411258431,2.023579563581119,0.16088654910432318
107,dflash2_pairwise_k16_tb8,Pairwise-MassPreserving,8,351,2048,4.834757834757835,5.831908831908832,0.3817663817663818,9.64295063769427,103.70269822713833,False,13.985413692379089,0.9066380169838792,0.23422055273529732,38.987749985851956,1.9905097948590744,0.15974974066040284
108,dflash2_pairwise_k16_tb8,Pairwise-MassPreserving,8,96,489,4.09375,5.083333333333333,0.3020833333333333,11.036107928426006,90.61165462366245,False,13.907518874892352,0.9112195937177603,0.2343578540831004,39.01163140612122,1.9916604375112001,0.15878659409433263
109,dflash2_pairwise_k16_tb8,Pairwise-MassPreserving,8,73,367,4.013698630136986,5.013698630136986,0.1780821917808219,11.187807953681677,89.38301445109457,False,13.869973164530588,0.909254273783642,0.2332754107830051,39.089295232645796,1.9853404245286708,0.15841654853892118
110,dflash2_pairwise_k16_tb8,Pairwise-MassPreserving,8,172,801,3.6569767441860463,4.651162790697675,0.18023255813953487,12.093928118602104,82.68612068744349,False,13.984455604618551,0.9109739942919818,0.23446147677236165,39.04016812789768,1.9914723022952256,0.15961048831191282
111,dflash2_pairwise_k16_tb8,Pairwise-MassPreserving,8,251,1447,4.764940239043825,5.760956175298805,0.398406374501992,9.79613997650252,102.08102399502731,False,14.039072792922482,0.9073753984798297,0.23440941833135898,39.13121191638119,2.0011045497201385,0.1609874620102114
112,dflash2_pairwise_k16_tb8,Pairwise-MassPreserving,8,41,246,4.975609756097561,5.975609756097561,0.4146341463414634,9.463613886191894,105.66787825727688,False,13.886408634745038,0.9144055364275828,0.2352258778977912,39.5722678780347,2.013289390405833,0.16008599964041467
113,dflash2_pairwise_k16_tb8,Pairwise-MassPreserving,8,40,248,5.2,6.175,0.5,9.158192826611588,109.19184810066803,True,13.875795950389147,0.9149632499429572,0.2362363247812027,39.58712657504293,2.0080308753676945,0.15864254946791334
114,dflash2_pairwise_k16_tb8,Pairwise-MassPreserving,8,175,1104,5.308571428571429,6.3028571428571425,0.49142857142857144,9.015789679350734,110.91651819366912,False,14.05911157117641,0.9129403372935485,0.23556576559453138,39.491245343025575,2.016553582902166,0.16133657716896518
115,dflash2_pairwise_k16_tb8,Pairwise-MassPreserving,8,196,1064,4.423469387755102,5.423469387755102,0.3163265306122449,10.376709498120219,96.36966325222402,False,13.997879050980465,0.9089257243190053,0.23506403076866336,39.030258913229844,1.9982479743703152,0.1603330104128928
116,dflash2_pairwise_k16_tb8,Pairwise-MassPreserving,8,360,2048,4.688888888888889,5.686111111111111,0.40555555555555556,10.182740419434566,98.20539057358478,False,14.129627472276399,0.9151907610834719,0.23883508332194955,40.46738725281911,2.015733830477176,0.16170443058298486
117,dflash2_pairwise_k16_tb8,Pairwise-MassPreserving,8,53,326,5.150943396226415,6.132075471698113,0.4716981132075472,9.425012168717862,106.10065876827782,False,14.47067943417834,0.9453703393585285,0.24153198106467003,40.05874011348186,2.0929984717474994,0.1633960186978275
118,dflash2_pairwise_k16_tb8,Pairwise-MassPreserving,8,157,810,4.159235668789809,5.1528662420382165,0.28662420382165604,10.962346012344408,91.22134977986705,False,14.008687242002088,0.9304268663472149,0.2350873951255166,39.22577394901257,1.9971083313101388,0.16024277670546969
119,dflash2_pairwise_k16_tb8,Pairwise-MassPreserving,8,193,1056,4.471502590673575,5.466321243523316,0.34196891191709844,10.328823165719548,96.81645081493036,False,14.025907823763163,0.9233741866268755,0.23469537298796442,39.164540124303116,2.004659290116647,0.16100591204597836
120,dflash2_pairwise_k16_tb8,Pairwise-MassPreserving,8,347,2048,4.902017291066282,5.899135446685879,0.4265129682997118,9.562953588867273,104.5702032020893,False,14.034753340027718,0.9056071642560982,0.23402632276823823,39.104079115293416,2.0015354092162094,0.16071608359732542
121,dflash2_pairwise_k16_tb8,Pairwise-MassPreserving,8,141,901,5.390070921985815,6.382978723404255,0.5673758865248227,8.821322305214741,113.36168948376914,True,13.979622375713173,0.9020737022009153,0.23347741116336976,39.09397378003684,1.9999349717684882,0.1597929151348066
122,dflash2_pairwise_k16_tb8,Pairwise-MassPreserving,8,93,528,4.67741935483871,5.666666666666667,0.41935483870967744,9.936264200756671,100.64144630170436,False,13.928643118052477,0.9076076879942795,0.2337949249864636,39.18365012882972,1.9992090751021419,0.15943375320182562
123,dflash2_pairwise_k16_tb8,Pairwise-MassPreserving,8,401,2048,4.104738154613466,5.104738154613466,0.2518703241895262,11.129391249022902,89.85217408793984,False,14.133436443938663,0.9144266308944305,0.2352619151150932,39.38909876047828,2.00643775540249,0.1617207335698084
124,dflash2_pairwise_k16_tb8,Pairwise-MassPreserving,8,47,243,4.170212765957447,5.148936170212766,0.2765957446808511,10.965898555557702,91.19179745586678,True,13.881931680906687,0.9158262551051287,0.23442421266697644,39.50020159592238,2.005191446864665,0.15845351067292404
125,dflash2_pairwise_k16_tb8,Pairwise-MassPreserving,8,43,214,3.9767441860465116,4.953488372093023,0.20930232558139536,11.392324602791836,87.77839772533667,True,13.855839906724679,0.9183720232909383,0.23366904658127338,39.52054967411704,2.008253372011051,0.1600012097739192
126,dflash2_pairwise_k16_tb8,Pairwise-MassPreserving,8,46,294,5.391304347826087,6.369565217391305,0.5652173913043478,8.877866982990108,112.639669181346,False,13.861924630438569,0.9137825436482672,0.2348569565662689,39.568847130557636,2.00282580455836,0.15891278203723588
127,dflash2_pairwise_k16_tb8,Pairwise-MassPreserving,8,261,1200,3.5977011494252875,4.593869731800766,0.18773946360153257,12.381219590834007,80.76748761812723,False,14.123642846647677,0.9196858774041899,0.23467291567574516,39.47549497318843,2.010352229848357,0.16129870130000298
0,dflash2_pairwise_k16_tb16,Pairwise-MassPreserving,16,102,629,5.166666666666667,6.1568627450980395,0.47058823529411764,9.167782634340227,109.07762976995652,False,13.990428362750905,1.1567592059067215,0.23394298035532748,38.98161943140853,2.0096964999181948,0.16221309809171705
1,dflash2_pairwise_k16_tb16,Pairwise-MassPreserving,16,107,700,5.542056074766355,6.5327102803738315,0.5327102803738317,8.443678031427615,118.43180143510577,False,13.90614467287786,1.162468065346143,0.23337902798927737,37.76688338323672,2.0087676541628174,0.1613723552594327
2,dflash2_pairwise_k16_tb16,Pairwise-MassPreserving,16,214,1495,5.985981308411215,6.981308411214953,0.7289719626168224,8.056384636120889,124.12515603047166,False,14.019874032740764,1.1350112617692163,0.23413027092744,38.72658833178125,2.00292078035456,0.16322780373857929
3,dflash2_pairwise_k16_tb16,Pairwise-MassPreserving,16,79,510,5.455696202531645,6.443037974683544,0.5316455696202531,8.753014635294676,114.24635301850313,False,13.9743191012724,1.148953544290197,0.23434740499776782,38.98383769629169,2.0027718102845697,0.16257378463913344
4,dflash2_pairwise_k16_tb16,Pairwise-MassPreserving,16,93,635,5.827956989247312,6.817204301075269,0.6129032258064516,8.28543647874067,120.693701842488,False,14.002248397817858,1.1470776021514046,0.23374997850154497,39.022511440830435,2.0053153764096625,0.16170111827108563
5,dflash2_pairwise_k16_tb16,Pairwise-MassPreserving,16,81,408,4.037037037037037,5.0246913580246915,0.24691358024691357,11.240284365198129,88.9657207513516,False,14.003458370176686,1.175635246954137,0.23343813587910708,39.041619790050724,2.000801111187033,0.1627760000836268
6,dflash2_pairwise_k16_tb16,Pairwise-MassPreserving,16,96,615,5.40625,6.395833333333333,0.5416666666666666,8.744390905692528,114.35902291936743,False,13.87335029157081,1.1464074687144905,0.232309051853008,38.611378364578286,1.99360485409746,0.16170420877870129
7,dflash2_pairwise_k16_tb16,Pairwise-MassPreserving,16,127,917,6.21259842519685,7.21259842519685,0.7716535433070866,7.781367611777932,128.51211379428895,True,13.960292929146732,1.1284732598170646,0.2335217795916833,38.703009165411764,1.9976372440589873,0.16221601567742155
8,dflash2_pairwise_k16_tb16,Pairwise-MassPreserving,16,112,784,6.0,6.991071428571429,0.7053571428571429,8.017250246172473,124.73104484638127,False,13.941021178620108,1.1308694107096275,0.23294360715096576,38.65972313393026,1.9941973124722219,0.16199708032412932
9,dflash2_pairwise_k16_tb16,Pairwise-MassPreserving,16,63,432,5.857142857142857,6.841269841269841,0.7142857142857143,8.189273979164009,122.11094689764961,False,13.841311698660508,1.1416624920024159,0.23199099984869087,38.7835650954147,1.9945095239289379,0.16198176155509653
10,dflash2_pairwise_k16_tb16,Pairwise-MassPreserving,16,26,158,5.076923076923077,6.038461538461538,0.38461538461538464,9.15053508228245,109.28322671930202,True,13.463392346238834,1.1444648846988388,0.23247696138311696,38.59204465404149,2.0138617692982033,0.16085719205595803
11,dflash2_pairwise_k16_tb16,Pairwise-MassPreserving,16,86,421,3.895348837209302,4.883720930232558,0.13953488372093023,11.449309216153683,87.34151389580018,False,13.844970395333549,1.1670800232148097,0.23271773261512863,38.6488501744045,1.9929618721044091,0.16178236047528835
12,dflash2_pairwise_k16_tb16,Pairwise-MassPreserving,16,356,2048,4.752808988764045,5.75,0.4157303370786517,9.831104717284767,101.71796850478346,False,14.089007005633208,1.161198629203038,0.23501157294774888,38.90857828931719,1.9999882781192948,0.16268381185592884
13,dflash2_pairwise_k16_tb16,Pairwise-MassPreserving,16,192,1271,5.619791666666667,6.614583333333333,0.5833333333333334,8.545122822974141,117.02581937282777,False,14.059927083299803,1.1468581666728521,0.23493958848537963,38.95226246875912,2.0103594061803656,0.16258614076984182
14,dflash2_pairwise_k16_tb16,Pairwise-MassPreserving,16,175,1083,5.188571428571429,6.182857142857143,0.44571428571428573,9.125787172667152,109.5795881581725,False,14.037352285605655,1.1528292399660651,0.23443253141262435,38.88765909709036,2.0009693429268998,0.16234326298997206
15,dflash2_pairwise_k16_tb16,Pairwise-MassPreserving,16,333,2048,5.15015015015015,6.147147147147147,0.5195195195195195,9.17845100878889,108.95084574101261,False,14.05048741141834,1.1545585164547354,0.23361051943219216,38.85266000303397,1.9953715045111884,0.16216389499837183
16,dflash2_pairwise_k16_tb16,Pairwise-MassPreserving,16,105,543,4.161904761904762,5.161904761904762,0.2761904761904762,10.69163890055443,93.53103011626624,False,13.883157619091522,1.165914419003197,0.23228118097038186,37.8673824476469,1.9815259141545365,0.16078530485780598
17,dflash2_pairwise_k16_tb16,Pairwise-MassPreserving,16,31,189,5.096774193548387,6.064516129032258,0.5161290322580645,9.174335105825097,108.99972460838781,True,13.608656903142542,1.1452902259817723,0.23238474187242136,38.802156354875244,1.9854480320763317,0.15991325821115396
18,dflash2_pairwise_k16_tb16,Pairwise-MassPreserving,16,280,2048,6.314285714285714,7.310714285714286,0.7892857142857143,7.663742495605419,130.48455119328773,False,13.942067589251954,1.1307640250314372,0.2322915429171449,38.605099178507125,1.9825789893015358,0.16200092856187048
19,dflash2_pairwise_k16_tb16,Pairwise-MassPreserving,16,312,2048,5.564102564102564,6.560897435897436,0.5576923076923077,8.618385880859059,116.03100787363707,False,14.008228942383283,1.1710387372589208,0.2353654006070335,38.98841738137913,2.0043290897506383,0.16458930759327836
20,dflash2_pairwise_k16_tb16,Pairwise-MassPreserving,16,81,551,5.802469135802469,6.790123456790123,0.691358024691358,8.420520392013476,118.75750588389522,False,14.136703753216734,1.1770872469140967,0.23794092602555691,39.532326061817,2.0319930988562978,0.1642789872372911
21,dflash2_pairwise_k16_tb16,Pairwise-MassPreserving,16,132,821,5.212121212121212,6.212121212121212,0.5303030303030303,8.909640215591464,112.23797771879111,False,13.919604871261981,1.1549812121770766,0.2328195758061404,37.95642387124396,1.9899522120326627,0.16148050748266873
22,dflash2_pairwise_k16_tb16,Pairwise-MassPreserving,16,234,1545,5.602564102564102,6.598290598290598,0.5811965811965812,8.55393336634357,116.9052828882926,False,14.021429551226342,1.1488747137092983,0.23395897856101086,38.91260322224197,1.9993370170463731,0.16168989756037122
23,dflash2_pairwise_k16_tb16,Pairwise-MassPreserving,16,79,456,4.772151898734177,5.7594936708860756,0.379746835443038,9.76597553069855,102.3963245511502,False,13.887577620210587,1.1631230379954345,0.23378636721150267,38.93290624062824,1.9922680758905769,0.16103286057680438
24,dflash2_pairwise_k16_tb16,Pairwise-MassPreserving,16,151,819,4.423841059602649,5.417218543046357,0.2913907284768212,10.405547706961377,96.10258183055504,False,13.980682152282949,1.1717193642502421,0.23390539068798458,38.89887982772028,1.9909826357572744,0.1618675299725859
25,dflash2_pairwise_k16_tb16,Pairwise-MassPreserving,16,54,364,5.7407407407407405,6.722222222222222,0.6111111111111112,8.440773824176986,118.4725501275358,True,13.97062009258392,1.156604240754354,0.23719620373783443,39.351514703614356,2.018754129494482,0.16237862982288115
26,dflash2_pairwise_k16_tb16,Pairwise-MassPreserving,16,328,2048,5.2439024390243905,6.240853658536586,0.5121951219512195,9.074156300292735,110.20308300924238,False,14.091095804831905,1.17017962804489,0.23457245426870055,38.98555838417251,2.0135854360499406,0.16315494811839548
27,dflash2_pairwise_k16_tb16,Pairwise-MassPreserving,16,45,236,4.2444444444444445,5.222222222222222,0.26666666666666666,10.777468682205173,92.78616616637576,True,13.828580533259405,1.1779975555125728,0.23518193330447604,39.11887313325779,1.999405355672934,0.1617972445577228
28,dflash2_pairwise_k16_tb16,Pairwise-MassPreserving,16,188,1249,5.6436170212765955,6.638297872340425,0.5904255319148937,8.53185308166559,117.20783169003889,False,14.050388005284248,1.1584543615444614,0.2353366488777999,39.05902608514535,2.0061184149334563,0.17304084059937752
29,dflash2_pairwise_k16_tb16,Pairwise-MassPreserving,16,45,289,5.4222222222222225,6.4,0.6,8.791906280276606,113.74097586132805,False,13.811428222228036,1.1499115333814796,0.23061486661188407,39.11899428890643,1.9909623112147932,0.16166466654491765
30,dflash2_pairwise_k16_tb16,Pairwise-MassPreserving,16,65,433,5.661538461538462,6.6461538461538465,0.6153846153846154,8.494750734410195,117.71975791464253,True,13.912132353792773,1.150023569285762,0.23442789228843489,39.13292007698776,1.9966053692489647,0.16199947685191335
31,dflash2_pairwise_k16_tb16,Pairwise-MassPreserving,16,26,150,4.769230769230769,5.730769230769231,0.38461538461538464,9.758649940001002,102.47319108158288,False,13.582949038559141,1.1628212306067536,0.2332437307604078,39.16986169217405,1.9919973844410448,0.1590304234643834
32,dflash2_pairwise_k16_tb16,Pairwise-MassPreserving,16,325,2027,5.236923076923077,6.233846153846154,0.49230769230769234,9.097181577207499,109.92415524665864,False,14.10504936923434,1.1698113846572455,0.23461432305898947,39.06614070460469,2.000067381545355,0.16273855074429705
33,dflash2_pairwise_k16_tb16,Pairwise-MassPreserving,16,85,468,4.5058823529411764,5.4941176470588236,0.3058823529411765,10.307219743590084,97.01937330111605,False,13.997983352900894,1.1559403881512802,0.23397947077362058,39.19784587053394,2.001875917716568,0.16271429404321894
34,dflash2_pairwise_k16_tb16,Pairwise-MassPreserving,16,65,416,5.4,6.384615384615385,0.46153846153846156,8.88345532692588,112.56881058083174,True,13.97988727700207,1.1635510768078698,0.23514904619682617,39.30765807691876,2.0064286769831177,0.16143993841699109
35,dflash2_pairwise_k16_tb16,Pairwise-MassPreserving,16,70,396,4.6571428571428575,5.642857142857143,0.38571428571428573,10.044160151517994,99.56034002990961,False,13.986715442791008,1.16272148583708,0.23482378575343837,39.277874085668635,1.9988413001556182,0.16027275695316462
36,dflash2_pairwise_k16_tb16,Pairwise-MassPreserving,16,59,347,4.88135593220339,5.864406779661017,0.3728813559322034,9.654007772330264,103.58392323508791,True,13.956598423693183,1.1634976610860006,0.23457316934058078,39.262039067780584,2.000628660934419,0.1613188984974532
37,dflash2_pairwise_k16_tb16,Pairwise-MassPreserving,16,127,738,4.811023622047244,5.803149606299213,0.3700787401574803,9.871848348237522,101.29815255706757,False,14.217699960674624,1.1697994802997578,0.234985803124471,39.56245470879825,2.016772244068428,0.16383174791078242
38,dflash2_pairwise_k16_tb16,Pairwise-MassPreserving,16,78,493,5.32051282051282,6.3076923076923075,0.47435897435897434,9.19693983367243,108.73181928827407,False,14.345113294882303,1.1953987692229417,0.23726748722998683,40.138770320575134,2.0470253974706747,0.1658008588305958
39,dflash2_pairwise_k16_tb16,Pairwise-MassPreserving,16,92,549,4.967391304347826,5.956521739130435,0.45652173913043476,9.613373522771145,104.02175652816418,True,14.175339728215318,1.1671798694173365,0.23760504352495723,39.60227486957434,2.0219327825148157,0.1624292719853933
40,dflash2_pairwise_k16_tb16,Pairwise-MassPreserving,16,34,187,4.5,5.470588235294118,0.4117647058823529,10.380784834217685,96.33183000804985,True,13.915609470506539,1.166655852798345,0.23584105875831002,39.60416847038526,2.0138659706122675,0.15817576513654785
41,dflash2_pairwise_k16_tb16,Pairwise-MassPreserving,16,48,350,6.291666666666667,7.270833333333333,0.7708333333333334,7.851638762856186,127.36194700279749,False,14.047706270882069,1.1477266459299547,0.23476337514694023,39.64279306228491,2.0169185832704293,0.161624708312047
42,dflash2_pairwise_k16_tb16,Pairwise-MassPreserving,16,39,249,5.384615384615385,6.358974358974359,0.6153846153846154,8.959526654617077,111.61303923178508,False,13.979862256700216,1.1605439488984979,0.23439787163134987,39.651804923032145,2.0158630769191612,0.1606596407584267
43,dflash2_pairwise_k16_tb16,Pairwise-MassPreserving,16,87,549,5.310344827586207,6.2988505747126435,0.5517241379310345,9.178364233151385,108.95187580245448,False,14.311852551720389,1.1658882988416444,0.23852831026456914,39.99340743669971,2.0458105287595583,0.16315613808321108
44,dflash2_pairwise_k16_tb16,Pairwise-MassPreserving,16,72,484,5.708333333333333,6.708333333333333,0.6666666666666666,8.51908358884407,117.38351778934559,False,14.098308861093756,1.166904194456543,0.23530175000511613,39.57475744447139,2.028968472258283,0.16293229161116565
45,dflash2_pairwise_k16_tb16,Pairwise-MassPreserving,16,108,634,4.861111111111111,5.861111111111111,0.37962962962962965,9.753752772870916,102.5246408522266,False,14.167177564811734,1.1843342128351517,0.23651869443913004,39.4881278795125,2.0189379259607922,0.16304500021996554
46,dflash2_pairwise_k16_tb16,Pairwise-MassPreserving,16,305,1753,4.747540983606557,5.744262295081967,0.3836065573770492,9.970911860239623,100.29172998586388,False,14.275340721300768,1.1731497639481008,0.2358755148321268,39.442386127860225,2.0177672294848294,0.16370520322988208
47,dflash2_pairwise_k16_tb16,Pairwise-MassPreserving,16,97,624,5.43298969072165,6.422680412371134,0.4536082474226804,8.83795862179317,113.14830073249493,False,14.081233134084428,1.1621759173986275,0.2337332989742377,39.21658171133196,1.99809728875368,0.1626753504770493
48,dflash2_pairwise_k16_tb16,Pairwise-MassPreserving,16,197,1096,4.563451776649746,5.558375634517766,0.350253807106599,10.102493156934218,98.9854667027033,False,14.150950380703739,1.1775175177722372,0.23482971064460365,38.46674764466157,2.012009994858293,0.1626782538971319
49,dflash2_pairwise_k16_tb16,Pairwise-MassPreserving,16,60,399,5.633333333333334,6.633333333333334,0.5166666666666667,8.55192250877334,116.93277142936095,False,14.005843866895399,1.1516447167499184,0.23199903331866759,39.31422010003492,2.0064891666758435,0.16008779966795542
50,dflash2_pairwise_k16_tb16,Pairwise-MassPreserving,16,114,739,5.482456140350878,6.473684210526316,0.5263157894736842,8.77794011772612,113.92194371212513,False,14.094340254288047,1.1544419999234123,0.23420799125392877,39.25453925435968,2.00290490354012,0.16217741242080433
51,dflash2_pairwise_k16_tb16,Pairwise-MassPreserving,16,56,338,5.035714285714286,6.017857142857143,0.4107142857142857,9.275499017752542,107.81091109880796,True,13.958026535777078,1.153353035793511,0.23479074999548694,38.46523371443514,2.0114697857219914,0.16138810685463664
52,dflash2_pairwise_k16_tb16,Pairwise-MassPreserving,16,68,460,5.764705882352941,6.75,0.6029411764705882,8.398480697823011,119.06915500314388,False,14.017933367647535,1.1520702206753948,0.23331541179312112,39.247529455866136,2.0014312058265205,0.1609721175822522
53,dflash2_pairwise_k16_tb16,Pairwise-MassPreserving,16,65,347,4.338461538461538,5.323076923076923,0.24615384615384617,10.647471576365426,93.91901099034027,False,14.005434153883611,1.1864950000577106,0.23328820025199093,39.256338461676094,1.9980417999669533,0.16151987645291507
54,dflash2_pairwise_k16_tb16,Pairwise-MassPreserving,16,337,2048,5.077151335311573,6.074183976261128,0.47181008902077154,9.398750515136278,106.39712144604154,False,14.209827626106234,1.1746825044875369,0.23640695841251824,39.323659922875756,2.008678400622182,0.16437383081653612
55,dflash2_pairwise_k16_tb16,Pairwise-MassPreserving,16,173,1207,5.976878612716763,6.971098265895954,0.6705202312138728,8.10304805550897,123.41035041994304,False,14.032985687926173,1.1480012716374877,0.23571724271914193,38.96923473410088,1.9856880173361167,0.16235572257687506
56,dflash2_pairwise_k16_tb16,Pairwise-MassPreserving,16,95,505,4.315789473684211,5.3052631578947365,0.3684210526315789,10.644559837622875,93.94470182463817,False,13.985649378925078,1.1641156736387577,0.23281970520895956,39.05091192613518,1.9900614631631852,0.16068098976622996
57,dflash2_pairwise_k16_tb16,Pairwise-MassPreserving,16,51,302,4.921568627450981,5.901960784313726,0.43137254901960786,9.532616407281035,104.9029938135555,False,13.872686019763647,1.1590228235696023,0.23144000004001153,39.03342754917913,1.9912285096521087,0.16023735267534742
58,dflash2_pairwise_k16_tb16,Pairwise-MassPreserving,16,78,413,4.294871794871795,5.282051282051282,0.28205128205128205,10.696271610172396,93.49052047715182,False,13.973350474234627,1.1793337435870528,0.23384570515470562,39.09403884608764,1.9940308845831076,0.16078720534259888
59,dflash2_pairwise_k16_tb16,Pairwise-MassPreserving,16,28,151,4.392857142857143,5.357142857142857,0.2857142857142857,10.436994092718589,95.8130273061718,True,13.645288464366397,1.1494089643357646,0.23187057136705594,39.10573342864154,1.9911433930376785,0.16177332112679974
60,dflash2_pairwise_k16_tb16,Pairwise-MassPreserving,16,55,307,4.581818181818182,5.5636363636363635,0.4,10.132703114005805,98.69034834522706,True,13.906983763676676,1.1655806908741149,0.23170909090285105,39.09949489084697,1.9944110362385716,0.16072700018412434
61,dflash2_pairwise_k16_tb16,Pairwise-MassPreserving,16,84,504,5.0,5.988095238095238,0.42857142857142855,9.433786150793821,106.00197884662177,True,13.973637773904644,1.1582932737881146,0.23276734518298153,39.075398749987684,2.000396916584924,0.1622228453145778
62,dflash2_pairwise_k16_tb16,Pairwise-MassPreserving,16,119,731,5.142857142857143,6.1344537815126055,0.5378151260504201,9.218932344732902,108.47243071171195,False,14.02487567223133,1.1526729746695026,0.23292475636190532,39.04933173959892,2.010268445372872,0.1605108151247308
63,dflash2_pairwise_k16_tb16,Pairwise-MassPreserving,16,41,236,4.7560975609756095,5.7317073170731705,0.4146341463414634,9.8121450169486,101.91451494782146,True,13.818420438971172,1.1556179513097116,0.23591304892672668,39.113648902701506,1.9960479026716402,0.16001575541605878
64,dflash2_pairwise_k16_tb16,Pairwise-MassPreserving,16,209,1220,4.837320574162679,5.832535885167464,0.37799043062200954,9.83914654098342,101.63483141903183,False,14.27737681823553,1.176230081335617,0.23676945458742252,39.56834095690596,2.0122524352900744,0.16328278952947461
65,dflash2_pairwise_k16_tb16,Pairwise-MassPreserving,16,137,893,5.518248175182482,6.510948905109489,0.5912408759124088,8.82805944232917,113.27517746484077,False,14.285977211688223,1.164207401475954,0.23775643796105972,39.6777753724358,2.014852167944909,0.16291375885865003
66,dflash2_pairwise_k16_tb16,Pairwise-MassPreserving,16,314,2048,5.522292993630574,6.519108280254777,0.5923566878980892,8.698423678222156,114.9633585339898,False,14.127616678335796,1.1506714044910598,0.2348703280525804,39.05782719754773,1.9993759045116644,0.16330629915981865
67,dflash2_pairwise_k16_tb16,Pairwise-MassPreserving,16,103,609,4.912621359223301,5.902912621359223,0.4368932038834951,9.593418067321444,104.23813420644636,False,14.033403281502208,1.15484501929158,0.23478339805911427,39.14097059221833,1.9968950485421268,0.161351233190129
68,dflash2_pairwise_k16_tb16,Pairwise-MassPreserving,16,63,386,5.126984126984127,6.111111111111111,0.4126984126984127,9.264745945592901,107.9360411901726,False,13.970677746126764,1.1681684444204345,0.2335951270190038,39.2331217617683,1.9970813809200154,0.16230688893373885
69,dflash2_pairwise_k16_tb16,Pairwise-MassPreserving,16,62,384,5.193548387096774,6.17741935483871,0.532258064516129,9.125286914060856,109.58559543581393,True,13.91168250038097,1.151665983930035,0.23353012910510804,39.06546553228127,1.9943292578142475,0.16123264486527805
70,dflash2_pairwise_k16_tb16,Pairwise-MassPreserving,16,136,857,5.301470588235294,6.294117647058823,0.5367647058823529,8.975543458577752,111.41386642658607,False,14.038556867891362,1.1542540808423998,0.23388545578735134,38.97569153658718,1.9932880735562803,0.16344710299081805
71,dflash2_pairwise_k16_tb16,Pairwise-MassPreserving,16,192,1016,4.291666666666667,5.286458333333333,0.28125,10.670850528543907,93.7132421942429,False,14.016260817641069,1.1676807240898295,0.23414363535797142,38.894540286321444,1.9922911092749018,0.16166747419295766
72,dflash2_pairwise_k16_tb16,Pairwise-MassPreserving,16,51,316,5.196078431372549,6.176470588235294,0.47058823529411764,9.118253104433382,109.6701296341281,False,13.869339255239431,1.1565305881673589,0.23368623520831996,39.08189580383181,1.996271333779327,0.1596881759492137
73,dflash2_pairwise_k16_tb16,Pairwise-MassPreserving,16,95,607,5.389473684210526,6.378947368421053,0.5684210526315789,8.835134309723905,113.18447065364983,False,13.942127252812497,1.1562907578129518,0.23266073717662183,38.96899797867886,1.9895797474371073,0.1622016945284007
74,dflash2_pairwise_k16_tb16,Pairwise-MassPreserving,16,109,699,5.4036697247706424,6.4036697247706424,0.5688073394495413,8.788303583692393,113.78760308822325,False,13.95237310087963,1.1612616878639963,0.2334163121496212,38.859100871535986,1.9911101926398493,0.16075806429773318
75,dflash2_pairwise_k16_tb16,Pairwise-MassPreserving,16,158,990,5.265822784810126,6.2594936708860756,0.5063291139240507,8.970500846463079,111.47649580728634,False,13.952474886214596,1.1634160568110594,0.2332733989602229,38.70554310125516,1.9909695505633909,0.16189160112245893
76,dflash2_pairwise_k16_tb16,Pairwise-MassPreserving,16,57,331,4.807017543859649,5.7894736842105265,0.38596491228070173,9.671708117821254,103.39435266428099,False,13.83711989476803,1.1601311580626203,0.2306249648028282,38.79005473655732,1.9838256142209407,0.1620223508660657
77,dflash2_pairwise_k16_tb16,Pairwise-MassPreserving,16,327,1864,4.700305810397554,5.697247706422019,0.43119266055045874,9.958959362660599,100.41209764840768,False,14.219632703293914,1.176468272230998,0.23684019564803324,38.96419724159545,2.008972431190646,0.16300307652829016
78,dflash2_pairwise_k16_tb16,Pairwise-MassPreserving,16,38,217,4.7105263157894735,5.684210526315789,0.42105263157894735,9.90797130413869,100.9288349051119,True,13.871728763230127,1.1633758156102358,0.23532189458676026,39.11102831568171,2.035755236647674,0.1625208426144366
79,dflash2_pairwise_k16_tb16,Pairwise-MassPreserving,16,137,927,5.766423357664234,6.759124087591241,0.656934306569343,8.291191249192654,120.60993046052025,False,13.953472087610118,1.1514442920048353,0.23325807294391102,38.61163359854063,1.98922948922939,0.16267259106958576
80,dflash2_pairwise_k16_tb16,Pairwise-MassPreserving,16,62,414,5.67741935483871,6.661290322580645,0.6290322580645161,8.441993082124979,118.45543940534534,True,13.897345241921064,1.146857741743236,0.23349450003156708,38.92224080646561,2.009825532314285,0.16096417752006317
81,dflash2_pairwise_k16_tb16,Pairwise-MassPreserving,16,107,654,5.11214953271028,6.102803738317757,0.4485981308411215,9.177759954128787,108.95904937567379,False,13.924168551473434,1.1540456447126366,0.23567223357429476,38.62772676612307,1.9928648131592177,0.16136320591273187
82,dflash2_pairwise_k16_tb16,Pairwise-MassPreserving,16,81,558,5.888888888888889,6.8765432098765435,0.5925925925925926,8.142379272404114,122.81422500044519,False,13.886059222487448,1.1420985062647593,0.23287317270404417,38.67595340731592,1.9926867407102018,0.16227504930151396
83,dflash2_pairwise_k16_tb16,Pairwise-MassPreserving,16,54,336,5.222222222222222,6.203703703703703,0.3888888888888889,9.029469270834463,110.74848033760289,False,13.83016516673605,1.1477818516814968,0.23424533328916705,38.81767688889576,1.9920487406866245,0.16144637056977781
84,dflash2_pairwise_k16_tb16,Pairwise-MassPreserving,16,125,718,4.744,5.736,0.384,9.8816541072427,101.19763241531152,False,14.073539583943784,1.1649897840688936,0.23568479216191918,39.11388603987871,2.010513583983993,0.16160740796476603
85,dflash2_pairwise_k16_tb16,Pairwise-MassPreserving,16,100,501,4.0,5.0,0.21,11.351926510978085,88.09077463925898,False,14.067925660092442,1.177792670132476,0.23554425992188044,39.2210819799584,2.008039449901844,0.16276779999316204
86,dflash2_pairwise_k16_tb16,Pairwise-MassPreserving,16,100,587,4.86,5.86,0.38,9.675328294721341,103.35566603415197,False,14.060036499722628,1.1646697401374695,0.2333358797841356,39.17040692002047,2.002505520104023,0.16322253024554811
87,dflash2_pairwise_k16_tb16,Pairwise-MassPreserving,16,36,236,5.527777777777778,6.527777777777778,0.6388888888888888,8.512061788139162,117.48035022412729,True,13.810469222436142,1.1711036665171075,0.23615572212697267,38.41330508344577,2.007115194727602,0.1631450552142471
88,dflash2_pairwise_k16_tb16,Pairwise-MassPreserving,16,51,336,5.588235294117647,6.568627450980392,0.5098039215686274,8.52939639880138,117.24159052339603,True,13.830209882072785,1.1478132945936237,0.23413913717662332,38.8270669020273,1.991333999980912,0.1631071762519651
89,dflash2_pairwise_k16_tb16,Pairwise-MassPreserving,16,53,345,5.509433962264151,6.490566037735849,0.5660377358490566,8.646582423197273,115.65263025969362,True,13.831794075228554,1.1788720002409976,0.23250645286027993,38.88279218895236,1.9952754911122061,0.16311707468220155
90,dflash2_pairwise_k16_tb16,Pairwise-MassPreserving,16,107,719,5.719626168224299,6.710280373831775,0.616822429906542,8.373141777465891,119.42948376811641,False,13.948231850399594,1.144156317856537,0.23315577553182615,38.78196535495199,1.9951971402423343,0.1616761591296347
91,dflash2_pairwise_k16_tb16,Pairwise-MassPreserving,16,63,388,5.158730158730159,6.142857142857143,0.47619047619047616,9.146719342781354,109.3288164339716,False,13.88658850815513,1.1610396985137383,0.2331450476568924,38.89239585681473,1.9973415872964468,0.16166557139109095
92,dflash2_pairwise_k16_tb16,Pairwise-MassPreserving,16,68,406,4.970588235294118,5.955882352941177,0.47058823529411764,9.545074268478256,104.76607848955241,False,14.066219485411079,1.1656206030131537,0.23716651471391637,39.33658773525274,2.02228279410038,0.16183099989361568
93,dflash2_pairwise_k16_tb16,Pairwise-MassPreserving,16,75,473,5.306666666666667,6.293333333333333,0.5066666666666667,8.998073661736132,111.13489815630773,False,14.018155453474415,1.155380746689237,0.23615805364291495,39.16947511956096,2.004467200022191,0.16421465329282606
94,dflash2_pairwise_k16_tb16,Pairwise-MassPreserving,16,99,589,4.94949494949495,5.9393939393939394,0.43434343434343436,9.542619461800316,104.79302920996281,False,14.063169434306511,1.1646133332191073,0.23504094952850302,39.14660080790966,2.0027952220948233,0.16154654587459083
95,dflash2_pairwise_k16_tb16,Pairwise-MassPreserving,16,138,892,5.463768115942029,6.456521739130435,0.5289855072463768,8.776893530268818,113.93552816281822,True,14.084414978176516,1.1556847970285267,0.23576699282600294,39.08526487678013,2.007499478207572,0.1631734349507167
96,dflash2_pairwise_k16_tb16,Pairwise-MassPreserving,16,90,506,4.622222222222222,5.611111111111111,0.32222222222222224,10.140704889327099,98.6124742721269,False,14.112666188965603,1.1910725998556397,0.23726845558687476,39.287466611009826,2.0197362112311463,0.16508631112325625
97,dflash2_pairwise_k16_tb16,Pairwise-MassPreserving,16,66,476,6.212121212121212,7.196969696969697,0.7272727272727273,7.880972861344429,126.88788777651091,False,14.020926166708566,1.1480955151152255,0.23559646968241202,39.25427243920046,2.017244636149509,0.16239631859758502
98,dflash2_pairwise_k16_tb16,Pairwise-MassPreserving,16,145,947,5.531034482758621,6.524137931034483,0.5655172413793104,8.649756708553337,115.61018808900684,False,14.039957048175737,1.162464682470429,0.2359661243550865,38.88840462073106,2.0034761932038236,0.16159066209842549
99,dflash2_pairwise_k16_tb16,Pairwise-MassPreserving,16,69,494,6.144927536231884,7.144927536231884,0.6956521739130435,7.9453542631578795,125.85971208822477,False,14.04093872490879,1.1427461594512747,0.2339631450856847,39.2855306959393,2.017657217420756,0.1632945789332144
100,dflash2_pairwise_k16_tb16,Pairwise-MassPreserving,16,89,457,4.123595505617978,5.123595505617978,0.25842696629213485,11.084480122537622,90.21622926335903,False,14.087582202152456,1.1761207526760291,0.23561624758268623,39.23530726943896,2.0182454043177214,0.16406538225566508
101,dflash2_pairwise_k16_tb16,Pairwise-MassPreserving,16,156,1120,6.17948717948718,7.173076923076923,0.7692307692307693,7.923431618749938,126.20794222967848,False,14.140824641216545,1.1497389742800852,0.23546147452016625,39.18052392325477,2.016361166636507,0.16326554445046126
102,dflash2_pairwise_k16_tb16,Pairwise-MassPreserving,16,26,171,5.576923076923077,6.538461538461538,0.5384615384615384,8.53680767249898,117.13980663069921,True,13.581460154035504,1.154440768704472,0.23478453812668493,39.01816046149739,1.9979132687764762,0.1591681933720023
103,dflash2_pairwise_k16_tb16,Pairwise-MassPreserving,16,91,607,5.670329670329671,6.65934065934066,0.5714285714285714,8.454146889622185,118.28514610120405,False,13.961182538228709,1.1461382197452181,0.2353819016227115,38.888602263966106,1.9976799780884145,0.16296193352099914
104,dflash2_pairwise_k16_tb16,Pairwise-MassPreserving,16,60,400,5.666666666666667,6.65,0.5666666666666667,8.459257122494819,118.21369010534086,True,13.877293783176961,1.18033281693594,0.23636526627039225,38.938016616278524,2.0013516500815363,0.1616873505554469
105,dflash2_pairwise_k16_tb16,Pairwise-MassPreserving,16,38,235,5.184210526315789,6.157894736842105,0.4473684210526316,9.208408059574603,108.59640380078862,True,13.904068631362813,1.1692010262585857,0.23717886860571238,39.432685762796226,2.041087630890328,0.16251213271875473
106,dflash2_pairwise_k16_tb16,Pairwise-MassPreserving,16,67,432,5.447761194029851,6.432835820895522,0.5373134328358209,8.863775076389613,112.8187472472868,True,14.077526597302223,1.1603857165027875,0.2356467761165365,39.471156970472265,2.0446222388001383,0.1621666709599676
107,dflash2_pairwise_k16_tb16,Pairwise-MassPreserving,16,307,2048,5.671009771986971,6.6677524429967425,0.6254071661237784,8.414392130859483,118.84399781328656,False,13.981986403835847,1.1514050358516188,0.23361855363183207,38.6078188891354,1.9957569511995024,0.1619062966396744
108,dflash2_pairwise_k16_tb16,Pairwise-MassPreserving,16,80,461,4.7625,5.75,0.3875,9.742922143167032,102.63861142535418,False,13.88319802508704,1.1591296249207517,0.23275038756764843,38.711175474963966,1.9950417377913254,0.16229359966928314
109,dflash2_pairwise_k16_tb16,Pairwise-MassPreserving,16,55,329,4.9818181818181815,5.963636363636364,0.41818181818181815,9.412818264436808,106.2381076428689,False,13.85316140010466,1.1726311087179717,0.23533741828445767,38.88509354510461,1.9987081455341964,0.16083581861246124
110,dflash2_pairwise_k16_tb16,Pairwise-MassPreserving,16,289,1599,4.532871972318339,5.529411764705882,0.328719723183391,10.164609540336984,98.38056208963313,False,14.001098221355134,1.1658403876508066,0.23326987880159245,38.68304296201254,1.9936821490490348,0.1625496364209904
111,dflash2_pairwise_k16_tb16,Pairwise-MassPreserving,16,322,2048,5.357142857142857,6.357142857142857,0.5279503105590062,8.884634201660191,112.55387417223537,False,14.106229807614723,1.15641961177892,0.2346747453472366,38.83212172052634,2.0160501769411967,0.16298482288497643
112,dflash2_pairwise_k16_tb16,Pairwise-MassPreserving,16,36,245,5.777777777777778,6.777777777777778,0.6111111111111112,8.32270257144083,120.1532785073298,True,13.829367833548329,1.1555612777050959,0.23632102774071326,39.24460308321108,2.013270500457212,0.16149099964321875
113,dflash2_pairwise_k16_tb16,Pairwise-MassPreserving,16,35,249,6.114285714285714,7.085714285714285,0.7428571428571429,7.968128891559491,125.49997792571901,False,13.834014971195886,1.153459285809991,0.23626842864489714,39.2934850282992,2.0103180001439926,0.15999982871497714
114,dflash2_pairwise_k16_tb16,Pairwise-MassPreserving,16,176,1155,5.5625,6.556818181818182,0.5568181818181818,8.647564710822163,115.63949313366,False,14.153224823758137,1.161838261520064,0.23576174422404703,39.01945971618013,2.0160038749178386,0.16335499417022534
115,dflash2_pairwise_k16_tb16,Pairwise-MassPreserving,16,315,2048,5.501587301587302,6.498412698412698,0.5650793650793651,8.655144025878414,115.53822755693653,False,14.01522485393798,1.15521506028479,0.2340533111164982,38.70098574604656,2.0041312699345686,0.16256425073989372
116,dflash2_pairwise_k16_tb16,Pairwise-MassPreserving,16,269,1541,4.728624535315985,5.724907063197026,0.41263940520446096,9.977702165476916,100.22347664976647,False,14.22056653885507,1.1808531114782448,0.2403840260260148,39.3215661263683,2.029244527855276,0.16589510064359173
117,dflash2_pairwise_k16_tb16,Pairwise-MassPreserving,16,49,334,5.816326530612245,6.795918367346939,0.6530612244897959,8.124097203587505,123.09060009257544,False,13.789741836838086,1.1558066529390516,0.23578036728265164,38.0340833875454,2.0002006326370863,0.1608864288439837
118,dflash2_pairwise_k16_tb16,Pairwise-MassPreserving,16,143,810,4.6573426573426575,5.6573426573426575,0.3916083916083916,9.96200525061997,100.3813966006258,False,13.996667580556334,1.1905387484682626,0.23519955937228804,38.839962055784135,2.0025808321311254,0.16319285307370185
119,dflash2_pairwise_k16_tb16,Pairwise-MassPreserving,16,165,1036,5.278787878787878,6.2727272727272725,0.48484848484848486,8.98072400193006,111.34959718003678,False,14.009347842401246,1.177584139540241,0.23485850902171945,38.80209453336923,2.002006775750708,0.16216920597468165
120,dflash2_pairwise_k16_tb16,Pairwise-MassPreserving,16,319,2048,5.420062695924765,6.41692789968652,0.5454545454545454,8.781710052245373,113.87303771710302,False,14.032514673859982,1.152680144177879,0.23501994978559138,38.792065683368016,2.0044876206915303,0.162361040965035
121,dflash2_pairwise_k16_tb16,Pairwise-MassPreserving,16,130,901,5.930769230769231,6.923076923076923,0.7,8.115913008882888,123.21472629210015,True,13.971314761651088,1.1415235077248116,0.2344885462662205,38.73772762297169,2.0020569845935543,0.16240873835788358
122,dflash2_pairwise_k16_tb16,Pairwise-MassPreserving,16,108,670,5.203703703703703,6.194444444444445,0.5740740740740741,9.080432040295207,110.12691858299395,False,13.958278935273551,1.1478990369074313,0.2344625648860259,38.83245287987073,1.9982229072478799,0.16099355542354277
123,dflash2_pairwise_k16_tb16,Pairwise-MassPreserving,16,257,1371,4.334630350194552,5.330739299610895,0.3229571984435798,10.638194560175062,94.00091287515839,False,14.115379112876262,1.175300731686155,0.23497348256179962,39.05646275871176,2.005178447423688,0.16354103872481396
124,dflash2_pairwise_k16_tb16,Pairwise-MassPreserving,16,38,243,5.394736842105263,6.368421052631579,0.5263157894736842,8.855570436209424,112.92327323275678,True,13.848471631430776,1.1529165262082213,0.2394482102988006,39.21218510511512,2.0148558157272514,0.1611652375064104
125,dflash2_pairwise_k16_tb16,Pairwise-MassPreserving,16,39,214,4.487179487179487,5.461538461538462,0.3076923076923077,10.333229308403515,96.77516777710026,True,13.851631897313592,1.1703266153255334,0.23455023097668368,39.265928153886655,2.0134191539769883,0.16442784591419743
126,dflash2_pairwise_k16_tb16,Pairwise-MassPreserving,16,42,294,6.0,6.976190476190476,0.6666666666666666,8.0961559081695,123.51540797169443,False,13.853399190338678,1.1573864761712251,0.23506542865583296,39.258126190578054,2.0085131190647925,0.16060095237791477
127,dflash2_pairwise_k16_tb16,Pairwise-MassPreserving,16,215,970,3.511627906976744,4.506976744186047,0.16279069767441862,12.589109689691108,79.43373476353723,False,14.106622776646049,1.1900108838068093,0.23571612087665883,39.09221623258037,2.0095990092201204,0.16321357687174473
0,dflash2_pairwise_k16_tb32,Pairwise-MassPreserving,32,115,779,5.773913043478261,6.765217391304348,0.6,8.40601924261809,118.96237340619575,False,14.038694356555505,1.6448574608385451,0.2348902608703255,38.838644582542855,2.0179717826186274,0.16658494787407108
1,dflash2_pairwise_k16_tb32,Pairwise-MassPreserving,32,107,727,5.794392523364486,6.785046728971962,0.6074766355140186,8.196556332877112,122.0024555908817,False,13.91838685992646,1.6197272429580551,0.23694068223899492,37.73556276645879,2.0120922524604956,0.16791126139328172
2,dflash2_pairwise_k16_tb32,Pairwise-MassPreserving,32,198,1400,6.070707070707071,7.065656565656566,0.702020202020202,8.00770117357258,124.87978488760926,False,14.017458636441336,1.612247611149661,0.2351970606377099,38.579084075738336,2.0083350251812275,0.16778689894066462
3,dflash2_pairwise_k16_tb32,Pairwise-MassPreserving,32,79,550,5.962025316455696,6.949367088607595,0.6455696202531646,8.17033197454624,122.39404752651284,True,13.96921416447565,1.621784316417297,0.235187620241556,38.87207115186828,2.01857984817091,0.16522094946468097
4,dflash2_pairwise_k16_tb32,Pairwise-MassPreserving,32,89,631,6.089887640449438,7.078651685393258,0.7078651685393258,8.016710153723869,124.73944808089222,False,13.992489505643574,1.6167195730651676,0.23626777521018044,38.814576516875256,2.010952123568172,0.166568741590024
5,dflash2_pairwise_k16_tb32,Pairwise-MassPreserving,32,133,769,4.7819548872180455,5.774436090225564,0.37593984962406013,9.848044556568894,101.54300117711945,False,14.047867939874216,1.6745987594136627,0.23566348876132756,38.8086317217862,2.0063268571369495,0.1678605864222245
6,dflash2_pairwise_k16_tb32,Pairwise-MassPreserving,32,94,620,5.595744680851064,6.585106382978723,0.574468085106383,8.54045937742065,117.08972033094729,False,13.873835500081887,1.6251022978665672,0.23456192547142718,38.43773392544151,1.995113808392334,0.16434205339310018
7,dflash2_pairwise_k16_tb32,Pairwise-MassPreserving,32,121,917,6.578512396694215,7.570247933884297,0.8264462809917356,7.456541225737241,134.1104366926005,True,13.947796958640808,1.6015846116309802,0.23594107441875933,38.54813018191003,2.0104456858567303,0.16559160325384203
8,dflash2_pairwise_k16_tb32,Pairwise-MassPreserving,32,110,785,6.136363636363637,7.127272727272727,0.7090909090909091,7.917426617834257,126.30366510091396,True,13.954623800054833,1.6051286000550713,0.23432639101718616,38.536279100001344,2.0059177636126564,0.16535975434883518
9,dflash2_pairwise_k16_tb32,Pairwise-MassPreserving,32,57,400,6.0,7.0,0.6666666666666666,8.063312442500319,124.01851064696113,False,13.863089684316053,1.6144133859549918,0.234057052678014,38.705370526274734,2.004063491129496,0.16365457894719662
10,dflash2_pairwise_k16_tb32,Pairwise-MassPreserving,32,33,226,5.848484848484849,6.818181818181818,0.5757575757575758,8.184927526551203,122.175791631152,False,13.6038123636712,1.611675606027623,0.2334089695068542,38.4442981211936,1.9952228483982088,0.1659342427350027
11,dflash2_pairwise_k16_tb32,Pairwise-MassPreserving,32,89,488,4.48314606741573,5.47191011235955,0.2696629213483146,10.28222827459163,97.25518373007685,False,13.857475977530473,1.670746674320204,0.23528855065327905,38.45836678648196,1.991778370906145,0.16530316820586613
12,dflash2_pairwise_k16_tb32,Pairwise-MassPreserving,32,320,2048,5.4,6.396875,0.56875,8.898056730957116,112.38408904732117,False,14.089186374962992,1.6475347281243558,0.23611881556462322,38.80363114682268,2.0035777906116436,0.1675142220392445
13,dflash2_pairwise_k16_tb32,Pairwise-MassPreserving,32,297,2048,5.895622895622895,6.892255892255892,0.6767676767676768,8.260887143066498,121.05237399827172,False,14.086044138104736,1.640938363646391,0.23612364310967604,38.82445800679524,2.008933720527707,0.16746464970240194
14,dflash2_pairwise_k16_tb32,Pairwise-MassPreserving,32,45,302,5.711111111111111,6.688888888888889,0.6,8.46421223841329,118.14448549171316,False,13.842391555509595,1.6535992889354627,0.23427759996492467,38.90003979985421,2.0092758889707816,0.1646846667831091
15,dflash2_pairwise_k16_tb32,Pairwise-MassPreserving,32,300,2048,5.826666666666667,6.823333333333333,0.6466666666666666,8.323399876952742,120.1432124832752,False,14.067435526631016,1.6373042400361253,0.23509025670136907,38.713062689997365,2.001611706661303,0.1665720733035414
16,dflash2_pairwise_k16_tb32,Pairwise-MassPreserving,32,99,551,4.565656565656566,5.555555555555555,0.37373737373737376,9.999005268604009,100.0099483035489,False,13.8858163736586,1.6663583637729071,0.23620045451227473,37.705724222325095,1.991801323119852,0.1651285858517642
17,dflash2_pairwise_k16_tb32,Pairwise-MassPreserving,32,28,189,5.75,6.714285714285714,0.6071428571428571,8.314969915344681,120.26501721366083,True,13.552896035824753,1.621007928796254,0.2342715714413706,38.55382321431274,1.9981303929463528,0.16591778525513032
18,dflash2_pairwise_k16_tb32,Pairwise-MassPreserving,32,312,2048,5.564102564102564,6.560897435897436,0.5801282051282052,8.597138391113646,116.31777395064861,False,13.941612448737336,1.644431532073353,0.23326894862899886,38.45964840383413,1.987893586578465,0.16564323720138838
19,dflash2_pairwise_k16_tb32,Pairwise-MassPreserving,32,309,2048,5.627831715210356,6.624595469255663,0.5792880258899676,8.863118426758021,112.82710574880393,False,14.501129255681784,1.7938829676371895,0.25254378647111736,39.93275935277179,2.087779915827305,0.1751621261429404
20,dflash2_pairwise_k16_tb32,Pairwise-MassPreserving,32,79,551,5.974683544303797,6.962025316455696,0.7215189873417721,8.440497295822885,118.47643153619511,False,14.426475620283885,1.6890153924059979,0.2462340380819264,40.26552808863926,2.0712610885196607,0.17128336698585336
21,dflash2_pairwise_k16_tb32,Pairwise-MassPreserving,32,127,823,5.47244094488189,6.47244094488189,0.5826771653543307,8.609631287970705,116.14899251227988,False,13.917607094578749,1.6343782519943202,0.23623188177784116,37.845247385751385,1.9935469290645615,0.16611089777716817
22,dflash2_pairwise_k16_tb32,Pairwise-MassPreserving,32,142,946,5.661971830985915,6.654929577464789,0.6408450704225352,8.495952919661317,117.70310045925538,False,13.940814352076494,1.6323016478848549,0.23427885205076654,38.62711502812013,1.999320070328241,0.16596907770575162
23,dflash2_pairwise_k16_tb32,Pairwise-MassPreserving,32,75,441,4.88,5.866666666666666,0.38666666666666666,9.646113156460961,103.66869886138548,True,13.897544293286046,1.6656323998904554,0.23640878661050616,38.7542083865992,1.9992478532609919,0.16610364034325661
24,dflash2_pairwise_k16_tb32,Pairwise-MassPreserving,32,146,838,4.739726027397261,5.732876712328767,0.3287671232876712,9.894503034605227,101.06621792954942,False,13.983082890499894,1.6741073012818648,0.2337284725785737,38.735363595911274,1.9990555958354714,0.16639873977772068
25,dflash2_pairwise_k16_tb32,Pairwise-MassPreserving,32,50,363,6.26,7.24,0.7,7.88031961707952,126.89840623121886,False,13.967335799898137,1.630968279823719,0.23772486012603622,39.194634499908716,2.017074419891287,0.16338256034941878
26,dflash2_pairwise_k16_tb32,Pairwise-MassPreserving,32,216,1311,5.069444444444445,6.064814814814815,0.44907407407407407,9.379088883296308,106.62016454294941,False,14.018837499971024,1.6727349860772207,0.23577315278089372,38.82628347221524,2.0049504769051256,0.16727932872393245
27,dflash2_pairwise_k16_tb32,Pairwise-MassPreserving,32,43,237,4.511627906976744,5.488372093023256,0.3488372093023256,10.304478413503917,97.04518364457049,False,13.792666767395255,1.679315163041898,0.23515044191553053,38.92060123266568,2.000546627916561,0.16617055777270823
28,dflash2_pairwise_k16_tb32,Pairwise-MassPreserving,32,127,849,5.68503937007874,6.677165354330708,0.6220472440944882,8.520834570081378,117.35939616891888,False,14.035465094527504,1.6427436771843396,0.2361809999463616,38.87052031490112,2.0110122756497417,0.1661922047128965
29,dflash2_pairwise_k16_tb32,Pairwise-MassPreserving,32,52,347,5.673076923076923,6.653846153846154,0.6730769230769231,8.521856167145895,117.34532716654802,False,13.866816442259733,1.6176252885228537,0.23492886545612307,38.974249422853276,2.008988730897097,0.16439298077295042
30,dflash2_pairwise_k16_tb32,Pairwise-MassPreserving,32,70,481,5.871428571428571,6.857142857142857,0.6428571428571429,8.307323850311608,120.3757091957466,False,13.961408157255002,1.638359871477795,0.23696525713603478,39.07052248567717,2.0103756570668856,0.16555102852830064
31,dflash2_pairwise_k16_tb32,Pairwise-MassPreserving,32,25,155,5.2,6.16,0.48,9.119841832251685,109.65102447978535,True,13.581770919990959,1.6481471600855002,0.2354254000238143,38.9100004802458,2.0015637201140635,0.16611167950031813
32,dflash2_pairwise_k16_tb32,Pairwise-MassPreserving,32,312,2048,5.564102564102564,6.560897435897436,0.5673076923076923,8.692490677733922,115.0418259937316,False,14.092682996790291,1.661310153867117,0.23653297118168362,38.89518328204152,2.0045645993867276,0.16812634288353132
33,dflash2_pairwise_k16_tb32,Pairwise-MassPreserving,32,75,461,5.1466666666666665,6.133333333333334,0.4666666666666667,9.294668520609038,107.58855980530164,False,14.001716733376574,1.6568058799748542,0.23383145320015805,39.06761767999948,2.0061015199947483,0.16515590679773595
34,dflash2_pairwise_k16_tb32,Pairwise-MassPreserving,32,62,430,5.935483870967742,6.919354838709677,0.6612903225806451,8.25420741395308,121.15033580445042,False,13.99886870970682,1.6407004033328942,0.23586974191036256,39.19142458043127,2.0141561290367993,0.16590282267580833
35,dflash2_pairwise_k16_tb32,Pairwise-MassPreserving,32,64,396,5.1875,6.171875,0.46875,9.232245366161585,108.3160120142866,True,13.976333031195054,1.6613750624401291,0.23480751565330138,39.08423540633521,2.002183453072348,0.16558373442876473
36,dflash2_pairwise_k16_tb32,Pairwise-MassPreserving,32,66,400,5.045454545454546,6.045454545454546,0.3787878787878788,9.452277129998947,105.79461290087158,False,13.994126772807,1.6758067118974973,0.2362360756898962,39.20752519694691,2.007489545466149,0.16534375779222252
37,dflash2_pairwise_k16_tb32,Pairwise-MassPreserving,32,106,688,5.490566037735849,6.481132075471698,0.5377358490566038,8.88852346511792,112.50462508473936,False,14.191534452673398,1.6455045565892779,0.23690730185475298,39.42815522654166,2.022058886860526,0.167388103792926
38,dflash2_pairwise_k16_tb32,Pairwise-MassPreserving,32,63,417,5.619047619047619,6.603174603174603,0.5873015873015873,8.834802551556972,113.18872087568819,False,14.307439904696944,1.660640016000668,0.23963555554112803,40.049935571294064,2.051094380808608,0.16923336529759872
39,dflash2_pairwise_k16_tb32,Pairwise-MassPreserving,32,87,549,5.310344827586207,6.2988505747126435,0.5517241379310345,9.148638959927691,109.3058764675422,False,14.199462540185277,1.644200804705555,0.23652190795745673,39.45991271272457,2.0230581149112314,0.1679104597492735
40,dflash2_pairwise_k16_tb32,Pairwise-MassPreserving,32,32,187,4.84375,5.8125,0.46875,9.82653924064139,101.76522736144173,True,13.906572218843394,1.6536624375476094,0.23652690623521266,39.4383346564382,2.0242350939838616,0.16450737444984043
41,dflash2_pairwise_k16_tb32,Pairwise-MassPreserving,32,46,350,6.608695652173913,7.586956521739131,0.8695652173913043,7.565884754284135,132.1722485177634,False,14.036592152162642,1.606201434855314,0.23731523920698394,39.49625634769568,2.025727608507504,0.16442165234247627
42,dflash2_pairwise_k16_tb32,Pairwise-MassPreserving,32,35,242,5.885714285714286,6.885714285714286,0.6857142857142857,8.311669309921493,120.31277505305916,False,13.966707342946652,1.6441981144972877,0.23346522882223195,39.44401348562678,2.015318657244539,0.16555354231968522
43,dflash2_pairwise_k16_tb32,Pairwise-MassPreserving,32,81,550,5.790123456790123,6.777777777777778,0.6419753086419753,8.431192930908185,118.60717791595864,False,14.061137444559229,1.6202677159773524,0.23550398756565244,39.15406935798442,2.0120389506274354,0.16582343216865456
44,dflash2_pairwise_k16_tb32,Pairwise-MassPreserving,32,63,430,5.809523809523809,6.809523809523809,0.7142857142857143,8.528737460467308,117.25064871972361,False,14.24933115869487,1.6626373017638725,0.24103242853131618,39.81128184115357,2.0786232696356444,0.16911158753727148
45,dflash2_pairwise_k16_tb32,Pairwise-MassPreserving,32,109,713,5.541284403669724,6.532110091743119,0.5321100917431193,8.785814572228782,113.81983898919465,False,14.151148642125618,1.658583000063877,0.23568155045205633,39.23792592665008,2.0210424953710646,0.16613022019163334
46,dflash2_pairwise_k16_tb32,Pairwise-MassPreserving,32,164,982,4.9817073170731705,5.9817073170731705,0.4695121951219512,9.607448124237054,104.08591199959375,False,14.184171963412465,1.670465280456971,0.23656105484006706,39.248364189051046,2.0198650122438266,0.16809724390285982
47,dflash2_pairwise_k16_tb32,Pairwise-MassPreserving,32,92,620,5.739130434782608,6.728260869565218,0.5652173913043478,8.483595364516312,117.87455165325586,True,14.08324733699334,1.6363045542873251,0.2345352608363496,39.048976576040054,2.003725260969393,0.16526672826607272
48,dflash2_pairwise_k16_tb32,Pairwise-MassPreserving,32,187,1096,4.86096256684492,5.855614973262032,0.42245989304812837,9.62714637865041,103.87294019104608,False,14.129152935753728,1.6743233101835435,0.23528716052743234,38.21025017646328,2.0089131871268386,0.16641778075186048
49,dflash2_pairwise_k16_tb32,Pairwise-MassPreserving,32,57,377,5.614035087719298,6.5964912280701755,0.543859649122807,8.64236838992295,115.70902267554408,False,13.99106764920202,1.627284684154642,0.23263157884668959,39.12486084220546,2.006947754444697,0.17813526309302624
50,dflash2_pairwise_k16_tb32,Pairwise-MassPreserving,32,115,794,5.904347826086957,6.895652173913043,0.6869565217391305,8.282675769521719,120.73393041410152,False,14.084584373932044,1.6247401044023244,0.23449999996797566,39.07134792169255,2.00604397386601,0.16525806961948844
51,dflash2_pairwise_k16_tb32,Pairwise-MassPreserving,32,52,338,5.5,6.480769230769231,0.5769230769230769,8.669843828403247,115.34233139516347,True,13.961142846080921,1.6535968268796681,0.23366469258689904,38.326170172939996,2.0133095961402714,0.1661007499933561
52,dflash2_pairwise_k16_tb32,Pairwise-MassPreserving,32,55,353,5.4,6.4,0.4727272727272727,8.907168042492037,112.26912922597351,False,13.971915181867768,1.6520941999095322,0.233829381779122,39.13762930913601,2.007587327435348,0.16476858168475286
53,dflash2_pairwise_k16_tb32,Pairwise-MassPreserving,32,60,347,4.783333333333333,5.766666666666667,0.3333333333333333,9.892980481271236,101.08177226197269,False,13.991291283461274,1.6775798165326705,0.23295288328881725,39.142264333380204,2.004720133512213,0.16559533317680084
54,dflash2_pairwise_k16_tb32,Pairwise-MassPreserving,32,299,1927,5.444816053511706,6.441471571906354,0.5351170568561873,8.940182599376959,111.854538638807,False,14.24550978924913,1.6666601303734943,0.2362219130376628,39.281769357878154,2.0196810870329256,0.16799006021926555
55,dflash2_pairwise_k16_tb32,Pairwise-MassPreserving,32,159,1171,6.364779874213837,7.3584905660377355,0.779874213836478,7.712195015370528,129.66477092539594,False,14.022801232700578,1.6190777106952645,0.23444450302545564,38.761650830073556,1.9945374779183924,0.16610688079989064
56,dflash2_pairwise_k16_tb32,Pairwise-MassPreserving,32,87,495,4.689655172413793,5.67816091954023,0.39080459770114945,10.007509078786825,99.92496555608686,False,13.987146241456736,1.6750335862002692,0.23319570113247096,38.882674896426735,1.9958795173074944,0.16534585057374426
57,dflash2_pairwise_k16_tb32,Pairwise-MassPreserving,32,47,302,5.425531914893617,6.404255319148936,0.48936170212765956,8.850619145695063,112.98644575463396,False,13.874319063688745,1.6574610212859278,0.23566717015668512,38.94286817020212,1.995708616959746,0.16391174493888838
58,dflash2_pairwise_k16_tb32,Pairwise-MassPreserving,32,80,452,4.65,5.6375,0.3,10.09564978097182,99.05256439112914,False,13.989071424998656,1.6799619874518612,0.23362842498499958,38.97206176250165,2.000026674932087,0.16567098762152455
59,dflash2_pairwise_k16_tb32,Pairwise-MassPreserving,32,29,167,4.758620689655173,5.724137931034483,0.4482758620689655,9.837245610785708,101.65447113606523,False,13.688232482810895,1.626182793439386,0.23458517258906544,38.932929379245316,2.0017332067725184,0.16530306863293437
60,dflash2_pairwise_k16_tb32,Pairwise-MassPreserving,32,52,319,5.134615384615385,6.115384615384615,0.4807692307692308,9.286342504701194,107.68502233185474,False,13.909119096157296,1.646840846171052,0.233962173087303,39.010431576781016,2.003498153953842,0.16428774999719056
61,dflash2_pairwise_k16_tb32,Pairwise-MassPreserving,32,87,543,5.241379310344827,6.2298850574712645,0.5172413793103449,9.144060755066176,109.36060321405454,False,14.024930356377997,1.6590029656239411,0.2356016897068201,38.98100221844309,2.003098011352878,0.16791636770140866
62,dflash2_pairwise_k16_tb32,Pairwise-MassPreserving,32,115,731,5.356521739130435,6.3478260869565215,0.5478260869565217,8.979713741449386,111.36212453901602,True,14.05247584361464,1.6447454172442162,0.23462725218015965,38.97942646945012,2.002917008655419,0.16555361754676776
63,dflash2_pairwise_k16_tb32,Pairwise-MassPreserving,32,39,236,5.051282051282051,6.0256410256410255,0.46153846153846156,9.41679909321804,106.19319687091954,True,13.83961935901495,1.6458317437727834,0.2330278204727876,39.097331410233984,2.003183615297297,0.16471338452762352
64,dflash2_pairwise_k16_tb32,Pairwise-MassPreserving,32,188,1202,5.3936170212765955,6.388297872340425,0.5106382978723404,9.049483411814048,110.50354528464086,False,14.287808925522032,1.6707675106559652,0.23761673931384142,39.47685957984233,2.0181375850583247,0.16774083514200297
65,dflash2_pairwise_k16_tb32,Pairwise-MassPreserving,32,124,864,5.967741935483871,6.959677419354839,0.6774193548387096,8.309469276620499,120.3446293271217,False,14.278597991902174,1.647157975815888,0.2371832500308125,39.5451841531975,2.0221341775258255,0.16797999185126689
66,dflash2_pairwise_k16_tb32,Pairwise-MassPreserving,32,246,1653,5.719512195121951,6.715447154471545,0.6138211382113821,8.510527179674094,117.50153414565494,False,14.137945796798844,1.6555002032585369,0.23530118693546742,38.98684518706402,2.003880658561891,0.16711813811813298
67,dflash2_pairwise_k16_tb32,Pairwise-MassPreserving,32,96,607,5.322916666666667,6.3125,0.53125,9.049845382209844,110.49912542879426,False,14.089945885416455,1.6445015833141952,0.2371066458029721,39.0791328125791,2.0045291666027274,0.1662021042155478
68,dflash2_pairwise_k16_tb32,Pairwise-MassPreserving,32,59,374,5.338983050847458,6.322033898305085,0.5254237288135594,9.046428518714604,110.54086128368466,False,14.004168898266517,1.6654001695515344,0.2358241862705238,39.26580915257376,2.0077428813792877,0.16621176279332464
69,dflash2_pairwise_k16_tb32,Pairwise-MassPreserving,32,58,384,5.620689655172414,6.603448275862069,0.5689655172413793,8.590641614584152,116.40574067277129,True,13.910511706853868,1.6507803793501807,0.23178262055243348,38.91942512056066,1.9989503963533308,0.16452184530047315
70,dflash2_pairwise_k16_tb32,Pairwise-MassPreserving,32,129,862,5.682170542635659,6.674418604651163,0.6046511627906976,8.51983095475454,117.37322081982676,False,14.034564077505362,1.6353583023585596,0.23419744188016525,38.86073798464851,1.9987799999842875,0.1673256277193337
71,dflash2_pairwise_k16_tb32,Pairwise-MassPreserving,32,326,2048,5.282208588957055,6.279141104294479,0.49693251533742333,9.052373564941263,110.4682647955314,False,14.03130521785155,1.660200521376511,0.23517620549258703,38.77398392027864,2.0018760705466003,0.1663570245759143
72,dflash2_pairwise_k16_tb32,Pairwise-MassPreserving,32,50,325,5.5,6.48,0.56,8.755617556923355,114.21238918884336,False,13.89236697978049,1.655056899835472,0.23255556036019698,38.95968301985704,2.007966540113557,0.1638851200550473
73,dflash2_pairwise_k16_tb32,Pairwise-MassPreserving,32,92,607,5.5978260869565215,6.586956521739131,0.5869565217391305,8.61837418286377,116.03116536624005,False,13.970959380497769,1.6439440979688105,0.2333116846152141,38.850075967196105,1.998904543498888,0.1653383370743857
74,dflash2_pairwise_k16_tb32,Pairwise-MassPreserving,32,116,795,5.853448275862069,6.844827586206897,0.646551724137931,8.281270272956771,120.75442136764808,False,13.964588905262895,1.6446963708686184,0.23444474152648612,38.74982762923098,1.9959206206451576,0.16577920660924503
75,dflash2_pairwise_k16_tb32,Pairwise-MassPreserving,32,158,1040,5.575949367088608,6.575949367088608,0.6265822784810127,8.59494917403586,116.34740121801538,False,13.96621650634142,1.6226631899060728,0.23500582926628133,38.57921485438124,2.005146404866813,0.16610220889192476
76,dflash2_pairwise_k16_tb32,Pairwise-MassPreserving,32,57,331,4.807017543859649,5.7894736842105265,0.40350877192982454,9.757370305132158,102.48662997590883,False,13.836352842126711,1.6509223334427938,0.2351924911699985,38.779146964786875,1.9931934737925123,0.1664124385187231
77,dflash2_pairwise_k16_tb32,Pairwise-MassPreserving,32,292,1929,5.6061643835616435,6.602739726027397,0.6232876712328768,8.651661369621728,115.58473653525837,False,14.142570277465282,1.6462393492748897,0.2363217773899908,38.93620927401695,2.025641359591957,0.16731516089213036
78,dflash2_pairwise_k16_tb32,Pairwise-MassPreserving,32,35,217,5.2,6.171428571428572,0.5428571428571428,9.257060092150835,108.02565717899046,True,13.829958199806113,1.6553677429328673,0.23384617150960757,39.49319839988935,2.0146158001028067,0.16678625709443753
79,dflash2_pairwise_k16_tb32,Pairwise-MassPreserving,32,127,874,5.881889763779528,6.874015748031496,0.6771653543307087,8.214943948514618,121.72937591142234,False,13.95282750406374,1.6335163621071958,0.23452531532948198,38.552705897591224,1.9941349135077922,0.16662867670589104
80,dflash2_pairwise_k16_tb32,Pairwise-MassPreserving,32,60,414,5.9,6.883333333333334,0.7,8.224994608696766,121.58062680583907,True,13.929742383697885,1.6354354001426448,0.2360889164871575,38.785410533091635,2.0005512997158803,0.16523426687247897
81,dflash2_pairwise_k16_tb32,Pairwise-MassPreserving,32,107,721,5.738317757009346,6.728971962616822,0.5514018691588785,8.373167503467485,119.42911682895169,False,13.907894915854884,1.6374253646743149,0.2341133550994825,38.47529648603392,2.001008102660792,0.1653250467051778
82,dflash2_pairwise_k16_tb32,Pairwise-MassPreserving,32,71,495,5.971830985915493,6.957746478873239,0.6338028169014085,8.104263989897468,123.39183437836797,True,13.883497760590972,1.630496169191631,0.2346630700089982,38.590359211219706,1.9963199013379291,0.16622269045705843
83,dflash2_pairwise_k16_tb32,Pairwise-MassPreserving,32,51,336,5.588235294117647,6.568627450980392,0.5686274509803921,8.567902991065543,116.71467347877098,True,13.795623784330125,1.6285222352998259,0.23549578419952727,38.630188411879516,1.993874784495668,0.16365588210949986
84,dflash2_pairwise_k16_tb32,Pairwise-MassPreserving,32,126,817,5.484126984126984,6.476190476190476,0.5476190476190477,8.815957423499894,113.43067485040152,False,14.107410357148241,1.6540546746707858,0.23641703159054964,38.97986661127467,2.018509920595707,0.1675288253503072
85,dflash2_pairwise_k16_tb32,Pairwise-MassPreserving,32,98,525,4.357142857142857,5.346938775510204,0.30612244897959184,10.70150421524193,93.44480737350182,False,14.102541214015218,1.692030387635079,0.2359098674119474,39.10168347970377,2.029775193867473,0.1675467247339987
86,dflash2_pairwise_k16_tb32,Pairwise-MassPreserving,32,125,811,5.488,6.48,0.568,8.810817203448769,113.49685016828809,False,14.08609819211415,1.648995560099138,0.236310191830853,39.00095227989368,2.024941512325313,0.16728427971247584
87,dflash2_pairwise_k16_tb32,Pairwise-MassPreserving,32,35,235,5.714285714285714,6.685714285714286,0.6857142857142857,8.35839232341312,119.64023239240025,False,13.814484028469971,1.6579868858181206,0.23514519977782453,38.23994439964216,2.0084063714810845,0.16466728629892988
88,dflash2_pairwise_k16_tb32,Pairwise-MassPreserving,32,47,336,6.148936170212766,7.127659574468085,0.6382978723404256,7.910392726195087,126.4159738477361,True,13.806737681118241,1.6297536170354083,0.23448482990832106,38.714628617333105,2.0003860851655655,0.16490185032338597
89,dflash2_pairwise_k16_tb32,Pairwise-MassPreserving,32,51,345,5.764705882352941,6.745098039215686,0.6078431372549019,8.37693175651467,119.37545023239664,True,13.824657646610456,1.6258307450163343,0.23366741209197334,38.809742725681964,2.008769706199197,0.16481129376402617
90,dflash2_pairwise_k16_tb32,Pairwise-MassPreserving,32,99,695,6.02020202020202,7.01010101010101,0.6666666666666666,8.069519339569654,123.92311833201825,True,13.941451636440828,1.626210424170366,0.2353515251021658,38.685395787850744,1.9947773131446072,0.1664692829974433
91,dflash2_pairwise_k16_tb32,Pairwise-MassPreserving,32,63,397,5.301587301587301,6.285714285714286,0.5396825396825397,9.000877392948494,111.10028015529066,True,13.888997555200365,1.636722111369535,0.23641807938619178,38.78821300000593,2.0050777778715925,0.16438615871482484
92,dflash2_pairwise_k16_tb32,Pairwise-MassPreserving,32,61,406,5.655737704918033,6.639344262295082,0.5573770491803278,8.499260083741776,117.65730077055751,False,13.854402639093468,1.6348930327441222,0.23293477059895418,38.68078340979753,2.000483098407906,0.16534885262294907
93,dflash2_pairwise_k16_tb32,Pairwise-MassPreserving,32,71,473,5.661971830985915,6.647887323943662,0.5774647887323944,8.579737591964781,116.55368119143112,False,14.024820648148921,1.6366929434503028,0.23571184529303113,39.08450343667835,2.0105049574545184,0.16573632389518536
94,dflash2_pairwise_k16_tb32,Pairwise-MassPreserving,32,97,614,5.329896907216495,6.319587628865979,0.5154639175257731,9.035439573289317,110.6753016152322,False,14.081772092562385,1.6571114535612106,0.23676668037690424,39.03938934027539,2.011164969180473,0.16719647434920543
95,dflash2_pairwise_k16_tb32,Pairwise-MassPreserving,32,221,1504,5.8054298642533935,6.800904977375565,0.5927601809954751,8.395451876331304,119.11211150161296,False,14.126143923174295,1.6368016017149456,0.23484669680542805,38.960460601863744,2.0094298687914955,0.16697623073734444
96,dflash2_pairwise_k16_tb32,Pairwise-MassPreserving,32,84,508,5.0476190476190474,6.035714285714286,0.40476190476190477,9.463623066927882,105.66777574802795,False,14.075864380910865,1.6639884521022654,0.23600924980980512,39.07778328578258,2.0120690359406233,0.16667271449391374
97,dflash2_pairwise_k16_tb32,Pairwise-MassPreserving,32,65,476,6.323076923076923,7.3076923076923075,0.7538461538461538,7.813008815121845,127.99166411594595,False,14.045834353992877,1.626385015361638,0.23714795388514176,39.11693809199138,2.0214764769592035,0.1674826616251128
98,dflash2_pairwise_k16_tb32,Pairwise-MassPreserving,32,91,559,5.142857142857143,6.131868131868132,0.43956043956043955,9.335812896243626,107.11440033276179,False,14.126161252863891,1.6761063187924254,0.23848818662892363,39.10774443959651,2.0315785604707544,0.16848617571548066
99,dflash2_pairwise_k16_tb32,Pairwise-MassPreserving,32,68,491,6.220588235294118,7.205882352941177,0.8088235294117647,7.9238483767822885,126.20130427155894,True,14.05323320587366,1.6024401028891375,0.2364190587446929,39.13682544102545,2.0184986911665286,0.16742986794911452
100,dflash2_pairwise_k16_tb32,Pairwise-MassPreserving,32,80,439,4.4875,5.475,0.35,10.443365013662497,95.75457706321222,False,14.076529537533133,1.6758363876306248,0.235240437586981,39.13598445010393,2.016484775003846,0.1678899246144283
101,dflash2_pairwise_k16_tb32,Pairwise-MassPreserving,32,150,1108,6.38,7.38,0.8066666666666666,7.7376563014419615,129.23810014844466,False,14.124326599897662,1.615066946518103,0.2371846266275194,38.98064980678706,2.029708666644486,0.1685512335097883
102,dflash2_pairwise_k16_tb32,Pairwise-MassPreserving,32,26,171,5.576923076923077,6.538461538461538,0.5,8.571198619871499,116.66979664683026,True,13.615511615241234,1.6344681537772816,0.23629584603231008,38.718312462011596,2.001111423081826,0.1664144997798408
103,dflash2_pairwise_k16_tb32,Pairwise-MassPreserving,32,89,608,5.831460674157303,6.820224719101123,0.6067415730337079,8.307003320725782,120.38035394845973,True,13.971422325830849,1.6100492921600307,0.23306052835221308,38.76060044937087,2.008520842649519,0.16531306726881875
104,dflash2_pairwise_k16_tb32,Pairwise-MassPreserving,32,60,408,5.8,6.783333333333333,0.6166666666666667,8.356933661768077,119.66111500619834,False,13.92039849985546,1.6344811167679534,0.2360961835317236,38.86068575035703,2.0091619828842036,0.16632536662654443
105,dflash2_pairwise_k16_tb32,Pairwise-MassPreserving,32,37,235,5.351351351351352,6.324324324324325,0.5135135135135135,9.023084297873442,110.82684888976154,True,13.915678378661806,1.6520001619347888,0.23643824317479958,39.31143532433968,2.026900270229325,0.16632627031523609
106,dflash2_pairwise_k16_tb32,Pairwise-MassPreserving,32,80,552,5.8875,6.8875,0.5875,8.327864570654365,120.07880189644159,False,14.112684937344966,1.6480041248996713,0.23671767485211603,39.27587932480492,2.022502087675093,0.16647738793835742
107,dflash2_pairwise_k16_tb32,Pairwise-MassPreserving,32,302,2048,5.781456953642384,6.7781456953642385,0.5927152317880795,8.335745331054412,119.9652772829502,False,13.996189158916838,1.6387273013449717,0.23457810267239781,38.4928802946611,1.9989959072584358,0.16712737421723722
108,dflash2_pairwise_k16_tb32,Pairwise-MassPreserving,32,81,486,5.0,5.987654320987654,0.41975308641975306,9.423015792175638,106.12313743868982,False,13.901233210129215,1.6525415063190365,0.23625765436323198,38.582611333603616,2.000263382572563,0.16518766606617488
109,dflash2_pairwise_k16_tb32,Pairwise-MassPreserving,32,60,365,5.083333333333333,6.066666666666666,0.4,9.293682093146794,107.5999792092528,False,13.86064759966151,1.6518183332664194,0.23314633338789767,38.62874610009991,1.997288316670165,0.1649193835570865
110,dflash2_pairwise_k16_tb32,Pairwise-MassPreserving,32,87,491,4.64367816091954,5.632183908045977,0.3563218390804598,10.028180918533176,99.71898274709929,False,13.922519321630684,1.6653289772645736,0.23454186211684022,38.61339410341107,1.9950978044787122,0.16494357477386493
111,dflash2_pairwise_k16_tb32,Pairwise-MassPreserving,32,312,2048,5.564102564102564,6.560897435897436,0.5480769230769231,8.646568325195503,115.6528188282592,False,14.05627141029515,1.6434003686276226,0.23605958977686198,38.64562932365236,2.00868853191703,0.16691208983478972
112,dflash2_pairwise_k16_tb32,Pairwise-MassPreserving,32,35,246,6.0,7.0,0.6285714285714286,8.103362682929838,123.4055587943204,False,13.846996314324704,1.6350304858601052,0.2365046856409338,39.04958342858923,2.0208945708873216,0.1660539432902754
113,dflash2_pairwise_k16_tb32,Pairwise-MassPreserving,32,34,249,6.323529411764706,7.294117647058823,0.7647058823529411,7.796171767062421,128.26808206366618,False,13.853582353262668,1.6343659412728704,0.23414738237025792,39.187758205812045,2.0209095882284385,0.16472976430497296
114,dflash2_pairwise_k16_tb32,Pairwise-MassPreserving,32,157,1103,6.025477707006369,7.019108280254777,0.6942675159235668,8.119954768811715,123.15339536630712,True,14.114379006523045,1.624960611531901,0.23532091728637772,38.8783883312858,2.0261930447211935,0.1673192988384393
115,dflash2_pairwise_k16_tb32,Pairwise-MassPreserving,32,311,2048,5.585209003215434,6.581993569131833,0.5627009646302251,8.59934348437541,116.28794707607057,False,14.020011546566106,1.6503894597584294,0.2359902283648056,38.55020571704539,2.0040962732321406,0.167780910084066
116,dflash2_pairwise_k16_tb32,Pairwise-MassPreserving,32,323,2048,5.340557275541796,6.337461300309598,0.49226006191950467,9.0697585966808,110.25651778272947,False,14.248270807993125,1.681427414866558,0.23842883592665387,39.1258021207323,2.043118337431945,0.17027634064160177
117,dflash2_pairwise_k16_tb32,Pairwise-MassPreserving,32,60,413,5.883333333333334,6.866666666666666,0.6166666666666667,8.107172828087341,123.34756162289953,False,13.853344833599598,1.630629150349705,0.23830334988209265,37.91073996659785,2.002830683159118,0.16852498307949512
118,dflash2_pairwise_k16_tb32,Pairwise-MassPreserving,32,143,855,4.979020979020979,5.972027972027972,0.43356643356643354,9.502736632749627,105.23284382665764,False,14.01131105597739,1.6800167412858154,0.2349911469187086,38.71972743347812,2.004496510463386,0.1665187971977846
119,dflash2_pairwise_k16_tb32,Pairwise-MassPreserving,32,161,1056,5.559006211180124,6.552795031055901,0.5900621118012422,8.666901935605368,115.38148319087352,False,14.020435496926472,1.6714096584889506,0.2356238444872643,38.73692579493407,2.0147495775090194,0.167119254978874
120,dflash2_pairwise_k16_tb32,Pairwise-MassPreserving,32,303,2048,5.759075907590759,6.755775577557756,0.6006600660066007,8.386938388671439,119.23302087812384,False,14.023592452077377,1.6335442046976414,0.23539486138171997,38.62186814515226,2.006432353167352,0.16712118484083296
121,dflash2_pairwise_k16_tb32,Pairwise-MassPreserving,32,127,901,6.094488188976378,7.086614173228346,0.7244094488188977,7.977763139844983,125.34841940913167,True,13.979096921123235,1.6205133856494185,0.2347988110137865,38.59090767720028,2.007215181145612,0.16561439394901367
122,dflash2_pairwise_k16_tb32,Pairwise-MassPreserving,32,93,610,5.548387096774194,6.548387096774194,0.5913978494623656,8.65135362131338,115.58884814700106,False,13.957541548303999,1.6383938711187902,0.23552233339800568,38.74400863455238,2.0045437312184866,0.16542761260362907
123,dflash2_pairwise_k16_tb32,Pairwise-MassPreserving,32,303,1790,4.907590759075908,5.904290429042904,0.3927392739273927,9.67522223854656,103.35679898038424,False,14.135124174782526,1.683707303701721,0.23600147193160964,38.92163350830364,2.0131065413488765,0.16768048837500096
124,dflash2_pairwise_k16_tb32,Pairwise-MassPreserving,32,37,243,5.5675675675675675,6.54054054054054,0.5945945945945946,8.687618551444652,115.10634290379973,True,13.845432270573912,1.6401388646635175,0.23558913528324557,39.14971986474435,2.0213396755689,0.16430202703230787
125,dflash2_pairwise_k16_tb32,Pairwise-MassPreserving,32,35,214,5.114285714285714,6.085714285714285,0.45714285714285713,9.313516981318207,107.37082479216815,True,13.823121399868146,1.6558481999839256,0.23603748580041742,39.047224856975454,2.0175600856808678,0.1657118003225084
126,dflash2_pairwise_k16_tb32,Pairwise-MassPreserving,32,42,296,6.0476190476190474,7.023809523809524,0.6666666666666666,8.094857739866416,123.53521607613851,False,13.858815928826862,1.614868452157853,0.23501349979986635,39.1626521424249,2.012974904573639,0.1651486674659065
127,dflash2_pairwise_k16_tb32,Pairwise-MassPreserving,32,308,2048,5.64935064935065,6.646103896103896,0.6298701298701299,8.599714540526548,116.2829295423068,False,14.13281831824483,1.655811386366882,0.23667583116241384,38.97601103251093,2.0142248506515474,0.16697604534382154
0,dflash2_pairwise_k16_tb64,Pairwise-MassPreserving,64,95,686,6.221052631578948,7.2105263157894735,0.6842105263157895,8.067592975218677,123.95270845612961,False,13.973278179018005,2.6099959052915342,0.23501387369929275,39.23548322096681,2.028769715750394,0.17397258948461203
1,dflash2_pairwise_k16_tb64,Pairwise-MassPreserving,64,102,728,6.127450980392157,7.127450980392157,0.6862745098039216,8.00917862912124,124.85674827678541,False,13.939580764795833,2.5927564606985576,0.23680901950665786,38.207114852893405,2.0148775686845743,0.1724107647960944
2,dflash2_pairwise_k16_tb64,Pairwise-MassPreserving,64,182,1335,6.335164835164835,7.329670329670329,0.7857142857142857,7.897863652433852,126.6165185938395,False,13.996626461568546,2.5556643186164263,0.23723878028569423,38.953413175777015,2.0151192582508863,0.17406974176073173
3,dflash2_pairwise_k16_tb64,Pairwise-MassPreserving,64,76,550,6.2368421052631575,7.223684210526316,0.7105263157894737,8.05156030909116,124.19952923545542,True,13.974913289530377,2.5458543947072605,0.23629832888840802,39.314665276355015,2.022506144720338,0.17363322369515358
4,dflash2_pairwise_k16_tb64,Pairwise-MassPreserving,64,86,635,6.383720930232558,7.372093023255814,0.8023255813953488,7.899145996849457,126.59596371542519,False,14.021181813912461,2.5464566395300587,0.23757849997542338,39.31230523267004,2.034014569797491,0.17355287201458258
5,dflash2_pairwise_k16_tb64,Pairwise-MassPreserving,64,72,408,4.666666666666667,5.652777777777778,0.3194444444444444,10.329199642157226,96.81292206984128,False,13.984947513891813,2.6966124304029413,0.23760708328760907,39.41778362491277,2.0202018888539897,0.17497876420849126
6,dflash2_pairwise_k16_tb64,Pairwise-MassPreserving,64,90,613,5.811111111111111,6.8,0.6333333333333333,8.487049517127314,117.82657777381259,False,13.873231555670726,2.5793881778049075,0.2342316998490585,38.93672022226787,2.0095126222562008,0.17315298880727545
7,dflash2_pairwise_k16_tb64,Pairwise-MassPreserving,64,119,917,6.705882352941177,7.697478991596639,0.8907563025210085,7.51658794983614,133.03908723928384,True,13.95749180671121,2.524945344519728,0.237281378154998,39.01553747908554,2.0143113865857276,0.17237504191541098
8,dflash2_pairwise_k16_tb64,Pairwise-MassPreserving,64,107,785,6.336448598130841,7.327102803738318,0.7663551401869159,7.89971460254741,126.58685159050322,True,13.947549626081866,2.527534121548334,0.2364767008649009,39.0551516730254,2.0151878129964245,0.17395018697575687
9,dflash2_pairwise_k16_tb64,Pairwise-MassPreserving,64,57,406,6.12280701754386,7.105263157894737,0.7719298245614035,8.15418349753743,122.63643567771082,False,13.852237280764058,2.5613508420511817,0.23477587720870424,39.2421290350939,2.0176488598193383,0.17253354366275425
10,dflash2_pairwise_k16_tb64,Pairwise-MassPreserving,64,23,158,5.826086956521739,6.826086956521739,0.5652173913043478,8.341007518987382,119.88959340027094,True,13.43564430435831,2.5491224781074813,0.23232539127132876,38.90681256558784,2.002878782703825,0.1723116084062697
11,dflash2_pairwise_k16_tb64,Pairwise-MassPreserving,64,77,427,4.545454545454546,5.532467532467533,0.2857142857142857,10.446765262293994,95.7234105383173,False,13.848528571566908,2.679393000166724,0.23724722072452628,38.99090848050958,2.0019210520071544,0.174063584109989
12,dflash2_pairwise_k16_tb64,Pairwise-MassPreserving,64,291,1845,5.34020618556701,6.3367697594501715,0.5395189003436426,9.220422031978215,108.45490548391449,False,14.115406278368752,2.626545006945658,0.23678756016871652,39.28907014785691,2.0167295910535348,0.1748382162930415
13,dflash2_pairwise_k16_tb64,Pairwise-MassPreserving,64,128,938,6.328125,7.3203125,0.7578125,7.976883430704535,125.36224312252209,False,14.061553632799928,2.5569153360009977,0.23709828110440867,39.3911105154956,2.035990078042005,0.17293104718873326
14,dflash2_pairwise_k16_tb64,Pairwise-MassPreserving,64,65,428,5.584615384615384,6.569230769230769,0.5538461538461539,8.883845107477747,112.56387160085399,False,13.957514769376408,2.6246239383908687,0.23580338467861742,39.49143866171093,2.0146505230513867,0.17267189202987593
15,dflash2_pairwise_k16_tb64,Pairwise-MassPreserving,64,284,1989,6.003521126760563,7.0,0.6866197183098591,8.33964156008038,119.90923024638502,False,14.092333190130606,2.6104170880553026,0.2364383204737133,39.27747460918165,2.0156328134208694,0.17455983437121433
16,dflash2_pairwise_k16_tb64,Pairwise-MassPreserving,64,90,541,5.011111111111111,6.0,0.4,9.525452907578567,104.98188481981657,False,13.894606522303043,2.6767105888817846,0.23372784443280478,38.272828533283445,2.0078658112349026,0.17281651097517978
17,dflash2_pairwise_k16_tb64,Pairwise-MassPreserving,64,26,189,6.269230769230769,7.230769230769231,0.6538461538461539,7.911733275134808,126.39455416714121,True,13.534053923229713,2.4979905384987853,0.23693180768392408,39.06647023100399,2.0076736540291815,0.1690948071112731
18,dflash2_pairwise_k16_tb64,Pairwise-MassPreserving,64,283,2048,6.236749116607774,7.23321554770318,0.7879858657243817,7.9931569995119744,125.1070134192354,False,13.962691212041602,2.5431087950483957,0.23502853361506332,38.932362961117335,1.998375063685864,0.17290528961726753
19,dflash2_pairwise_k16_tb64,Pairwise-MassPreserving,64,289,2048,6.086505190311419,7.083044982698962,0.6851211072664359,8.815304478516417,113.43907660104966,False,15.070539934190665,3.024846449806599,0.2756138442976543,41.683119512161845,2.2168013598136667,0.198779840911654
20,dflash2_pairwise_k16_tb64,Pairwise-MassPreserving,64,76,555,6.302631578947368,7.2894736842105265,0.7763157894736842,7.96798160000099,125.50229784665613,False,13.894665894751693,2.5735966841191265,0.23572619743629875,39.29259727630396,2.0158177894939544,0.17483021053378348
21,dflash2_pairwise_k16_tb64,Pairwise-MassPreserving,64,111,762,5.864864864864865,6.8558558558558556,0.6216216216216216,8.352009534121855,119.73166408808964,False,13.920302630500734,2.616036288239778,0.23654495505668507,38.37533334236624,2.0127496575917796,0.1744499280542735
22,dflash2_pairwise_k16_tb64,Pairwise-MassPreserving,64,135,927,5.866666666666666,6.859259259259259,0.6592592592592592,8.606047437970629,116.19736089158806,False,14.217951829751083,2.609317607345508,0.2401520741437303,39.80808379251189,2.0440544888212266,0.17529928149155308
23,dflash2_pairwise_k16_tb64,Pairwise-MassPreserving,64,70,456,5.514285714285714,6.5,0.5142857142857142,8.934938717103298,111.92018565116688,False,13.87057128584794,2.6536073572320413,0.23360492861164467,39.26353048581014,2.010792699963661,0.1726368853789089
24,dflash2_pairwise_k16_tb64,Pairwise-MassPreserving,64,171,1074,5.2748538011695905,6.2748538011695905,0.4444444444444444,9.283948649906664,107.71278878304152,False,14.012133052618307,2.675845374328381,0.23617177195338143,39.20140552628249,2.0108462690187845,0.17331057889664434
25,dflash2_pairwise_k16_tb64,Pairwise-MassPreserving,64,48,363,6.5625,7.541666666666667,0.8333333333333334,7.751986771350461,128.9991881430664,False,13.934918979316535,2.5914382707317904,0.23617739585309513,39.63173058339938,2.056458416556476,0.17367631248058993
26,dflash2_pairwise_k16_tb64,Pairwise-MassPreserving,64,304,2048,5.7368421052631575,6.733552631578948,0.6282894736842105,8.66167058886802,115.4511695798268,False,14.069693022969133,2.6076117367988685,0.23658920385490714,39.250598463886966,2.0140086776276993,0.17380601986803268
27,dflash2_pairwise_k16_tb64,Pairwise-MassPreserving,64,41,237,4.780487804878049,5.7560975609756095,0.36585365853658536,10.092943717294483,99.07912181125887,False,13.811353756309694,2.671035463208682,0.23474951221276835,39.427906756029145,2.0242218536778394,0.1728707317031477
28,dflash2_pairwise_k16_tb64,Pairwise-MassPreserving,64,120,835,5.958333333333333,6.95,0.65,8.381394027545577,119.31189450269073,False,14.000928533444798,2.6063571417125786,0.23633169992839007,39.28316841673526,2.018627233276978,0.17512041657331187
29,dflash2_pairwise_k16_tb64,Pairwise-MassPreserving,64,42,286,5.809523809523809,6.785714285714286,0.6904761904761905,8.549271220277927,116.96903446320788,False,13.822540475952596,2.577328738057293,0.23731057132993424,39.389746666745935,2.0154332380462576,0.17410623842720052
30,dflash2_pairwise_k16_tb64,Pairwise-MassPreserving,64,184,1302,6.076086956521739,7.070652173913044,0.717391304347826,8.27134424116803,120.89933278593492,False,14.090683798851545,2.579668825942265,0.23806498370504414,39.427656597749575,2.0179225597253803,0.17475433185648834
31,dflash2_pairwise_k16_tb64,Pairwise-MassPreserving,64,25,157,5.28,6.24,0.56,9.249786140119964,108.11060762395428,False,13.602330559951952,2.6019329601695063,0.23819188005290926,39.4553099598852,2.0199142399360426,0.1709773599577602
32,dflash2_pairwise_k16_tb64,Pairwise-MassPreserving,64,295,2048,5.942372881355932,6.938983050847457,0.688135593220339,8.41218173730418,118.87522538480798,False,14.092817942397787,2.6174139965390215,0.23601590174790946,39.2619499559275,2.017364284774423,0.17494028471153766
33,dflash2_pairwise_k16_tb64,Pairwise-MassPreserving,64,70,454,5.485714285714286,6.4714285714285715,0.5428571428571428,9.045034845814676,110.55789358984289,False,14.007974899972655,2.644659214274725,0.2353463000742652,39.57858684287722,2.024100128801365,0.17284432828351523
34,dflash2_pairwise_k16_tb64,Pairwise-MassPreserving,64,61,430,6.049180327868853,7.032786885245901,0.7049180327868853,8.32655582558208,120.09767555123472,False,13.977563917952004,2.5760444262485804,0.23494237697765338,39.71211986879739,2.0203201312127574,0.17440280340659872
35,dflash2_pairwise_k16_tb64,Pairwise-MassPreserving,64,62,396,5.387096774193548,6.370967741935484,0.5,9.170754027777686,109.04228779564446,True,13.97542198397024,2.6340223548393094,0.23563320968194953,39.54013082244684,2.01750446763805,0.171780629164958
36,dflash2_pairwise_k16_tb64,Pairwise-MassPreserving,64,65,409,5.292307692307692,6.276923076923077,0.46153846153846156,9.315550205379814,107.34738989678688,False,13.97436461534548,2.6684669077300125,0.23603407675042176,39.54603304616914,2.0179080616799183,0.17350150771492806
37,dflash2_pairwise_k16_tb64,Pairwise-MassPreserving,64,103,709,5.883495145631068,6.87378640776699,0.6116504854368932,8.607265895627512,116.18091181637594,False,14.220621514503417,2.618934485352953,0.23713960196527323,39.960802417429754,2.036110592227699,0.17446439822873516
38,dflash2_pairwise_k16_tb64,Pairwise-MassPreserving,64,74,494,5.675675675675675,6.662162162162162,0.5405405405405406,8.911608633605335,112.21318631846538,False,14.244965378516959,2.604003243062392,0.23938018925086046,40.18147236486068,2.046433878260015,0.17475393254957255
39,dflash2_pairwise_k16_tb64,Pairwise-MassPreserving,64,85,549,5.458823529411765,6.447058823529412,0.5882352941176471,9.212506151181652,108.54809577215143,False,14.250088800198522,2.6518311765839293,0.23849558824354866,40.133976976422296,2.052270741093226,0.17528821156113683
40,dflash2_pairwise_k16_tb64,Pairwise-MassPreserving,64,30,187,5.233333333333333,6.2,0.5,9.438684641709722,105.94696591312962,True,13.873054066607438,2.607221500208349,0.2357793665093292,39.91040023338428,2.0355914000295647,0.17242103325164257
41,dflash2_pairwise_k16_tb64,Pairwise-MassPreserving,64,47,364,6.74468085106383,7.723404255319149,0.9148936170212766,7.612223769228876,131.3676568524339,True,14.028357106384492,2.5229635531936667,0.2347237871404975,39.962942659606576,2.0310916595995065,0.17416489363506812
42,dflash2_pairwise_k16_tb64,Pairwise-MassPreserving,64,35,242,5.914285714285715,6.885714285714286,0.6857142857142857,8.543540181818564,117.04749772560227,False,13.992212228705673,2.5803596285965926,0.23588431421168415,40.02209848575668,2.0676948286044143,0.17422834269902004
43,dflash2_pairwise_k16_tb64,Pairwise-MassPreserving,64,84,601,6.154761904761905,7.142857142857143,0.7261904761904762,8.343957415975133,119.84720800293454,True,14.326893559471154,2.6089564523447604,0.24061664273523048,40.286881095155316,2.0614214048951647,0.1742595001728443
44,dflash2_pairwise_k16_tb64,Pairwise-MassPreserving,64,62,430,5.935483870967742,6.919354838709677,0.7096774193548387,8.438670988373836,118.5020723497485,False,13.970037290399036,2.5838193709381403,0.23673583881088323,39.5402015967134,2.0203989999220453,0.17507343548664545
45,dflash2_pairwise_k16_tb64,Pairwise-MassPreserving,64,112,729,5.508928571428571,6.5,0.5178571428571429,9.18221879698271,108.90613936672925,False,14.365996580392805,2.6793259465063914,0.23937766065630836,40.24960765179588,2.0560675356884013,0.17603090174946243
46,dflash2_pairwise_k16_tb64,Pairwise-MassPreserving,64,326,2048,5.282208588957055,6.279141104294479,0.4662576687116564,9.453576223144466,105.78007479875993,False,14.34816978836112,2.6812211318691284,0.23901954602166772,39.90110661967834,2.0434000153543406,0.1764206441137704
47,dflash2_pairwise_k16_tb64,Pairwise-MassPreserving,64,93,640,5.881720430107527,6.870967741935484,0.6236559139784946,8.514717504689884,117.44370843180677,False,14.0617109030646,2.597670849432708,0.23480044085293336,39.508559956991895,2.0208008387193312,0.17236241955708798
48,dflash2_pairwise_k16_tb64,Pairwise-MassPreserving,64,143,871,5.090909090909091,6.083916083916084,0.44755244755244755,9.499733324915269,105.26611282626918,False,14.102686405584047,2.6739489510403036,0.23695002108489951,38.65767025177723,2.0175365733486066,0.17321986710336026
49,dflash2_pairwise_k16_tb64,Pairwise-MassPreserving,64,58,399,5.879310344827586,6.862068965517241,0.6379310344827587,8.512688949877042,117.471695005894,False,13.980335310218928,2.551110758759023,0.23459746541354026,39.604633534414965,2.0192307586606555,0.171521327721511
50,dflash2_pairwise_k16_tb64,Pairwise-MassPreserving,64,109,738,5.770642201834862,6.761467889908257,0.5963302752293578,8.65578504065187,115.52967123184123,False,14.087883412843723,2.5901570275190675,0.23530204588154313,39.5013133304286,2.017732082562144,0.17283558701335905
51,dflash2_pairwise_k16_tb64,Pairwise-MassPreserving,64,50,338,5.76,6.74,0.62,8.54436300887325,117.03622598448923,True,13.93298182021681,2.627539379900554,0.23557480006275,38.75966616011283,2.0297969000966987,0.17433487959351623
52,dflash2_pairwise_k16_tb64,Pairwise-MassPreserving,64,53,353,5.660377358490566,6.6415094339622645,0.5471698113207547,8.801046759204482,113.62284820884068,False,13.984879773522822,2.608062981311858,0.23561633957488426,39.599937868019275,2.01718988689706,0.1726057166964
53,dflash2_pairwise_k16_tb64,Pairwise-MassPreserving,64,49,286,4.836734693877551,5.816326530612245,0.40816326530612246,10.055471772728298,99.44834241513418,False,13.93772673464828,2.687375612033659,0.23551075511412428,39.63191973466286,2.0250117550877267,0.17357636764301082
54,dflash2_pairwise_k16_tb64,Pairwise-MassPreserving,64,299,2048,5.849498327759197,6.846153846153846,0.6187290969899666,8.618926333984867,116.02373210418901,False,14.255525173941965,2.6412721672143054,0.23836819067990436,39.696846351244645,2.027181337842705,0.17612829078552444
55,dflash2_pairwise_k16_tb64,Pairwise-MassPreserving,64,160,1200,6.5,7.49375,0.825,7.764126665000125,128.79748658762819,False,14.038619925020157,2.5433514187739092,0.2351234249999834,39.22264415633663,2.016763356368756,0.1744477060015015
56,dflash2_pairwise_k16_tb64,Pairwise-MassPreserving,64,84,506,5.023809523809524,6.011904761904762,0.39285714285714285,9.703050711459762,103.06037036567817,False,13.97334710725859,2.6858297142314855,0.235426273732065,39.37260227368305,2.0094777499772527,0.17264616681564976
57,dflash2_pairwise_k16_tb64,Pairwise-MassPreserving,64,47,309,5.574468085106383,6.553191489361702,0.5319148936170213,8.868946634305475,112.7529616800214,True,13.858563191458048,2.6132306381267436,0.23658331918611905,39.41673463835267,2.0110785532024433,0.1724162554269919
58,dflash2_pairwise_k16_tb64,Pairwise-MassPreserving,64,77,452,4.87012987012987,5.857142857142857,0.37662337662337664,9.973181650442775,100.26890465347168,False,13.984654116773692,2.6884649350786396,0.23437009083674828,39.44802664941031,2.014812830979777,0.17354288341609048
59,dflash2_pairwise_k16_tb64,Pairwise-MassPreserving,64,26,151,4.8076923076923075,5.769230769230769,0.4230769230769231,9.999020490072596,100.00979605880772,True,13.631174038542108,2.5794885769545752,0.2363301539214892,39.444190769175364,2.009424654016374,0.17062619204247872
60,dflash2_pairwise_k16_tb64,Pairwise-MassPreserving,64,49,304,5.183673469387755,6.183673469387755,0.4897959183673469,9.427332789474159,106.07454115935356,False,13.93249028575267,2.632876999885003,0.23526342868405795,39.50437653063035,2.0113143061595964,0.1716206529728916
61,dflash2_pairwise_k16_tb64,Pairwise-MassPreserving,64,76,504,5.631578947368421,6.618421052631579,0.5657894736842105,8.806433742060944,113.55334398575431,False,13.973773368386327,2.6263245397450716,0.23552978951843934,39.38113857884673,2.0117636972827313,0.17203063146696781
62,dflash2_pairwise_k16_tb64,Pairwise-MassPreserving,64,110,732,5.654545454545454,6.6454545454545455,0.6272727272727273,8.787013038250198,113.80431503253295,False,14.032153690972006,2.6135972090328736,0.23525209096326513,39.406879672622544,2.012080990971299,0.17361401815750552
63,dflash2_pairwise_k16_tb64,Pairwise-MassPreserving,64,37,236,5.378378378378378,6.351351351351352,0.5675675675675675,9.152530762710708,109.25939785684257,True,13.83273316202355,2.634758702550096,0.2373772434087162,39.49328178399859,2.008432621575618,0.1717208107603821
64,dflash2_pairwise_k16_tb64,Pairwise-MassPreserving,64,181,1200,5.629834254143646,6.624309392265193,0.5524861878453039,8.948187569167203,111.7544745536742,False,14.29421611599597,2.6556080442511423,0.23817735353037098,39.9235811492465,2.0369015137224555,0.17651628182065102
65,dflash2_pairwise_k16_tb64,Pairwise-MassPreserving,64,125,882,6.056,7.048,0.696,8.40755366439813,118.94066216127885,False,14.265802367925062,2.5974496959679527,0.2380425440496765,40.0129651119787,2.0337853120436193,0.17565362402819318
66,dflash2_pairwise_k16_tb64,Pairwise-MassPreserving,64,296,2048,5.918918918918919,6.91554054054054,0.6722972972972973,8.462338272460457,118.17064832475035,False,14.165163837904746,2.587898006810507,0.2363700878479879,39.3715929729149,2.0150943986528866,0.1741130674872693
67,dflash2_pairwise_k16_tb64,Pairwise-MassPreserving,64,99,616,5.222222222222222,6.212121212121212,0.494949494949495,9.43323498051848,106.0081723889207,False,14.06597175762249,2.6384318081376605,0.23476290915263087,39.55155417170685,2.029143798048461,0.1758198785580015
68,dflash2_pairwise_k16_tb64,Pairwise-MassPreserving,64,56,374,5.678571428571429,6.660714285714286,0.5892857142857143,8.786300016040245,113.81355043356164,False,13.961721428618798,2.6582057860196073,0.23426680341539655,39.62781324974328,2.0249967322537747,0.17292824993221853
69,dflash2_pairwise_k16_tb64,Pairwise-MassPreserving,64,57,384,5.7368421052631575,6.719298245614035,0.6140350877192983,8.645143622392956,115.67187818716681,True,13.893987333734945,2.5990822454842966,0.23552122774274545,39.32967198239854,2.0103149822317756,0.17238978979181857
70,dflash2_pairwise_k16_tb64,Pairwise-MassPreserving,64,126,862,5.841269841269841,6.833333333333333,0.6349206349206349,8.519336163575847,117.38003769301515,False,14.015799452502664,2.587710944377856,0.23414219044969373,39.25870576186132,2.0120960396323224,0.17462317468710062
71,dflash2_pairwise_k16_tb64,Pairwise-MassPreserving,64,224,1349,5.017857142857143,6.017857142857143,0.40625,9.686236175686208,103.23927497350708,False,14.029734187439706,2.681830879266402,0.23588247318327507,39.20350298208827,2.0083483838594214,0.17432877720174084
72,dflash2_pairwise_k16_tb64,Pairwise-MassPreserving,64,64,427,5.671875,6.65625,0.625,8.74667599062769,114.32914641762518,True,13.912142687502183,2.591505374937242,0.2354259844992157,39.430508968450795,2.0131952034603273,0.17395065611935934
73,dflash2_pairwise_k16_tb64,Pairwise-MassPreserving,64,89,610,5.853932584269663,6.842696629213483,0.651685393258427,8.505202398355621,117.5750973537488,False,13.9681311796195,2.5926700113763053,0.2354001347188121,39.316215910178705,2.009801528136327,0.17186508986842558
74,dflash2_pairwise_k16_tb64,Pairwise-MassPreserving,64,149,1012,5.791946308724833,6.785234899328859,0.610738255033557,8.56357225493843,116.77369796504271,False,13.994248953033411,2.59054734226767,0.23967407366624977,39.1537221945303,2.011192859076831,0.1739375438529845
75,dflash2_pairwise_k16_tb64,Pairwise-MassPreserving,64,140,952,5.8,6.792857142857143,0.6071428571428571,8.523700298320065,117.31993911107948,True,13.952817057335258,2.6110420713458944,0.23618662136349095,38.98030926424586,2.007408714442655,0.17339829984328908
76,dflash2_pairwise_k16_tb64,Pairwise-MassPreserving,64,54,331,5.12962962962963,6.111111111111111,0.46296296296296297,9.472969676742684,105.56351747384181,False,13.811482055408069,2.6175960189936665,0.23510466700018798,39.21005809233638,2.0189354441687035,0.17261933323795717
77,dflash2_pairwise_k16_tb64,Pairwise-MassPreserving,64,288,1896,5.583333333333333,6.579861111111111,0.5972222222222222,8.897209591244367,112.39478959606475,False,14.164128124990485,2.6617417845247675,0.23710587482936615,39.30707788179512,2.0271569931714515,0.17608581638089366
78,dflash2_pairwise_k16_tb64,Pairwise-MassPreserving,64,34,222,5.529411764705882,6.5,0.5,8.965909635121902,111.53358004889192,False,13.833644676410854,2.635524588827941,0.24382652918575332,39.60062308792925,2.0551111467605496,0.1733858237404253
79,dflash2_pairwise_k16_tb64,Pairwise-MassPreserving,64,123,874,6.105691056910569,7.097560975609756,0.6747967479674797,8.147657399312843,122.73466482333167,False,13.946880138057049,2.55378491058993,0.23439009763807725,38.97464405676649,2.012262577217023,0.17277453679991772
80,dflash2_pairwise_k16_tb64,Pairwise-MassPreserving,64,57,414,6.245614035087719,7.245614035087719,0.7719298245614035,7.996665079708735,125.05212986066728,True,13.876235596590528,2.5674438595735025,0.23682910544091118,39.21360114033808,2.014850034978927,0.17208136833096452
81,dflash2_pairwise_k16_tb64,Pairwise-MassPreserving,64,105,728,5.933333333333334,6.923809523809524,0.6476190476190476,8.345998207420092,119.81790256208541,False,13.93012339051763,2.5916856477644097,0.2344338859118233,38.92468322862572,2.0119244283705484,0.1727369902558385
82,dflash2_pairwise_k16_tb64,Pairwise-MassPreserving,64,67,495,6.388059701492537,7.373134328358209,0.7313432835820896,7.855974640404733,127.29165326690527,True,13.897057253877813,2.536096328429864,0.23535064198102787,39.18074508958432,2.017843656814414,0.17331668603409484
83,dflash2_pairwise_k16_tb64,Pairwise-MassPreserving,64,50,336,5.72,6.7,0.6,8.630036294648779,115.87436783088263,False,13.816498539890745,2.5490654198802076,0.2359844002785394,39.20191840006737,2.018550939610577,0.17182620031235274
84,dflash2_pairwise_k16_tb64,Pairwise-MassPreserving,64,122,800,5.557377049180328,6.549180327868853,0.5409836065573771,8.935736802500287,111.91018962422801,False,14.117303492058142,2.5929065245765712,0.23712591800936994,39.43824015562418,2.034596409788212,0.1748229261749107
85,dflash2_pairwise_k16_tb64,Pairwise-MassPreserving,64,95,525,4.526315789473684,5.515789473684211,0.3368421052631579,10.632765241905526,94.04891175992779,False,14.082339568611994,2.6947172735833047,0.23745798937038912,39.538848578874756,2.032827010522229,0.17382802114681048
86,dflash2_pairwise_k16_tb64,Pairwise-MassPreserving,64,107,716,5.682242990654205,6.682242990654205,0.5981308411214953,8.759574195530108,114.16080024874799,False,14.098676542191718,2.6177880372585527,0.23519657940520017,39.46586014975867,2.0232840746689575,0.17466306531090273
87,dflash2_pairwise_k16_tb64,Pairwise-MassPreserving,64,34,235,5.911764705882353,6.882352941176471,0.7352941176470589,8.325534799997572,120.11240407046184,False,13.815063176854679,2.542613264428356,0.237143970640746,38.7466999116655,2.026911058826098,0.17570620580312712
88,dflash2_pairwise_k16_tb64,Pairwise-MassPreserving,64,45,336,6.444444444444445,7.444444444444445,0.7777777777777778,7.770521833338405,128.69148577765154,True,13.809790555387735,2.5849958889820197,0.23427828887684476,39.20460746659147,2.012424511000669,0.17379964475468215
89,dflash2_pairwise_k16_tb64,Pairwise-MassPreserving,64,49,345,6.040816326530612,7.020408163265306,0.7142857142857143,8.249500884066682,121.2194548559208,True,13.818766571399019,2.567946061427225,0.2349688164736572,39.27441010195513,2.0134355508329165,0.17369340817747225
90,dflash2_pairwise_k16_tb64,Pairwise-MassPreserving,64,101,730,6.227722772277228,7.217821782178218,0.7326732673267327,8.030043198630988,124.5323313043305,False,13.932170316951273,2.570921554477104,0.2364313169693722,39.113529208047076,2.012520465280314,0.17335322738992798
91,dflash2_pairwise_k16_tb64,Pairwise-MassPreserving,64,60,397,5.616666666666666,6.6,0.6333333333333333,8.792922108315599,113.72783560248816,True,13.866202199884961,2.6172999167101807,0.23465688336727908,39.27763161658125,2.011071483260215,0.1729725168843288
92,dflash2_pairwise_k16_tb64,Pairwise-MassPreserving,64,60,407,5.783333333333333,6.766666666666667,0.6166666666666667,8.761867417689542,114.13092122132278,False,14.212187850534974,2.61286016672481,0.24073748354567215,40.13487833326508,2.056195716613729,0.17780776597646764
93,dflash2_pairwise_k16_tb64,Pairwise-MassPreserving,64,68,455,5.6911764705882355,6.676470588235294,0.5441176470588235,8.773551773621156,113.97892504682451,False,14.035585073489688,2.586472970666792,0.2371383381400579,39.647342750065626,2.025404823678614,0.17343923510077944
94,dflash2_pairwise_k16_tb64,Pairwise-MassPreserving,64,93,613,5.591397849462366,6.580645161290323,0.5698924731182796,8.893214592169937,112.44527944714768,False,14.069231215226639,2.607489881523189,0.23670125806200948,39.507149343911784,2.0234791396648286,0.17466469924779288
95,dflash2_pairwise_k16_tb64,Pairwise-MassPreserving,64,231,1597,5.913419913419913,6.909090909090909,0.6190476190476191,8.522966943645011,117.33003384996478,False,14.23231674448584,2.623109285621042,0.23836393510074622,39.61620508231466,2.0363070172795954,0.17654732481318977
96,dflash2_pairwise_k16_tb64,Pairwise-MassPreserving,64,73,443,5.068493150684931,6.054794520547945,0.4246575342465753,9.679209444691317,103.31422268669499,False,14.058994054945812,2.664241958571014,0.23570708196517717,39.58077763015092,2.0238173289215733,0.1746781645996547
97,dflash2_pairwise_k16_tb64,Pairwise-MassPreserving,64,62,444,6.161290322580645,7.145161290322581,0.7258064516129032,8.195800572073429,122.01370582483723,True,14.045468887014712,2.590161758029529,0.23814245158122974,39.61113875817729,2.0309244030818996,0.1766710647056934
98,dflash2_pairwise_k16_tb64,Pairwise-MassPreserving,64,127,857,5.748031496062992,6.74015748031496,0.5669291338582677,8.710861539088937,114.79920734735836,False,14.142637275596833,2.622933495997389,0.23961122840730928,39.56846361413807,2.0320734097260256,0.17544899975027356
99,dflash2_pairwise_k16_tb64,Pairwise-MassPreserving,64,60,438,6.3,7.283333333333333,0.7666666666666667,8.035965968041612,124.44054690835168,False,14.024549616624427,2.5261820668674773,0.2390529502008576,39.66436313348822,2.033936683377154,0.17446711614563792
100,dflash2_pairwise_k16_tb64,Pairwise-MassPreserving,64,76,457,5.0131578947368425,6.0,0.40789473684210525,9.78035285339219,102.24579981827168,False,14.074471973703782,2.6552381317933875,0.2369924339674119,39.634717105161,2.035154657804876,0.1742316712567883
101,dflash2_pairwise_k16_tb64,Pairwise-MassPreserving,64,140,1036,6.4,7.392857142857143,0.7928571428571428,7.92324296235446,126.21094730418835,False,14.138188857110176,2.552639199997689,0.23734646435644077,39.498040128585544,2.030917185818128,0.17486608555503022
102,dflash2_pairwise_k16_tb64,Pairwise-MassPreserving,64,25,171,5.8,6.8,0.52,8.470047450296265,118.06309301903876,True,13.600617840129416,2.5909579602011945,0.23583747970405966,39.31596363996505,2.0231160399271175,0.16863160009961575
103,dflash2_pairwise_k16_tb64,Pairwise-MassPreserving,64,87,607,5.977011494252873,6.9655172413793105,0.6781609195402298,8.347787654034152,119.79221818330993,False,13.974303114960565,2.562036977111745,0.2346486668186075,39.27563118398619,2.022832298792508,0.17315817210889886
104,dflash2_pairwise_k16_tb64,Pairwise-MassPreserving,64,56,400,6.142857142857143,7.125,0.6785714285714286,8.165823270001056,122.46162657888023,True,13.928829107109257,2.5716908572316504,0.23432858961314196,39.4002624998393,2.0209929641948423,0.17120505344792036
105,dflash2_pairwise_k16_tb64,Pairwise-MassPreserving,64,35,235,5.714285714285714,6.685714285714286,0.6285714285714286,8.742560059583914,114.38297171361876,True,13.890557943003452,2.573504114427903,0.2364384858602924,39.79533708573269,2.030457314478034,0.17375117084676667
106,dflash2_pairwise_k16_tb64,Pairwise-MassPreserving,64,57,393,5.894736842105263,6.87719298245614,0.5614035087719298,8.548451557259817,116.98024996711186,False,14.056223526399423,2.593410596187153,0.23729743872791642,39.84558087719498,2.033136193443952,0.17367526283794033
107,dflash2_pairwise_k16_tb64,Pairwise-MassPreserving,64,286,2048,6.160839160839161,7.1573426573426575,0.7097902097902098,8.099311275390875,123.4672882666483,False,14.020193153911903,2.596543545376182,0.23613682520857499,38.957490720285996,2.0129702517132264,0.1745308601492617
108,dflash2_pairwise_k16_tb64,Pairwise-MassPreserving,64,74,486,5.554054054054054,6.554054054054054,0.527027027027027,8.853793395066958,112.94593801535588,False,13.91122340543449,2.641426770325681,0.23715994575468358,39.1588732026493,2.025263270420633,0.17393975680091456
109,dflash2_pairwise_k16_tb64,Pairwise-MassPreserving,64,63,386,5.126984126984127,6.111111111111111,0.4444444444444444,9.478942683936442,105.4969982775249,False,13.868890666575652,2.623900364726848,0.2342252061232954,39.16709752385422,2.0116598730272104,0.17155773076367387
110,dflash2_pairwise_k16_tb64,Pairwise-MassPreserving,64,80,484,5.05,6.0375,0.475,9.600146576446626,104.16507623471489,True,13.913523887458723,2.6429598875893134,0.2356066874199314,39.103935750245,2.010745175084594,0.17411539970453305
111,dflash2_pairwise_k16_tb64,Pairwise-MassPreserving,64,205,1438,6.014634146341463,7.009756097560976,0.6829268292682927,8.294571545896831,120.56077815070282,False,14.057461170745139,2.5785036387188907,0.23605002905951994,39.12006222448459,2.016847073111155,0.17446065900092037
112,dflash2_pairwise_k16_tb64,Pairwise-MassPreserving,64,34,245,6.176470588235294,7.176470588235294,0.7352941176470589,8.114084506116935,123.24249263686293,True,13.851977470253855,2.5692995004646946,0.23686247079561273,39.60252364723762,2.03338238187665,0.17509288227302022
113,dflash2_pairwise_k16_tb64,Pairwise-MassPreserving,64,34,248,6.294117647058823,7.264705882352941,0.7941176470588235,8.025322129029636,124.60559014606343,True,13.842949823276072,2.5678357058709746,0.2331737939718604,39.68581288245332,2.0351324412117453,0.17273911790278576
114,dflash2_pairwise_k16_tb64,Pairwise-MassPreserving,64,165,1161,6.036363636363636,7.03030303030303,0.7272727272727273,8.319390455642807,120.20111393157755,False,14.07012182431627,2.5895544301998927,0.23480956358870378,39.437715218413025,2.032132315004922,0.17392312727293535
115,dflash2_pairwise_k16_tb64,Pairwise-MassPreserving,64,298,2048,5.87248322147651,6.869127516778524,0.6711409395973155,8.442028376952848,118.45494416129293,False,14.040150489935874,2.5926042247821237,0.2361580370765198,38.95593104028884,2.017859674520609,0.1749949092330605
116,dflash2_pairwise_k16_tb64,Pairwise-MassPreserving,64,283,2048,6.23321554770318,7.23321554770318,0.7632508833922261,8.159150522949687,122.56177860516796,False,14.258797254381795,2.642424240336172,0.2402840813239518,39.67499908824402,2.0525572050606353,0.17666346987943057
117,dflash2_pairwise_k16_tb64,Pairwise-MassPreserving,64,59,414,6.016949152542373,7.0,0.6610169491525424,8.173623787436243,122.34475503229176,True,13.873397338996302,2.5906639663335844,0.2358211184678189,38.45786840672915,2.022838017136703,0.17331366078736718
118,dflash2_pairwise_k16_tb64,Pairwise-MassPreserving,64,137,822,5.0,5.992700729927007,0.45255474452554745,9.725180284669186,102.82585728270807,False,14.039727197219678,2.692272912391825,0.23839610215488066,39.18383921896801,2.0226716934588573,0.17417458382186815
119,dflash2_pairwise_k16_tb64,Pairwise-MassPreserving,64,153,1054,5.888888888888889,6.882352941176471,0.6209150326797386,8.514822589182737,117.44225901669446,False,14.025808405159635,2.6283259805994947,0.23880219619148227,39.566632287507936,2.023668405218499,0.17442945080403743
120,dflash2_pairwise_k16_tb64,Pairwise-MassPreserving,64,286,2048,6.160839160839161,7.1573426573426575,0.7132867132867133,8.116492757324067,123.20592525603273,False,14.053739783254581,2.585838489473893,0.236300076772699,39.049124618896755,2.021522870767309,0.17437334614836406
121,dflash2_pairwise_k16_tb64,Pairwise-MassPreserving,64,126,901,6.150793650793651,7.142857142857143,0.7380952380952381,8.113335046615049,123.25387701290708,True,13.973979436553828,2.5575334048404503,0.23474054767806563,39.05916257145503,2.0172243888130956,0.1741443887560366
122,dflash2_pairwise_k16_tb64,Pairwise-MassPreserving,64,158,1106,6.0,6.993670886075949,0.6835443037974683,8.308018595840592,120.36564295855692,False,13.999324582246002,2.569513113738577,0.23570112037454743,39.15899736082655,2.0193749937155916,0.17321899998288373
123,dflash2_pairwise_k16_tb64,Pairwise-MassPreserving,64,321,2048,5.38006230529595,6.376947040498442,0.48909657320872274,9.207408725098176,108.60819041020005,False,14.18351406545726,2.6781523456945515,0.23745720261735828,39.44078364489157,2.0288549563373297,0.17507912145385002
124,dflash2_pairwise_k16_tb64,Pairwise-MassPreserving,64,35,243,5.942857142857143,6.914285714285715,0.6857142857142857,8.41618489710961,118.81868236324424,True,13.820484457288071,2.594587028787438,0.23622677160476865,39.582755028615274,2.025447514253236,0.17286862795507268
125,dflash2_pairwise_k16_tb64,Pairwise-MassPreserving,64,33,214,5.454545454545454,6.454545454545454,0.5151515151515151,9.093158925237748,109.97278374015157,True,13.890636817946374,2.629342575704813,0.24036869658492366,39.99592612098874,2.0367651517462395,0.17471851584339287
126,dflash2_pairwise_k16_tb64,Pairwise-MassPreserving,64,40,284,6.1,7.075,0.675,8.238935031687094,121.3749102467712,False,13.889427850244829,2.575210074792267,0.23863597507443046,39.59899022529498,2.0231856002283166,0.1709889993435354
127,dflash2_pairwise_k16_tb64,Pairwise-MassPreserving,64,241,1397,4.796680497925311,5.79253112033195,0.3112033195020747,10.139358931997371,98.62556466407764,False,14.16604425717064,2.7093806139830376,0.23689058084471762,39.45008111618355,2.0373892652988386,0.17483834909319615
