prompt_index,method_key,method,budget,decode_rounds,num_output_tokens,mean_matched_draft_tokens,mean_committed_tokens,full_block_acceptance,milliseconds_per_token,tokens_per_second,matches_sequential_baseline,draft_milliseconds_per_round,tree_build_milliseconds_per_round,tree_compile_milliseconds_per_round,verify_milliseconds_per_round,commit_milliseconds_per_round,other_milliseconds_per_round
0,dflash2,DFlash2-GreedyPath,7,352,743,1.1107954545454546,2.1079545454545454,0.0,25.47640445356756,39.25200676659716,False,12.576989815401744,0.0,0.0,40.40078669329846,0.6495284773005882,0.14817373275119197
1,dflash2,DFlash2-GreedyPath,7,150,361,1.4066666666666667,2.4,0.006666666666666667,22.263059988917803,44.917455214951765,False,12.49959049988926,0.0,0.0,40.28445274639429,0.647127586659432,0.14859354038586994
2,dflash2,DFlash2-GreedyPath,7,23,84,2.652173913043478,3.608695652173913,0.08695652173913043,14.623519464294077,68.38299100580252,True,12.086020782589912,0.0,0.0,40.54794947818585,0.6266040431712653,0.1470620004313431
3,dflash2,DFlash2-GreedyPath,7,133,423,2.172932330827068,3.172932330827068,0.07518796992481203,16.94955152482182,58.99861117478814,False,12.561255586654152,0.0,0.0,40.56393901495389,0.6339212330449915,0.14810442850208155
4,dflash2,DFlash2-GreedyPath,7,88,223,1.5340909090909092,2.522727272727273,0.022727272727272728,20.970773681606854,47.68541281226476,False,12.35741378414704,0.0,0.0,39.99521971606803,0.6406247954063556,0.14858864754139425
5,dflash2,DFlash2-GreedyPath,7,21,44,1.0476190476190477,2.0476190476190474,0.0,25.188636454500244,39.70044197534711,True,11.92005904764907,0.0,0.0,40.06211485674222,0.6459114281044874,0.14810533407615453
6,dflash2,DFlash2-GreedyPath,7,88,210,1.3863636363636365,2.375,0.0,22.575811714272106,44.29519578991768,False,12.5256896021297,0.0,0.0,40.54735846582182,0.6515658749115325,0.14948219346809888
7,dflash2,DFlash2-GreedyPath,7,68,267,2.926470588235294,3.911764705882353,0.25,13.708148940069247,72.94930952179664,False,12.482244117617324,0.0,0.0,40.60409677929462,0.5905680149333099,0.14773472048545955
8,dflash2,DFlash2-GreedyPath,7,73,153,1.095890410958904,2.0821917808219177,0.0,25.732219758151736,38.86178531812084,False,12.49486649263816,0.0,0.0,40.63798343810198,0.649690781345221,0.14937193171210486
9,dflash2,DFlash2-GreedyPath,7,58,201,2.4655172413793105,3.4482758620689653,0.15517241379310345,15.517144925382384,64.4448450284328,False,12.447975361910407,0.0,0.0,40.565955155059406,0.6136718793954813,0.14733087952883014
10,dflash2,DFlash2-GreedyPath,7,102,210,1.0588235294117647,2.049019607843137,0.0,25.923730085681502,38.574695720672224,False,12.39774538243735,0.0,0.0,40.17274398988686,0.6534952650219887,0.14840083317454522
11,dflash2,DFlash2-GreedyPath,7,108,258,1.3796296296296295,2.3796296296296298,0.009259259259259259,22.27996840697732,44.88336705571065,False,12.391302648042997,0.0,0.0,40.03815870378781,0.6458866299470645,0.1490209904457313
12,dflash2,DFlash2-GreedyPath,7,266,647,1.4323308270676691,2.4285714285714284,0.018796992481203006,21.923348850078867,45.61346931248611,False,12.471137883737281,0.0,0.0,40.06385797727393,0.6425613347599388,0.14728004483421178
13,dflash2,DFlash2-GreedyPath,7,99,379,2.8282828282828283,3.8181818181818183,0.030303030303030304,13.876528366755892,72.0641340232985,True,12.355377272549298,0.0,0.0,39.98202233343924,0.6392191215935681,0.14665653504903964
14,dflash2,DFlash2-GreedyPath,7,84,150,0.7738095238095238,1.7738095238095237,0.0,29.97000913999121,33.36668985748242,False,12.425564118703257,0.0,0.0,40.295066726251946,0.6497681308593157,0.14747448845550284
15,dflash2,DFlash2-GreedyPath,7,5,9,0.6,1.6,0.0,28.287853111073165,35.35086229674157,True,10.033990599913523,0.0,0.0,40.09753220161656,0.6507030004286207,0.1359097979729995
16,dflash2,DFlash2-GreedyPath,7,94,264,1.8085106382978724,2.797872340425532,0.0425531914893617,19.054899109836366,52.47994199474864,False,12.441242946806597,0.0,0.0,40.28484188243152,0.6405995001377379,0.14920253229223468
17,dflash2,DFlash2-GreedyPath,7,24,56,1.3333333333333333,2.2916666666666665,0.0,22.77237446430393,43.91285597237637,True,12.039790626355776,0.0,0.0,40.29532791658615,0.6532258748848108,0.1471959988824286
18,dflash2,DFlash2-GreedyPath,7,20,87,3.35,4.3,0.15,12.28616588505456,81.39235700996392,True,12.073897851223592,0.0,0.0,40.607152100346866,0.6179461994179292,0.14582544899894856
19,dflash2,DFlash2-GreedyPath,7,11,87,6.909090909090909,7.818181818181818,0.9090909090909091,6.6735046206847715,149.84630367984815,True,11.516066272716587,0.0,0.0,40.693663726745974,0.4292307256202383,0.14239400215129452
20,dflash2,DFlash2-GreedyPath,7,139,329,1.3597122302158273,2.3597122302158273,0.0,22.796188860165316,43.866981719362194,False,12.56641397143173,0.0,0.0,40.589760000310356,0.6518182519043582,0.14845479070167092
21,dflash2,DFlash2-GreedyPath,7,120,271,1.25,2.25,0.0,23.943200180828107,41.765511395620535,True,12.603726049989442,0.0,0.0,40.66452863329081,0.6535577000249759,0.14991469173158598
22,dflash2,DFlash2-GreedyPath,7,144,295,1.0486111111111112,2.0416666666666665,0.0,26.369904040682552,37.92201892192082,False,12.591014951491767,0.0,0.0,40.62821472896556,0.6519212708250658,0.1505274653936733
23,dflash2,DFlash2-GreedyPath,7,100,181,0.8,1.8,0.0,29.49185287844401,33.90766948830514,False,12.414093450788641,0.0,0.0,40.171217679962865,0.6479076600226108,0.14703491920954548
24,dflash2,DFlash2-GreedyPath,7,498,1440,1.891566265060241,2.889558232931727,0.04819277108433735,18.59066512361096,53.79043693977125,False,12.591891636394982,0.0,0.0,40.37310829498089,0.6425730622345236,0.14856712285503576
25,dflash2,DFlash2-GreedyPath,7,492,1430,1.9065040650406504,2.904471544715447,0.03861788617886179,18.30512848251741,54.629499102126765,False,12.479796349604536,0.0,0.0,39.93914740234819,0.6372655813269434,0.14772101224857967
26,dflash2,DFlash2-GreedyPath,7,331,863,1.6042296072507554,2.604229607250755,0.03323262839879154,20.75735112514892,48.17570382515875,False,12.658186776533983,0.0,0.0,40.66155248932598,0.6489477249724422,0.1509324079697735
27,dflash2,DFlash2-GreedyPath,7,317,853,1.6876971608832807,2.687697160883281,0.00946372239747634,19.928005962481926,50.18063532712108,False,12.602773110264925,0.0,0.0,40.225503009297604,0.6473530346930926,0.14768026529353007
28,dflash2,DFlash2-GreedyPath,7,48,95,0.9583333333333334,1.9583333333333333,0.0,27.09755909469861,36.9036929306168,False,12.356342645337767,0.0,0.0,40.477882500150976,0.6509528338938253,0.1454077288750947
29,dflash2,DFlash2-GreedyPath,7,34,91,1.6764705882352942,2.6470588235294117,0.0,20.198105285689362,49.509594383019376,True,12.221619294851894,0.0,0.0,41.035019029496816,0.6554298240242882,0.14756658685441568
30,dflash2,DFlash2-GreedyPath,7,176,385,1.1818181818181819,2.1818181818181817,0.005681818181818182,24.59767710390295,40.65424534909959,False,12.611834454549932,0.0,0.0,40.39908713614502,0.6483752328924972,0.14812184120025698
31,dflash2,DFlash2-GreedyPath,7,262,727,1.7748091603053435,2.7709923664122136,0.04198473282442748,19.52073748005185,51.227572781094736,False,12.623973110665608,0.0,0.0,40.749952430877514,0.6435345307639925,0.14886110325660273
32,dflash2,DFlash2-GreedyPath,7,304,900,1.9605263157894737,2.9572368421052633,0.06578947368421052,18.297853585560613,54.651218806840276,False,12.641288269486196,0.0,0.0,40.742362585660885,0.6381335527437745,0.14949265462411476
33,dflash2,DFlash2-GreedyPath,7,289,970,2.356401384083045,3.3529411764705883,0.10034602076124567,16.221424996911082,61.646865191585945,False,12.755777162763977,0.0,0.0,40.90718189978978,0.632181785577565,0.15047246330034206
34,dflash2,DFlash2-GreedyPath,7,62,134,1.1451612903225807,2.1451612903225805,0.0,25.03531075376147,39.94358247978821,False,12.529611773765458,0.0,0.0,40.77688978976502,0.6530190477215294,0.14905424365180456
35,dflash2,DFlash2-GreedyPath,7,126,258,1.0396825396825398,2.0396825396825395,0.0,26.617688755809365,37.5690019210157,False,12.709019635087952,0.0,0.0,40.98626824564971,0.6574562456600168,0.150142373592918
36,dflash2,DFlash2-GreedyPath,7,39,72,0.8461538461538461,1.8205128205128205,0.0,29.104996902788116,34.358361326752274,False,12.261368128327796,0.0,0.0,40.668147692579225,0.6551070007098576,0.14767915276118004
37,dflash2,DFlash2-GreedyPath,7,48,85,0.7708333333333334,1.75,0.0,30.400740694141646,32.89393538338045,False,12.418229853816834,0.0,0.0,40.61510512519817,0.6532458545128369,0.14806414568132217
38,dflash2,DFlash2-GreedyPath,7,187,376,1.0106951871657754,2.0053475935828877,0.0,27.157060276585206,36.82283685403899,False,12.749698128432028,0.0,0.0,41.04625071130598,0.6579747593172273,0.15064679664549702
39,dflash2,DFlash2-GreedyPath,7,223,514,1.3004484304932735,2.3004484304932737,0.008968609865470852,23.415104075876727,42.70747619824778,False,12.591477175082149,0.0,0.0,40.57816364098316,0.6511427263137801,0.1494563455161463
40,dflash2,DFlash2-GreedyPath,7,33,106,2.212121212121212,3.1818181818181817,0.030303030303030304,17.225193830216874,58.054499116623845,True,12.680643302728916,0.0,0.0,41.83130472797943,0.664192909563567,0.15326954466714102
41,dflash2,DFlash2-GreedyPath,7,47,175,2.723404255319149,3.702127659574468,0.0851063829787234,14.36563789146021,69.61055315159096,True,12.357559489170486,0.0,0.0,40.355192148436274,0.6296405527849701,0.14668506504521964
42,dflash2,DFlash2-GreedyPath,7,45,128,1.8222222222222222,2.8222222222222224,0.06666666666666667,18.813976148408074,53.151975537324894,False,12.34922262277299,0.0,0.0,40.38449208827741,0.6360098221597986,0.1455854000394336
43,dflash2,DFlash2-GreedyPath,7,103,358,2.4757281553398056,3.466019417475728,0.11650485436893204,15.464466907817762,64.66436935465711,False,12.514340844558037,0.0,0.0,40.465919989939934,0.6199850879798335,0.15003711634509953
44,dflash2,DFlash2-GreedyPath,7,284,799,1.8133802816901408,2.8098591549295775,0.014084507042253521,19.39881087234331,51.54955149470991,False,12.77031761271925,0.0,0.0,41.00101084541038,0.6546048941896182,0.15029864416774985
45,dflash2,DFlash2-GreedyPath,7,249,739,1.9678714859437751,2.963855421686747,0.060240963855421686,18.263460635998005,54.75413558966806,False,12.655694675008835,0.0,0.0,40.75923497942543,0.639520184950198,0.14915421685057326
46,dflash2,DFlash2-GreedyPath,7,72,241,2.3472222222222223,3.3333333333333335,0.041666666666666664,16.19940190455858,61.73067412560434,False,12.564865041187861,0.0,0.0,40.867402055179504,0.6433652637901509,0.14736568148994897
47,dflash2,DFlash2-GreedyPath,7,46,205,3.4565217391304346,4.434782608695652,0.17391304347826086,12.197158960966258,81.98630543393197,True,12.483750608225819,0.0,0.0,41.111084956671974,0.6151990651826212,0.14686943509529912
48,dflash2,DFlash2-GreedyPath,7,283,1122,2.964664310954064,3.96113074204947,0.1625441696113074,13.566799993758181,73.70934932777666,False,12.55039615900496,0.0,0.0,40.4768800850151,0.6138644025748671,0.14666710250995324
49,dflash2,DFlash2-GreedyPath,7,24,106,3.4166666666666665,4.375,0.125,12.064482245271924,82.88793332941415,False,12.042831791101586,0.0,0.0,40.48097608332076,0.6150328332902669,0.14595587557172016
50,dflash2,DFlash2-GreedyPath,7,86,344,3.0,3.988372093023256,0.18604651162790697,13.421454636637613,74.50757217255874,False,12.450213732822597,0.0,0.0,40.48644797639586,0.601551383053532,0.14760545427846009
51,dflash2,DFlash2-GreedyPath,7,191,820,3.2931937172774868,4.287958115183246,0.2513089005235602,12.479253445124458,80.13299869237704,False,12.500622492252802,0.0,0.0,40.34130396868446,0.5861352779445389,0.14779074803995534
52,dflash2,DFlash2-GreedyPath,7,13,62,3.769230769230769,4.6923076923076925,0.3076923076923077,11.258316790307646,88.82322452152938,True,11.794813230853133,0.0,0.0,41.17269123022337,0.5801497693307913,0.14585661567532673
53,dflash2,DFlash2-GreedyPath,7,77,383,3.9740259740259742,4.961038961038961,0.37662337662337664,10.926376783294943,91.52164709612379,True,12.597591636529307,0.0,0.0,41.03822515583476,0.5646275197474782,0.14763760999186787
54,dflash2,DFlash2-GreedyPath,7,84,250,1.9761904761904763,2.9642857142857144,0.047619047619047616,18.25983474001987,54.76500824009713,True,12.615472273734797,0.0,0.0,40.940207226282965,0.6414560955904779,0.14761065445089203
55,dflash2,DFlash2-GreedyPath,7,49,165,2.36734693877551,3.3469387755102042,0.04081632653061224,16.107136800013848,62.08428055314836,True,12.492209999306526,0.0,0.0,40.95393828545787,0.6433223673838608,0.1488471438167336
56,dflash2,DFlash2-GreedyPath,7,205,776,2.7853658536585364,3.7804878048780486,0.14634146341463414,14.202575264170799,70.40976593327589,False,12.559447980595174,0.0,0.0,40.441158380595084,0.6126052100160273,0.14873186780122769
57,dflash2,DFlash2-GreedyPath,7,302,2048,5.781456953642384,6.7781456953642385,0.7052980132450332,7.8946669482391485,126.66778808484672,False,12.557057036283126,0.0,0.0,40.353746437032044,0.4784266658309255,0.14811393368097997
58,dflash2,DFlash2-GreedyPath,7,85,253,1.9764705882352942,2.9647058823529413,0.03529411764705882,18.02290741896847,55.4849435084783,False,12.461665411640698,0.0,0.0,40.39317185833009,0.64170956491794,0.14810701215858846
59,dflash2,DFlash2-GreedyPath,7,251,722,1.8764940239043826,2.8725099601593627,0.0398406374501992,18.619326677276085,53.707634939369086,False,12.469250314583283,0.0,0.0,40.30027853359099,0.6405086491017629,0.14834441903206105
60,dflash2,DFlash2-GreedyPath,7,60,386,5.433333333333334,6.416666666666667,0.5666666666666667,8.300788152848016,120.47048805322157,True,12.38757711701813,0.0,0.0,40.35878928322442,0.5098687004647218,0.1455020159482956
61,dflash2,DFlash2-GreedyPath,7,103,629,5.106796116504855,6.097087378640777,0.5048543689320388,8.752594003176231,114.25184346916008,False,12.407766989852162,0.0,0.0,40.36573584433656,0.5296454945741926,0.14715873917736547
62,dflash2,DFlash2-GreedyPath,7,16,74,3.5625,4.5625,0.125,11.508809108105394,86.88996321050477,True,11.862670313348644,0.0,0.0,40.60070162449847,0.6200937505127513,0.14477643662758055
63,dflash2,DFlash2-GreedyPath,7,16,86,4.3125,5.3125,0.3125,9.86435101156023,101.37514356779073,False,11.8402718753714,0.0,0.0,40.455265750551916,0.580604688366293,0.14474437284662384
64,dflash2,DFlash2-GreedyPath,7,58,318,4.482758620689655,5.4655172413793105,0.3275862068965517,9.806257386786319,101.97570393649615,False,12.444414206803575,0.0,0.0,40.60474222519431,0.5688037413949195,0.14738205071149296
65,dflash2,DFlash2-GreedyPath,7,75,354,3.72,4.706666666666667,0.26666666666666666,11.366096327685105,87.98095416138943,True,12.446415199956391,0.0,0.0,40.46878601356487,0.585801626536219,0.146971826616209
66,dflash2,DFlash2-GreedyPath,7,81,378,3.6666666666666665,4.654320987654321,0.20987654320987653,11.541474687830833,86.64404047555429,False,12.495244579856072,0.0,0.0,40.61806035773501,0.5968223700664914,0.15008790221964988
67,dflash2,DFlash2-GreedyPath,7,170,906,4.323529411764706,5.323529411764706,0.4176470588235294,10.077331476828721,99.23261949846015,False,12.5185555058552,0.0,0.0,40.49180745847372,0.5490141177313703,0.1468718473915942
68,dflash2,DFlash2-GreedyPath,7,74,382,4.162162162162162,5.148648648648648,0.3108108108108108,10.41435638480882,96.0212962808414,False,12.469805040333036,0.0,0.0,40.56905168869668,0.5746859999301189,0.14705374397217874
69,dflash2,DFlash2-GreedyPath,7,18,91,4.055555555555555,5.0,0.2777777777777778,10.506424846196072,95.17985562539452,True,11.938117999913326,0.0,0.0,40.4443676112957,0.5897801105068842,0.14354877849756223
70,dflash2,DFlash2-GreedyPath,7,49,235,3.795918367346939,4.775510204081633,0.3469387755102041,11.232905646791048,89.02416092898228,False,12.430857857647684,0.0,0.0,40.72630818418289,0.5676734483354173,0.14725901995433913
71,dflash2,DFlash2-GreedyPath,7,40,219,4.475,5.45,0.45,9.941147680348635,100.59200729678025,False,12.526723500195658,0.0,0.0,41.2043506750706,0.5481441006850218,0.14856527395750163
72,dflash2,DFlash2-GreedyPath,7,67,323,3.8208955223880596,4.8059701492537314,0.208955223880597,11.325545241482644,88.29596974609662,False,12.655054462648783,0.0,0.0,41.191207463270985,0.6043361337011013,0.1486722836462058
73,dflash2,DFlash2-GreedyPath,7,44,283,5.431818181818182,6.409090909090909,0.5681818181818182,8.419164148420128,118.7766365367341,False,12.512521635719828,0.0,0.0,40.97520850072297,0.5152590684619182,0.1475438406156503
74,dflash2,DFlash2-GreedyPath,7,53,282,4.320754716981132,5.30188679245283,0.37735849056603776,10.359552046083861,96.52927033442745,False,12.75915592383892,0.0,0.0,41.62466682972527,0.5834192256684819,0.15339343577957237
75,dflash2,DFlash2-GreedyPath,7,41,271,5.585365853658536,6.585365853658536,0.6341463414634146,8.710772571949944,114.80037984462562,True,13.366068951166575,0.0,0.0,43.52379692668697,0.5302129023376193,0.1560033417218819
76,dflash2,DFlash2-GreedyPath,7,34,166,3.8823529411764706,4.852941176470588,0.29411764705882354,11.125093524088994,89.88688480098754,True,12.42390979485422,0.0,0.0,41.1627262350093,0.5817942061078023,0.14820285222787574
77,dflash2,DFlash2-GreedyPath,7,72,399,4.527777777777778,5.527777777777778,0.4444444444444444,9.807348724316489,101.96435633216394,True,12.579480055440703,0.0,0.0,41.06721301377547,0.5550825982128218,0.1472818464915488
78,dflash2,DFlash2-GreedyPath,7,36,212,4.888888888888889,5.861111111111111,0.4166666666666667,9.114393547174844,109.71657026044991,False,12.302587611379245,0.0,0.0,40.67512611092954,0.5479086941906846,0.14802847241905207
79,dflash2,DFlash2-GreedyPath,7,139,767,4.510791366906475,5.510791366906475,0.4460431654676259,9.715747045629067,102.92569323836825,False,12.509652906517907,0.0,0.0,40.41443778411946,0.5397038776012935,0.147557834621013
80,dflash2,DFlash2-GreedyPath,7,180,574,2.188888888888889,3.183333333333333,0.05,17.101530092333842,58.47429993695554,False,12.700018227891027,0.0,0.0,41.0347274111296,0.6478768833605701,0.15225677206116314
81,dflash2,DFlash2-GreedyPath,7,171,649,2.7953216374269005,3.789473684210526,0.16374269005847952,14.294992756547936,69.95456500262597,False,12.62548022214371,0.0,0.0,40.86430260830059,0.614592380605894,0.14972010473700306
82,dflash2,DFlash2-GreedyPath,7,89,367,3.1235955056179776,4.112359550561798,0.15730337078651685,13.199274997259883,75.76173692930831,True,12.622823662731504,0.0,0.0,41.035038651244484,0.6203379098121914,0.15027083232841884
83,dflash2,DFlash2-GreedyPath,7,97,457,3.7010309278350517,4.701030927835052,0.24742268041237114,11.619261477031888,86.06398969303922,False,12.72908842281712,0.0,0.0,41.2636852163711,0.5992621651607009,0.15025795857450858
84,dflash2,DFlash2-GreedyPath,7,138,498,2.601449275362319,3.601449275362319,0.14492753623188406,15.0865269518045,66.28430805808424,True,12.675005608785348,0.0,0.0,40.99660973936451,0.6227811592406647,0.14828770999093135
85,dflash2,DFlash2-GreedyPath,7,71,319,3.492957746478873,4.47887323943662,0.2535211267605634,12.425523736663045,80.47950502475612,False,12.915180126224763,0.0,0.0,42.155537042073234,0.6029907603539907,0.15364519804535748
86,dflash2,DFlash2-GreedyPath,7,78,319,3.08974358974359,4.076923076923077,0.1794871794871795,13.327375799358194,75.03352610857998,False,12.660581449614629,0.0,0.0,41.080199281938036,0.6137496793832188,0.15101933259313974
87,dflash2,DFlash2-GreedyPath,7,154,626,3.064935064935065,4.058441558441558,0.23376623376623376,13.247054630994443,75.48847859812375,False,12.556641272413952,0.0,0.0,40.54579998722017,0.5975991297383224,0.14837648726730643
88,dflash2,DFlash2-GreedyPath,7,181,670,2.701657458563536,3.696132596685083,0.1270718232044199,14.781719947756361,67.65112608913854,False,12.784526580200177,0.0,0.0,41.151792994638946,0.630212602419753,0.15033171775085769
89,dflash2,DFlash2-GreedyPath,7,190,779,3.1,4.094736842105263,0.17894736842105263,13.26960837997156,75.36017426929847,False,12.712277563121845,0.0,0.0,40.92662980501221,0.6158283944578694,0.15065859529146874
90,dflash2,DFlash2-GreedyPath,7,242,921,2.8057851239669422,3.8016528925619837,0.1322314049586777,14.238154448426116,70.23382163904957,False,12.664901884465117,0.0,0.0,40.7470671651793,0.6241013056262827,0.1512860372931454
91,dflash2,DFlash2-GreedyPath,7,184,660,2.5869565217391304,3.5815217391304346,0.08695652173913043,15.064777781817334,66.38000337495622,False,12.607711380516538,0.0,0.0,40.64707185866807,0.6328764675345155,0.14904320632131599
92,dflash2,DFlash2-GreedyPath,7,96,329,2.4270833333333335,3.4166666666666665,0.09375,15.68843807902514,63.741208332075004,False,12.49467479207548,0.0,0.0,40.4960565104678,0.6271957189862102,0.14765764512958413
93,dflash2,DFlash2-GreedyPath,7,149,529,2.5503355704697985,3.5436241610738257,0.06040268456375839,15.065204483932913,66.37812324860927,False,12.480585167902106,0.0,0.0,40.21790433615867,0.6386229397077426,0.14941891193961812
94,dflash2,DFlash2-GreedyPath,7,275,1105,3.0145454545454546,4.014545454545455,0.16,13.464811902259617,74.26765462889114,False,12.642126247096298,0.0,0.0,40.69215512371474,0.6191455742174928,0.15063542586920614
95,dflash2,DFlash2-GreedyPath,7,276,1069,2.8731884057971016,3.869565217391304,0.17028985507246377,13.804048353600205,72.44251645490593,False,12.507229800668437,0.0,0.0,40.19966411984912,0.610359522081284,0.14842659362804386
96,dflash2,DFlash2-GreedyPath,7,181,656,2.6243093922651934,3.6187845303867405,0.09944751381215469,14.740868573171168,67.83860768014922,False,12.476252436554908,0.0,0.0,40.173148939521724,0.6265908672483329,0.1494761765661176
97,dflash2,DFlash2-GreedyPath,7,158,676,3.278481012658228,4.272151898734177,0.1962025316455696,12.451829124252315,80.30948626272979,False,12.442529816694389,0.0,0.0,40.08256056960495,0.6016491138843431,0.14817498079456884
98,dflash2,DFlash2-GreedyPath,7,136,504,2.7058823529411766,3.698529411764706,0.09558823529411764,14.434199819449518,69.27990553744027,False,12.478990735443778,0.0,0.0,40.237415522128956,0.6273287426130778,0.14771138953887308
99,dflash2,DFlash2-GreedyPath,7,130,521,3.0076923076923077,4.0,0.17692307692307693,13.282094748555316,75.28932889962778,False,12.426142230497835,0.0,0.0,40.05128826157978,0.6056318770928416,0.14748658465508085
100,dflash2,DFlash2-GreedyPath,7,4,14,2.5,3.25,0.0,14.37679942838648,69.55651047238898,True,9.485051248702803,0.0,0.0,40.04290850025427,0.6613507484871661,0.12948750190844294
101,dflash2,DFlash2-GreedyPath,7,36,218,5.055555555555555,6.027777777777778,0.4444444444444444,8.79073064678686,113.75618707706788,True,12.25206602834482,0.0,0.0,40.28978850045759,0.5436712219509192,0.14723205478932455
102,dflash2,DFlash2-GreedyPath,7,4,16,2.75,3.75,0.0,12.648319749587245,79.06188488258555,True,9.446440499232267,0.0,0.0,40.34760574904794,0.6654577482549939,0.133775001813774
103,dflash2,DFlash2-GreedyPath,7,7,30,3.142857142857143,4.142857142857143,0.14285714285714285,12.121102200035239,82.50074815779482,True,10.803580570999268,0.0,0.0,40.38775100135744,0.6185382860296939,0.1377109989074857
104,dflash2,DFlash2-GreedyPath,7,13,80,5.153846153846154,6.076923076923077,0.3076923076923077,8.573406587584032,116.63974988054287,True,11.63011338436403,0.0,0.0,40.409597999734196,0.5779818451488749,0.14173192511617133
105,dflash2,DFlash2-GreedyPath,7,28,173,5.142857142857143,6.142857142857143,0.5714285714285714,8.596675843942501,116.32403246943791,True,12.10043967798161,0.0,0.0,40.360491000163684,0.5096584289796218,0.14458664294839504
106,dflash2,DFlash2-GreedyPath,7,35,165,3.7142857142857144,4.685714285714286,0.22857142857142856,11.314601109100323,88.38137468193209,False,12.22982062796031,0.0,0.0,40.364299370932194,0.5973469145828858,0.14879545799756524
107,dflash2,DFlash2-GreedyPath,7,98,600,5.122448979591836,6.112244897959184,0.5408163265306123,8.70407347832952,114.88873600271116,True,12.421368459436795,0.0,0.0,40.2053771125496,0.5169931223184792,0.14650709138605839
108,dflash2,DFlash2-GreedyPath,7,16,103,5.4375,6.375,0.5,8.233799291260368,121.45061649261157,True,11.87782537590465,0.0,0.0,40.4431232495881,0.5388754379964666,0.14525887399940984
109,dflash2,DFlash2-GreedyPath,7,14,60,3.2857142857142856,4.214285714285714,0.14285714285714285,12.36162901671681,80.89548704686781,True,11.715977357068498,0.0,0.0,40.4933594992534,0.6218481430551037,0.14722507226646744
110,dflash2,DFlash2-GreedyPath,7,6,15,1.3333333333333333,2.3333333333333335,0.0,20.79983060005664,48.07731462953726,True,10.580766499818614,0.0,0.0,40.62356516563644,0.6568661665369291,0.13837866814962277
111,dflash2,DFlash2-GreedyPath,7,5,18,2.4,3.4,0.0,14.312153222514704,69.87068852972327,True,10.095218798960559,0.0,0.0,40.63482459750958,0.6504483986645937,0.14325980591820553
112,dflash2,DFlash2-GreedyPath,7,16,73,3.5625,4.5,0.25,11.704208808237437,85.4393506117388,True,11.928721500680695,0.0,0.0,40.72891281293778,0.5991156867821701,0.14370268718266743
113,dflash2,DFlash2-GreedyPath,7,9,33,2.6666666666666665,3.5555555555555554,0.2222222222222222,14.353974121067122,69.66711738265673,True,11.236851111688237,0.0,0.0,40.659228111002854,0.5931182216348437,0.14204099958684915
114,dflash2,DFlash2-GreedyPath,7,14,41,1.9285714285714286,2.857142857142857,0.0,18.290584097529774,54.672939621160296,True,11.823557001792194,0.0,0.0,40.93394142858285,0.6629156419616525,0.14486792757193287
115,dflash2,DFlash2-GreedyPath,7,8,31,2.875,3.75,0.125,13.631414870859214,73.35995635623759,True,11.15594437578693,0.0,0.0,40.89262787510961,0.6305771248662495,0.1425832488166634
116,dflash2,DFlash2-GreedyPath,7,16,55,2.4375,3.375,0.0,15.604530181868043,64.08395436102059,True,11.998676875464298,0.0,0.0,40.83445599917468,0.6598800623578427,0.14755956317458185
117,dflash2,DFlash2-GreedyPath,7,14,76,4.428571428571429,5.357142857142857,0.2857142857142857,9.81767726309619,101.857086274257,True,11.849253926941726,0.0,0.0,40.713953785078566,0.5867615712174613,0.14599300214155977
118,dflash2,DFlash2-GreedyPath,7,11,75,5.818181818181818,6.7272727272727275,0.36363636363636365,7.784616933398259,128.45847246634716,True,11.667286181446714,0.0,0.0,40.70065272654492,0.5682741830241866,0.14072054579049686
119,dflash2,DFlash2-GreedyPath,7,21,123,4.857142857142857,5.809523809523809,0.5238095238095238,9.096261105659641,109.93527872433276,True,12.135496998823891,0.0,0.0,40.46856552408177,0.5267257611627602,0.1473124776523383
120,dflash2,DFlash2-GreedyPath,7,229,737,2.2183406113537116,3.2139737991266375,0.039301310043668124,16.875166621432673,59.258674147248314,False,12.651248624659901,0.0,0.0,40.864220353149186,0.6445185415417273,0.15004654176657023
121,dflash2,DFlash2-GreedyPath,7,283,1075,2.7985865724381624,3.795053003533569,0.1625441696113074,14.164772981393346,70.59767221921499,False,12.561554278826256,0.0,0.0,40.47519795760836,0.6204686252451288,0.14889558707590153
122,dflash2,DFlash2-GreedyPath,7,217,791,2.6451612903225805,3.640552995391705,0.09216589861751152,14.874201226298002,67.23050097184192,False,12.617419917090293,0.0,0.0,40.81986206002273,0.6316782767033582,0.1499022807537531
123,dflash2,DFlash2-GreedyPath,7,415,1313,2.163855421686747,3.16144578313253,0.06987951807228916,17.1139081386129,58.43200699107241,False,12.626086036094005,0.0,0.0,40.73488748932527,0.6355012121122241,0.14945631306787618
124,dflash2,DFlash2-GreedyPath,7,181,551,2.044198895027624,3.0386740331491713,0.04419889502762431,17.62625093467205,56.73356198696406,False,12.503940817975254,0.0,0.0,40.36430198886883,0.6411562373704734,0.14841457459373267
125,dflash2,DFlash2-GreedyPath,7,375,1236,2.296,3.2933333333333334,0.088,16.241850288835412,61.56933983607744,False,12.508529178739991,0.0,0.0,40.24038227715452,0.6353865575511009,0.14884053855591142
126,dflash2,DFlash2-GreedyPath,7,220,585,1.6590909090909092,2.6545454545454548,0.03636363636363636,20.15550517095014,49.614236483702065,False,12.500354900244433,0.0,0.0,40.30356408657099,0.6429174499895783,0.1484841314033309
127,dflash2,DFlash2-GreedyPath,7,137,715,4.218978102189781,5.211678832116788,0.38686131386861317,10.380104433568487,96.33814441847755,False,12.638376518159028,0.0,0.0,40.82421795592514,0.5611968031820134,0.14974645997081495
128,dflash2,DFlash2-GreedyPath,7,157,572,2.643312101910828,3.6369426751592355,0.14012738853503184,14.991407174821287,66.70487889085842,True,12.746835910727398,0.0,0.0,41.09456873224317,0.6251842100792386,0.151786331649407
129,dflash2,DFlash2-GreedyPath,7,167,634,2.7964071856287425,3.7904191616766467,0.16766467065868262,14.311974646686282,69.87156033227984,False,12.674298036085792,0.0,0.0,40.89340960451305,0.6164945683805941,0.14988118023674343
130,dflash2,DFlash2-GreedyPath,7,258,902,2.496124031007752,3.492248062015504,0.09689922480620156,15.545649992241014,64.32667662652317,True,12.702694255706373,0.0,0.0,40.86077972866307,0.6349495156463272,0.1510970154935097
131,dflash2,DFlash2-GreedyPath,7,121,390,2.2231404958677685,3.2148760330578514,0.08264462809917356,16.520394192290645,60.53124328393186,False,12.41756480128008,0.0,0.0,40.05322421458117,0.62915509901479,0.14760741399463748
132,dflash2,DFlash2-GreedyPath,7,388,969,1.4974226804123711,2.4948453608247423,0.030927835051546393,21.352754165113893,46.832366085767,False,12.48736241228171,0.0,0.0,40.05029776811911,0.6407416135094611,0.14845074731487537
133,dflash2,DFlash2-GreedyPath,7,468,1500,2.2051282051282053,3.202991452991453,0.11324786324786325,16.60673388999809,60.216536654584466,False,12.493721737268777,0.0,0.0,39.96380820734706,0.6208297307348092,0.14835151054067577
134,dflash2,DFlash2-GreedyPath,7,313,810,1.5878594249201279,2.584664536741214,0.04153354632587859,20.825430640737373,48.01821471311446,False,12.62927541541629,0.0,0.0,40.4711811886827,0.6446452616931895,0.1481850958604458
135,dflash2,DFlash2-GreedyPath,7,231,776,2.3593073593073592,3.354978354978355,0.08658008658008658,16.029167998708218,62.38626983512741,False,12.602050909084607,0.0,0.0,40.4636803415674,0.6332891818790624,0.1478815891034599
136,dflash2,DFlash2-GreedyPath,7,320,868,1.7125,2.709375,0.046875,19.889827662444052,50.27695649109111,False,12.641478231103065,0.0,0.0,40.51908622493556,0.6420611874546012,0.14853189088626095
137,dflash2,DFlash2-GreedyPath,7,270,776,1.8703703703703705,2.8703703703703702,0.03333333333333333,18.771386751291878,53.27256921661253,False,12.627983748340435,0.0,0.0,40.527592740545515,0.6452295928385057,0.1495499145810889
138,dflash2,DFlash2-GreedyPath,7,131,302,1.3053435114503817,2.2977099236641223,0.03816793893129771,23.979590185419678,41.702130531322865,False,12.910142564703532,0.0,0.0,41.561575015057734,0.6564603967393059,0.153014664695943
139,dflash2,DFlash2-GreedyPath,7,209,558,1.6698564593301435,2.665071770334928,0.028708133971291867,20.444466999996813,48.91298951448115,False,12.765199019698677,0.0,0.0,41.0159405268106,0.6529699328537076,0.1496827981404684
140,dflash2,DFlash2-GreedyPath,7,347,1117,2.2190201729106627,3.2161383285302594,0.07492795389048991,17.023598126228734,58.74198818516939,False,12.853990293696546,0.0,0.0,41.15028178084659,0.6441265878763106,0.150907121435001
141,dflash2,DFlash2-GreedyPath,7,154,405,1.6233766233766234,2.6233766233766236,0.012987012987012988,20.812712767916693,48.047556853882334,False,12.786023194603803,0.0,0.0,41.143087922266986,0.6553519609975387,0.15026855204245318
142,dflash2,DFlash2-GreedyPath,7,314,845,1.6910828025477707,2.6878980891719744,0.04777070063694268,20.140135217752146,49.65209961046183,False,12.691531134035237,0.0,0.0,40.70994933766082,0.6460192455318059,0.1512718082516481
143,dflash2,DFlash2-GreedyPath,7,205,426,1.078048780487805,2.073170731707317,0.0,25.83275610798841,38.7105423757229,False,12.552507385425553,0.0,0.0,40.32823033155249,0.6522720095079687,0.14871760035819578
144,dflash2,DFlash2-GreedyPath,7,534,1358,1.5430711610486891,2.541198501872659,0.035580524344569285,21.13680306259209,47.31084436178524,False,12.615793896885348,0.0,0.0,40.34510664222468,0.643203805458221,0.14828996067531183
145,dflash2,DFlash2-GreedyPath,7,347,922,1.654178674351585,2.654178674351585,0.020172910662824207,20.307643921911545,49.24254156933586,False,12.660736726342481,0.0,0.0,40.486807567682234,0.661435907883422,0.14965869147066826
146,dflash2,DFlash2-GreedyPath,7,465,1374,1.9548387096774194,2.9526881720430107,0.05161290322580645,18.49149701819094,54.07890983711344,False,12.82802862994578,0.0,0.0,41.014450051732894,0.6468209612023045,0.15009154635418948
147,dflash2,DFlash2-GreedyPath,7,337,1220,2.620178041543027,3.6172106824925816,0.12166172106824925,15.04453777622567,66.46930699195447,False,12.788020804251865,0.0,0.0,40.895167765619014,0.6303367863600253,0.1503799464258238
148,dflash2,DFlash2-GreedyPath,7,240,557,1.3166666666666667,2.316666666666667,0.025,23.51666929443938,42.52302855814936,False,12.768550283514438,0.0,0.0,41.0061650500514,0.653268816616522,0.1502858373290413
149,dflash2,DFlash2-GreedyPath,7,342,996,1.912280701754386,2.909356725146199,0.03216374269005848,18.67667039056164,53.5427342823031,False,12.765276535385736,0.0,0.0,40.82277316064131,0.6528339414982934,0.1508231139348681
150,dflash2,DFlash2-GreedyPath,7,263,716,1.7224334600760456,2.7186311787072244,0.03802281368821293,20.209230435762166,49.482339427947956,False,12.892073357439939,0.0,0.0,41.31931153202085,0.6550839736291026,0.15181627761623062
151,dflash2,DFlash2-GreedyPath,7,434,1113,1.564516129032258,2.5622119815668203,0.02534562211981567,21.059677841869597,47.4841071885658,False,12.661013576006415,0.0,0.0,40.54866672347261,0.6483646775031202,0.14983852071570092
152,dflash2,DFlash2-GreedyPath,7,134,316,1.3582089552238805,2.3507462686567164,0.029850746268656716,22.891520550648593,43.68429776377029,False,12.611063723784694,0.0,0.0,40.573311104179005,0.649402029962199,0.1492119033051196
153,dflash2,DFlash2-GreedyPath,7,341,1059,2.1055718475073313,3.102639296187683,0.05865102639296188,17.352403736544623,57.62890347542879,False,12.633917642425462,0.0,0.0,40.46308805293279,0.6426092667561134,0.14952156867963723
154,dflash2,DFlash2-GreedyPath,7,333,786,1.3603603603603605,2.3573573573573574,0.024024024024024024,23.143295753179146,43.20905763227919,False,12.814119345126233,0.0,0.0,40.9657091744679,0.6927184025720656,0.15397098173412518
155,dflash2,DFlash2-GreedyPath,7,410,955,1.329268292682927,2.3268292682926828,0.01707317073170732,23.056984558119133,43.37080581718422,False,12.584852690243435,0.0,0.0,40.320142375631114,0.6514850535207122,0.14942293671150012
156,dflash2,DFlash2-GreedyPath,7,450,1122,1.4933333333333334,2.491111111111111,0.015555555555555555,21.565466919789536,46.37043119536404,False,12.61462137783787,0.0,0.0,40.35587745988677,0.6498170601035882,0.14958162218034785
157,dflash2,DFlash2-GreedyPath,7,318,924,1.9056603773584906,2.90251572327044,0.06918238993710692,18.429080150438836,54.26206798369087,False,12.557851367995418,0.0,0.0,40.20747462933778,0.6347069245279523,0.1486150624328249
158,dflash2,DFlash2-GreedyPath,7,266,755,1.8383458646616542,2.8345864661654137,0.06015037593984962,18.844835136420347,53.06493756835031,False,12.53626276333567,0.0,0.0,40.16609904122157,0.6366506054189102,0.14914746971318424
159,dflash2,DFlash2-GreedyPath,7,99,215,1.1717171717171717,2.1616161616161618,0.0,24.502559265102867,40.812063310636454,False,12.416386343315338,0.0,0.0,39.997689575433135,0.6496414340529214,0.14891135424018057
0,dflash2_unary_k16_tb8,Unary-FullMass,8,322,766,1.3788819875776397,2.375776397515528,0.0,23.71839561096666,42.1613677586873,False,13.930894242204083,0.755374627463973,0.23474138205817116,39.357953872511764,1.9844451925457167,0.15985477638542248
1,dflash2_unary_k16_tb8,Unary-FullMass,8,133,360,1.7067669172932332,2.699248120300752,0.0,20.81465022499995,48.043084519331735,False,13.883069480997571,0.7446908193810657,0.23719349611157559,39.326840285989725,1.9890273759205899,0.15958516565948705
2,dflash2_unary_k16_tb8,Unary-FullMass,8,20,84,3.15,4.15,0.05,13.3372071666686,74.97821601655322,True,13.301785650219244,0.7608979492943035,0.23279260076378705,39.5880929494524,1.97745390014461,0.1552470501337666
3,dflash2_unary_k16_tb8,Unary-FullMass,8,107,356,2.3271028037383177,3.317757009345794,0.08411214953271028,17.041041050566143,58.68186086945537,False,13.915633822830173,0.7616320373893011,0.23720694390189764,39.64068812145291,1.9825316821964822,0.15960285018761772
4,dflash2_unary_k16_tb8,Unary-FullMass,8,85,224,1.6352941176470588,2.623529411764706,0.0,21.181949919634594,47.210006812123126,False,13.683393576331369,0.7381147648950847,0.23206910593537888,39.04354430577608,1.9654950586246902,0.15805121194502778
5,dflash2_unary_k16_tb8,Unary-FullMass,8,15,44,1.9333333333333333,2.8666666666666667,0.0,18.750338886423958,53.33236940714936,True,12.908829599958457,0.752839800164414,0.232168000608605,38.97322426734414,1.9808239335058413,0.15310846526214542
6,dflash2_unary_k16_tb8,Unary-FullMass,8,82,221,1.6829268292682926,2.682926829268293,0.0,20.95706930768711,47.716595546744564,False,13.841006890466016,0.7408128777769445,0.23411828025440096,39.53253247527755,1.9749050001026751,0.15848200049864627
7,dflash2_unary_k16_tb8,Unary-FullMass,8,64,268,3.1875,4.171875,0.21875,13.47191972015582,74.22847083210156,True,13.792607515313193,0.7359932498047783,0.23532068757958768,39.50981685966326,1.9824444371465688,0.1574810786451053
8,dflash2_unary_k16_tb8,Unary-FullMass,8,64,153,1.390625,2.375,0.0,23.611571856200303,42.352114721130015,False,13.792737812650557,0.7389591559103792,0.23239623374138318,39.54879873481332,1.974685969003076,0.15883606261013483
9,dflash2_unary_k16_tb8,Unary-FullMass,8,53,201,2.792452830188679,3.7735849056603774,0.18867924528301888,14.876213830847071,67.22140535022537,False,13.75335067997133,0.736269037863064,0.2350250942981802,39.55584183062936,1.9799917359739754,0.1568608665520343
10,dflash2_unary_k16_tb8,Unary-FullMass,8,96,216,1.25,2.2395833333333335,0.0,24.819366310179316,40.291117327595266,False,13.699892166944968,0.7389883229886133,0.23194873991390827,39.055026447689066,1.95961018774445,0.15810833262245674
11,dflash2_unary_k16_tb8,Unary-FullMass,8,94,258,1.7340425531914894,2.734042553191489,0.02127659574468085,20.3191097325755,49.214754640396706,False,13.677763893746429,0.7309490213222662,0.23371724494202856,39.00391312801846,1.964934520962762,0.15819358467273018
12,dflash2_unary_k16_tb8,Unary-FullMass,8,220,600,1.7227272727272727,2.7227272727272727,0.00909090909090909,20.48274945166971,48.82157067631768,False,13.787364681411418,0.7345985504467866,0.23316774108521218,38.980836945252534,1.9663682001092555,0.1597078407939989
13,dflash2_unary_k16_tb8,Unary-FullMass,8,93,379,3.075268817204301,4.064516129032258,0.021505376344086023,13.676497313970488,73.11813668683311,True,13.696150473611285,0.7409976236866437,0.2321687529973876,38.93423202117124,1.9733149573014128,0.15853920343434638
14,dflash2_unary_k16_tb8,Unary-FullMass,8,53,126,1.3773584905660377,2.358490566037736,0.0,23.4385522619252,42.664751168290024,False,13.577859811396953,0.7347724904835593,0.2360373212657166,39.05883530277829,1.9555745087893468,0.15876179174981345
15,dflash2_unary_k16_tb8,Unary-FullMass,8,5,9,0.6,1.6,0.0,29.583014222023646,33.80318153163482,True,11.090033399523236,0.743909199081827,0.2404116006800905,39.0761006026878,1.9501458009472117,0.14882499672239646
16,dflash2_unary_k16_tb8,Unary-FullMass,8,85,273,2.211764705882353,3.2,0.03529411764705882,17.471174036619388,57.237138036860664,False,13.756383988348876,0.7425967062077047,0.23345464715556077,39.24841022346621,1.9747452463728705,0.15770932959105052
17,dflash2_unary_k16_tb8,Unary-FullMass,8,20,56,1.8,2.75,0.0,19.848847875047277,50.38075793089921,True,13.23421210036031,0.8210181003960315,0.23532470004283823,39.16150914919854,1.970118750614347,0.15459124952030834
18,dflash2_unary_k16_tb8,Unary-FullMass,8,19,87,3.5789473684210527,4.526315789473684,0.05263157894736842,12.23976722988367,81.70090012483875,True,13.300253368996843,0.7595110525328078,0.23624073678786917,39.6011005792197,1.9899173681838682,0.15822684164097728
19,dflash2_unary_k16_tb8,Unary-FullMass,8,11,87,6.909090909090909,7.818181818181818,0.9090909090909091,7.010342321765406,142.6463864532326,True,12.749443998803724,0.7467438170517032,0.23301481864605608,39.5670138194956,1.991228910231836,0.15798936246111142
20,dflash2_unary_k16_tb8,Unary-FullMass,8,142,388,1.732394366197183,2.7253521126760565,0.0,20.676518010302445,48.36404270301857,False,13.876280147753636,0.7412326972563521,0.23377979601385782,39.51072985205749,1.9753971479896253,0.15898168285403558
21,dflash2_unary_k16_tb8,Unary-FullMass,8,112,278,1.4821428571428572,2.4732142857142856,0.0,22.58457983095972,44.27799885960976,False,13.775666633981539,0.737634776669438,0.23534206203683944,39.16354104460749,1.986981276656609,0.15898771503738576
22,dflash2_unary_k16_tb8,Unary-FullMass,8,66,163,1.4545454545454546,2.4545454545454546,0.0,22.907917061347465,43.65303040525235,False,13.824567332807364,0.7396242727929458,0.23727918155738292,39.62533536457958,1.9892643024584025,0.15954289428367646
23,dflash2_unary_k16_tb8,Unary-FullMass,8,80,179,1.2375,2.225,0.0,24.993374011150557,40.01060439274263,False,13.697235000017827,0.7342147122471943,0.23348244985754718,39.13200503729968,1.9660205623040383,0.1597165882230911
24,dflash2_unary_k16_tb8,Unary-FullMass,8,601,1745,1.9034941763727122,2.901830282861897,0.008319467554076539,19.265148398278107,51.90720462290229,False,13.824591309460928,0.7395619469145258,0.23308384693041753,39.01356065194438,1.9666191114985558,0.1588293146077635
25,dflash2_unary_k16_tb8,Unary-FullMass,8,431,1325,2.074245939675174,3.0719257540603246,0.013921113689095127,17.89574805660314,55.87919526119065,False,13.823308645133922,0.7398027076763792,0.23271167509553828,38.09216451248275,1.968382060423271,0.15956119965022353
26,dflash2_unary_k16_tb8,Unary-FullMass,8,286,867,2.027972027972028,3.027972027972028,0.02097902097902098,18.491159930800123,54.07989567676242,False,14.047427664266067,0.7482976435166312,0.23906428322226128,38.86043197552,2.0000269582883416,0.16012091575910084
27,dflash2_unary_k16_tb8,Unary-FullMass,8,270,799,1.9592592592592593,2.9555555555555557,0.0,19.038553252818822,52.52499949553369,False,13.859247555794557,0.7462360553122211,0.23427278501912951,39.35335367024419,1.9874424667149369,0.15946246321954866
28,dflash2_unary_k16_tb8,Unary-FullMass,8,39,95,1.4102564102564104,2.41025641025641,0.0,23.030070631571824,43.421490797735736,False,13.60992225687742,0.7446857437175006,0.23530948722812658,39.3801991288992,1.9698999990046455,0.15887338425576067
29,dflash2_unary_k16_tb8,Unary-FullMass,8,28,91,2.25,3.2142857142857144,0.0,17.253004318643054,57.96091982191365,True,13.430481928870515,0.7607293214927527,0.23298710610626067,39.520320429021794,1.9705548212576625,0.15719042884094442
30,dflash2_unary_k16_tb8,Unary-FullMass,8,164,432,1.6341463414634145,2.6280487804878048,0.0,21.545795442122014,46.41276775723029,False,13.926163432631988,0.745297512078584,0.2355551891147426,39.70615758545336,1.9825798839652944,0.1590246345408448
31,dflash2_unary_k16_tb8,Unary-FullMass,8,249,784,2.1485943775100402,3.144578313253012,0.040160642570281124,18.135492392855447,55.140493477527755,False,14.110567104266574,0.7492975098310959,0.23727950555399568,39.831692449728415,2.0121919116506497,0.16028090049003074
32,dflash2_unary_k16_tb8,Unary-FullMass,8,258,881,2.4147286821705425,3.4108527131782944,0.03875968992248062,16.664866950061903,60.006479679472356,False,14.035527930350645,0.7416157790176776,0.2376538214148311,39.73877989525601,1.9920315114790736,0.1603902214140808
33,dflash2_unary_k16_tb8,Unary-FullMass,8,235,860,2.6595744680851063,3.65531914893617,0.0425531914893617,15.490219343024195,64.55686506791372,False,14.009225885309478,0.7440177746367284,0.23651771919871184,39.54123296193466,1.9970881317350815,0.15952873995473132
34,dflash2_unary_k16_tb8,Unary-FullMass,8,58,137,1.3448275862068966,2.3448275862068964,0.0,23.989792525554567,41.68439551675044,False,13.84758632775629,0.7612366207467858,0.2352125171957345,39.678780741614275,1.9833622586859214,0.15936594781092497
35,dflash2_unary_k16_tb8,Unary-FullMass,8,141,334,1.3687943262411348,2.3617021276595747,0.0,24.025331278444682,41.62273512112573,False,14.010453652648309,0.7452205177384151,0.2382636029072641,39.75177014939915,2.006644801156602,0.15871569459369497
36,dflash2_unary_k16_tb8,Unary-FullMass,8,24,51,1.0833333333333333,2.0833333333333335,0.0,26.224902823599347,38.131695157326455,True,13.329484208346306,0.757155832919428,0.23321308314431613,39.28739733358574,1.9667719989229226,0.15389604322990635
37,dflash2_unary_k16_tb8,Unary-FullMass,8,39,96,1.435897435897436,2.4358974358974357,0.0,22.712284624958556,44.029036114715595,False,13.603833513535882,0.7402067686854981,0.23314720433868039,39.19699446142215,1.9758750515906378,0.15710515417128754
38,dflash2_unary_k16_tb8,Unary-FullMass,8,147,352,1.3877551020408163,2.3877551020408165,0.0,23.4352356789755,42.67078913557213,False,14.047395585652847,0.7449685850142672,0.23762578145461474,38.924051707321034,2.002130360061423,0.1608549124643612
39,dflash2_unary_k16_tb8,Unary-FullMass,8,213,580,1.7183098591549295,2.7183098591549295,0.004694835680751174,20.989066118962565,47.64385391575618,False,14.130245323902042,0.7490040236024269,0.23675468530857874,39.85605672758265,2.0192431785319847,0.1620216432239034
40,dflash2_unary_k16_tb8,Unary-FullMass,8,31,106,2.4193548387096775,3.3870967741935485,0.06451612903225806,16.39411548109459,60.99749639760575,True,13.520783709311452,0.7672561292683014,0.23323348338430328,39.40303574223259,1.974931838987921,0.15805719346145292
41,dflash2_unary_k16_tb8,Unary-FullMass,8,47,173,2.6808510638297873,3.6595744680851063,0.06382978723404255,15.253747953749679,65.5576585526431,False,13.701466318842845,0.7375533832794432,0.23362810610164392,39.32846591472279,1.9880847448416232,0.1575759151626002
42,dflash2_unary_k16_tb8,Unary-FullMass,8,42,129,2.0714285714285716,3.0476190476190474,0.023809523809523808,18.412644465119115,54.3105039525636,True,13.716885642809627,0.7505467382586739,0.23592509508792622,39.70347759518301,1.9892218094485412,0.15706540493521884
43,dflash2_unary_k16_tb8,Unary-FullMass,8,91,352,2.868131868131868,3.857142857142857,0.10989010989010989,14.579544755695844,68.58924724719724,True,13.863962131906122,0.7370710771103584,0.23321312107657502,39.42334631870176,1.9804531864113184,0.15755585715581488
44,dflash2_unary_k16_tb8,Unary-FullMass,8,249,769,2.0843373493975905,3.0843373493975905,0.008032128514056224,18.420178477245678,54.28829048726608,False,14.04871612872688,0.7432691084516018,0.23609733335364302,39.70327443378018,1.99785009656526,0.15881397945145073
45,dflash2_unary_k16_tb8,Unary-FullMass,8,230,731,2.1782608695652175,3.1739130434782608,0.04782608695652174,17.859362805750006,55.993039106526226,False,14.05452000478323,0.7462041435444363,0.23686187813164788,39.55823659147743,2.0062983475762177,0.15959299537074834
46,dflash2_unary_k16_tb8,Unary-FullMass,8,64,241,2.765625,3.75,0.03125,14.848794775925137,67.34553309480272,False,13.898624172043128,0.7504865776581937,0.23481207824715966,38.88920718668487,1.9832809845183874,0.15858182894135098
47,dflash2_unary_k16_tb8,Unary-FullMass,8,43,205,3.744186046511628,4.744186046511628,0.16279069767441862,11.92661622438364,83.84607848414937,True,13.803155535221544,0.7412789765471961,0.2336903723284364,39.93144709289312,1.9914863025701908,0.15839116226849254
48,dflash2_unary_k16_tb8,Unary-FullMass,8,243,1049,3.316872427983539,4.31275720164609,0.17695473251028807,13.109539748329622,76.2803286154586,False,13.935362255028755,0.7350852638073438,0.23419990935104174,39.545482835325664,1.9835812836315831,0.15849913597402043
49,dflash2_unary_k16_tb8,Unary-FullMass,8,23,106,3.608695652173913,4.565217391304348,0.13043478260869565,12.125525537758564,82.47065225222829,False,13.385410435148515,0.7867253491143777,0.23422304429518787,39.338516521599125,1.9810670435064188,0.1569144325280238
50,dflash2_unary_k16_tb8,Unary-FullMass,8,63,311,3.9206349206349205,4.920634920634921,0.2222222222222222,11.404344569121516,87.68588093239545,True,13.753114555872763,0.7312865552468417,0.23419742882695227,39.44567714331372,1.9745717937540677,0.15878999912520014
51,dflash2_unary_k16_tb8,Unary-FullMass,8,83,388,3.674698795180723,4.662650602409639,0.21686746987951808,12.042616463902247,83.03843296824247,False,13.78595727672576,0.7312202769863217,0.23367606013654227,39.416618132367674,1.9698608432600488,0.1582720851510236
52,dflash2_unary_k16_tb8,Unary-FullMass,8,12,62,4.166666666666667,5.083333333333333,0.25,10.813447177380084,92.47744808813901,True,12.911320417818692,0.7559781673383744,0.23860199932338824,39.82712966596106,1.977700582453205,0.15874625023570843
53,dflash2_unary_k16_tb8,Unary-FullMass,8,73,383,4.2465753424657535,5.232876712328767,0.4246575342465753,10.874431221921444,91.95883256718103,True,13.945722903945477,0.732029616463553,0.23659767103796084,39.986680095440434,1.9908893285502602,0.16160309683509197
54,dflash2_unary_k16_tb8,Unary-FullMass,8,74,250,2.3783783783783785,3.364864864864865,0.02702702702702703,16.854961295990506,59.32971203190375,True,13.933993540204765,0.7435041759005824,0.23594428441012152,39.882472121511505,1.9861049998301472,0.16041768892161623
55,dflash2_unary_k16_tb8,Unary-FullMass,8,46,165,2.5869565217391304,3.5652173913043477,0.021739130434782608,15.7522295333117,63.48307697556532,True,13.72260636992945,0.7393915869255104,0.23477604253971746,39.663267977669854,1.9855690650571056,0.15695141432250082
56,dflash2_unary_k16_tb8,Unary-FullMass,8,192,776,3.0416666666666665,4.036458333333333,0.078125,13.965332654639573,71.60588470964774,False,13.906422317707742,0.7332587446171601,0.23441070800345187,39.42669296839085,1.9830460679107393,0.15938867253832237
57,dflash2_unary_k16_tb8,Unary-FullMass,8,307,2048,5.671009771986971,6.6677524429967425,0.6319218241042345,8.446157852539216,118.3970294492382,False,13.95195316285269,0.7294763519941732,0.23417150824431615,39.27839616296892,1.9918961267681725,0.15850825720532655
58,dflash2_unary_k16_tb8,Unary-FullMass,8,85,274,2.223529411764706,3.211764705882353,0.03529411764705882,17.44555988320129,57.32117551371462,False,13.797830623619067,0.7459669764263227,0.23353379998725893,39.328730058760435,1.9722294120583683,0.15798451735035463
59,dflash2_unary_k16_tb8,Unary-FullMass,8,200,660,2.3,3.295,0.03,17.051695196972684,58.645195591904404,False,13.870916184860107,0.7376348499019514,0.23364023509202525,39.29414360507508,1.9755327748134732,0.15872650026722113
60,dflash2_unary_k16_tb8,Unary-FullMass,8,62,386,5.225806451612903,6.209677419354839,0.5,8.905455362698795,112.29072060577376,True,13.739390161537168,0.7303009022566145,0.23489316053230375,38.59973128982669,1.9800097902442493,0.15931614724385942
61,dflash2_unary_k16_tb8,Unary-FullMass,8,105,629,4.9904761904761905,5.980952380952381,0.42857142857142855,9.386846138320237,106.53205403225546,False,13.809824733401737,0.7289854384171555,0.23275196117105051,39.329741075925995,1.9721409046767457,0.15823418167807782
62,dflash2_unary_k16_tb8,Unary-FullMass,8,18,74,3.111111111111111,4.055555555555555,0.16666666666666666,13.555798891871204,73.76916757002455,True,13.185989722033911,0.7616324999414954,0.23393594528897665,39.42226205536927,1.9710347781559296,0.1545404435698098
63,dflash2_unary_k16_tb8,Unary-FullMass,8,16,75,3.625,4.625,0.1875,11.876195546647068,84.20204905453276,True,13.113324438108975,0.764348686516314,0.23448806223314023,39.427770563179365,1.97173106334958,0.15800381152075715
64,dflash2_unary_k16_tb8,Unary-FullMass,8,56,312,4.571428571428571,5.553571428571429,0.35714285714285715,10.099952708328486,99.0103645906573,True,13.722827071303202,0.7526397326468474,0.23457235784007935,39.434886518133034,1.9694006246676767,0.15683878466786286
65,dflash2_unary_k16_tb8,Unary-FullMass,8,69,354,4.130434782608695,5.115942028985507,0.2463768115942029,10.8974294661221,91.76476003894288,True,13.879132797254885,0.7438566959614906,0.23564356493095504,38.88399604350696,2.007290565402861,0.15863150696057585
66,dflash2_unary_k16_tb8,Unary-FullMass,8,101,483,3.782178217821782,4.772277227722772,0.13861386138613863,11.815923612843067,84.63155592111913,True,13.856377425309072,0.7422674453205264,0.23262008882270627,39.5420246535254,1.9738791388140227,0.15868377299243952
67,dflash2_unary_k16_tb8,Unary-FullMass,8,164,906,4.524390243902439,5.5182926829268295,0.39634146341463417,10.208461618101817,97.95795266808695,False,13.870252603693388,0.7306986219812577,0.23352220705419313,39.428287689189325,1.9742162128794716,0.1585484334965458
68,dflash2_unary_k16_tb8,Unary-FullMass,8,70,382,4.457142857142857,5.442857142857143,0.2714285714285714,10.351373157057886,96.60554062029627,False,13.808087128355899,0.7347988286970316,0.2351553994230926,39.56353540020895,1.9906026565877255,0.15674267238605338
69,dflash2_unary_k16_tb8,Unary-FullMass,8,18,91,4.055555555555555,5.0,0.16666666666666666,11.039195197764247,90.58631377426215,True,13.242196777557385,0.7387293901249197,0.23417088717299825,39.45365988895193,1.9835142775264103,0.1569933895855987
70,dflash2_unary_k16_tb8,Unary-FullMass,8,43,234,4.441860465116279,5.4186046511627906,0.2558139534883721,10.447745444439649,95.71443000003468,False,13.99230774387793,0.7496665346606765,0.23426162857334887,39.73259141893386,1.9893126733476556,0.15703288430136866
71,dflash2_unary_k16_tb8,Unary-FullMass,8,38,219,4.7631578947368425,5.7368421052631575,0.3684210526315789,9.908833570777574,100.92005207849375,False,13.81937223662757,0.7355098685749046,0.23529926329501905,40.16109599979245,1.995851026118831,0.1590440266514442
72,dflash2_unary_k16_tb8,Unary-FullMass,8,66,338,4.121212121212121,5.106060606060606,0.19696969696969696,11.188534467449907,89.37721047463691,False,13.981697105478045,0.7386633940658419,0.23710056098714244,40.15979168186525,2.022823197132146,0.15878239377564046
73,dflash2_unary_k16_tb8,Unary-FullMass,8,45,283,5.288888888888889,6.266666666666667,0.5333333333333333,9.081738367479282,110.1110778065234,False,13.876519822224509,0.7364973995006747,0.23740679995777705,40.10644611132901,1.998246621547474,0.1589267564769317
74,dflash2_unary_k16_tb8,Unary-FullMass,8,53,282,4.320754716981132,5.30188679245283,0.24528301886792453,10.626234758866362,94.10671067337523,False,13.748749075808897,0.7469514154231632,0.2356158678731793,39.66768022587101,1.9807824335074193,0.1598096985033854
75,dflash2_unary_k16_tb8,Unary-FullMass,8,42,271,5.4523809523809526,6.428571428571429,0.5476190476190477,8.731153295189614,114.53240668113628,True,13.66614750025162,0.7318572374753698,0.23366495311382182,39.568978262174085,1.9798901417483907,0.1561891194363679
76,dflash2_unary_k16_tb8,Unary-FullMass,8,34,166,3.8823529411764706,4.852941176470588,0.29411764705882354,11.66882277109572,85.6984478740265,True,13.735380705089911,0.7582254410782994,0.23678582339711926,40.09646002925686,1.9859330583558938,0.15852611934807262
77,dflash2_unary_k16_tb8,Unary-FullMass,8,77,399,4.181818181818182,5.1688311688311686,0.36363636363636365,11.044247403515783,90.54487494382495,True,13.937479973707935,0.7386047272321574,0.23701854481803278,40.1400523632538,2.0149111818233445,0.16121520920106294
78,dflash2_unary_k16_tb8,Unary-FullMass,8,37,212,4.72972972972973,5.702702702702703,0.35135135135135137,9.839940702837545,101.6266286758852,False,13.623398378439486,0.7573512431573928,0.23526627085851254,39.63629608207722,1.9698317563460157,0.15805705294730393
79,dflash2_unary_k16_tb8,Unary-FullMass,8,135,767,4.681481481481481,5.674074074074074,0.37037037037037035,9.956016894399186,100.44177411576669,False,13.90832999270599,0.7302037781401951,0.23388639992508278,39.55491340796774,1.9780122888429712,0.1595797472637733
80,dflash2_unary_k16_tb8,Unary-FullMass,8,157,560,2.56687898089172,3.5605095541401273,0.03184713375796178,15.756596842857109,63.465481155172604,False,14.025139649964759,0.7642528150085313,0.23641605718931846,39.020513656008234,1.9943960893667114,0.16115582163429337
81,dflash2_unary_k16_tb8,Unary-FullMass,8,173,688,2.976878612716763,3.9710982658959537,0.14450867052023122,14.373913079939378,69.57047774246159,False,14.082551600939441,0.7462520515707703,0.23608678024742655,39.93579510409611,2.0019667916372685,0.16065518016963282
82,dflash2_unary_k16_tb8,Unary-FullMass,8,83,374,3.5060240963855422,4.493975903614458,0.10843373493975904,12.706900042767934,78.69740035998353,False,14.022718433533369,0.7479371805780523,0.23641649364347916,40.09009586692387,2.0004055905997395,0.16002421779628193
83,dflash2_unary_k16_tb8,Unary-FullMass,8,106,543,4.122641509433962,5.113207547169812,0.3018867924528302,11.10214642541426,90.07267258796638,False,13.97797990552444,0.7422202075793153,0.23698922587703597,39.759937462529805,1.9961782358531874,0.15901108527718605
84,dflash2_unary_k16_tb8,Unary-FullMass,8,128,499,2.8984375,3.890625,0.109375,14.66134486772516,68.20656692970616,False,14.256668968982922,0.7521851948695257,0.23957971058052863,39.70842846052847,2.037080945171965,0.16239335263890098
85,dflash2_unary_k16_tb8,Unary-FullMass,8,70,312,3.4571428571428573,4.442857142857143,0.22857142857142856,12.54252025319147,79.7287929230609,False,13.863525257225515,0.7422267570551152,0.23558741418777832,38.89506357112883,2.006312285707931,0.16108927177681057
86,dflash2_unary_k16_tb8,Unary-FullMass,8,81,319,2.9382716049382718,3.925925925925926,0.1111111111111111,14.41487865517486,69.37276573195471,False,14.087489370546264,0.7528493582935037,0.23861741979482848,39.508707678544816,2.0215505675519068,0.16049290157460758
87,dflash2_unary_k16_tb8,Unary-FullMass,8,145,657,3.5310344827586206,4.524137931034483,0.22758620689655173,12.64901510806601,79.0575385875159,False,14.086457344719433,0.7447642137212197,0.23818526889703334,40.0684737033865,2.0138342208971656,0.1614088759605034
88,dflash2_unary_k16_tb8,Unary-FullMass,8,199,760,2.819095477386935,3.814070351758794,0.11557788944723618,15.00683045658087,66.63632289931516,False,14.112366838939371,0.747938156070892,0.2368313766987854,40.039800467072276,2.0142543014377616,0.16132718642141633
89,dflash2_unary_k16_tb8,Unary-FullMass,8,184,783,3.255434782608696,4.25,0.15217391304347827,13.364873183905672,74.82300701545196,False,14.020180945922418,0.7512956302019554,0.2368802007644579,39.7001222446583,2.0031549183050115,0.16171227209428174
90,dflash2_unary_k16_tb8,Unary-FullMass,8,228,930,3.0789473684210527,4.074561403508772,0.10964912280701754,13.981580563440046,71.52267195132899,False,14.053329811040863,0.7494527017753857,0.23895460515376998,39.83676331141364,1.9899390482079757,0.16169176801907414
91,dflash2_unary_k16_tb8,Unary-FullMass,8,171,654,2.824561403508772,3.818713450292398,0.05263157894736842,14.866697943421128,67.26443247893687,False,13.986730737002684,0.7427884038991829,0.23524823374923712,39.743688438334146,1.990167362811534,0.1599759762348983
92,dflash2_unary_k16_tb8,Unary-FullMass,8,116,430,2.706896551724138,3.6982758620689653,0.06896551724137931,15.235453674422176,65.63637823787523,False,13.850394637584346,0.7462123277068242,0.23493019837368248,39.50768518954082,1.9776972847717718,0.15933105169096962
93,dflash2_unary_k16_tb8,Unary-FullMass,8,135,528,2.911111111111111,3.903703703703704,0.08148148148148149,14.354189499995712,69.66607205515147,False,13.797399829437145,0.7528277035884524,0.23433588206966374,39.218580170590606,1.9766709332880392,0.1610155254537757
94,dflash2_unary_k16_tb8,Unary-FullMass,8,181,744,3.110497237569061,4.104972375690608,0.07734806629834254,13.808502872316534,72.41914704633281,False,13.948757414204694,0.7420973761025842,0.23505459689935257,39.683906934171006,1.9871264642094215,0.16287012603449075
95,dflash2_unary_k16_tb8,Unary-FullMass,8,259,1076,3.1544401544401546,4.1505791505791505,0.12355212355212356,13.541401539032618,73.84759968290837,False,13.862016243154667,0.7385691888221363,0.23437380293697932,39.2860535792766,1.9764570541184083,0.15947243284603085
96,dflash2_unary_k16_tb8,Unary-FullMass,8,168,651,2.869047619047619,3.869047619047619,0.08333333333333333,14.527743513051767,68.83381435675796,False,13.851786690403449,0.7350765770405858,0.23473742242328757,39.342595613085166,1.9719015117949485,0.15890829832815576
97,dflash2_unary_k16_tb8,Unary-FullMass,8,174,715,3.103448275862069,4.103448275862069,0.13793103448275862,13.6708440993004,73.14837275126081,False,13.817261993922173,0.7337549886242727,0.2336489601109589,39.259342344922025,1.9721008507128746,0.16006058009726734
98,dflash2_unary_k16_tb8,Unary-FullMass,8,168,687,3.0892857142857144,4.083333333333333,0.13690476190476192,13.758811655014517,72.68069547529139,False,13.83510532122316,0.7349644463482989,0.2340014943045043,39.33176202974123,1.9686964345358622,0.15918222024560064
99,dflash2_unary_k16_tb8,Unary-FullMass,8,120,512,3.2666666666666666,4.258333333333334,0.16666666666666666,12.961397363284277,77.15217518388086,False,13.827111925214316,0.7391618749655512,0.2337551334373226,38.37314578358928,1.9696771832968807,0.15911018284289943
100,dflash2_unary_k16_tb8,Unary-FullMass,8,4,14,2.5,3.25,0.0,15.084262571430632,66.2942583546633,True,10.438848248668364,0.775038248320925,0.2268799980811309,39.22944774967618,1.97963524806255,0.145069507198059
101,dflash2_unary_k16_tb8,Unary-FullMass,8,34,218,5.411764705882353,6.382352941176471,0.5588235294117647,8.614652729351576,116.08128979974215,True,13.535021412227412,0.7245864705028533,0.2357905873128295,38.60949232330313,1.9737208524876384,0.15651467765565683
102,dflash2_unary_k16_tb8,Unary-FullMass,8,3,16,4.0,5.0,0.0,9.712196562304598,102.96331973770421,True,9.291378669634772,0.773214337338383,0.22902233467902988,39.37818500223026,1.9833619977968435,0.14321932394523174
103,dflash2_unary_k16_tb8,Unary-FullMass,8,7,30,3.2857142857142856,4.142857142857143,0.0,12.685904100120144,78.82764934274802,True,11.92264785640873,0.7348771427392161,0.2318768570798316,39.351787571961594,1.977372142261759,0.14959885863520736
104,dflash2_unary_k16_tb8,Unary-FullMass,8,14,80,4.714285714285714,5.642857142857143,0.2857142857142857,9.721859287492407,102.86098270179073,True,12.93530385633598,0.7585273581623498,0.23251664190736068,39.49249378638342,1.9816845716767213,0.15295542834792286
105,dflash2_unary_k16_tb8,Unary-FullMass,8,27,173,5.37037037037037,6.37037037037037,0.6296296296296297,8.70991304043729,114.81170883765725,True,13.388438925580381,0.7512016664905887,0.2328286656713182,39.3052322960338,1.9710156303955484,0.15924414900062536
106,dflash2_unary_k16_tb8,Unary-FullMass,8,34,165,3.823529411764706,4.823529411764706,0.29411764705882354,11.558169569726681,86.51888986117784,False,13.536978970531731,0.7526736763418953,0.23449220594450118,39.436110647383266,1.9718912639398374,0.15897026541471646
107,dflash2_unary_k16_tb8,Unary-FullMass,8,98,600,5.122448979591836,6.112244897959184,0.4897959183673469,9.179848081657838,108.93426460924664,True,13.772390071422631,0.7358634596742804,0.23338952116912934,39.329237755514534,1.9727825818670086,0.15948813070652398
108,dflash2_unary_k16_tb8,Unary-FullMass,8,17,103,5.0,6.0,0.47058823529411764,9.236572378637717,108.26526973499318,True,13.222923059348592,0.7711615895352546,0.23516441262258655,39.590228530013356,1.9857688235146378,0.15751564377055996
109,dflash2_unary_k16_tb8,Unary-FullMass,8,14,60,3.2857142857142856,4.214285714285714,0.07142857142857142,12.962298883333762,77.14680929674806,True,12.969364285319378,0.753231428721587,0.23560399910950633,39.46081300091464,1.9782656412904285,0.1554311446463024
110,dflash2_unary_k16_tb8,Unary-FullMass,8,5,15,2.0,2.8,0.0,17.966679933306295,55.65858598873455,True,11.157250600808766,0.7900658019934781,0.2349333997699432,39.587585399567615,1.980623003328219,0.14958159445086494
111,dflash2_unary_k16_tb8,Unary-FullMass,8,5,18,2.4,3.4,0.0,14.93339850033711,66.96399349266851,True,11.20385119720595,0.7540278005762957,0.22830140078440309,39.45138979906915,1.9747674014070071,0.1478970021707937
112,dflash2_unary_k16_tb8,Unary-FullMass,8,15,73,3.8666666666666667,4.8,0.13333333333333333,11.454098999969922,87.3049901177409,True,13.079557866149116,0.7373523321196748,0.2420909993816167,39.549167534763306,1.9784381981783856,0.15667486926152682
113,dflash2_unary_k16_tb8,Unary-FullMass,8,8,33,3.125,4.0,0.125,13.508119091001749,74.02955165431851,True,12.33865674930712,0.7789763758410118,0.23432812486134935,40.20392212350998,2.0090835005248664,0.15602437633788213
114,dflash2_unary_k16_tb8,Unary-FullMass,8,14,41,1.9285714285714286,2.857142857142857,0.0,19.161703975597202,52.187425568911785,True,13.063728070846992,0.7759177128069236,0.23216928561201453,39.89393942798155,1.9934605713517937,0.15720371707824857
115,dflash2_unary_k16_tb8,Unary-FullMass,8,8,31,2.875,3.75,0.125,14.268141354888588,70.08621341260944,True,12.33413750105683,0.7605457494719303,0.23294612674362725,39.816415126551874,1.9887966254827916,0.1562066208862234
116,dflash2_unary_k16_tb8,Unary-FullMass,8,16,55,2.4375,3.375,0.0,16.362049290910363,61.11703871687587,True,13.27665074950346,0.7668581247344264,0.24308181173182675,39.80608337542435,1.991036623621767,0.16083375248853587
117,dflash2_unary_k16_tb8,Unary-FullMass,8,22,76,2.4545454545454546,3.409090909090909,0.09090909090909091,16.308448921048885,61.31790980498006,True,13.479774455018658,0.7664584095023614,0.23546227285723118,39.70379209171039,1.995452272570798,0.15733858923671173
118,dflash2_unary_k16_tb8,Unary-FullMass,8,11,75,5.818181818181818,6.7272727272727275,0.45454545454545453,8.148013773316052,122.72929671215115,True,12.819850908602927,0.7595537271382372,0.23689100238367578,39.58851245525611,1.9950717277507382,0.15475954238686196
119,dflash2_unary_k16_tb8,Unary-FullMass,8,20,123,5.15,6.1,0.55,9.110196455234162,109.76711697863125,True,13.372827698549372,0.7333453489991371,0.2401572488452075,39.53040080050414,1.993357600804302,0.15761950198793784
120,dflash2_unary_k16_tb8,Unary-FullMass,8,183,633,2.459016393442623,3.453551912568306,0.03278688524590164,16.418729778831622,60.90605141021825,False,14.037341388399506,0.7422020438743012,0.2358594864064222,39.62018115307132,1.9963739618841594,0.16069743084744167
121,dflash2_unary_k16_tb8,Unary-FullMass,8,279,1105,2.960573476702509,3.956989247311828,0.13261648745519714,14.21748002534374,70.33595251883062,False,13.897271190047485,0.7392685268617546,0.2346827775218247,39.302448254472104,1.976958454961473,0.15874509005949208
122,dflash2_unary_k16_tb8,Unary-FullMass,8,225,834,2.7022222222222223,3.7022222222222223,0.08,15.14391698441291,66.03311422198524,False,14.014811133125072,0.7527866755845025,0.23487730210440028,38.984568902653535,1.9878403776480507,0.15856789777495173
123,dflash2_unary_k16_tb8,Unary-FullMass,8,430,1490,2.4651162790697674,3.4627906976744187,0.06046511627906977,16.41677002416261,60.91332208029809,False,14.012511132801423,0.743217664827636,0.23485724428441201,39.75081164191875,1.9855919117575003,0.15902746488072173
124,dflash2_unary_k16_tb8,Unary-FullMass,8,173,551,2.184971098265896,3.179190751445087,0.04046242774566474,17.69884150815847,56.50087320907639,False,13.84344408088404,0.7400519363538395,0.23458195958593375,39.41286494211002,1.9803529998423488,0.159002757497331
125,dflash2_unary_k16_tb8,Unary-FullMass,8,368,1298,2.527173913043478,3.5244565217391304,0.07065217391304347,15.964207093991531,62.64012951675948,False,13.884995290758841,0.7461658316732729,0.2359378129807263,39.3044365679563,1.9783043451001425,0.15869495588127297
126,dflash2_unary_k16_tb8,Unary-FullMass,8,198,589,1.9747474747474747,2.9696969696969697,0.025252525252525252,18.706976037358544,53.45599406354944,False,13.894835722337552,0.7553527424846319,0.23927776243054363,38.61614864184627,1.9827578433232518,0.16015701487160366
127,dflash2_unary_k16_tb8,Unary-FullMass,8,125,715,4.72,5.712,0.408,9.897974697902304,101.03076947771262,False,13.909382055979222,0.7344672636827454,0.23487147997366264,39.58065668010386,1.9985481199109927,0.15848967235069722
128,dflash2_unary_k16_tb8,Unary-FullMass,8,150,572,2.8133333333333335,3.8066666666666666,0.11333333333333333,14.852814767475099,67.3273056760806,True,13.926382046677949,0.7385168663555911,0.23493948028772138,39.59652086656812,1.9835546799974206,0.15881970675157694
129,dflash2_unary_k16_tb8,Unary-FullMass,8,147,646,3.3945578231292517,4.387755102040816,0.19047619047619047,12.853200103710142,77.80163631867404,False,13.898208054225277,0.7379524831281544,0.23477461188437646,39.46672095911226,1.9875224081298088,0.15895255152524138
130,dflash2_unary_k16_tb8,Unary-FullMass,8,240,902,2.7583333333333333,3.754166666666667,0.11666666666666667,15.11753150111418,66.148365553351,False,14.009502345864652,0.7434178956524798,0.2360304002346917,39.67451112921481,1.9935066457340629,0.15975414165344168
131,dflash2_unary_k16_tb8,Unary-FullMass,8,111,405,2.6486486486486487,3.6396396396396398,0.10810810810810811,15.364388269131549,65.08557206986826,False,13.752313360725509,0.738401504808739,0.23424876581139123,39.21125040525678,1.9653014144398742,0.15773904443768835
132,dflash2_unary_k16_tb8,Unary-FullMass,8,312,886,1.8397435897435896,2.8365384615384617,0.009615384615384616,19.780477571101315,50.55489668565789,False,13.844095705094215,0.7377070285609733,0.23380828238609516,39.23165466984266,1.9651308656391802,0.15908783307867663
133,dflash2_unary_k16_tb8,Unary-FullMass,8,463,1566,2.3822894168466524,3.3801295896328294,0.04967602591792657,16.554409912517155,60.406864713666295,False,13.853158010899032,0.7357364947401986,0.23415558742656983,39.04173891365236,1.9688499090651486,0.1581665334647791
134,dflash2_unary_k16_tb8,Unary-FullMass,8,279,835,1.992831541218638,2.989247311827957,0.03225806451612903,18.743584972449362,53.35158676794595,False,13.856701838533981,0.7404606735837015,0.23341419352706702,39.137999050124755,1.9690332760367588,0.158783269251862
135,dflash2_unary_k16_tb8,Unary-FullMass,8,224,782,2.4910714285714284,3.486607142857143,0.0625,16.02971509207011,62.38414059490673,False,13.82245454481433,0.7385864820597428,0.23350386618403718,39.03610532168906,1.9716933754157904,0.1585367759032254
136,dflash2_unary_k16_tb8,Unary-FullMass,8,317,977,2.082018927444795,3.078864353312303,0.03785488958990536,18.22038795803783,54.88357340705554,False,13.878377280938027,0.740554479373309,0.23400431536251903,39.16765530282916,1.974916631297674,0.16007254225912884
137,dflash2_unary_k16_tb8,Unary-FullMass,8,291,907,2.1168384879725086,3.11340206185567,0.010309278350515464,18.25881149062481,54.768077347940256,False,14.07013788324348,0.7490566698384241,0.2374058283098951,39.693908735083,1.9992932336374116,0.15996404850188983
138,dflash2_unary_k16_tb8,Unary-FullMass,8,105,281,1.6666666666666667,2.6666666666666665,0.02857142857142857,21.21640367970348,47.13334149824095,False,13.947758476466074,0.7665613236548823,0.23651925702801063,39.678087790421806,1.9914149904728955,0.15879562859135193
139,dflash2_unary_k16_tb8,Unary-FullMass,8,164,522,2.182926829268293,3.176829268292683,0.006097560975609756,17.87630663793572,55.93996680935631,False,14.040456177010528,0.7659669937289082,0.2369953111089516,39.691948835131434,2.003174383766813,0.16043430536583622
140,dflash2_unary_k16_tb8,Unary-FullMass,8,327,1105,2.379204892966361,3.376146788990826,0.03363914373088685,16.84701209955025,59.35770652332447,False,14.079315522928624,0.751179544204762,0.23636838559802503,39.70910780447687,1.992495785834373,0.1610386756210323
141,dflash2_unary_k16_tb8,Unary-FullMass,8,118,355,2.0084745762711864,3.0,0.03389830508474576,18.89099288733043,52.93528010751977,False,14.004063186525778,0.7486219487796237,0.23736063537969238,39.69070649993412,1.9904844070339804,0.16183514440021024
142,dflash2_unary_k16_tb8,Unary-FullMass,8,291,915,2.1443298969072164,3.140893470790378,0.03436426116838488,17.945533514757898,55.724172211298615,False,13.933968041255179,0.7482196838047701,0.2355343743263027,39.36615106532681,1.9832756526826616,0.15952872900797144
143,dflash2_unary_k16_tb8,Unary-FullMass,8,175,436,1.4914285714285713,2.4857142857142858,0.0,22.434438431179316,44.57432723656693,False,13.786890793916038,0.7405601314219113,0.23293853184441105,39.009612851244,1.9643137603166647,0.15948482265230268
144,dflash2_unary_k16_tb8,Unary-FullMass,8,440,1216,1.7613636363636365,2.7613636363636362,0.015909090909090907,20.290108370066886,49.28509901283999,False,13.870813884304054,0.7430484747105353,0.23344279339984164,39.100499990986876,1.9672463340281288,0.1594298362099506
145,dflash2_unary_k16_tb8,Unary-FullMass,8,281,879,2.1281138790035588,3.1245551601423487,0.028469750889679714,18.237790808874482,54.83120244549583,False,14.119225020925978,0.7649189001021764,0.23942567966132694,39.75872444847534,2.00565005725625,0.16194244518273698
146,dflash2_unary_k16_tb8,Unary-FullMass,8,396,1280,2.2323232323232323,3.2297979797979797,0.030303030303030304,17.67190948672237,56.58698064017027,False,14.13777995958758,0.7526073916255193,0.23620565902680452,39.81884023738126,2.0155106035463635,0.16037974227851873
147,dflash2_unary_k16_tb8,Unary-FullMass,8,337,1279,2.7952522255192878,3.792284866468843,0.09495548961424333,14.969280377637979,66.80347850881735,False,14.068952059600909,0.747657314542949,0.23843144215259962,39.598102940444925,1.9992987417558261,0.15975216915554613
148,dflash2_unary_k16_tb8,Unary-FullMass,8,199,546,1.7386934673366834,2.7386934673366836,0.02512562814070352,20.714957177655638,48.27429723478542,False,14.025249457175155,0.7502844675775178,0.2369587637259433,39.678142070292026,1.984270829643034,0.1611075723902369
149,dflash2_unary_k16_tb8,Unary-FullMass,8,294,992,2.3741496598639458,3.370748299319728,0.061224489795918366,16.801936774189954,59.51694816136525,False,14.023408210768244,0.749473687355188,0.23600659855850498,39.525596000036174,1.9985752418889904,0.15918951308145662
150,dflash2_unary_k16_tb8,Unary-FullMass,8,194,560,1.8865979381443299,2.881443298969072,0.015463917525773196,19.743224410714383,50.65028787584025,False,14.049430582370817,0.7533267629527867,0.23713935080035975,39.79607389184596,1.994373231861301,0.16040705645771353
151,dflash2_unary_k16_tb8,Unary-FullMass,8,365,1067,1.9232876712328768,2.9205479452054797,0.021917808219178082,19.13957294283327,52.2477697379578,False,13.835341945048963,0.7452200304027902,0.23380505227665607,39.01087462181251,1.966985353377922,0.15825061352800096
152,dflash2_unary_k16_tb8,Unary-FullMass,8,129,362,1.806201550387597,2.798449612403101,0.007751937984496124,20.027550212708164,49.93121921449314,False,13.845753356669542,0.7546359224514783,0.235421317850615,39.23870706204289,1.967627449997145,0.15919734835542787
153,dflash2_unary_k16_tb8,Unary-FullMass,8,305,1080,2.537704918032787,3.537704918032787,0.05245901639344262,15.849844933331445,63.092099904211,False,13.892436622771756,0.7490198558280398,0.23535268854055952,39.11278448866768,1.975079347521685,0.15936807207343337
154,dflash2_unary_k16_tb8,Unary-FullMass,8,277,776,1.8014440433212997,2.7978339350180503,0.007220216606498195,20.349098984541378,49.14222495844514,False,14.103400278036922,0.8091417905680804,0.25683463902976733,39.6540425665034,2.0179361912832907,0.16550667177748962
155,dflash2_unary_k16_tb8,Unary-FullMass,8,314,833,1.6496815286624205,2.6496815286624202,0.0031847133757961785,21.09612882112702,47.40206169951596,False,13.84856560806763,0.7499782863259538,0.2336023189275745,39.008116942985545,1.9653926111650608,0.15955221978558234
156,dflash2_unary_k16_tb8,Unary-FullMass,8,398,1144,1.8743718592964824,2.871859296482412,0.017587939698492462,19.511318930071994,51.25230147608018,False,13.884348233490591,0.748279522868966,0.23329910060906217,39.08812741436159,1.9687803141639952,0.15995148486349262
157,dflash2_unary_k16_tb8,Unary-FullMass,8,276,881,2.1920289855072466,3.1884057971014492,0.06159420289855073,17.551261122589477,56.97596275363614,False,13.86322259771776,0.7457229166375591,0.23548949270596073,39.05281277553328,1.9678436989203834,0.15904275399711007
158,dflash2_unary_k16_tb8,Unary-FullMass,8,242,706,1.9173553719008265,2.9132231404958677,0.028925619834710745,19.24478571246968,51.96212703745768,False,13.879976871886198,0.7492808922694723,0.23449522731508213,39.15518609516939,1.9648630372373663,0.16007685547618558
159,dflash2_unary_k16_tb8,Unary-FullMass,8,90,251,1.788888888888889,2.7777777777777777,0.022222222222222223,20.182230362530188,49.548537601501884,False,13.834902077602843,0.7503417225962039,0.23474248890933166,39.3299502885687,1.9757158774559178,0.16034555592341349
0,dflash2_unary_k16_tb16,Unary-FullMass,16,341,915,1.683284457478006,2.6803519061583576,0.0,21.033115527869167,47.54407394734205,False,13.954330915029542,1.0201796186823142,0.23494921402967825,39.076491220044865,1.990085665757998,0.16179535472623888
1,dflash2_unary_k16_tb16,Unary-FullMass,16,143,422,1.951048951048951,2.944055944055944,0.0,19.08880503554329,52.38672604901162,False,13.881793552459099,1.00552229353913,0.23709828640237432,39.05985574825676,1.9866119930500301,0.16111620321057385
2,dflash2_unary_k16_tb16,Unary-FullMass,16,20,84,3.2,4.15,0.05,13.316048583311343,75.09735292294397,True,13.302362899958098,1.0208641997451195,0.2321622496310738,39.2333112002234,1.9772085495787906,0.16149495077115716
3,dflash2_unary_k16_tb16,Unary-FullMass,16,92,338,2.6630434782608696,3.6630434782608696,0.07608695652173914,15.486017165685068,64.57438276743393,False,13.952025250111308,1.0463640435219808,0.23991957613875653,39.492354337080144,1.9987064887296266,0.16491076095680118
4,dflash2_unary_k16_tb16,Unary-FullMass,16,77,217,1.8181818181818181,2.8051948051948052,0.0,19.801845299541384,50.50034402718823,False,13.697431766015686,0.9975019219583172,0.23424220777890803,38.74960890923877,1.966354363656893,0.1600612209680454
5,dflash2_unary_k16_tb16,Unary-FullMass,16,15,44,1.9333333333333333,2.8666666666666667,0.0,18.75517129544526,53.31862792652033,True,12.932350200086754,1.0172624007585302,0.23434306616157605,38.70678939977855,1.968023867326944,0.15640019919374026
6,dflash2_unary_k16_tb16,Unary-FullMass,16,72,202,1.8055555555555556,2.7916666666666665,0.0,20.128056445533765,49.68189565177273,False,13.840224486153197,1.0010972918179404,0.2350055696196149,39.2539185137745,1.9795099861362866,0.16062473580152276
7,dflash2_unary_k16_tb16,Unary-FullMass,16,67,279,3.1641791044776117,4.149253731343284,0.26865671641791045,13.550503663086554,73.79799488369855,False,13.813163925350189,0.9864472835468052,0.23495882112965502,39.24335834348475,1.986964731231773,0.16183110422918698
8,dflash2_unary_k16_tb16,Unary-FullMass,16,51,134,1.607843137254902,2.607843137254902,0.0,21.483762082072587,46.54678245736408,False,13.775477999896633,1.0073367054300273,0.2372095290875044,39.28194251042727,1.9847102748291732,0.16085472538286602
9,dflash2_unary_k16_tb16,Unary-FullMass,16,39,181,3.641025641025641,4.615384615384615,0.3333333333333333,12.122314983410618,82.49249432707363,False,13.666585281242032,0.975987846919825,0.23645582087994674,39.23203810289777,1.989850563964305,0.15905705069412646
10,dflash2_unary_k16_tb16,Unary-FullMass,16,86,216,1.5,2.5,0.0,22.234479157406085,44.97519338863892,False,13.715667802814075,0.9989664996642522,0.2323907209820179,38.75442525599664,1.9842605812131253,0.1590274881637861
11,dflash2_unary_k16_tb16,Unary-FullMass,16,80,223,1.7875,2.775,0.0,20.013178991029328,49.967074218855394,False,13.677232000009099,0.9974043879083183,0.23501591222157003,38.748854075493,1.9678834249134525,0.160346636948816
12,dflash2_unary_k16_tb16,Unary-FullMass,16,263,751,1.855513307984791,2.8517110266159698,0.0076045627376425855,19.573219691079,51.09021488456372,False,13.802964821476232,0.9984851141102584,0.2342892776452759,38.72567469173575,1.968545828816019,0.16162957420250393
13,dflash2_unary_k16_tb16,Unary-FullMass,16,99,397,3.0,4.0,0.030303030303030304,13.892533942075154,71.98110900210823,False,13.701491343472481,0.9914174852475307,0.2399646665170704,38.622688979787675,1.9934761109073984,0.1614258080459849
14,dflash2_unary_k16_tb16,Unary-FullMass,16,52,128,1.4615384615384615,2.4423076923076925,0.0,22.693666734369344,44.0651575483617,False,13.64002124948736,1.007646711234254,0.2354797498600629,38.85487769212677,1.9616119614231418,0.16169613585449183
15,dflash2_unary_k16_tb16,Unary-FullMass,16,5,9,0.6,1.6,0.0,29.59407888879974,33.79054316093152,True,11.084521001612302,1.0131978007848375,0.22453160054283217,38.8353553993511,1.9632034003734589,0.1485327971749939
16,dflash2_unary_k16_tb16,Unary-FullMass,16,74,245,2.310810810810811,3.2972972972972974,0.05405405405405406,16.94788867756202,59.00439984149409,False,13.747088324413886,0.9967768379971637,0.23356009468615585,38.98519414832589,1.9874621216700148,0.16117152699735016
17,dflash2_unary_k16_tb16,Unary-FullMass,16,17,56,2.2941176470588234,3.235294117647059,0.11764705882352941,16.817577910712448,59.46159460709385,True,13.101866351515877,0.9880652937949087,0.23182876569027192,38.946940176281394,1.971684706137132,0.15869488304494606
18,dflash2_unary_k16_tb16,Unary-FullMass,16,18,87,3.8333333333333335,4.777777777777778,0.1111111111111111,11.59382350573881,86.25282241919686,True,13.295112887943914,0.9858107219366098,0.23143255505904867,39.37107722231303,1.989844833183775,0.1635353906345295
19,dflash2_unary_k16_tb16,Unary-FullMass,16,11,87,6.909090909090909,7.818181818181818,0.9090909090909091,7.022498574759543,142.399459302737,True,12.78516200016549,0.9704239981312474,0.2350387274583971,39.40281336293662,1.9896300906442443,0.15851145739857617
20,dflash2_unary_k16_tb16,Unary-FullMass,16,100,266,1.66,2.65,0.01,21.1781211052623,47.21854195797955,False,13.979724250311847,1.0042911397613352,0.23413458962750155,38.97685973068292,1.9787148798059206,0.160077549808193
21,dflash2_unary_k16_tb16,Unary-FullMass,16,109,278,1.5504587155963303,2.541284403669725,0.0,22.401315111519512,44.6402362995986,False,14.055625183498188,1.0155547526264521,0.23610729386671148,39.64125371533831,2.0205216329286317,0.16456678873643604
22,dflash2_unary_k16_tb16,Unary-FullMass,16,62,171,1.7419354838709677,2.7419354838709675,0.0,20.501680976610118,48.776488188499094,False,13.817103194249343,1.0030213392559333,0.2343963707033019,39.352079113028125,1.9780686933729392,0.16029011197632267
23,dflash2_unary_k16_tb16,Unary-FullMass,16,74,181,1.445945945945946,2.4324324324324325,0.0,22.84694449170184,43.76952902228158,False,13.694254486197039,0.9998043103739808,0.23167610836665248,38.825322080712695,1.970676000161581,0.160658270918223
24,dflash2_unary_k16_tb16,Unary-FullMass,16,350,1215,2.4714285714285715,3.4685714285714284,0.037142857142857144,16.134660758027557,61.97837159374207,False,13.846086491830647,0.9968547684132189,0.23410582008572028,38.796987977485905,1.9755349143607808,0.1607523735479585
25,dflash2_unary_k16_tb16,Unary-FullMass,16,425,1401,2.296470588235294,3.2941176470588234,0.021176470588235293,16.67787366952441,59.95968190041556,False,13.817072489473503,1.0090129010666928,0.2350121152395492,37.78567740702248,1.9691990329781273,0.16214608011068776
26,dflash2_unary_k16_tb16,Unary-FullMass,16,332,1083,2.2620481927710845,3.2590361445783134,0.030120481927710843,17.08009007294365,58.547700611022364,False,13.982654738027627,1.0100955542477468,0.2355328193209653,38.32792647289714,1.9974220719292595,0.16244529839044056
27,dflash2_unary_k16_tb16,Unary-FullMass,16,238,730,2.0672268907563027,3.063025210084034,0.004201680672268907,18.353416630141087,54.48576797181946,False,13.903423428760222,1.0056835374239237,0.23466486521353827,39.010365659719774,1.978568794400707,0.1613867397044938
28,dflash2_unary_k16_tb16,Unary-FullMass,16,73,226,2.095890410958904,3.0821917808219177,0.0136986301369863,18.201024265495228,54.94196290347021,True,13.785606863440416,1.0046792190285936,0.23521306836413067,39.18547676794457,1.9758498352555214,0.16155073914377097
29,dflash2_unary_k16_tb16,Unary-FullMass,16,26,91,2.5,3.4615384615384617,0.038461538461538464,15.967607571408255,62.62678961315465,True,13.433698269252021,0.9948093460339945,0.2338531535665075,39.0921666151441,1.9733591932610859,0.1587399226711848
30,dflash2_unary_k16_tb16,Unary-FullMass,16,141,424,2.0,3.0,0.014184397163120567,18.91830524999812,52.858857428579626,False,14.018256028324402,1.0112222910120567,0.23631067370256106,39.476757226776044,1.9851949579162516,0.16134694992260784
31,dflash2_unary_k16_tb16,Unary-FullMass,16,254,843,2.3188976377952755,3.3149606299212597,0.031496062992125984,17.15522212218053,58.29128838309056,False,14.068400956688937,1.0104206652269612,0.23591005535888868,39.45493594495012,2.0036176298793102,0.16314092505398742
32,dflash2_unary_k16_tb16,Unary-FullMass,16,272,1088,2.9963235294117645,3.9963235294117645,0.12867647058823528,14.218083109373017,70.3329691005089,False,14.035277955666542,0.9980591139537864,0.23940737885234686,39.44447470584076,1.9923230846442868,0.16279019853434018
33,dflash2_unary_k16_tb16,Unary-FullMass,16,212,860,3.056603773584906,4.05188679245283,0.07547169811320754,13.961026565109847,71.62797057482226,False,14.003234288330138,0.9972568254938178,0.23687078780467175,39.23687516063818,1.9985020141043692,0.16161397077255216
34,dflash2_unary_k16_tb16,Unary-FullMass,16,54,148,1.7222222222222223,2.7222222222222223,0.0,20.688628554076736,48.335731746846406,False,13.844536296986647,1.0124861301274333,0.23499577784807318,39.46523811114107,1.983358110818598,0.16155272128849496
35,dflash2_unary_k16_tb16,Unary-FullMass,16,136,371,1.7205882352941178,2.7205882352941178,0.0,20.707317021551617,48.29210848316211,False,13.918236595760819,1.0083432430024806,0.2343239999818787,39.18018716938283,1.9848240071416299,0.16242774205131674
36,dflash2_unary_k16_tb16,Unary-FullMass,16,21,51,1.380952380952381,2.380952380952381,0.0,22.895355333257967,43.6769810052868,True,13.265053572208021,1.00067695235512,0.23442114200276723,38.976422762581414,1.9684117145342974,0.15801966565916137
37,dflash2_unary_k16_tb16,Unary-FullMass,16,28,86,2.0714285714285716,3.0357142857142856,0.03571428571428571,19.16509070936225,52.17820333673112,False,14.245303000279819,1.0340952498414222,0.2406869287889484,41.100170964844956,2.0771668576864095,0.16678417731392464
38,dflash2_unary_k16_tb16,Unary-FullMass,16,163,414,1.5337423312883436,2.5337423312883436,0.0,21.95656398308586,45.544466828705325,False,13.957580803708527,1.0039963557004952,0.23641703681423232,38.42692984025418,1.9811453926055607,0.16090903102464552
39,dflash2_unary_k16_tb16,Unary-FullMass,16,187,548,1.9304812834224598,2.9251336898395723,0.0053475935828877,19.322229445261144,51.75386219447125,False,13.982194385055221,1.0091868716115904,0.236681315588471,39.24194728888859,1.9911700318988292,0.16225185028942213
40,dflash2_unary_k16_tb16,Unary-FullMass,16,30,106,2.533333333333333,3.5,0.03333333333333333,15.83340110376429,63.157624407194255,True,13.490166500317477,1.0047235659537062,0.23434903196175583,39.08046073435495,1.975894066466329,0.15909000091293515
41,dflash2_unary_k16_tb16,Unary-FullMass,16,58,232,2.9827586206896552,3.9827586206896552,0.08620689655172414,14.068884245685256,71.0788419704773,False,13.767697017289626,0.9965071211777756,0.23374639680821865,39.13877293146878,1.979955327661973,0.15885818833465173
42,dflash2_unary_k16_tb16,Unary-FullMass,16,42,145,2.4523809523809526,3.4285714285714284,0.0,16.458072786215403,60.76045555209589,False,13.800025333087737,1.0112290959417198,0.23625616692394638,39.62597292844467,1.9835612857561846,0.1624921898751165
43,dflash2_unary_k16_tb16,Unary-FullMass,16,82,348,3.2439024390243905,4.2317073170731705,0.13414634146341464,13.492176571831472,74.11702586873696,False,14.04759202448143,0.9998202071207144,0.23880623156423453,39.80941887831006,2.0032180002045807,0.16062571926229838
44,dflash2_unary_k16_tb16,Unary-FullMass,16,224,768,2.4285714285714284,3.424107142857143,0.03125,16.66449922916513,60.00780378985914,False,14.10649929880492,1.0100272143063194,0.23685483051849587,39.62041943766183,1.9987845269367557,0.16284062033784202
45,dflash2_unary_k16_tb16,Unary-FullMass,16,234,823,2.517094017094017,3.5128205128205128,0.07692307692307693,16.227405492107003,61.624145676670196,False,14.120086863187726,1.00836029036083,0.23772910270396158,39.533546388739545,2.0105564957096553,0.1630316285464168
46,dflash2_unary_k16_tb16,Unary-FullMass,16,61,247,3.0491803278688523,4.032786885245901,0.06557377049180328,13.83925169636354,72.25824213188956,True,13.903693015831255,1.0276834262662842,0.23787652443403562,38.715037131027444,1.9922209674584084,0.1611146563234678
47,dflash2_unary_k16_tb16,Unary-FullMass,16,42,211,4.023809523809524,5.0,0.21428571428571427,11.318391345981212,88.35177804265153,False,13.826858689364078,0.9935205236529111,0.23736730942064674,39.652889785516194,1.9892732142623226,0.1615327159275434
48,dflash2_unary_k16_tb16,Unary-FullMass,16,204,943,3.6176470588235294,4.617647058823529,0.1568627450980392,12.223061373274788,81.81256474637836,False,13.92357906868211,0.9868169415188045,0.23452236268449092,39.214161436236694,1.9812425343130313,0.1613780242027418
49,dflash2_unary_k16_tb16,Unary-FullMass,16,22,111,4.045454545454546,5.0,0.09090909090909091,11.086874108104483,90.19674889868209,False,13.33673886289365,1.0063794536770068,0.23620631757446311,39.21569972722368,1.9804437724815216,0.1628512297677596
50,dflash2_unary_k16_tb16,Unary-FullMass,16,56,310,4.517857142857143,5.517857142857143,0.2857142857142857,10.173878254840195,98.290934386231,False,13.769912607520903,0.9744435901666293,0.23370321417002873,39.204979571098065,1.9750576613140376,0.1615865521671367
51,dflash2_unary_k16_tb16,Unary-FullMass,16,104,511,3.9134615384615383,4.903846153846154,0.2403846153846154,11.463948831690859,87.22997761780017,False,13.836833923330861,0.9833324712907108,0.23337449028286544,39.14311292282946,1.9701332025411271,0.16088465312909997
52,dflash2_unary_k16_tb16,Unary-FullMass,16,12,62,4.166666666666667,5.083333333333333,0.25,10.810850983797271,92.4996562711619,True,12.94344008420012,0.9935854147139859,0.24004899993694076,39.53878600320119,1.9847715811920352,0.15543133304163348
53,dflash2_unary_k16_tb16,Unary-FullMass,16,76,430,4.644736842105263,5.644736842105263,0.4342105263157895,10.086091460462466,99.14643387084139,False,13.97392271007304,1.0030974734897762,0.23526973659739414,39.704743066498565,1.9872848945516652,0.16172590824824415
54,dflash2_unary_k16_tb16,Unary-FullMass,16,56,211,2.767857142857143,3.75,0.05357142857142857,15.126348151644676,66.10980984800821,False,13.905035160990208,1.0034241421245886,0.23359314361316916,39.708839786076815,1.981850446489781,0.16117624922376958
55,dflash2_unary_k16_tb16,Unary-FullMass,16,40,165,3.125,4.1,0.1,13.6398743151486,73.3144585422894,True,13.649724499919103,0.9889727994959685,0.23608105002494995,39.23963319903123,1.9920406752135023,0.15802932630322175
56,dflash2_unary_k16_tb16,Unary-FullMass,16,343,2048,4.967930029154519,5.967930029154519,0.4489795918367347,9.450883625000017,105.81021200544073,False,13.92074856517155,0.9755274635709418,0.23504048980023773,39.16492520388349,1.973632868697036,0.1598911931334028
57,dflash2_unary_k16_tb16,Unary-FullMass,16,137,804,4.868613138686132,5.861313868613139,0.40875912408759124,9.591917579603237,104.25444043915194,False,13.855785226041917,0.975960671608965,0.23464277374131579,39.0755535837562,1.9891853065078697,0.16012597119776617
58,dflash2_unary_k16_tb16,Unary-FullMass,16,69,250,2.6231884057971016,3.608695652173913,0.057971014492753624,15.555128355976194,64.28747980184976,False,13.795969507423317,1.0005252316013735,0.23429763793989178,39.1942931299496,1.972953652380122,0.16112155076436888
59,dflash2_unary_k16_tb16,Unary-FullMass,16,173,560,2.2369942196531793,3.23121387283237,0.023121387283236993,17.405151274994882,57.45425501912474,False,13.868570681673143,1.005961566652384,0.23371943943384185,39.095248208321344,1.975157843886557,0.16171632938031807
60,dflash2_unary_k16_tb16,Unary-FullMass,16,58,386,5.655172413793103,6.637931034482759,0.6206896551724138,8.327408481879827,120.08537856356726,True,13.743961051659426,0.9630547411406638,0.23498525855569008,38.33944153440574,1.981436879101113,0.1574597421306956
61,dflash2_unary_k16_tb16,Unary-FullMass,16,99,629,5.353535353535354,6.343434343434343,0.494949494949495,8.850568694747604,112.9870898119183,False,13.810053484727783,0.9644193236123432,0.23483108066791442,39.08656180797749,1.976230313235334,0.16030509075128727
62,dflash2_unary_k16_tb16,Unary-FullMass,16,16,74,3.625,4.5625,0.25,12.031217243241594,83.11710941482161,True,13.08924924933308,1.0043905003840337,0.2389848750681267,39.17416418698849,1.9784444393735612,0.1591464988450822
63,dflash2_unary_k16_tb16,Unary-FullMass,16,15,86,4.733333333333333,5.666666666666667,0.3333333333333333,9.69927848834845,103.10045238945146,False,13.080010400153697,0.9952830000353666,0.22966993419686332,39.17206406719439,1.9734646678746988,0.15870459707609066
64,dflash2_unary_k16_tb16,Unary-FullMass,16,54,312,4.777777777777778,5.7592592592592595,0.4444444444444444,9.767546291652998,102.37985775962638,True,13.765152036891473,0.9698695740317581,0.23521125856657615,39.31995951858914,1.9832374068587173,0.16128211239076876
65,dflash2_unary_k16_tb16,Unary-FullMass,16,47,243,4.148936170212766,5.148936170212766,0.23404255319148937,10.689308753078075,93.55141881480799,False,13.666428744166277,0.9871948926221639,0.23443689319042568,38.23659057509739,1.9781562556051946,0.16319321374349455
66,dflash2_unary_k16_tb16,Unary-FullMass,16,94,483,4.138297872340425,5.127659574468085,0.23404255319148937,10.998330939947131,90.92288688712681,True,13.855134563701986,0.9976991806321708,0.23486032977358418,39.281836851590384,1.9820024473177755,0.16116709501031748
67,dflash2_unary_k16_tb16,Unary-FullMass,16,147,905,5.149659863945578,6.149659863945578,0.5102040816326531,9.150388942542937,109.28497206831244,False,13.872659224733713,0.9692781698374476,0.23438846963682675,39.118960585194124,1.977113428413567,0.16162728545886343
68,dflash2_unary_k16_tb16,Unary-FullMass,16,67,372,4.552238805970149,5.537313432835821,0.3582089552238806,10.170361249996644,98.3249242990587,False,13.804868134168679,0.9824133440313527,0.23460346221951628,39.30889394009614,1.9770146117575202,0.16048091069323242
69,dflash2_unary_k16_tb16,Unary-FullMass,16,17,91,4.352941176470588,5.294117647058823,0.29411764705882354,10.556622120890136,94.7272705746599,True,13.148758999972522,0.97801917581819,0.23448535220642738,40.00677476399099,1.9832181766533348,0.15772076671161747
70,dflash2_unary_k16_tb16,Unary-FullMass,16,41,237,4.780487804878049,5.7560975609756095,0.34146341463414637,9.788428227854833,102.16144785679788,False,13.707692854151857,0.978771317111351,0.23365129252452765,39.513481780709185,1.988752512438734,0.15954024310325976
71,dflash2_unary_k16_tb16,Unary-FullMass,16,54,351,5.5,6.481481481481482,0.5370370370370371,8.776202911693149,113.9444939983817,False,13.912454443925526,0.971943037088581,0.23552575927439007,39.76164724035361,2.0008319808295236,0.1629164645338297
72,dflash2_unary_k16_tb16,Unary-FullMass,16,56,314,4.607142857142857,5.589285714285714,0.2857142857142857,10.209014563695016,97.95264702199263,False,13.972451607125029,0.9803702493757426,0.23450598213717708,39.90086817845752,1.993998071156966,0.16120900103747512
73,dflash2_unary_k16_tb16,Unary-FullMass,16,40,283,6.05,7.05,0.7,8.049482031795897,124.23159602691763,False,13.855425075053063,0.9570739242917625,0.2360473006774555,39.73971195100603,1.9999155243567657,0.1619115995708853
74,dflash2_unary_k16_tb16,Unary-FullMass,16,47,282,4.9787234042553195,5.9787234042553195,0.3829787234042553,9.640192567388995,103.7323676897095,False,14.079913595893192,0.9838562128084534,0.2376060424176877,40.3432062979691,2.0345897022746207,0.16198355297092348
75,dflash2_unary_k16_tb16,Unary-FullMass,16,40,271,5.775,6.75,0.65,8.445166439134576,118.41092857164288,True,13.870910074365383,0.9775309501492302,0.2369398005612311,39.96309289996134,2.0051976998729515,0.1623312002266175
76,dflash2_unary_k16_tb16,Unary-FullMass,16,33,166,4.03030303030303,5.0,0.3333333333333333,11.335457349406466,88.21876075889966,True,13.73565206030793,1.0027534857120675,0.236683666695502,39.89509812130233,1.9892520590060898,0.16134606156618136
77,dflash2_unary_k16_tb16,Unary-FullMass,16,70,399,4.7,5.685714285714286,0.45714285714285713,9.911775035104705,100.8901025758033,True,13.81995948644804,0.9740579713252373,0.2342482287661239,39.32458142839356,1.9827262426718204,0.16154434249204183
78,dflash2_unary_k16_tb16,Unary-FullMass,16,34,212,5.235294117647059,6.205882352941177,0.4411764705882353,9.038472924520699,110.63815849766779,False,13.599099940406363,0.9744682947177139,0.23515973589383066,39.41188950022265,1.9759078531933483,0.16101173434221625
79,dflash2_unary_k16_tb16,Unary-FullMass,16,132,772,4.848484848484849,5.840909090909091,0.42424242424242425,9.649283603627167,103.63463662982191,False,13.892242061047,0.9690082879938983,0.23492856841282142,39.20024064389123,1.9767960986262716,0.16047329457555018
80,dflash2_unary_k16_tb16,Unary-FullMass,16,122,518,3.2459016393442623,4.237704918032787,0.06557377049180328,13.351529799235452,74.89778437653361,False,14.139877999815461,1.0287771636613485,0.25986132029964987,39.07964859870129,2.017319852488161,0.16379732736166888
81,dflash2_unary_k16_tb16,Unary-FullMass,16,150,645,3.3,4.293333333333333,0.18,13.407887787593786,74.58296309171772,False,14.173263186579183,1.0036190872779116,0.23842763320620483,40.05364375285959,2.0211443263300075,0.16381950040037432
82,dflash2_unary_k16_tb16,Unary-FullMass,16,81,374,3.617283950617284,4.604938271604938,0.14814814814814814,12.260092328868142,81.56545425399096,False,13.876339666352084,0.9916387529818077,0.23363596299105543,39.366132901323226,1.9796975557031224,0.16088270381765646
83,dflash2_unary_k16_tb16,Unary-FullMass,16,105,576,4.485714285714286,5.476190476190476,0.3904761904761905,10.385967274310637,96.28376188643195,False,14.009809961966571,0.9986127430151793,0.23805305771973162,39.563776066504595,2.002831724391962,0.16136549404888814
84,dflash2_unary_k16_tb16,Unary-FullMass,16,118,498,3.2203389830508473,4.211864406779661,0.16101694915254236,13.3528571265147,74.89033923790775,True,14.042129542373251,1.0002620337048538,0.23669948298493954,38.906421558487516,2.004565864454134,0.16350498413361245
85,dflash2_unary_k16_tb16,Unary-FullMass,16,68,319,3.6911764705882355,4.676470588235294,0.2647058823529412,11.806019871478512,84.70255097705221,False,13.73809945588993,0.9875738531477777,0.23510155904873767,38.27774711723631,1.9855675151013523,0.16003313195302754
86,dflash2_unary_k16_tb16,Unary-FullMass,16,125,523,3.184,4.176,0.152,13.371432164431742,74.78630469068366,False,13.94502818363253,0.9978932560770772,0.23759824055014178,38.61023072019452,1.9934935759520158,0.16182819957612082
87,dflash2_unary_k16_tb16,Unary-FullMass,16,136,679,3.9926470588235294,4.985294117647059,0.3235294117647059,11.491714886598244,87.01921426594132,False,14.118651390055996,0.9961905955017701,0.2394583236095701,39.83554087528105,2.022510374605618,0.16172497035928673
88,dflash2_unary_k16_tb16,Unary-FullMass,16,151,670,3.4304635761589406,4.430463576158941,0.15894039735099338,12.831209740300016,77.93497419492873,False,13.98790995356209,0.9992934899988264,0.2369304037836399,39.545329874157844,2.000913820690121,0.16280474920490362
89,dflash2_unary_k16_tb16,Unary-FullMass,16,225,963,3.28,4.275555555555556,0.13777777777777778,13.379431776742297,74.74158967934032,False,14.131149026668734,1.0122293153674238,0.23783535127424532,39.70167906702651,2.017314702033117,0.1637605420869982
90,dflash2_unary_k16_tb16,Unary-FullMass,16,182,832,3.5714285714285716,4.565934065934066,0.16483516483516483,12.463321453118134,80.2354335288219,False,14.039258505443206,1.007795796325369,0.23664252212556375,39.53215963745926,1.9960467912564386,0.16328053307306317
91,dflash2_unary_k16_tb16,Unary-FullMass,16,126,474,2.761904761904762,3.753968253968254,0.0873015873015873,15.09910991561146,66.22906950071722,False,13.97203559492251,1.0158083017496022,0.2352336269968729,39.42174176988792,1.9923196347325944,0.164274563772663
92,dflash2_unary_k16_tb16,Unary-FullMass,16,84,339,3.0357142857142856,4.023809523809524,0.047619047619047616,13.98444929496546,71.50799998681464,False,13.824391142926677,0.9940693213311966,0.2344707615217582,39.245233273288164,1.9770346667168528,0.16204263175452416
93,dflash2_unary_k16_tb16,Unary-FullMass,16,120,531,3.425,4.416666666666667,0.15833333333333333,12.66696309604925,78.94552091273512,False,13.774956566036659,0.9903885417467487,0.234133450188286,38.91669989995231,1.9748170335030106,0.1603162085909086
94,dflash2_unary_k16_tb16,Unary-FullMass,16,277,1357,3.898916967509025,4.8953068592057765,0.23465703971119134,11.49769725718588,86.97393727035347,False,13.905901725586572,0.9936051947703091,0.2356164837127891,39.04881517335374,1.980495010865121,0.16183059222135518
95,dflash2_unary_k16_tb16,Unary-FullMass,16,272,1196,3.3933823529411766,4.393382352941177,0.16911764705882354,12.769267390467576,78.31302841590686,False,13.86037199269113,0.9893630555833464,0.23373067265578462,38.92809274258766,1.9745721840669883,0.1610892016769332
96,dflash2_unary_k16_tb16,Unary-FullMass,16,169,728,3.3076923076923075,4.3017751479289945,0.11834319526627218,13.059476760995144,76.57274623641193,False,13.851269325625479,0.9918845679367115,0.23259015952081272,39.04693436675592,1.9727575441752836,0.16077162181103008
97,dflash2_unary_k16_tb16,Unary-FullMass,16,133,689,4.180451127819549,5.172932330827067,0.2631578947368421,10.819417055158018,92.42642139608277,False,13.803814045027515,0.9813999396764597,0.23422675937916593,38.89493078178957,1.9733448123561106,0.16174494751459478
98,dflash2_unary_k16_tb16,Unary-FullMass,16,119,492,3.134453781512605,4.126050420168068,0.15966386554621848,13.60794862397952,73.48646204012189,False,13.818676974719777,0.9875825631110381,0.2350950423587004,39.090580731398475,1.968488990727366,0.16101034472602568
99,dflash2_unary_k16_tb16,Unary-FullMass,16,107,506,3.7289719626168223,4.719626168224299,0.2523364485981308,11.652384498023165,85.81934454442785,False,13.756039158808868,0.9833080466960722,0.2339192803880574,37.99989957926266,1.9706010653378407,0.16003245828895193
100,dflash2_unary_k16_tb16,Unary-FullMass,16,3,14,3.6666666666666665,4.333333333333333,0.0,11.114317856741504,89.97403285469649,True,9.41674799832981,0.9954929992090911,0.22269500186666846,39.092201664364744,1.986798997677397,0.15288000334597504
101,dflash2_unary_k16_tb16,Unary-FullMass,16,33,218,5.575757575757576,6.575757575757576,0.6060606060606061,8.356124582576808,119.67270115683537,True,13.545688576634733,0.9531295149689399,0.23476193944754248,38.33655772839186,1.9722310603493967,0.1586966045028033
102,dflash2_unary_k16_tb16,Unary-FullMass,16,3,16,4.0,5.0,0.0,9.756752000157576,102.4931247595357,True,9.343640333099756,0.9995529981097206,0.23004533189426488,39.338077665888704,1.9773820022237487,0.14731233629087606
103,dflash2_unary_k16_tb16,Unary-FullMass,16,6,30,3.8333333333333335,4.833333333333333,0.16666666666666666,10.814582366583636,92.46774088012272,True,11.633782167336904,0.9245536663608315,0.22687199937839372,39.16187999857357,1.9725131642189808,0.15331083704950288
104,dflash2_unary_k16_tb16,Unary-FullMass,16,14,80,4.714285714285714,5.642857142857143,0.42857142857142855,9.712982099972578,102.95499257666945,True,12.948667572345585,0.9775320722837932,0.23632992711749726,39.20389800051843,1.9792745006270707,0.1570527840937887
105,dflash2_unary_k16_tb16,Unary-FullMass,16,26,173,5.615384615384615,6.615384615384615,0.6538461538461539,8.369202728323017,119.4856944516118,True,13.366233307561533,0.9590615775848094,0.23240615337272175,38.99738919174594,1.9717131925482625,0.16058396179758222
106,dflash2_unary_k16_tb16,Unary-FullMass,16,30,159,4.3,5.266666666666667,0.36666666666666664,10.572266106899393,94.58710080589121,False,13.486931100002645,0.9834762002962331,0.23197033394050473,39.199586565518985,1.9715593000000808,0.1594868668083412
107,dflash2_unary_k16_tb16,Unary-FullMass,16,90,600,5.666666666666667,6.655555555555556,0.5888888888888889,8.414280299997094,118.84557732172833,True,13.740510921909138,0.9732308113598265,0.23574831130746235,39.01062242253425,1.973141889579387,0.1619476432905584
108,dflash2_unary_k16_tb16,Unary-FullMass,16,17,103,5.0588235294117645,6.0,0.35294117647058826,9.245773757303821,108.15752431861496,True,13.232996882459915,1.0136467060553567,0.23788294150589911,39.39244317649247,1.9811985291787149,0.1603433526778484
109,dflash2_unary_k16_tb16,Unary-FullMass,16,14,60,3.2857142857142856,4.214285714285714,0.07142857142857142,12.96293790001073,77.14300629328575,True,12.968722357202621,0.9953114297656741,0.2343737131533479,39.215833927820704,1.9830902861680701,0.15811642879270948
110,dflash2_unary_k16_tb16,Unary-FullMass,16,5,15,2.0,2.8,0.0,17.93140899972059,55.76806596824501,False,11.176619201432914,1.0297954009729438,0.23109719913918525,39.23100700194482,1.971585197316017,0.15412299835588783
111,dflash2_unary_k16_tb16,Unary-FullMass,16,4,18,3.25,4.25,0.0,11.79116677748324,84.80924906512472,False,10.480836501301383,0.9988780002458952,0.22379725123755634,39.23315475185518,1.9673155002237763,0.156268493810785
112,dflash2_unary_k16_tb16,Unary-FullMass,16,15,73,3.8666666666666667,4.8,0.3333333333333333,11.571431945238347,86.41972788955482,True,13.193007066729479,1.0079742676073995,0.23475586591909328,39.70841820070442,2.007110465395575,0.16303626713731015
113,dflash2_unary_k16_tb16,Unary-FullMass,16,7,33,3.7142857142857144,4.571428571428571,0.2857142857142857,11.663965818033002,85.73413327857632,True,12.078917427321098,1.008778857275112,0.23277557089126535,39.50211385693235,2.008072858318753,0.15660885713129705
114,dflash2_unary_k16_tb16,Unary-FullMass,16,13,41,2.1538461538461537,3.076923076923077,0.0,17.76780802440665,56.28156262305151,True,13.016832231817087,1.028103307852199,0.23696276800295052,39.605888999246346,1.991322307731025,0.1578233854021304
115,dflash2_unary_k16_tb16,Unary-FullMass,16,7,31,3.2857142857142856,4.285714285714286,0.14285714285714285,12.411141225921682,80.5727677895904,True,12.101570715978076,0.9702520006352903,0.23735385704120354,39.51123971533629,1.9884840013609002,0.15472513872997037
116,dflash2_unary_k16_tb16,Unary-FullMass,16,14,55,2.9285714285714284,3.857142857142857,0.0,14.304216527274217,69.90945628467482,True,13.119981429294317,1.0213861423835624,0.23611964310735598,39.66632264252569,1.9914110718153617,0.15991542802242162
117,dflash2_unary_k16_tb16,Unary-FullMass,16,19,76,3.0,3.9473684210526314,0.10526315789473684,14.090745026279412,70.9685682435519,True,13.427224737824872,1.0123388419742696,0.237514473969656,39.53416226355139,1.9889890532603633,0.16275073453710465
118,dflash2_unary_k16_tb16,Unary-FullMass,16,11,75,5.818181818181818,6.7272727272727275,0.45454545454545453,8.15939602665215,122.55809090937164,True,12.83943072683707,0.9820047271205112,0.2330990914329463,39.427419728202615,1.9895353649520653,0.16075599771944474
119,dflash2_unary_k16_tb16,Unary-FullMass,16,20,123,5.15,6.1,0.6,9.118981300820067,109.66137192430368,True,13.373954899725504,0.966942099694279,0.23556974956591148,39.36025955081277,1.984935150903766,0.16007354934117757
120,dflash2_unary_k16_tb16,Unary-FullMass,16,175,673,2.8457142857142856,3.84,0.045714285714285714,14.801561934626534,67.56043750089754,False,14.017001217247785,1.0147765943215095,0.2361474057709399,39.50989962863137,1.981864022548377,0.16288931435805612
121,dflash2_unary_k16_tb16,Unary-FullMass,16,294,1252,3.258503401360544,4.255102040816326,0.19047619047619047,13.201332638979226,75.74992823431526,False,13.858950023859506,0.9931158879999512,0.23495316658177742,38.993609860479246,1.9765518165488891,0.16073919011562662
122,dflash2_unary_k16_tb16,Unary-FullMass,16,178,780,3.3820224719101124,4.376404494382022,0.11797752808988764,12.795544830768426,78.15220166283031,False,13.982658033465883,0.9980876572800308,0.23632581997957092,38.705143477559076,1.9871686689726997,0.1609813315032594
123,dflash2_unary_k16_tb16,Unary-FullMass,16,370,1410,2.810810810810811,3.808108108108108,0.07027027027027027,14.811354914896027,67.51576785148018,False,13.906428300007876,1.0005208809554853,0.23543605947870183,39.161085954165664,1.9784634811544124,0.16133675667948114
124,dflash2_unary_k16_tb16,Unary-FullMass,16,162,552,2.4074074074074074,3.4012345679012346,0.06172839506172839,16.56059752899044,60.38429460346662,False,13.865202136205173,1.0036694139323377,0.23534358627296537,39.18632435158576,1.9760764565787359,0.1620867467998458
125,dflash2_unary_k16_tb16,Unary-FullMass,16,288,1132,2.9305555555555554,3.9270833333333335,0.09722222222222222,14.280457376325725,70.02576833833133,False,13.863329308984854,0.9956619408563306,0.2344934863332229,38.900336635454856,1.9754737847961223,0.16083591996599958
126,dflash2_unary_k16_tb16,Unary-FullMass,16,183,584,2.191256830601093,3.185792349726776,0.0273224043715847,17.36030376369318,57.602678709537905,False,13.835183595821816,0.9988671639992072,0.23468073217015042,38.20117433346131,1.9709956286732067,0.16028651307003644
127,dflash2_unary_k16_tb16,Unary-FullMass,16,95,566,4.957894736842105,5.947368421052632,0.5052631578947369,9.51666446819584,105.07883338137475,False,13.922021779734152,0.9729370103358586,0.23528863116792453,39.40342312615892,2.004175873758198,0.16143872620121233
128,dflash2_unary_k16_tb16,Unary-FullMass,16,143,570,2.986013986013986,3.979020979020979,0.14685314685314685,14.35806335437902,69.64727591169273,False,14.087980216496439,0.9980550838428406,0.23686212583785304,39.74310115337538,2.0022586920079646,0.16318407106918276
129,dflash2_unary_k16_tb16,Unary-FullMass,16,169,748,3.4201183431952664,4.420118343195266,0.20710059171597633,12.837846343585927,77.89468523274718,False,13.999788964304319,0.9928543550549929,0.23600772180258345,39.42365298801434,2.006401964439184,0.16205770462288482
130,dflash2_unary_k16_tb16,Unary-FullMass,16,218,902,3.1376146788990824,4.13302752293578,0.15137614678899083,13.75038180708997,72.72525330783034,False,14.021172311880312,1.0030091787384579,0.23650497701681228,39.46789170211125,2.0015949906445956,0.16360844509091887
131,dflash2_unary_k16_tb16,Unary-FullMass,16,107,407,2.803738317757009,3.794392523364486,0.1308411214953271,14.705924825556634,67.99980360719333,False,13.759354887901214,0.9935211964717535,0.23502189702480578,38.81877006533954,1.9683803734423975,0.1624413368441208
132,dflash2_unary_k16_tb16,Unary-FullMass,16,284,879,2.0950704225352115,3.091549295774648,0.017605633802816902,18.13986109442625,55.12721375288068,False,13.860273831033084,1.0007507920510736,0.23362020728597255,38.920404528230584,1.9684850911955796,0.16061309245960217
133,dflash2_unary_k16_tb16,Unary-FullMass,16,411,1702,3.1411192214111923,4.138686131386861,0.12652068126520682,13.50165061222276,74.06501832410929,False,13.852845532907436,0.9897446301883288,0.2339750537116289,38.70407371755778,1.9707780924000848,0.1605278442885983
134,dflash2_unary_k16_tb16,Unary-FullMass,16,236,747,2.1610169491525424,3.1610169491525424,0.046610169491525424,17.731521208830962,56.39674048394463,False,13.874955097535503,1.0033056522673687,0.2349438267228217,38.879995389541335,1.9701934874381364,0.16137918631148612
135,dflash2_unary_k16_tb16,Unary-FullMass,16,210,791,2.7666666666666666,3.761904761904762,0.08571428571428572,14.837198807840197,67.39816679355843,False,13.804650257086559,0.9930233762826814,0.23545816608627015,38.71911010459631,1.9736463617023436,0.1608939104439092
136,dflash2_unary_k16_tb16,Unary-FullMass,16,287,980,2.4146341463414633,3.4111498257839723,0.059233449477351915,16.43285314388109,60.85370515054827,False,13.875464550608879,1.000761703943196,0.2357532997949873,38.869232491198446,1.9697498432849372,0.1612195780805802
137,dflash2_unary_k16_tb16,Unary-FullMass,16,209,724,2.464114832535885,3.45933014354067,0.0430622009569378,16.327145319061067,61.247693975783605,False,13.953865325596666,1.0058174305470131,0.23683292346195492,39.20404626334083,1.99629918200913,0.16224514777269705
138,dflash2_unary_k16_tb16,Unary-FullMass,16,107,295,1.7570093457943925,2.7476635514018692,0.028037383177570093,20.557612471180864,48.643781052000655,False,13.95136391647186,1.0287087285841128,0.236949168589558,39.301885252086244,1.996587187056669,0.16203545747655573
139,dflash2_unary_k16_tb16,Unary-FullMass,16,163,502,2.079754601226994,3.0736196319018405,0.0,18.458128045817446,54.17667476993133,False,14.052166962750439,1.0246969325138695,0.23687277253477212,39.36266676080699,2.0051816503547326,0.16491970018250868
140,dflash2_unary_k16_tb16,Unary-FullMass,16,311,1105,2.54983922829582,3.54983922829582,0.06109324758842444,16.03939362352675,62.34649659904784,False,14.099288832600651,1.014274993830531,0.23801180073550463,39.47484157235048,1.9980173856661942,0.16440771062711668
141,dflash2_unary_k16_tb16,Unary-FullMass,16,117,376,2.213675213675214,3.2051282051282053,0.03418803418803419,17.670261332452665,56.59225866475616,False,14.000308462038028,1.0109551879154464,0.23881353822966608,39.379870709709415,1.994045487103554,0.16248747827057353
142,dflash2_unary_k16_tb16,Unary-FullMass,16,243,839,2.448559670781893,3.448559670781893,0.0411522633744856,16.36588491180253,61.102714909038205,False,13.951848193568583,1.0039871645678857,0.2361750616148256,39.16205918924081,1.9891589420137126,0.16285145311896368
143,dflash2_unary_k16_tb16,Unary-FullMass,16,150,405,1.7,2.6933333333333334,0.0,20.707485358012313,48.29171590422357,False,13.79463521943156,1.0072259866865352,0.23472455999581143,38.742449106454536,1.9674690996665352,0.16370649439825988
144,dflash2_unary_k16_tb16,Unary-FullMass,16,397,1222,2.075566750629723,3.075566750629723,0.017632241813602016,18.225682765143645,54.86762898740263,False,13.893929936938335,1.0065786273735375,0.2356520604867997,38.830986010318746,1.9711516850325337,0.16191412067003852
145,dflash2_unary_k16_tb16,Unary-FullMass,16,276,931,2.3731884057971016,3.369565217391304,0.03985507246376811,16.98286554779227,58.88287799169426,False,14.181445380624305,1.0634769384088703,0.24434066648794123,39.6031182535544,2.027263514310766,0.16676040963764113
146,dflash2_unary_k16_tb16,Unary-FullMass,16,399,1408,2.5288220551378444,3.526315789473684,0.05263157894736842,16.148081000711624,61.92686300966235,False,14.12122208249938,1.0145571605495836,0.23779481942479483,39.44179148863001,2.006285310789848,0.16205352156996064
147,dflash2_unary_k16_tb16,Unary-FullMass,16,324,1308,3.037037037037037,4.033950617283951,0.13580246913580246,14.043894704891972,71.20531882453274,False,14.062086352157761,1.009504925897079,0.23619955256301048,39.22007036092026,2.0044267438617993,0.1634351324973079
148,dflash2_unary_k16_tb16,Unary-FullMass,16,185,548,1.9567567567567568,2.9567567567567568,0.032432432432432434,19.17084414963294,52.16254392319739,False,14.021431064985164,1.0156518270378,0.23612569198736014,39.36745143272108,1.9839782055822905,0.1625109344368448
149,dflash2_unary_k16_tb16,Unary-FullMass,16,303,1147,2.7854785478547854,3.782178217821782,0.09570957095709572,15.188319854403899,65.84006720862196,False,14.238412950458597,1.0175757359278392,0.2386113463295086,39.80455918171963,2.031842494970718,0.1640572773965795
150,dflash2_unary_k16_tb16,Unary-FullMass,16,204,666,2.264705882352941,3.2598039215686274,0.029411764705882353,17.292178243245893,57.829614403297484,False,13.956123480110204,1.012382044078264,0.23556646081880328,39.10809630885042,1.98064294607891,0.16106478948381217
151,dflash2_unary_k16_tb16,Unary-FullMass,16,354,1110,2.135593220338983,3.132768361581921,0.01694915254237288,17.84426395585084,56.04041738421587,False,13.852377909499236,1.0107028531403897,0.23529793206197183,38.72134067213701,1.9707109860182703,0.1619227290483018
152,dflash2_unary_k16_tb16,Unary-FullMass,16,91,285,2.120879120879121,3.120879120879121,0.03296703296703297,17.932038947382306,55.76610685122221,False,13.806126736488915,1.0160752197127574,0.23468715389154257,38.975404889692534,1.968218439647539,0.16026887929151448
153,dflash2_unary_k16_tb16,Unary-FullMass,16,340,1351,2.973529411764706,3.9705882352941178,0.08823529411764706,14.088405685413658,70.98035237836342,False,13.865476809116766,1.006802917618188,0.23585660575704157,38.73776242020112,1.9718980323566082,0.16289757081454703
154,dflash2_unary_k16_tb16,Unary-FullMass,16,252,753,1.9880952380952381,2.984126984126984,0.031746031746031744,19.016965328020262,52.58462550418415,False,14.073745067723813,1.0700044008517002,0.24709271429668342,39.256322476008094,2.0109376272023565,0.16640125359694977
155,dflash2_unary_k16_tb16,Unary-FullMass,16,270,823,2.0444444444444443,3.0444444444444443,0.014814814814814815,18.374945494532824,54.42193013837969,False,13.862384940633396,1.0142309555333298,0.23421195911834258,38.757898785223475,1.9772218036113944,0.1636076373634515
156,dflash2_unary_k16_tb16,Unary-FullMass,16,296,899,2.0371621621621623,3.0337837837837838,0.030405405405405407,18.472991423807375,54.13308419075177,False,13.891681213076604,1.011779942485658,0.2352979428561977,38.835899293951876,1.9693253208134667,0.16148686115008565
157,dflash2_unary_k16_tb16,Unary-FullMass,16,258,921,2.565891472868217,3.565891472868217,0.06976744186046512,15.697622694894248,63.70391360758444,False,13.86443821306326,1.008626147683903,0.23474008141716315,38.78911739142382,1.9774059300282032,0.16253464722706493
158,dflash2_unary_k16_tb16,Unary-FullMass,16,232,729,2.1422413793103448,3.1379310344827585,0.03879310344827586,17.863183074067642,55.98106428477022,False,13.881696017804266,1.013549038644073,0.23502006024500588,38.869550525932624,1.9673876938119568,0.16322968509358568
159,dflash2_unary_k16_tb16,Unary-FullMass,16,66,188,1.8484848484848484,2.8333333333333335,0.045454545454545456,19.60133689894103,51.0169283429859,False,13.70080807563764,1.014818984637686,0.23224813621985077,38.75536605979009,1.9697687877686059,0.16110112262664641
0,dflash2_unary_k16_tb32,Unary-FullMass,32,305,906,1.9704918032786884,2.9672131147540983,0.003278688524590164,19.108284397352246,52.333321987742956,False,13.952564386940526,1.5604386131658952,0.23748127214723175,38.84969454756785,1.9941919278205549,0.16663142941084874
1,dflash2_unary_k16_tb32,Unary-FullMass,32,133,416,2.1278195488721803,3.1203007518796992,0.0,18.11493085816752,55.20308124991423,False,13.910524360851964,1.5426003685165495,0.23792981213554776,38.80754635321139,1.9961003609867312,0.16553360894207939
2,dflash2_unary_k16_tb32,Unary-FullMass,32,18,84,3.6666666666666665,4.611111111111111,0.05555555555555555,12.025383690472934,83.15742979512964,True,13.241578333084666,1.5127978893158596,0.237284166764261,38.985268278136374,1.9776092224977522,0.1639193324081134
3,dflash2_unary_k16_tb32,Unary-FullMass,32,98,379,2.86734693877551,3.857142857142857,0.08163265306122448,14.746476881267316,67.81280763205996,False,13.92723489791061,1.540060601711252,0.24003208146700208,39.164945530390064,1.9896628775907685,0.1678062354232902
4,dflash2_unary_k16_tb32,Unary-FullMass,32,73,217,1.9726027397260273,2.958904109589041,0.0,18.87206523501489,52.98837130684659,False,13.688385369888449,1.5259400001736614,0.23599002751113515,38.514585479564104,1.9706785891162015,0.16357335564002637
5,dflash2_unary_k16_tb32,Unary-FullMass,32,15,44,1.9333333333333333,2.8666666666666667,0.0,18.92396293185977,52.84305425881132,True,12.953545533916136,1.5403681997365009,0.2321757999501036,38.648667932769364,1.9714722666928235,0.16406153372373242
6,dflash2_unary_k16_tb32,Unary-FullMass,32,66,204,2.090909090909091,3.0757575757575757,0.0,18.37072508822209,54.43443278355539,False,13.826921772333938,1.5287315148298424,0.23743596956950513,39.03781663641646,1.983433970026178,0.1679013186014455
7,dflash2_unary_k16_tb32,Unary-FullMass,32,59,267,3.5254237288135593,4.508474576271187,0.3220338983050847,12.547857258424175,79.69488171605047,False,13.808026779539217,1.484898254309852,0.23788306806621268,39.09551261004724,1.9922346951808954,0.16581557589480495
8,dflash2_unary_k16_tb32,Unary-FullMass,32,48,140,1.8958333333333333,2.8958333333333335,0.0,19.44388708569542,51.43004562784595,False,13.753904292116204,1.5358279169959133,0.23827293731907653,39.035462103735576,1.9810767498711357,0.16679333324039666
9,dflash2_unary_k16_tb32,Unary-FullMass,32,47,201,3.276595744680851,4.25531914893617,0.2978723404255319,13.270758422862203,75.35364356246963,False,13.753559595646406,1.4769107020061285,0.23526470195452504,39.13388538383012,1.9906528940872645,0.16339572237561795
10,dflash2_unary_k16_tb32,Unary-FullMass,32,66,180,1.7272727272727273,2.712121212121212,0.0,20.56362225553635,48.62956475145178,False,13.661918696346799,1.5294707721323269,0.23502012096066732,38.5227491069324,1.9687307729768553,0.16471668211372822
11,dflash2_unary_k16_tb32,Unary-FullMass,32,56,223,2.982142857142857,3.9642857142857144,0.17857142857142858,14.08453425562172,70.99986281767596,False,13.606932339176378,1.4929861963537405,0.23417142866881996,38.61692426770397,1.9703860177417352,0.16522723256327612
12,dflash2_unary_k16_tb32,Unary-FullMass,32,212,679,2.202830188679245,3.19811320754717,0.014150943396226415,17.582192577319482,56.87572784807118,False,13.8247055232191,1.5342942922459015,0.23459284417391624,38.57903340566444,1.9750014811129317,0.16514962339468459
13,dflash2_unary_k16_tb32,Unary-FullMass,32,84,379,3.511904761904762,4.5,0.047619047619047616,12.424046382582766,80.48907491217169,True,13.697474428876635,1.4856406899828773,0.23349272643307423,38.49494379773248,1.9805666427904118,0.16399574988532722
14,dflash2_unary_k16_tb32,Unary-FullMass,32,52,127,1.4423076923076923,2.423076923076923,0.0,22.99119464567941,43.494912526780055,False,13.61904628888274,1.5391034994536312,0.23615696087430338,38.62708924960036,1.9679140000684687,0.1622615396067536
15,dflash2_unary_k16_tb32,Unary-FullMass,32,5,9,0.6,1.6,0.0,29.83070322241272,33.52250842174815,True,11.085407002246939,1.5424657991388813,0.22632919863099232,38.71823039808078,1.9697277995874174,0.15310560265788808
16,dflash2_unary_k16_tb32,Unary-FullMass,32,70,244,2.4857142857142858,3.4714285714285715,0.08571428571428572,16.17902597950649,61.808417964509815,False,13.753078971785726,1.5203578856016975,0.23524915699713997,38.74224709974702,1.980218599575372,0.16431027200139528
17,dflash2_unary_k16_tb32,Unary-FullMass,32,17,56,2.2941176470588234,3.235294117647059,0.11764705882352941,16.947358589277428,59.00624541175984,True,13.12564882391598,1.4931684692034168,0.2366715288029381,38.79765064630192,2.0121754710357087,0.161278060712742
18,dflash2_unary_k16_tb32,Unary-FullMass,32,17,87,4.117647058823529,5.0588235294117645,0.11764705882352941,10.969196252883465,91.16438223421618,True,13.22886817583554,1.4628714112297851,0.23639388168436093,39.05532982410959,1.9896809415727414,0.16333070679512318
19,dflash2_unary_k16_tb32,Unary-FullMass,32,11,87,6.909090909090909,7.818181818181818,0.9090909090909091,7.051607643654864,141.81163367757904,True,12.787503908012612,1.397913272243882,0.2389776345808059,39.18916300013238,1.9958969992744229,0.1623510946625505
20,dflash2_unary_k16_tb32,Unary-FullMass,32,105,303,1.8761904761904762,2.876190476190476,0.009523809523809525,19.721424897706978,50.70627529130872,False,13.918161600027123,1.5479107522488837,0.23585622832234504,39.05126665686978,1.9918521042286774,0.16535022025761595
21,dflash2_unary_k16_tb32,Unary-FullMass,32,84,261,2.0952380952380953,3.0952380952380953,0.0,18.23429704596506,54.841708319174444,False,13.826289821649663,1.5511095002044126,0.23650328538289095,38.88848141667993,1.9907455237747247,0.16343627369982036
22,dflash2_unary_k16_tb32,Unary-FullMass,32,111,295,1.6576576576576576,2.6486486486486487,0.0,21.47055056609087,46.57542418028777,False,13.944955667030372,1.5413867295137607,0.2374000268409381,39.18653153147085,1.985686234351109,0.16541293689033
23,dflash2_unary_k16_tb32,Unary-FullMass,32,70,179,1.5571428571428572,2.5428571428571427,0.0,22.015643072595516,45.42224802167025,False,13.68621765712825,1.5360406287072692,0.23348945750123157,38.70349784296455,1.9743833995432527,0.1635154426497008
24,dflash2_unary_k16_tb32,Unary-FullMass,32,341,1239,2.63049853372434,3.63049853372434,0.07331378299120235,15.495698326068108,64.53403899311331,False,13.841782530905068,1.515733480860262,0.23638661923941875,38.561991304879506,1.9806110147093874,0.16604703180631897
25,dflash2_unary_k16_tb32,Unary-FullMass,32,378,1408,2.7222222222222223,3.7222222222222223,0.05026455026455026,14.868450071736044,67.25650590177754,False,13.828826775227238,1.5217665003205492,0.23677303719013393,37.65589202117149,1.9737817857136688,0.16596967139371877
26,dflash2_unary_k16_tb32,Unary-FullMass,32,283,998,2.5265017667844525,3.522968197879859,0.028268551236749116,15.980764520039035,62.57522903526004,False,14.051378674783773,1.5459851449328332,0.23864890087676455,38.35269037096074,2.000354194024112,0.1671370289057276
27,dflash2_unary_k16_tb32,Unary-FullMass,32,262,890,2.3931297709923665,3.3931297709923665,0.026717557251908396,16.741716441566915,59.73103196976657,False,13.91805519480618,1.597629290186082,0.23717284320879423,38.963444679176824,1.9881182979172067,0.1662958511726785
28,dflash2_unary_k16_tb32,Unary-FullMass,32,68,223,2.2794117647058822,3.264705882352941,0.014705882352941176,17.36574127801356,57.584642313316124,False,13.786372514754047,1.5473648825932553,0.23578336849288248,39.225284220425664,1.9889500289376456,0.165661234752727
29,dflash2_unary_k16_tb32,Unary-FullMass,32,25,91,2.64,3.6,0.04,15.49773328572353,64.52556522709017,True,13.431575399299618,1.511119399801828,0.23298983986023813,39.07979431998683,1.9926922000013292,0.16357800108380616
30,dflash2_unary_k16_tb32,Unary-FullMass,32,118,376,2.1864406779661016,3.1779661016949152,0.0,17.986418263291775,55.5975061494531,False,13.999308491832581,1.5373369577731464,0.2380178473501119,39.35123179640652,2.007228550779874,0.17953116092308014
31,dflash2_unary_k16_tb32,Unary-FullMass,32,203,753,2.70935960591133,3.7044334975369457,0.034482758620689655,15.31769335192627,65.28398088568899,False,13.925244418849418,1.5395657533436802,0.23651398490257608,38.956067054314545,1.9958527486890627,0.16558901527254233
32,dflash2_unary_k16_tb32,Unary-FullMass,32,251,1095,3.362549800796813,4.3585657370517925,0.1394422310756972,13.109701169858322,76.27938936542571,False,14.03897506818783,1.5096116217481255,0.23816689224848783,39.24098881303014,1.997752573805633,0.16622925805093988
33,dflash2_unary_k16_tb32,Unary-FullMass,32,218,879,3.032110091743119,4.027522935779817,0.10091743119266056,14.12829256199709,70.77996124527067,False,13.99730980723889,1.5191322707807657,0.23758091715911037,39.04829726612127,1.9980723624664505,0.1664383945612284
34,dflash2_unary_k16_tb32,Unary-FullMass,32,49,137,1.7755102040816326,2.7755102040816326,0.0,20.432632846724204,48.94131889421787,False,13.863027959257812,1.5477129183673983,0.2393172859340165,39.330129509724024,1.983009182998901,0.16477661313042424
35,dflash2_unary_k16_tb32,Unary-FullMass,32,127,371,1.9133858267716535,2.9133858267716537,0.0,19.617011514829656,50.97616419524661,False,14.029442574166579,1.5465596066416594,0.2381434878627733,39.3237777637074,2.002426559026683,0.16603797711303647
36,dflash2_unary_k16_tb32,Unary-FullMass,32,19,51,1.6842105263157894,2.6315789473684212,0.0,20.815204137333613,48.04180604726455,True,13.224938999643966,1.5418920528119135,0.23416052557111375,38.73655010599913,1.9728524202946573,0.1619959485220821
37,dflash2_unary_k16_tb32,Unary-FullMass,32,34,105,2.0588235294117645,3.0588235294117645,0.029411764705882353,18.211410000055494,54.91063020364446,False,13.54374197056613,1.5249229404349427,0.23372023497358896,38.80256058768924,1.971202881737982,0.16497050241655564
38,dflash2_unary_k16_tb32,Unary-FullMass,32,120,349,1.9,2.9,0.0,19.442885699140724,51.43269448136471,False,14.07188473373632,1.5538025498244679,0.23890224135053964,38.5120899752413,2.003210991703478,0.16650208314483717
39,dflash2_unary_k16_tb32,Unary-FullMass,32,163,514,2.1533742331288344,3.147239263803681,0.006134969325153374,18.296840752912427,54.65424405799802,False,14.132496969063018,1.556666429455255,0.23892804272501428,39.576715153825546,2.0237037298866647,0.16827585294012815
40,dflash2_unary_k16_tb32,Unary-FullMass,32,26,106,3.076923076923077,4.038461538461538,0.038461538461538464,13.779689047160506,72.57057808616253,True,13.444376345992518,1.521821076424273,0.2348438457164985,38.838475461838804,1.9768325378558633,0.16238300136487502
41,dflash2_unary_k16_tb32,Unary-FullMass,32,55,231,3.1818181818181817,4.181818181818182,0.12727272727272726,13.477797601729817,74.19609861715496,False,13.739952254267832,1.5067938187381846,0.23667172684905713,38.976570981586434,1.9813391817892394,0.16542196403448048
42,dflash2_unary_k16_tb32,Unary-FullMass,32,39,145,2.717948717948718,3.6923076923076925,0.05128205128205128,15.16679206206704,65.93352080701716,False,13.643789948009026,1.5260578198089765,0.2351098981960557,38.84598097554259,1.9744842056519327,0.16393225534836978
43,dflash2_unary_k16_tb32,Unary-FullMass,32,76,348,3.5789473684210527,4.565789473684211,0.14473684210526316,12.407978681050276,80.59330417187297,False,13.862499237324013,1.4997468023418485,0.23639448753735787,39.05675919744872,1.9938570393079365,0.1662245650598044
44,dflash2_unary_k16_tb32,Unary-FullMass,32,210,764,2.638095238095238,3.6333333333333333,0.0380952380952381,15.790998225131727,63.32721882068719,False,14.116026995110413,1.5376166332100096,0.23752950915617735,39.38483573770749,2.006103233136292,0.1670433393017016
45,dflash2_unary_k16_tb32,Unary-FullMass,32,188,734,2.904255319148936,3.898936170212766,0.0797872340425532,14.632416810631883,68.34141023603169,False,14.037314399018292,1.5362744623107187,0.23764684598798805,39.143018755334815,2.008102212981767,0.16633448928026134
46,dflash2_unary_k16_tb32,Unary-FullMass,32,61,259,3.2295081967213113,4.229508196721311,0.06557377049180328,13.254916640918864,75.44370342646512,False,13.919762065433744,1.5328358523652614,0.2376377048423193,38.43808813141296,1.9861529357006131,0.1645956052940522
47,dflash2_unary_k16_tb32,Unary-FullMass,32,38,205,4.394736842105263,5.368421052631579,0.23684210526315788,10.506344292662106,95.1805853819606,True,13.678132604821402,1.4930512632800903,0.23719794798556618,39.119511735885965,1.9844746315548516,0.16659444793874986
48,dflash2_unary_k16_tb32,Unary-FullMass,32,144,729,4.0625,5.055555555555555,0.25,11.218473334711371,89.13868849746908,False,13.898082007371057,1.475310923675958,0.23593078463414308,39.03809925047123,1.9826700975803153,0.16342819324361496
49,dflash2_unary_k16_tb32,Unary-FullMass,32,20,110,4.5,5.45,0.15,10.213384036350444,97.91074108649015,True,13.305544000104419,1.4715975994477049,0.2372377013671212,39.00981120095821,1.9804342999123037,0.1689873981376877
50,dflash2_unary_k16_tb32,Unary-FullMass,32,67,361,4.388059701492537,5.373134328358209,0.26865671641791045,10.510480332406305,95.14313032076781,False,13.784931164122805,1.474727149540211,0.2329218958907608,38.99550280614527,1.977023954955868,0.16598855171338725
51,dflash2_unary_k16_tb32,Unary-FullMass,32,151,811,4.364238410596027,5.364238410596027,0.33774834437086093,10.554969997535537,94.74209782059906,False,13.873965178613647,1.4815837286419655,0.23571758264859224,38.955887046167305,1.9768598080467779,0.16526260291031925
52,dflash2_unary_k16_tb32,Unary-FullMass,32,11,62,4.636363636363637,5.545454545454546,0.36363636363636365,9.921652725860175,100.7896595083964,True,12.847629544425713,1.4498808185718106,0.23628663620911539,39.237915636146106,1.9907540911596946,0.15957591015401043
53,dflash2_unary_k16_tb32,Unary-FullMass,32,63,383,5.079365079365079,6.063492063492063,0.5396825396825397,9.433815122723207,106.00165330686866,True,13.941246556535747,1.4580591589384269,0.23611761917847962,39.55480455532245,1.9969458566814113,0.16443247561313448
54,dflash2_unary_k16_tb32,Unary-FullMass,32,52,212,3.076923076923077,4.0576923076923075,0.038461538461538464,14.029984985821976,71.27591376687514,False,13.86383992226351,1.5314781338439878,0.27457957674834266,39.38096486532371,1.983656250069124,0.16465080933322987
55,dflash2_unary_k16_tb32,Unary-FullMass,32,39,165,3.230769230769231,4.205128205128205,0.1282051282051282,13.359679187873773,74.85209681589312,True,13.627956871156735,1.4999994098802862,0.23633366632006633,39.01723371773887,1.9782100772807518,0.16198589862772048
56,dflash2_unary_k16_tb32,Unary-FullMass,32,129,613,3.751937984496124,4.744186046511628,0.15503875968992248,11.995165376835384,83.36692063713959,False,13.919111550041084,1.5068653875748923,0.2360603562962307,39.19493110084278,1.9768559071145115,0.16645768262732905
57,dflash2_unary_k16_tb32,Unary-FullMass,32,291,2048,6.037800687285223,7.034364261168385,0.7285223367697594,8.017403207521312,124.72866514457908,False,13.889295326348208,1.4298163506466834,0.2363650409532375,38.72284930568633,1.9816000308982284,0.1649597496035528
58,dflash2_unary_k16_tb32,Unary-FullMass,32,72,273,2.7916666666666665,3.7777777777777777,0.06944444444444445,14.922365120889477,67.01350569422289,False,13.786583875318886,1.5231118332950346,0.2347004170183532,38.89521547252015,1.9769459030511725,0.16407691550234127
59,dflash2_unary_k16_tb32,Unary-FullMass,32,187,731,2.909090909090909,3.9037433155080214,0.11229946524064172,14.489828398086594,69.01392980830964,False,13.861987781044803,1.5232008127034966,0.23549370553884855,38.87742037998816,1.9789031712353269,0.16505061473696178
60,dflash2_unary_k16_tb32,Unary-FullMass,32,57,386,5.771929824561403,6.754385964912281,0.631578947368421,8.209171297927863,121.81497543514743,True,13.738168700799354,1.4179618944916383,0.23390096573980132,38.02407621084345,2.0124725080932606,0.1653516674036438
61,dflash2_unary_k16_tb32,Unary-FullMass,32,98,632,5.448979591836735,6.438775510204081,0.5204081632653061,8.758448780065033,114.17546932238552,True,13.799401305880806,1.426692306119307,0.23565408130763194,38.874270071184064,1.9823370714629145,0.16470260283201743
62,dflash2_unary_k16_tb32,Unary-FullMass,32,13,74,4.6923076923076925,5.615384615384615,0.3076923076923077,9.790756121612896,102.13715749619381,True,12.929774075858473,1.4644956939334337,0.23585692318962315,38.961325692071114,1.9791988446601094,0.16134515485296455
63,dflash2_unary_k16_tb32,Unary-FullMass,32,13,75,4.6923076923076925,5.6923076923076925,0.3076923076923077,9.67871830672569,103.31946527518063,True,12.921919538572324,1.4552780781881525,0.23637300070661765,39.0769160786966,1.9864090774297858,0.16186368828549838
64,dflash2_unary_k16_tb32,Unary-FullMass,32,51,312,5.117647058823529,6.098039215686274,0.5294117647058824,9.271253464738457,107.86028057622627,True,13.763136902650563,1.4466399016764984,0.23759849022562599,39.11676688257299,1.9874371184200488,0.1666771946189578
65,dflash2_unary_k16_tb32,Unary-FullMass,32,46,243,4.260869565217392,5.260869565217392,0.2608695652173913,10.528313102893609,94.98197766602888,False,13.67182406560776,1.4900330872636836,0.2338442180821996,38.075390848541204,1.9831106086633594,0.162755519736295
66,dflash2_unary_k16_tb32,Unary-FullMass,32,68,378,4.5588235294117645,5.544117647058823,0.23529411764705882,10.203494743388436,98.00563680869935,False,13.812125691401889,1.486442338586237,0.23562214728907052,39.04457730865996,1.976521411587087,0.16413776425265347
67,dflash2_unary_k16_tb32,Unary-FullMass,32,152,916,5.019736842105263,6.019736842105263,0.46710526315789475,9.403808366814662,106.33989560324574,False,13.871748309037159,1.4525553420562094,0.23532727621051508,38.96526509183068,1.9798424803555368,0.16558034262982946
68,dflash2_unary_k16_tb32,Unary-FullMass,32,68,390,4.720588235294118,5.720588235294118,0.4117647058823529,9.897405723071037,101.03657746079676,False,13.822313515073105,1.4607213532358667,0.23897232398774257,39.094199485321845,1.9834665143956527,0.16485963148144317
69,dflash2_unary_k16_tb32,Unary-FullMass,32,16,91,4.6875,5.625,0.3125,9.865011043934878,101.36836092188781,True,13.138367562078201,1.4473815003839263,0.24264843659693724,39.1105076241729,2.0061913123754493,0.1621538767722086
70,dflash2_unary_k16_tb32,Unary-FullMass,32,37,234,5.324324324324325,6.297297297297297,0.5135135135135135,8.990502769233705,111.22848473192047,False,13.819373269389207,1.4545244868369647,0.23716648551320807,39.198203999124395,1.9859969726058881,0.16359013790025603
71,dflash2_unary_k16_tb32,Unary-FullMass,32,49,341,5.959183673469388,6.938775510204081,0.6122448979591837,8.247347885623807,121.25109961023098,False,13.90285814303919,1.4164567141311377,0.23737859217882423,39.66510853072633,2.0054023266218755,0.16760444835811966
72,dflash2_unary_k16_tb32,Unary-FullMass,32,57,328,4.754385964912281,5.7368421052631575,0.3157894736842105,9.994706161572738,100.05296642384161,True,13.95220963157746,1.4640010354413422,0.23748663207107598,39.691962053327366,2.002299807300963,0.16543769985825443
73,dflash2_unary_k16_tb32,Unary-FullMass,32,40,283,6.075,7.05,0.7,8.095010342768537,123.5328872548413,False,13.855794774644892,1.4107159247942036,0.23774047440383583,39.59988232454634,2.004952900824719,0.16311177587340353
74,dflash2_unary_k16_tb32,Unary-FullMass,32,51,298,4.8431372549019605,5.823529411764706,0.35294117647058826,9.725223734902395,102.82539787862642,False,13.773386803650817,1.4447500779722617,0.2334881568208848,39.21412882296934,1.9949694118729573,0.1650938443787049
75,dflash2_unary_k16_tb32,Unary-FullMass,32,39,271,5.948717948717949,6.923076923076923,0.6666666666666666,8.154565575636788,122.63068960873618,True,13.671401948765075,1.46120043623691,0.23622784647159278,39.143069948178706,1.9874974869964763,0.16437851277609858
76,dflash2_unary_k16_tb32,Unary-FullMass,32,29,166,4.724137931034483,5.689655172413793,0.41379310344827586,9.978940457826921,100.21103986201823,True,13.680640655742348,1.4476068613946373,0.23681534417094022,39.59651569086167,1.9932554488808945,0.16599758513119264
77,dflash2_unary_k16_tb32,Unary-FullMass,32,65,399,5.123076923076923,6.123076923076923,0.5538461538461539,9.231675070176399,108.32270334455045,True,13.772878169122404,1.4426161841793845,0.23576472359798992,39.05271595408871,1.998993230294078,0.165314092569483
78,dflash2_unary_k16_tb32,Unary-FullMass,32,32,205,5.40625,6.375,0.46875,8.817619624371618,113.40929214456384,False,13.591800750191396,1.4311214690678753,0.2357949379074853,39.08804459388193,1.977602250462951,0.1635117171190359
79,dflash2_unary_k16_tb32,Unary-FullMass,32,131,841,5.419847328244275,6.412213740458015,0.5267175572519084,8.848830341260344,113.00928613550177,False,13.906474022718168,1.440597869660652,0.23649078702735396,39.06210084763028,1.99474448096878,0.1677318164218462
80,dflash2_unary_k16_tb32,Unary-FullMass,32,114,501,3.3947368421052633,4.385964912280702,0.08771929824561403,12.93816323752667,77.29072370176445,False,14.106485271584365,1.5412493950479027,0.23961110542714187,38.79353873663492,2.012277649012966,0.16666049142306866
81,dflash2_unary_k16_tb32,Unary-FullMass,32,146,649,3.4452054794520546,4.438356164383562,0.1780821917808219,13.024075141756684,76.7808837952635,False,14.183644623450189,1.5215903220276432,0.23980853443826575,39.75577660951299,2.025638123260961,0.16823197224206124
82,dflash2_unary_k16_tb32,Unary-FullMass,32,74,374,4.054054054054054,5.04054054054054,0.20270270270270271,11.545203350253097,86.6160577395181,False,14.216528581380624,1.517462175330808,0.2406227027382261,40.180575175622224,2.0271429868345776,0.16775017531865552
83,dflash2_unary_k16_tb32,Unary-FullMass,32,83,517,5.228915662650603,6.216867469879518,0.4939759036144578,9.458963800774148,105.71982524324252,False,14.390504903651644,1.475929469851979,0.2439917824006673,40.57691779528697,2.0617226754800497,0.17002114441585223
84,dflash2_unary_k16_tb32,Unary-FullMass,32,107,494,3.616822429906542,4.607476635514018,0.22429906542056074,12.413543793520686,80.55717340941393,False,14.186400887852852,1.5105768599874931,0.23976952389968453,39.18282635494736,2.024933887484035,0.16661990638202162
85,dflash2_unary_k16_tb32,Unary-FullMass,32,60,312,4.2,5.183333333333334,0.3,11.133502054480442,89.81899811098263,False,14.287153784001324,1.5201824998560671,0.24139945053320844,39.59645190006995,2.0775088162433044,0.17151423259443485
86,dflash2_unary_k16_tb32,Unary-FullMass,32,81,414,4.111111111111111,5.098765432098766,0.2962962962962963,11.126567060378822,89.87498071718389,False,14.083266419658214,1.4989093949595742,0.23990758029272619,38.84920091343106,2.0295870120286437,0.1682492104548685
87,dflash2_unary_k16_tb32,Unary-FullMass,32,146,700,3.7945205479452055,4.787671232876712,0.273972602739726,11.955123675714797,83.64614429136887,False,14.023637500392633,1.5020492946735442,0.2382748627422014,39.374063437980396,2.0131413492055974,0.16791967144642625
88,dflash2_unary_k16_tb32,Unary-FullMass,32,170,775,3.5588235294117645,4.552941176470588,0.16470588235294117,12.59570028645084,79.39217171400126,False,14.082874946796116,1.5207856297338902,0.23780188224490678,39.40259898265461,2.0104805647433217,0.1670328291177558
89,dflash2_unary_k16_tb32,Unary-FullMass,32,190,836,3.4,4.394736842105263,0.16842105263157894,13.057698544259162,76.58317402645595,False,14.076677247411633,1.5185793105047196,0.23863546858161785,39.435308357956515,2.0164697839630352,0.16820342632280172
90,dflash2_unary_k16_tb32,Unary-FullMass,32,186,918,3.935483870967742,4.93010752688172,0.23118279569892472,11.606033837686121,86.16207862093987,False,14.052816660873221,1.5099636290077827,0.2388298280786858,39.31058978493531,2.0009042798905754,0.16828862902012362
91,dflash2_unary_k16_tb32,Unary-FullMass,32,150,659,3.3933333333333335,4.386666666666667,0.14,12.996679139603089,76.94273200550363,False,13.9868353336351,1.519218273460865,0.2382812401143989,39.192247312748805,1.996330973294486,0.16583055340258093
92,dflash2_unary_k16_tb32,Unary-FullMass,32,77,342,3.4415584415584415,4.428571428571429,0.12987012987012986,12.781893038009642,78.23567268371673,False,13.833218129701738,1.5045455191095432,0.23267755835610382,39.05569670144347,1.980424687786439,0.16496232567149421
93,dflash2_unary_k16_tb32,Unary-FullMass,32,115,533,3.634782608695652,4.626086956521739,0.17391304347826086,12.196626714810792,81.9898832179282,False,13.807026121977959,1.5041248785564676,0.23607954720753935,38.82596046048844,1.98933550450222,0.16618686982521624
94,dflash2_unary_k16_tb32,Unary-FullMass,32,166,773,3.6506024096385543,4.650602409638554,0.18072289156626506,12.161457169475545,82.22698859721629,False,13.85322474051058,1.4979453251244086,0.23501721119258487,38.89901922887376,1.9806716022630788,0.16548569929219378
95,dflash2_unary_k16_tb32,Unary-FullMass,32,242,1162,3.8016528925619837,4.797520661157025,0.2066115702479339,11.76687561187644,84.98432659479197,False,13.871751090560748,1.4932413883678026,0.2351025577809196,38.74897530585266,1.9844876861640863,0.16689428945735624
96,dflash2_unary_k16_tb32,Unary-FullMass,32,196,832,3.2448979591836733,4.239795918367347,0.08673469387755102,13.328269917066722,75.02849253671774,False,13.869571137993077,1.5156380151373534,0.23464258176355376,38.814323127831926,1.9773419285507883,0.16562897912897787
97,dflash2_unary_k16_tb32,Unary-FullMass,32,152,695,3.5657894736842106,4.565789473684211,0.17105263157894737,12.333937562590048,81.07710898692164,False,13.826052737481644,1.4930951249545232,0.23538788847968375,38.696184966858326,1.9779984142204692,0.16658748642696178
98,dflash2_unary_k16_tb32,Unary-FullMass,32,114,492,3.3157894736842106,4.307017543859649,0.18421052631578946,13.111753587390847,76.26744915048342,False,13.830197877324649,1.4961008506489044,0.2355241843345044,38.88815435965897,1.9721718335380214,0.1654190084975613
99,dflash2_unary_k16_tb32,Unary-FullMass,32,101,507,4.01980198019802,5.00990099009901,0.2376237623762376,11.043714893489518,90.5492408708884,True,13.756288256940529,1.4874609409126056,0.2350039703922466,37.81740848483036,1.9772492869558864,0.16385095104941694
100,dflash2_unary_k16_tb32,Unary-FullMass,32,3,14,3.6666666666666665,4.333333333333333,0.0,11.177910714260568,89.46215670914412,True,9.310292332277944,1.473110666362724,0.23391166663107774,39.012543335653994,1.983142334211152,0.15058299807909256
101,dflash2_unary_k16_tb32,Unary-FullMass,32,32,218,5.78125,6.78125,0.6875,8.138473518372997,122.8731650649783,True,13.548513094065129,1.390723376061942,0.23522006267739926,38.12830018796376,1.979194937803186,0.1613991853446281
102,dflash2_unary_k16_tb32,Unary-FullMass,32,3,16,4.0,5.0,0.0,9.788547687548999,102.16020107579358,True,9.310305669108251,1.503413334527674,0.23106166675764447,39.04808433677923,1.9644746668442774,0.1482479929109104
103,dflash2_unary_k16_tb32,Unary-FullMass,32,5,30,4.8,5.8,0.4,8.988577066823686,111.25231419452827,True,11.154972600343172,1.328251998347696,0.2302953987964429,39.081488001102116,1.9839828004478477,0.15247160190483555
104,dflash2_unary_k16_tb32,Unary-FullMass,32,14,80,4.714285714285714,5.642857142857143,0.42857142857142855,9.771433550031361,102.33912914413573,True,12.997840642908288,1.3924104298764308,0.23582007062421845,39.06880900051744,1.9805715705193248,0.16131142859064443
105,dflash2_unary_k16_tb32,Unary-FullMass,32,26,173,5.615384615384615,6.615384615384615,0.6538461538461539,8.408568479774138,118.9263074214579,True,13.381481960655387,1.4259606924987076,0.23715388446222418,38.76119976876698,1.9794614613951684,0.16406327071868312
106,dflash2_unary_k16_tb32,Unary-FullMass,32,30,162,4.4,5.366666666666666,0.3333333333333333,10.444727172813865,95.7420891378434,True,13.507348700174285,1.463505801075371,0.23835346607180932,39.04979953270716,1.9792944673099555,0.16322476585629206
107,dflash2_unary_k16_tb32,Unary-FullMass,32,87,600,5.896551724137931,6.885057471264368,0.632183908045977,8.174655348339002,122.32931633052748,True,13.758263173101646,1.4436950807756712,0.2353394365750371,38.79689929888774,1.978098896556887,0.16463755092372176
108,dflash2_unary_k16_tb32,Unary-FullMass,32,17,103,5.0588235294117645,6.0,0.5294117647058824,9.279272961190074,107.76706366785757,True,13.22187482369105,1.4650710594758172,0.2361697659259388,39.150199470254044,1.986741882694118,0.16142035105182848
109,dflash2_unary_k16_tb32,Unary-FullMass,32,13,60,3.6153846153846154,4.538461538461538,0.07692307692307693,12.087456750062604,82.73038908658935,True,12.922847384358578,1.4670253082071072,0.23462876952880135,39.01761246155589,1.9837773837095414,0.16237061600594854
110,dflash2_unary_k16_tb32,Unary-FullMass,32,3,15,3.6666666666666665,4.666666666666667,0.0,10.461459400054688,95.58895769310853,True,9.307252332898011,1.5313853315698605,0.24574933437785754,39.06700499646831,2.0048593335862583,0.15104567137314007
111,dflash2_unary_k16_tb32,Unary-FullMass,32,4,18,3.5,4.25,0.25,11.846846389137985,84.41064964908043,False,10.4321130002063,1.4672737506771227,0.2358802485105116,39.04531300213421,1.9761330004257616,0.15409574916702695
112,dflash2_unary_k16_tb32,Unary-FullMass,32,15,73,3.8666666666666667,4.8,0.3333333333333333,11.555848698600592,86.53626627364025,True,13.124821466044523,1.488635200560869,0.23951926656688252,39.22764046583325,1.9958317342873972,0.16201553322995702
113,dflash2_unary_k16_tb32,Unary-FullMass,32,7,33,3.7142857142857144,4.571428571428571,0.14285714285714285,11.760667696900342,85.02918590783425,True,12.08960171477104,1.482785286498256,0.23158071313186415,39.454891998112934,2.0253534270783087,0.1589345743663476
114,dflash2_unary_k16_tb32,Unary-FullMass,32,12,41,2.4166666666666665,3.3333333333333335,0.0,16.492746024330078,60.632716863814025,True,12.92539508237193,1.5329641670784138,0.2337923342565773,39.49231424970397,1.9995788322072865,0.16617091750958934
115,dflash2_unary_k16_tb32,Unary-FullMass,32,7,31,3.4285714285714284,4.285714285714286,0.14285714285714285,12.518708806319705,79.88044258168057,True,12.12207614298677,1.4447474292995008,0.2366997131113229,39.47413199888875,2.0025100010181114,0.15983085696851568
116,dflash2_unary_k16_tb32,Unary-FullMass,32,12,55,3.5833333333333335,4.5,0.0,12.282714418225542,81.41522842183511,True,12.969941833944176,1.5111560830215847,0.23649875159511188,39.412661082678824,2.000193083707321,0.16532358192004418
117,dflash2_unary_k16_tb32,Unary-FullMass,32,17,76,3.4705882352941178,4.411764705882353,0.11764705882352941,12.705463276353456,78.70629966410843,True,13.29827911746072,1.700279292623129,0.23732723425115076,39.404679471558396,1.9951544112272506,0.16517512010656954
118,dflash2_unary_k16_tb32,Unary-FullMass,32,10,75,6.5,7.4,0.8,7.440371599999101,134.4018892819978,True,12.72027229933883,1.4331216007121839,0.23522340125055052,39.25671340039116,1.9974434006144293,0.1600128976861015
119,dflash2_unary_k16_tb32,Unary-FullMass,32,20,123,5.15,6.1,0.65,9.150384040655876,109.28503061258647,True,13.394260849236161,1.42443654985982,0.23765839978295844,39.06186709900794,1.993274149572244,0.16336480257450603
120,dflash2_unary_k16_tb32,Unary-FullMass,32,183,732,3.0,3.9945355191256833,0.07650273224043716,14.319297939894323,69.83582604381371,False,14.020852475209846,1.5272665356159913,0.23911807113874176,39.33416414231252,1.988932551697464,0.16685798360274015
121,dflash2_unary_k16_tb32,Unary-FullMass,32,244,1104,3.5245901639344264,4.520491803278689,0.20081967213114754,12.510913259957569,79.93021606189215,False,13.866191979164409,1.50955850389079,0.23642198351301544,38.84527008201866,1.9855121885126716,0.1638003407412621
122,dflash2_unary_k16_tb32,Unary-FullMass,32,211,929,3.4028436018957344,4.398104265402844,0.11848341232227488,12.8117341119432,78.05344625969033,False,14.0181056730575,1.5168455120060764,0.23737843109789122,38.47843981519704,1.991809180055489,0.16548295254445022
123,dflash2_unary_k16_tb32,Unary-FullMass,32,334,1368,3.095808383233533,4.092814371257485,0.09580838323353294,13.802063323097885,72.45293523081368,False,13.859574329211693,1.5180484791011633,0.23488956592885726,38.774358556829995,1.97818694300486,0.16554879058782612
124,dflash2_unary_k16_tb32,Unary-FullMass,32,148,552,2.72972972972973,3.722972972972973,0.08783783783783784,15.200580376810082,65.78696176138078,False,13.85848825697935,1.5201593446977928,0.2368953176030757,38.93684507400738,1.9774572099629801,0.16421133728432027
125,dflash2_unary_k16_tb32,Unary-FullMass,32,248,1080,3.3548387096774195,4.350806451612903,0.15725806451612903,12.974613097220653,77.07358920893095,False,13.86779322987305,1.5021159718843033,0.23475948819395853,38.74976341942402,1.9827916652385253,0.1651235842502736
126,dflash2_unary_k16_tb32,Unary-FullMass,32,137,457,2.335766423357664,3.3284671532846715,0.043795620437956206,16.7221683347855,59.80085716035983,False,13.83666837187297,1.5298009995710151,0.23548760546760525,38.04309415316802,1.97257953274266,0.1636169940899432
127,dflash2_unary_k16_tb32,Unary-FullMass,32,88,543,5.159090909090909,6.159090909090909,0.5454545454545454,9.284191602207168,107.70997011331241,False,13.977163420184462,1.463748261564681,0.2387983300154288,39.42499244253254,2.016181761146899,0.16679805726611943
128,dflash2_unary_k16_tb32,Unary-FullMass,32,127,556,3.37007874015748,4.3700787401574805,0.16535433070866143,13.16968907014611,75.93193694047521,False,14.09448602338327,1.501918905923385,0.2376882126898593,39.637987196615505,2.01703378705878,0.1671624333940549
129,dflash2_unary_k16_tb32,Unary-FullMass,32,130,624,3.8,4.792307692307692,0.24615384615384617,11.951757921474965,83.66970001987708,False,14.030669023486553,1.5082039844576054,0.23896510767651938,39.416126515649154,2.0091747613220763,0.165298630487926
130,dflash2_unary_k16_tb32,Unary-FullMass,32,203,902,3.4433497536945814,4.438423645320197,0.15763546798029557,12.727557680710397,78.56966945948929,False,13.861118463439215,1.5058508571859546,0.23611946810803058,38.802930182149964,1.9811630686512791,0.16580824618367707
131,dflash2_unary_k16_tb32,Unary-FullMass,32,95,405,3.263157894736842,4.252631578947368,0.14736842105263157,13.208188039497156,75.71061200897853,False,13.748960705369859,1.507747231363809,0.23444315800014393,38.678813526578445,1.9741998417119153,0.16442665272686435
132,dflash2_unary_k16_tb32,Unary-FullMass,32,300,955,2.183333333333333,3.18,0.02,17.753343480626665,56.32741804895793,False,13.87074963315778,1.5305403799478274,0.235268953377575,38.739737266660086,1.974212593510553,0.16430125334106074
133,dflash2_unary_k16_tb32,Unary-FullMass,32,430,1670,2.883720930232558,3.8813953488372093,0.08139534883720931,14.515461406586336,68.89205737175214,False,13.892369534614561,1.5165334906521102,0.23565503015984282,38.58448757888508,1.9803224091870213,0.16463323324366452
134,dflash2_unary_k16_tb32,Unary-FullMass,32,239,837,2.502092050209205,3.497907949790795,0.04602510460251046,16.131827685778365,61.9892562379394,False,13.87981427202652,1.530455778067723,0.23540003346615357,38.7043393802209,1.979856096231476,0.16527993369640034
135,dflash2_unary_k16_tb32,Unary-FullMass,32,177,763,3.310734463276836,4.305084745762712,0.15819209039548024,13.073424107471324,76.49105481313886,False,13.844987146543552,1.5061372259827752,0.23583742956161277,38.62260930516558,1.9813673447019757,0.16512140115534907
136,dflash2_unary_k16_tb32,Unary-FullMass,32,268,975,2.638059701492537,3.6343283582089554,0.05223880597014925,15.53148626153602,64.38533847700823,False,13.891586018600258,1.5229373507213835,0.23560542174538515,38.708050320592385,1.9810078284440826,0.16528733227568776
137,dflash2_unary_k16_tb32,Unary-FullMass,32,197,761,2.8629441624365484,3.8578680203045685,0.04568527918781726,14.845078925103204,67.36239026045111,False,14.0896106547978,1.5384917258480588,0.237824426434147,39.2952551673755,2.0181781318417493,0.16635086833999307
138,dflash2_unary_k16_tb32,Unary-FullMass,32,99,303,2.0606060606060606,3.0505050505050506,0.030303030303030304,18.724962544540848,53.40464621071,False,14.050700858536981,1.5590594649447758,0.23719718217652178,39.289007980683394,2.0075916968059087,0.16617666529562097
139,dflash2_unary_k16_tb32,Unary-FullMass,32,183,627,2.4262295081967213,3.420765027322404,0.03825136612021858,16.742885213720715,59.7268623200322,False,14.09918325154023,1.5553895526332144,0.23772486914464533,39.295179180044215,2.011533786710975,0.16595673152720147
140,dflash2_unary_k16_tb32,Unary-FullMass,32,283,1138,3.021201413427562,4.017667844522968,0.1166077738515901,14.262247667840986,70.11517562234141,False,14.099696095403063,1.542532183649512,0.23915124733668222,39.29600472780654,2.006212816305883,0.16777341007444244
141,dflash2_unary_k16_tb32,Unary-FullMass,32,100,362,2.62,3.61,0.07,15.801000182328904,63.28713299543867,False,14.001437080223695,1.540740869822912,0.23777900016284548,39.2465923497366,2.006379299928085,0.16669206015649252
142,dflash2_unary_k16_tb32,Unary-FullMass,32,240,864,2.6,3.595833333333333,0.05416666666666667,15.781911451388925,63.36368082409894,False,13.955062962486409,1.5309111580184738,0.23689975838957858,38.93274805829302,1.9920134623437964,0.16724582546884617
143,dflash2_unary_k16_tb32,Unary-FullMass,32,148,434,1.9324324324324325,2.925675675675676,0.0,19.20373430875603,52.07320534236123,False,13.805131209320844,1.5410455948153252,0.23458586509002852,38.594002189465506,1.9747000943745072,0.1641883577453759
144,dflash2_unary_k16_tb32,Unary-FullMass,32,350,1136,2.2457142857142856,3.242857142857143,0.03142857142857143,17.391041256161486,57.500869859975126,False,13.887017288403253,1.537154597130471,0.23496926288186973,38.64284732279235,1.9792250514105294,0.16513752595139003
145,dflash2_unary_k16_tb32,Unary-FullMass,32,244,864,2.540983606557377,3.5368852459016393,0.04918032786885246,16.006629349543868,62.4741148284599,False,13.939707524380045,1.5489300327973352,0.2370125613331348,38.7942465289389,1.9931937992221154,0.1661216763034749
146,dflash2_unary_k16_tb32,Unary-FullMass,32,421,1536,2.648456057007126,3.646080760095012,0.05938242280285035,15.711398482418797,63.648057880971535,False,14.112464335125997,1.5420092829145577,0.2380997933191026,39.254732275630694,2.0084742657083137,0.1665670045347599
147,dflash2_unary_k16_tb32,Unary-FullMass,32,324,1417,3.373456790123457,4.37037037037037,0.16358024691358025,13.222784338042347,75.62703697155295,False,14.26001048143299,1.5267850279840023,0.24056827158032612,39.59871747849073,2.0355203176469883,0.16767437041436759
148,dflash2_unary_k16_tb32,Unary-FullMass,32,172,547,2.1744186046511627,3.1744186046511627,0.046511627906976744,17.988245921385353,55.5918572811565,False,14.026873849002715,1.5413507092933625,0.23851001754147272,39.24091175031208,1.992826087464278,0.16633292939649288
149,dflash2_unary_k16_tb32,Unary-FullMass,32,272,1004,2.6911764705882355,3.6875,0.051470588235294115,15.46620148605346,64.65711706276056,False,14.060504257459423,1.5381071323324302,0.23814025037020603,39.07912168722974,2.0066775922018945,0.16592809510364212
150,dflash2_unary_k16_tb32,Unary-FullMass,32,191,672,2.518324607329843,3.513089005235602,0.041884816753926704,16.321774208336137,61.26784914652617,False,14.103067418612499,1.5547830624495516,0.23825060733452597,39.35009113092985,2.0109395656846853,0.16816804745948888
151,dflash2_unary_k16_tb32,Unary-FullMass,32,301,1017,2.3787375415282392,3.3754152823920265,0.019933554817275746,16.706006184855962,59.85871122845044,False,13.885949591475041,1.5428709534611444,0.23595761788925435,38.63321070422409,1.9826381958228616,0.16458320290339876
152,dflash2_unary_k16_tb32,Unary-FullMass,32,94,325,2.4574468085106385,3.4468085106382977,0.0425531914893617,16.367853236913035,61.09536696875951,False,13.838385404326006,1.5412134249500207,0.2358177978826558,38.83603785110841,1.9754493300848828,0.164078127783525
153,dflash2_unary_k16_tb32,Unary-FullMass,32,315,1314,3.1714285714285713,4.1682539682539685,0.1111111111111111,13.544685678843658,73.82969407418337,False,13.908505961917976,1.5302280256744578,0.236683460215794,38.673470028822074,1.9859002797082732,0.16590107540925225
154,dflash2_unary_k16_tb32,Unary-FullMass,32,204,635,2.1127450980392157,3.107843137254902,0.0196078431372549,18.471651376368513,54.13701133832236,False,14.120108289467217,1.6426887694465488,0.2523247988160709,39.278804058959196,2.031154171930336,0.17246218586104292
155,dflash2_unary_k16_tb32,Unary-FullMass,32,288,933,2.2395833333333335,3.236111111111111,0.03125,17.411299284034055,57.433967660126754,False,13.87640289938948,1.539417715270651,0.2359881286035185,38.613108770429484,1.975093440958315,0.165344017583872
156,dflash2_unary_k16_tb32,Unary-FullMass,32,325,1041,2.203076923076923,3.2,0.033846153846153845,17.637445651296215,56.69755245576095,False,13.903644637052471,1.545832116949336,0.2355482399266643,38.66575477839573,1.9765466647312189,0.16676871063492188
157,dflash2_unary_k16_tb32,Unary-FullMass,32,241,933,2.871369294605809,3.867219917012448,0.11618257261410789,14.565679733114271,68.65453712582702,False,13.868160066307142,1.5237029338812482,0.23561116607224036,38.620733464851874,1.975239867405363,0.16567777532285188
158,dflash2_unary_k16_tb32,Unary-FullMass,32,207,723,2.4927536231884058,3.4879227053140096,0.057971014492753624,16.17739205532648,61.81466064369415,False,13.893692985598554,1.5326001934675109,0.2357269564034993,38.70014292768659,1.975274425212818,0.16620722661191636
159,dflash2_unary_k16_tb32,Unary-FullMass,32,61,190,2.1147540983606556,3.098360655737705,0.01639344262295082,18.063600394740014,55.35994918771523,False,13.71443460680655,1.55086001606952,0.23648768833258235,38.61507065579883,1.981224983999292,0.16559540965884437
0,dflash2_unary_k16_tb64,Unary-FullMass,64,310,973,2.138709677419355,3.1354838709677417,0.0032258064516129032,18.631727226103607,53.67188923842606,False,14.011156938678111,2.5956716225224343,0.238651348333787,39.45777972579479,2.002843538796315,0.1734793774836186
1,dflash2_unary_k16_tb64,Unary-FullMass,64,107,361,2.3738317757009346,3.364485981308411,0.0,17.244974520775603,57.987908233512684,False,13.88725128977355,2.590857195921153,0.23876576637903613,39.2902655982661,2.0015342149839443,0.17296894402194238
2,dflash2_unary_k16_tb64,Unary-FullMass,64,17,84,3.9411764705882355,4.882352941176471,0.058823529411764705,11.655009761896162,85.800013936437,True,13.181810764816714,2.5271838826216375,0.23483394076773786,39.47693429461865,1.99919264709666,0.16950447003610486
3,dflash2_unary_k16_tb64,Unary-FullMass,64,81,351,3.3209876543209877,4.320987654320987,0.12345679012345678,13.756459435891905,72.69312315863087,False,14.14330606191616,2.5805940743417906,0.23726737048558857,40.42918325963618,2.0443674691278706,0.17660598669066035
4,dflash2_unary_k16_tb64,Unary-FullMass,64,69,217,2.1449275362318843,3.130434782608696,0.0,18.363722539169544,54.455190001211086,False,13.701098101644648,2.5720591738059158,0.2339997532755555,39.090527753443524,1.9827792757364544,0.17211262325029722
5,dflash2_unary_k16_tb64,Unary-FullMass,64,13,44,2.3846153846153846,3.3076923076923075,0.0,16.858539613663613,59.31711897449966,True,12.823080846339089,2.609190461673559,0.23669100007212435,39.230302615648654,1.9928037690988276,0.16760384572150472
6,dflash2_unary_k16_tb64,Unary-FullMass,64,64,204,2.1875,3.171875,0.0,18.327326431365993,54.56333217749464,False,13.846535437608054,2.5930217345830897,0.2367699377145982,39.56958137513311,1.9985851246246966,0.17385939031554914
7,dflash2_unary_k16_tb64,Unary-FullMass,64,56,268,3.7857142857142856,4.767857142857143,0.3392857142857143,12.173112869399418,82.14825663152968,True,13.79106374991222,2.473125303692671,0.23699446442801023,39.580761018506955,2.002294160709945,0.17280146344741557
8,dflash2_unary_k16_tb64,Unary-FullMass,64,46,140,2.0217391304347827,3.0217391304347827,0.0,19.1598020071459,52.19260614629717,False,13.746505543404846,2.6023836743780007,0.23655965259936435,39.55958952159879,1.9948108472264088,0.17259165210619
9,dflash2_unary_k16_tb64,Unary-FullMass,64,36,181,4.027777777777778,5.0,0.4166666666666667,11.575364607749043,86.39036729180499,False,13.673535082691362,2.4381580282756152,0.23920563883924237,39.668288916598414,2.0063038611826616,0.1728694169287337
10,dflash2_unary_k16_tb64,Unary-FullMass,64,79,218,1.7468354430379747,2.7468354430379747,0.0,20.947972527510753,47.7373167587799,False,13.717597291441605,2.5911150006334225,0.23618900022599137,39.10577401238467,1.9820535442566416,0.17306875861898252
11,dflash2_unary_k16_tb64,Unary-FullMass,64,60,238,2.95,3.95,0.05,14.541900995776386,68.7668001790443,True,13.658316750297672,2.5263601336822226,0.23468265050420692,39.10744236648801,1.983914233642281,0.17215781529860882
12,dflash2_unary_k16_tb64,Unary-FullMass,64,182,581,2.1923076923076925,3.1868131868131866,0.016483516483516484,18.141847717719596,55.1211770465516,False,13.814905565575847,2.5937279836968057,0.23474362607665392,39.11060276936201,1.9863918625140706,0.17398821472562595
13,dflash2_unary_k16_tb64,Unary-FullMass,64,90,404,3.488888888888889,4.477777777777778,0.07777777777777778,12.825552301977284,77.96935184193451,False,13.739967466891459,2.4736350561498615,0.23472526679850286,38.957575722371175,1.9924352447560523,0.1741404652420897
14,dflash2_unary_k16_tb64,Unary-FullMass,64,40,115,1.85,2.85,0.0,20.070492304385763,49.82438820304782,False,13.54418982482457,2.6054923500851146,0.2365508249567938,39.16551450147381,1.9789513249634183,0.1719665488053579
15,dflash2_unary_k16_tb64,Unary-FullMass,64,4,9,1.0,2.0,0.0,24.18611011105693,41.34604512293358,True,10.418304498671205,2.5827997505984968,0.24210099763877224,39.0356587486167,1.9820734996756073,0.15781025467731524
16,dflash2_unary_k16_tb64,Unary-FullMass,64,65,242,2.723076923076923,3.707692307692308,0.09230769230769231,15.592768867771921,64.13229160773751,False,13.774779554380356,2.5727083696088253,0.23543846148710984,39.3041565076251,1.9933909387103854,0.17260410666215018
17,dflash2_unary_k16_tb64,Unary-FullMass,64,17,56,2.2941176470588234,3.235294117647059,0.058823529411764705,17.40341578572822,57.45998442558938,True,13.133400530290707,2.5450491178643837,0.2380179999711211,39.25238670575816,1.9883701178888955,0.1716745870961633
18,dflash2_unary_k16_tb64,Unary-FullMass,64,17,87,4.117647058823529,5.0588235294117645,0.11764705882352941,11.271791436710133,88.71704250516785,True,13.291827998781468,2.449644294221584,0.23578294049537576,39.53501429350581,2.0019399410504026,0.17084082569721537
19,dflash2_unary_k16_tb64,Unary-FullMass,64,11,87,6.909090909090909,7.818181818181818,0.9090909090909091,7.22798885051335,138.35107118752367,True,12.821229091390375,2.284514727679462,0.2347863641758026,39.63901900053977,2.0175302733233282,0.16974145149685105
20,dflash2_unary_k16_tb64,Unary-FullMass,64,97,303,2.1237113402061856,3.11340206185567,0.010309278350515464,18.887824963697764,52.944158574213354,False,14.040535835464624,2.6214469074794886,0.23958678390307486,39.90641357783725,2.0190635567036526,0.173066369544105
21,dflash2_unary_k16_tb64,Unary-FullMass,64,87,273,2.1264367816091956,3.1264367816091956,0.0,18.695707465201103,53.48821390478701,False,13.941543861630175,2.623959309899853,0.24016706915920194,39.66823543673488,2.0169871376697563,0.1749478515716612
22,dflash2_unary_k16_tb64,Unary-FullMass,64,105,295,1.8095238095238095,2.8,0.0,20.86938068135523,47.91709036643349,False,13.933380361898648,2.5955277238695307,0.23736934298150508,39.69772615195585,1.994163761957593,0.17485457162062326
23,dflash2_unary_k16_tb64,Unary-FullMass,64,65,179,1.7538461538461538,2.7384615384615385,0.0,21.034208737424635,47.54160294229528,False,13.686970415381857,2.596086691930675,0.2355956767972272,39.24708513849719,1.9859591072487932,0.17327780089824676
24,dflash2_unary_k16_tb64,Unary-FullMass,64,399,1464,2.669172932330827,3.6666666666666665,0.03759398496240601,15.779682378418384,63.37263171834712,False,13.862941330708715,2.5579946788939947,0.23653907276851063,39.07715864878534,1.9891690752224793,0.17458065729141867
25,dflash2_unary_k16_tb64,Unary-FullMass,64,311,1232,2.9614147909967845,3.9581993569131835,0.05787781350482315,14.376740603899172,69.55679507278487,False,13.841921231550145,2.5544479645654286,0.23633677181503301,38.15994454646772,1.986059286346969,0.17352307386493454
26,dflash2_unary_k16_tb64,Unary-FullMass,64,300,1136,2.7866666666666666,3.783333333333333,0.05,15.29691161267436,65.37267294997267,False,14.023379520246332,2.593468563039399,0.2385438334507247,38.87914049633158,2.015170813271349,0.1746020803208618
27,dflash2_unary_k16_tb64,Unary-FullMass,64,193,730,2.7823834196891193,3.77720207253886,0.03626943005181347,15.447131686302521,64.73693759513507,True,13.908064891080555,2.59617882399365,0.23729332160702882,39.514841844654676,1.9964488033039998,0.17414708738516863
28,dflash2_unary_k16_tb64,Unary-FullMass,64,34,95,1.7941176470588236,2.764705882352941,0.0,20.752751547383685,48.1863813440233,False,13.580850088628187,2.6292961173406666,0.2544163525111371,39.367048970341465,1.982489587937701,0.17152820681290262
29,dflash2_unary_k16_tb64,Unary-FullMass,64,22,91,3.1363636363636362,4.090909090909091,0.0,14.121718505451168,70.81291130495109,True,13.32351118220355,2.55243622682015,0.23767377371603454,40.12705213641642,2.0010599549674555,0.17082963478804397
30,dflash2_unary_k16_tb64,Unary-FullMass,64,132,432,2.272727272727273,3.265151515151515,0.030303030303030304,18.00683365972536,55.53447201751138,False,14.001302825514964,2.5908200603942424,0.2397581667923298,39.91711980355225,2.007740325511391,0.17471443188145658
31,dflash2_unary_k16_tb64,Unary-FullMass,64,227,895,2.9383259911894273,3.9383259911894273,0.039647577092511016,14.925973989946153,66.99730286771106,False,14.06453350221811,2.6095765017794594,0.24036066078412704,39.738656686875856,2.0199978062811224,0.17597933986664252
32,dflash2_unary_k16_tb64,Unary-FullMass,64,248,1077,3.342741935483871,4.338709677419355,0.13709677419354838,13.5298758941543,73.9105079620175,False,14.043341008331364,2.504920689687189,0.23889907679990902,39.786545605356,2.008670963732584,0.17438208352917084
33,dflash2_unary_k16_tb64,Unary-FullMass,64,200,864,3.32,4.315,0.12,13.53117664120873,73.90340297195844,False,13.999124089677935,2.5417926099544275,0.2391859799536178,39.49202261010214,2.008136834956531,0.17442096537706675
34,dflash2_unary_k16_tb64,Unary-FullMass,64,45,136,2.0,3.0,0.0,19.3932623750002,51.56430004727297,False,13.805060466660912,2.6183116673362545,0.23905380092199063,39.7782502898028,1.9968542226706631,0.17321806371910498
35,dflash2_unary_k16_tb64,Unary-FullMass,64,109,328,2.0,3.0,0.01834862385321101,19.336654527428546,51.71525397950953,False,13.814223559366095,2.5967920091299024,0.23575465136406293,39.37559740413877,1.9922314677387476,0.1727649907996972
36,dflash2_unary_k16_tb64,Unary-FullMass,64,18,51,1.8333333333333333,2.7777777777777777,0.0,20.392293568589846,49.03813279445404,True,13.219184777376036,2.597023833610971,0.23877355528788435,39.553110277564784,1.9996242780406546,0.17044838912422872
37,dflash2_unary_k16_tb64,Unary-FullMass,64,31,84,1.7096774193548387,2.6774193548387095,0.0,21.344825202461273,46.849762905750566,False,13.519564482727043,2.5828022579286967,0.23619522577181698,39.33747451622865,1.989338774658409,0.1722156138707613
38,dflash2_unary_k16_tb64,Unary-FullMass,64,136,412,2.0220588235294117,3.0220588235294117,0.0,19.09616435437183,52.36653714551124,False,13.956927970706174,2.606348632124376,0.23703636013712692,38.86845248507598,2.0071747202938934,0.1742047875535825
39,dflash2_unary_k16_tb64,Unary-FullMass,64,169,568,2.36094674556213,3.3550295857988166,0.01775147928994083,17.40320308627034,57.46068669329703,False,13.957860236818703,2.6019967811047127,0.23815973962177717,39.51116869243836,2.0084955860683613,0.1735577391052051
40,dflash2_unary_k16_tb64,Unary-FullMass,64,25,106,3.24,4.2,0.08,13.610922320779382,73.47040681242669,True,13.423275720269885,2.5465575605630875,0.23475704045267776,39.34266231954098,1.9908681997912936,0.17218979948665947
41,dflash2_unary_k16_tb64,Unary-FullMass,64,37,175,3.72972972972973,4.702702702702703,0.13513513513513514,12.603464491424218,79.34326317025216,True,14.041120783469916,2.5289796760409593,0.2423026486900887,40.57009327064136,2.0523470554286867,0.17613726841109628
42,dflash2_unary_k16_tb64,Unary-FullMass,64,34,129,2.7941176470588234,3.764705882352941,0.058823529411764705,16.00637982167166,62.4750887546765,True,14.265016499634571,2.6199708520246476,0.24789629391949242,41.3264031181718,2.0912768234077648,0.17952455977245016
43,dflash2_unary_k16_tb64,Unary-FullMass,64,111,529,3.7567567567567566,4.756756756756757,0.16216216216216217,12.556547338378133,79.63972683347245,False,14.259132882527721,2.585042730290527,0.24254006331813782,40.52998266660824,2.0484837120936907,0.1763813866214273
44,dflash2_unary_k16_tb64,Unary-FullMass,64,193,720,2.7305699481865284,3.7253886010362693,0.05181347150259067,15.944533483333442,62.71741980066607,False,14.236087388394598,2.5941565127800814,0.2409817773512193,40.19918582894371,2.0360751188368598,0.17571082447113837
45,dflash2_unary_k16_tb64,Unary-FullMass,64,179,710,2.9664804469273744,3.9608938547486034,0.08379888268156424,14.925219671834345,67.00068890021889,False,14.179825771028662,2.590664223017946,0.2400927264640087,39.979384798838176,2.034942112014663,0.1756823630632791
46,dflash2_unary_k16_tb64,Unary-FullMass,64,54,241,3.462962962962963,4.444444444444445,0.037037037037037035,12.975433244839932,77.06871756268175,False,13.90036851888807,2.5565535188771147,0.2378441849604887,39.03374177766468,2.0068909256628507,0.1734790740657546
47,dflash2_unary_k16_tb64,Unary-FullMass,64,37,211,4.702702702702703,5.675675675675675,0.2702702702702703,10.205975701421128,97.98181273944786,False,13.649647134927266,2.4783080805571296,0.2375873229686624,39.65972094522078,2.004317351108782,0.17206438142976194
48,dflash2_unary_k16_tb64,Unary-FullMass,64,183,896,3.8961748633879782,4.890710382513661,0.22404371584699453,11.934766406251843,83.78882048970523,False,13.962264803474861,2.4883207595729666,0.23699204371911295,39.57419250854813,1.9995118140674304,0.17342134931505165
49,dflash2_unary_k16_tb64,Unary-FullMass,64,20,106,4.3,5.25,0.25,10.871866330249622,91.98052750314119,False,13.285854249988915,2.447093000228051,0.23824599884392228,39.48015654932533,1.9984357997600455,0.17110595217673108
50,dflash2_unary_k16_tb64,Unary-FullMass,64,52,311,4.980769230769231,5.961538461538462,0.36538461538461536,9.68762294212813,103.22449645014001,True,13.70646746069654,2.4027887303908266,0.23482128884867193,39.431420865534726,1.9913504809385183,0.1725883851647198
51,dflash2_unary_k16_tb64,Unary-FullMass,64,70,393,4.614285714285714,5.6,0.38571428571428573,10.345953804071703,96.65614393198284,False,13.803014899999003,2.425311600278032,0.2359501710868374,39.45868147140053,1.9904776569871632,0.17170484310814313
52,dflash2_unary_k16_tb64,Unary-FullMass,64,11,62,4.636363636363637,5.545454545454546,0.36363636363636365,10.206566080723274,97.97614516881043,True,12.83926781880754,2.358293181301137,0.23339909173294224,39.93535845537818,1.9892497280538506,0.17234963425752622
53,dflash2_unary_k16_tb64,Unary-FullMass,64,63,383,5.079365079365079,6.063492063492063,0.5079365079365079,9.6714392454271,103.39722709552512,False,13.942261492105438,2.4073707464840335,0.23741742893074091,40.03405790463726,2.0020573494894918,0.17304509420351402
54,dflash2_unary_k16_tb64,Unary-FullMass,64,56,233,3.1607142857142856,4.142857142857143,0.10714285714285714,14.133002472082863,70.75637338741824,False,13.88743271400017,2.5522776602104256,0.23840076729746734,39.957929053993475,1.9929130350127318,0.17443205511621532
55,dflash2_unary_k16_tb64,Unary-FullMass,64,37,165,3.4594594594594597,4.4324324324324325,0.16216216216216217,13.112860830292584,76.26100916817914,True,13.826961621620088,2.542342270710317,0.23899278391114864,39.699364649021774,1.9970497842469077,0.1715601607134591
56,dflash2_unary_k16_tb64,Unary-FullMass,64,136,690,4.073529411764706,5.0661764705882355,0.19117647058823528,11.506806288399156,86.90508686221409,False,13.893874433961173,2.4867006983613997,0.2363984193674268,39.59679631674697,1.9934420369656223,0.17290823426960475
57,dflash2_unary_k16_tb64,Unary-FullMass,64,284,2048,6.211267605633803,7.207746478873239,0.778169014084507,8.016321756834088,124.74549180208221,False,13.902399630418406,2.3485840351319163,0.23737945396622845,39.14691316894162,1.9999441974249121,0.1726209155120313
58,dflash2_unary_k16_tb64,Unary-FullMass,64,59,251,3.2542372881355934,4.237288135593221,0.06779661016949153,13.66884253786476,73.15908404313305,False,13.7591054917104,2.554342085327874,0.2351376446066582,39.43706827198246,1.9942029157083214,0.17064320090250507
59,dflash2_unary_k16_tb64,Unary-FullMass,64,161,597,2.7080745341614905,3.701863354037267,0.043478260869565216,15.703738154097573,63.67910558538384,False,13.864920317048572,2.569875689490947,0.2364239503860167,39.39358642850301,1.9929921366592511,0.17283301826158642
60,dflash2_unary_k16_tb64,Unary-FullMass,64,57,386,5.771929824561403,6.754385964912281,0.6491228070175439,8.425868396387,118.68212900510036,True,13.737086648593264,2.349823403882941,0.2369507023933948,38.57442308748304,1.9895674034303643,0.17153824553947503
61,dflash2_unary_k16_tb64,Unary-FullMass,64,94,629,5.691489361702128,6.680851063829787,0.5851063829787234,8.667950558024831,115.36752468831229,False,13.84518511730811,2.344376287278174,0.23743614880739652,39.40276670193193,1.9987109576214472,0.17302373383612807
62,dflash2_unary_k16_tb64,Unary-FullMass,64,13,74,4.6923076923076925,5.615384615384615,0.3076923076923077,10.042477581009734,99.57702090278937,True,12.924512077006511,2.3959012329354525,0.23833223027535355,39.446347461377556,1.99067284567998,0.16910653693440297
63,dflash2_unary_k16_tb64,Unary-FullMass,64,13,75,4.6923076923076925,5.6923076923076925,0.38461538461538464,9.925749893300235,100.74805538622208,True,12.930251384274856,2.426861999713135,0.23502576928317118,39.510314462509434,1.9911683081702973,0.17031976816584715
64,dflash2_unary_k16_tb64,Unary-FullMass,64,50,312,5.24,6.22,0.52,9.312498266015796,107.38257033016706,True,13.75360444028047,2.3645123194728512,0.2350598199700471,39.5906120397558,1.9949878597981296,0.1712127006612718
65,dflash2_unary_k16_tb64,Unary-FullMass,64,58,354,5.103448275862069,6.086206896551724,0.4482758620689655,9.359915429381108,106.83857215856507,True,13.739036207221817,2.3898160690241013,0.2389434486194032,38.59646032752011,1.9925092067218242,0.17099443056362976
66,dflash2_unary_k16_tb64,Unary-FullMass,64,65,379,4.8307692307692305,5.815384615384615,0.3230769230769231,9.985068435346067,100.14953893156182,False,13.796177846066152,2.4319861993157805,0.2368297699901562,39.582920338412244,2.0005013690724107,0.17221427708416462
67,dflash2_unary_k16_tb64,Unary-FullMass,64,139,912,5.553956834532374,6.553956834532374,0.6115107913669064,8.856802085526732,112.90756983653745,False,13.908074229920915,2.3546903817110407,0.2351792804246078,39.44381694328258,1.9957544175294906,0.17330130828517698
68,dflash2_unary_k16_tb64,Unary-FullMass,64,61,372,5.081967213114754,6.081967213114754,0.4098360655737705,9.632035276887128,103.82021776846928,False,13.872814458603093,2.426976655904761,0.23743093453183556,40.01104257336234,2.0183412126526923,0.17301913219137635
69,dflash2_unary_k16_tb64,Unary-FullMass,64,15,91,5.066666666666666,6.0,0.4,9.479054637367781,105.49575229346793,True,13.271951000206172,2.334344533543723,0.23533733328804374,39.49690019993189,1.998678332408114,0.16905340065325922
70,dflash2_unary_k16_tb64,Unary-FullMass,64,37,237,5.405405405405405,6.378378378378378,0.5135135135135135,9.175516346006315,108.98569217145524,False,13.836174514073866,2.3643947025521883,0.23695527075638845,40.15224164892995,2.0102939463843517,0.17284191739776902
71,dflash2_unary_k16_tb64,Unary-FullMass,64,32,215,5.71875,6.6875,0.5625,8.754229832570568,114.23049418687272,True,13.768711344027906,2.3253599697454774,0.24068634320428828,40.29435793745506,2.0157230628683465,0.17264303028241557
72,dflash2_unary_k16_tb64,Unary-FullMass,64,57,323,4.666666666666667,5.649122807017544,0.3333333333333333,10.427579492261712,95.8995326520501,False,13.963745227859667,2.4136335787101926,0.23867812233858562,40.28558982533644,2.013879473164898,0.17409089540658323
73,dflash2_unary_k16_tb64,Unary-FullMass,64,39,283,6.230769230769231,7.230769230769231,0.7435897435897436,8.095983116627941,123.5180441453922,False,13.860107871341125,2.3240315131261013,0.2381564362365633,40.13449771819302,2.018629102587091,0.17235228173936215
74,dflash2_unary_k16_tb64,Unary-FullMass,64,49,298,5.081632653061225,6.061224489795919,0.3673469387755102,9.879685167790447,101.21780026555706,False,14.125921897713702,2.424548244951958,0.24518326467748883,41.03583063275734,2.0786313469550213,0.17450053134353413
75,dflash2_unary_k16_tb64,Unary-FullMass,64,39,271,5.948717948717949,6.923076923076923,0.6923076923076923,8.63050057934434,115.86813427639792,True,14.221949384917911,2.492723769720238,0.24756366660884127,40.786057128384414,2.047667256892265,0.17495307558699727
76,dflash2_unary_k16_tb64,Unary-FullMass,64,29,169,4.827586206896552,5.793103448275862,0.4827586206896552,10.084799846142431,99.15913208555281,False,13.706853620031575,2.3736435526596575,0.2418012749142784,40.26831927556737,2.0080634477098696,0.17135931180934583
77,dflash2_unary_k16_tb64,Unary-FullMass,64,65,399,5.138461538461539,6.123076923076923,0.5692307692307692,9.480054501245991,105.48462562831965,True,13.794284646372454,2.372689738247293,0.23672790792681134,39.61992719985294,1.9962721847920106,0.17304826122619069
78,dflash2_unary_k16_tb64,Unary-FullMass,64,33,212,5.424242424242424,6.393939393939394,0.48484848484848486,9.032605292476255,110.71002967803254,False,13.64113206011208,2.328645878482017,0.23675127268881735,39.652472333700366,1.9948308794427607,0.17381369693656312
79,dflash2_unary_k16_tb64,Unary-FullMass,64,116,767,5.612068965517241,6.603448275862069,0.5603448275862069,8.802212726202917,113.60779739202897,False,13.888678888179129,2.3619192757153007,0.23593786211457538,39.54567237940802,1.9965128619866124,0.17211632740358693
80,dflash2_unary_k16_tb64,Unary-FullMass,64,117,531,3.5384615384615383,4.52991452991453,0.1282051282051282,12.868875086637148,77.70686973552066,False,14.084846718059197,2.555049298956501,0.2393464362059728,39.33262894892494,2.018111547242261,0.17491167457972523
81,dflash2_unary_k16_tb64,Unary-FullMass,64,155,724,3.670967741935484,4.664516129032258,0.2064516129032258,12.689552991713306,78.80498238614337,False,14.159462748390187,2.5289910899910835,0.23972474173792907,40.13098329042776,2.0370854326287255,0.17624538069808734
82,dflash2_unary_k16_tb64,Unary-FullMass,64,74,390,4.27027027027027,5.256756756756757,0.24324324324324326,11.225366682050755,89.08394962268713,False,14.051815864592287,2.4803189057943325,0.2385667159270835,40.19751547280435,2.0183326217905946,0.17416671638587816
83,dflash2_unary_k16_tb64,Unary-FullMass,64,78,429,4.5,5.487179487179487,0.358974358974359,10.593625815845222,94.39638678801249,False,13.866361769872197,2.429798409698728,0.23786596116574052,39.552960846310434,2.00586170486088,0.1720932952407449
84,dflash2_unary_k16_tb64,Unary-FullMass,64,105,499,3.7523809523809524,4.742857142857143,0.23809523809523808,12.30160001202142,81.29023858870194,False,14.111228752257635,2.4903165517441397,0.2418355714845737,39.41653698109024,2.0265354856660234,0.17543623869728653
85,dflash2_unary_k16_tb64,Unary-FullMass,64,60,319,4.316666666666666,5.3,0.3,10.895187253915072,91.78364508059836,False,13.946313667474897,2.4748830836567017,0.24058276673410242,39.062778466177406,2.028396000605426,0.17312491533326332
86,dflash2_unary_k16_tb64,Unary-FullMass,64,71,347,3.887323943661972,4.873239436619718,0.19718309859154928,11.906491017285452,83.98780115386077,False,13.990257252733269,2.502740535521913,0.23906250688424466,39.26519169027402,2.019524365838971,0.17410228252296114
87,dflash2_unary_k16_tb64,Unary-FullMass,64,147,775,4.272108843537415,5.26530612244898,0.3401360544217687,11.193212958704304,89.33985297066637,False,14.112619074836823,2.4950150410299425,0.24082402702259395,39.95493451033586,2.033144775566211,0.1752995983911298
88,dflash2_unary_k16_tb64,Unary-FullMass,64,129,628,3.868217054263566,4.8604651162790695,0.1937984496124031,12.057133141711724,82.93845545592377,False,13.999307085094385,2.5040304494476624,0.23747465879856716,39.764455868016526,2.01534194565629,0.17613117899402775
89,dflash2_unary_k16_tb64,Unary-FullMass,64,172,836,3.854651162790698,4.854651162790698,0.2558139534883721,12.116174080140562,82.53430442527934,False,14.08233873261515,2.5140382324532893,0.23980597079782964,39.85353775575742,2.026050971116367,0.1744697965477826
90,dflash2_unary_k16_tb64,Unary-FullMass,64,161,837,4.198757763975156,5.192546583850931,0.2422360248447205,11.321857356035324,88.32473052373616,False,14.05807903089079,2.493403012087346,0.24001156474334934,39.879579814053315,2.013435894458899,0.17508451607416714
91,dflash2_unary_k16_tb64,Unary-FullMass,64,186,938,4.043010752688172,5.037634408602151,0.3010752688172043,11.636785075694858,85.93438767625325,False,14.024076215054098,2.5020824948789535,0.23923871499049398,39.732878537692436,2.012050548630644,0.17410575220378877
92,dflash2_unary_k16_tb64,Unary-FullMass,64,89,438,3.9213483146067416,4.910112359550562,0.21348314606741572,11.853108260275974,84.36605639985247,False,13.863324786041304,2.473046505523537,0.23714783204146503,39.59048461751735,1.9952214601432663,0.17404915829348702
93,dflash2_unary_k16_tb64,Unary-FullMass,64,108,524,3.8518518518518516,4.842592592592593,0.2222222222222222,11.953195589698407,83.65963666333943,False,13.81484270354526,2.487802527294089,0.23701636995678269,39.28623822267346,1.9951510277207019,0.17408330623530438
94,dflash2_unary_k16_tb64,Unary-FullMass,64,211,1036,3.909952606635071,4.9052132701421804,0.1943127962085308,12.098120338804652,82.65746843272055,False,14.19253352161478,2.5371014405998085,0.24037378215588523,40.221997507063286,2.029898678060451,0.17929256340445757
95,dflash2_unary_k16_tb64,Unary-FullMass,64,198,1012,4.111111111111111,5.106060606060606,0.2474747474747475,11.33788193675917,88.19989532240983,False,13.87726911611889,2.462957621056109,0.23607774750821087,39.2055586414768,1.99350028784888,0.17381092942686696
96,dflash2_unary_k16_tb64,Unary-FullMass,64,143,676,3.727272727272727,4.72027972027972,0.18181818181818182,12.304935344670449,81.26820434153058,False,13.87969488809227,2.5210701959705064,0.23749782508434533,39.36548323741539,1.9923231610865495,0.17271595806578643
97,dflash2_unary_k16_tb64,Unary-FullMass,64,124,699,4.637096774193548,5.629032258064516,0.3225806451612903,10.26224412446797,97.44457331859113,False,13.830407322588613,2.4272564833447707,0.23610870155079605,39.187642016258906,1.9939148145157002,0.17393391176630113
98,dflash2_unary_k16_tb64,Unary-FullMass,64,136,681,4.007352941176471,5.0,0.27205882352941174,11.615343584435724,86.09301935243444,False,13.869011904449401,2.473536771878357,0.23660506608661414,39.41962858821438,1.990345830884454,0.17299669878626456
99,dflash2_unary_k16_tb64,Unary-FullMass,64,98,507,4.173469387755102,5.163265306122449,0.24489795918367346,11.01847273964987,90.75667958967757,True,13.816239265071665,2.468449480036316,0.23766644918229146,38.32058373422003,1.9889240814949034,0.17186840838747935
100,dflash2_unary_k16_tb64,Unary-FullMass,64,2,14,5.5,6.5,0.5,7.325974285257481,136.5006156262878,True,7.00335500005167,2.426705999823753,0.22136000188766047,39.48371099977521,1.98749550327193,0.15919249199214391
101,dflash2_unary_k16_tb64,Unary-FullMass,64,31,218,6.0,7.0,0.7419354838709677,8.091433633017672,123.58749331137422,True,13.523469935124364,2.311111387943158,0.2343911607655877,38.674660452788004,1.9869653551722877,0.17045112749216176
102,dflash2_unary_k16_tb64,Unary-FullMass,64,3,16,4.0,5.0,0.0,10.065207125080633,99.35215317210762,True,9.344486332944749,2.4250916661306596,0.23041866127944863,39.53978266508784,1.9857316680524189,0.15559367360159135
103,dflash2_unary_k16_tb64,Unary-FullMass,64,5,30,4.8,5.8,0.4,9.233969333339093,108.29578958958815,True,11.212002001411747,2.203506598016247,0.2292991994181648,39.59554719767766,1.997003800352104,0.1664572031586431
104,dflash2_unary_k16_tb64,Unary-FullMass,64,13,80,5.153846153846154,6.076923076923077,0.46153846153846156,9.295243187443702,107.5819082765721,True,12.886898692298788,2.261601693484968,0.23372069195969603,39.65403553761112,1.9960487697971985,0.16919115296332166
105,dflash2_unary_k16_tb64,Unary-FullMass,64,25,173,5.88,6.88,0.72,8.310113693653092,120.33529706864987,True,13.415787639969494,2.3500767597579397,0.23446899955160916,39.343429599830415,1.9920371999614872,0.17018656100845853
106,dflash2_unary_k16_tb64,Unary-FullMass,64,27,162,5.0,5.962962962962963,0.37037037037037035,9.644414722218098,103.68695548691753,True,13.458457519138594,2.4121012603346674,0.2357799258553078,39.59534970312638,1.99210355721233,0.17269636764130727
107,dflash2_unary_k16_tb64,Unary-FullMass,64,87,600,5.896551724137931,6.885057471264368,0.6436781609195402,8.389633370000714,119.19471994756725,True,13.78508794255924,2.354675034732135,0.23642981651736872,39.31777567835859,1.9937630232802228,0.17180898731599523
108,dflash2_unary_k16_tb64,Unary-FullMass,64,16,103,5.4375,6.375,0.5,8.923753291225509,112.06047134710387,True,13.146066437457193,2.3283007512873155,0.23640168819838436,39.570501187881746,1.995547313526913,0.16984443391265813
109,dflash2_unary_k16_tb64,Unary-FullMass,64,13,60,3.6153846153846154,4.538461538461538,0.15384615384615385,12.440262650003811,80.3841549116886,True,12.91777215430137,2.425573921825092,0.23511523109986088,39.61988461546403,2.0490927681049262,0.16915815537616324
110,dflash2_unary_k16_tb64,Unary-FullMass,64,3,15,3.6666666666666665,4.666666666666667,0.0,10.872322066764658,91.9766719436022,True,9.373667666901989,2.6372766709149196,0.25099200138356537,39.899330336387116,2.0339566690381616,0.16638698919753855
111,dflash2_unary_k16_tb64,Unary-FullMass,64,3,18,4.666666666666667,5.666666666666667,0.0,8.965703444118844,111.53614507024113,True,9.299429332410606,2.4523763325608647,0.23222866730066016,39.65001800194538,2.001728666073177,0.1584396644223792
112,dflash2_unary_k16_tb64,Unary-FullMass,64,15,73,3.8666666666666667,4.8,0.3333333333333333,12.121222164439617,82.4999316433395,True,13.163961933363074,2.5318184663774446,0.243599000289881,40.85754346645748,2.020236532068035,0.17278846838356307
113,dflash2_unary_k16_tb64,Unary-FullMass,64,6,33,4.5,5.333333333333333,0.3333333333333333,10.34844036356927,96.63291905516581,True,11.765130167380752,2.5127689999256595,0.2335819990548771,40.17660483320166,2.0506490000116173,0.17768700005641827
114,dflash2_unary_k16_tb64,Unary-FullMass,64,11,41,2.727272727272727,3.6363636363636362,0.09090909090909091,15.534762195141123,64.3717610503735,True,12.853024727850094,2.5168700905686077,0.23601890808839182,40.11420881843978,2.0074391809016974,0.17473372876834634
115,dflash2_unary_k16_tb64,Unary-FullMass,64,7,31,3.4285714285714284,4.285714285714286,0.14285714285714285,12.857488483742571,77.77568700640352,True,12.105040714751729,2.3832289994710925,0.23963414319691115,40.02691885917947,2.0195892856073834,0.1658941400819458
116,dflash2_unary_k16_tb64,Unary-FullMass,64,26,91,2.5,3.4615384615384617,0.07692307692307693,16.705934208792833,59.8589691244965,False,13.591671269051194,2.508170037729612,0.23757338455582683,39.95232319357456,2.0067290380001603,0.17430280786356034
117,dflash2_unary_k16_tb64,Unary-FullMass,64,17,76,3.4705882352941178,4.411764705882353,0.11764705882352941,13.02079982892074,76.80019761757504,True,13.33456347021959,2.4599228820400585,0.23708711780594005,39.993680000942035,2.0130876475698587,0.17229341071523616
118,dflash2_unary_k16_tb64,Unary-FullMass,64,10,75,6.5,7.4,0.8,7.6374419865896925,130.9338914463591,True,12.670364000223344,2.3802732990588993,0.23463919860660098,39.82072330036317,2.0056107990967575,0.169204302073922
119,dflash2_unary_k16_tb64,Unary-FullMass,64,19,123,5.421052631578948,6.421052631578948,0.6842105263157895,8.92323138212645,112.06702562964304,True,13.38695289412403,2.338017526582055,0.23830768431683905,39.62403484221891,2.006804261518961,0.17206489658412083
120,dflash2_unary_k16_tb64,Unary-FullMass,64,149,611,3.1006711409395975,4.093959731543624,0.06711409395973154,14.378033605570533,69.55053990224133,False,14.02668675193688,2.556730201428806,0.23928238918861036,39.95821790612653,2.004610059945766,0.17406016119619858
121,dflash2_unary_k16_tb64,Unary-FullMass,64,220,1070,3.8636363636363638,4.859090909090909,0.20909090909090908,11.944769292523938,83.71865337121963,False,13.877878208884134,2.5125024134137095,0.23828963216642893,39.30037964984711,1.9934394956759538,0.1725248863790925
122,dflash2_unary_k16_tb64,Unary-FullMass,64,146,663,3.541095890410959,4.534246575342466,0.1095890410958904,12.776235957767554,78.2703139880593,False,14.011571314767934,2.533506986229403,0.23699895893813633,39.06007024683002,2.0022558977098637,0.17370919826359182
123,dflash2_unary_k16_tb64,Unary-FullMass,64,322,1363,3.232919254658385,4.229813664596273,0.08074534161490683,13.726656666912598,72.85095156568232,False,13.891881167685638,2.5552759472465487,0.2357241303216368,39.256929205090636,1.990909633672831,0.17310922344194246
124,dflash2_unary_k16_tb64,Unary-FullMass,64,146,561,2.8424657534246576,3.835616438356164,0.1095890410958904,15.184109149738953,65.85832531486986,False,13.880097650680037,2.5526508220474633,0.2369296782166053,39.51085813715097,1.9909921709718406,0.17289094506700728
125,dflash2_unary_k16_tb64,Unary-FullMass,64,261,1177,3.5057471264367814,4.505747126436781,0.12643678160919541,12.87318400594498,77.68085964887854,False,13.89194115319167,2.5176280766618047,0.23679962091016765,39.23674563610667,1.9961155056609983,0.17340439443130373
126,dflash2_unary_k16_tb64,Unary-FullMass,64,127,457,2.5984251968503935,3.590551181102362,0.047244094488188976,16.015802625813436,62.43833190028529,False,13.896332204540803,2.619664771810053,0.24092256668570092,38.70189142548415,1.998106606373853,0.17475014161520205
127,dflash2_unary_k16_tb64,Unary-FullMass,64,83,543,5.530120481927711,6.530120481927711,0.6144578313253012,8.865697147334007,112.79428829809608,False,13.807368964179144,2.380245048216129,0.23795714523329073,39.39837484314746,2.004796397400296,0.17214375847869226
128,dflash2_unary_k16_tb64,Unary-FullMass,64,130,572,3.3923076923076922,4.392307692307693,0.18461538461538463,13.33124559265356,75.01174538042187,True,13.985841592623798,2.4946590230683796,0.23770416177845058,39.75158323838304,2.0138062545671485,0.17388633725484118
129,dflash2_unary_k16_tb64,Unary-FullMass,64,137,695,4.072992700729927,5.065693430656935,0.2773722627737226,11.594163391371877,86.25029389737409,False,14.04929022616146,2.5165632627262857,0.24003735061541173,39.813629291702256,2.0228014596318147,0.1747846646624427
130,dflash2_unary_k16_tb64,Unary-FullMass,64,189,905,3.7883597883597884,4.783068783068783,0.21164021164021163,12.128639876244664,82.44947580302183,False,13.873551730255944,2.491488820172861,0.23634795724844224,39.31027795239715,1.9911339255274647,0.1734910853051275
131,dflash2_unary_k16_tb64,Unary-FullMass,64,90,388,3.311111111111111,4.3,0.15555555555555556,13.433333185566505,74.44168816377261,False,13.783029099916652,2.528107411166679,0.23677372228121385,39.19971492214245,1.9905692447436094,0.1743975553027768
132,dflash2_unary_k16_tb64,Unary-FullMass,64,269,916,2.4052044609665426,3.4014869888475836,0.03345724907063197,17.06290453056399,58.606669117133386,False,13.89121682524636,2.5737122862202075,0.23769940535575118,39.24098215982829,1.9861407918041074,0.17292715606801592
133,dflash2_unary_k16_tb64,Unary-FullMass,64,443,2004,3.5214446952595937,4.521444695259594,0.16252821670428894,12.795669605289374,78.15143957660706,False,13.906463144399497,2.504431900584599,0.23631768183334378,39.06897678546559,1.9942511921244228,0.17335588475712943
134,dflash2_unary_k16_tb64,Unary-FullMass,64,191,710,2.717277486910995,3.712041884816754,0.07329842931937172,15.632206956336592,63.97049391638492,False,13.886505204089246,2.5678604139311907,0.2368672984635155,39.251151135912366,1.9917933558935486,0.17507358123359382
135,dflash2_unary_k16_tb64,Unary-FullMass,64,167,767,3.592814371257485,4.586826347305389,0.15568862275449102,12.590952276403154,79.42211026199435,False,13.84053303575015,2.5133748201048283,0.2364624491812589,39.07273252691389,1.9926125087676303,0.17219122216380117
136,dflash2_unary_k16_tb64,Unary-FullMass,64,260,959,2.6884615384615387,3.6846153846153844,0.06153846153846154,15.73582881648047,63.549242411221364,False,13.88638547309361,2.5624815538601697,0.2363256078052263,39.19431339997503,1.9887582497456326,0.17273508092330303
137,dflash2_unary_k16_tb64,Unary-FullMass,64,187,759,3.0588235294117645,4.053475935828877,0.06951871657754011,14.531912181817997,68.81406847828173,False,14.12188957196618,2.5829085511735013,0.23996060972324856,39.83356800531243,2.0293747432863607,0.17476560944662664
138,dflash2_unary_k16_tb64,Unary-FullMass,64,84,291,2.4642857142857144,3.4523809523809526,0.05952380952380952,16.98219099311983,58.885216896049535,True,13.994895714252683,2.587125964488396,0.23772530948917847,39.822848833431465,2.014375952577601,0.17418988049723252
139,dflash2_unary_k16_tb64,Unary-FullMass,64,168,587,2.494047619047619,3.488095238095238,0.03571428571428571,16.834859528111867,59.40055504057753,False,14.04971616652585,2.6171837680522003,0.2401705475373698,39.71592594033219,2.023818559748525,0.1749858690042553
140,dflash2_unary_k16_tb64,Unary-FullMass,64,285,1206,3.231578947368421,4.228070175438597,0.14385964912280702,13.941527405468436,71.72815222582851,False,14.159741322663123,2.5563177474459895,0.2406424841753681,39.842430042310234,2.019413712096458,0.17612855444895104
141,dflash2_unary_k16_tb64,Unary-FullMass,64,94,353,2.75531914893617,3.74468085106383,0.05319148936170213,15.629202334275245,63.98279186692555,False,14.000335542616394,2.594660053294687,0.239645734062775,39.67049519145648,2.0124260317583746,0.17508025531300364
142,dflash2_unary_k16_tb64,Unary-FullMass,64,256,995,2.88671875,3.8828125,0.07421875,15.026027343714734,66.55118995363016,False,13.971170823850798,2.568490168386006,0.23748126514533396,39.44626506245186,2.0046495901908656,0.17388530480388908
143,dflash2_unary_k16_tb64,Unary-FullMass,64,106,350,2.30188679245283,3.292452830188679,0.0,17.51867711714502,57.081935657192346,False,13.786938301804321,2.5886901135239,0.23710179235456721,39.06524682089133,1.9924621037202053,0.1742494620524461
144,dflash2_unary_k16_tb64,Unary-FullMass,64,288,1025,2.5590277777777777,3.5555555555555554,0.03819444444444445,16.303112849752168,61.33797939178232,False,13.895334600874776,2.573093315833022,0.23636182635932024,39.14923612147605,1.9896004479152098,0.1796051840554153
145,dflash2_unary_k16_tb64,Unary-FullMass,64,224,865,2.857142857142857,3.857142857142857,0.0625,15.259310180345562,65.53376189233175,False,14.126446442170552,2.608769111832641,0.23986350921794447,39.74261419625691,2.0326252992098097,0.17514262880727724
146,dflash2_unary_k16_tb64,Unary-FullMass,64,351,1378,2.925925925925926,3.923076923076923,0.08262108262108261,15.044172024673045,66.47092298332934,False,14.170291364643036,2.578530090994021,0.24029687153967497,39.87136853246405,2.027529065569855,0.17428906054280438
147,dflash2_unary_k16_tb64,Unary-FullMass,64,203,977,3.812807881773399,4.807881773399015,0.23645320197044334,12.078974710338551,82.78848362386975,False,13.96251560111841,2.503608837412622,0.2372721773202375,39.25145261090454,2.0056979952158125,0.1732374676873132
148,dflash2_unary_k16_tb64,Unary-FullMass,64,165,565,2.418181818181818,3.418181818181818,0.05454545454545454,17.18140943894066,58.20244279456833,False,14.064659624030659,2.5903475880058426,0.23806925477622304,39.760745587850444,2.005481169687824,0.1740078847488445
149,dflash2_unary_k16_tb64,Unary-FullMass,64,275,1163,3.229090909090909,4.225454545454546,0.13454545454545455,13.837341684435161,72.26821616501984,False,14.059199032887012,2.5510440688760188,0.23888522552707317,39.47456312349955,2.021715447322508,0.17396902551726354
150,dflash2_unary_k16_tb64,Unary-FullMass,64,190,731,2.8473684210526318,3.8421052631578947,0.07894736842105263,15.304945522577935,65.33835736460446,False,14.075912747342189,2.599939226293875,0.23813074727322123,39.7754302630538,2.020232573704561,0.17411853182956724
151,dflash2_unary_k16_tb64,Unary-FullMass,64,300,1081,2.6033333333333335,3.6,0.04,16.085673339500868,62.167120946335814,False,13.893161313195984,2.5750707461702405,0.2359908231543765,39.09407535999586,1.9908587635291042,0.1728859272892199
152,dflash2_unary_k16_tb64,Unary-FullMass,64,79,285,2.607594936708861,3.5949367088607596,0.06329113924050633,16.12083725613366,62.03151760120397,False,13.81971854416291,2.578646607260084,0.23676515217941208,39.361784556627136,1.9895954052416631,0.17094059526416344
153,dflash2_unary_k16_tb64,Unary-FullMass,64,295,1310,3.440677966101695,4.437288135593221,0.1288135593220339,13.061774670995526,76.55927507466207,False,13.925835054236567,2.542886135495915,0.2369733456516307,39.12795636269177,1.9958728101100551,0.17361127148911168
154,dflash2_unary_k16_tb64,Unary-FullMass,64,204,720,2.5294117647058822,3.5245098039215685,0.058823529411764705,16.7008007722163,59.87736837527065,False,14.087575465607955,2.690324264453831,0.25078260781204637,39.70522975503306,2.030015372749368,0.18007525981303452
155,dflash2_unary_k16_tb64,Unary-FullMass,64,269,871,2.2379182156133828,3.2342007434944238,0.01486988847583643,17.893623831230748,55.885828909326,False,13.875014196987632,2.587332163666259,0.23604555024772356,39.0767668254384,1.9885114347659567,0.17442037536979907
156,dflash2_unary_k16_tb64,Unary-FullMass,64,340,1231,2.6205882352941177,3.6176470588235294,0.03235294117647059,16.049135456538426,62.308652245351915,False,13.917963805814747,2.584762517611072,0.2362613824516302,39.20443935299665,1.9889388556561352,0.17494510605448502
157,dflash2_unary_k16_tb64,Unary-FullMass,64,218,842,2.8623853211009176,3.8577981651376145,0.08256880733944955,15.285016009500076,65.42354940148387,False,14.157674917325094,2.6320730185284655,0.24263968819660484,39.79149864177639,2.0342687795172583,0.17846642254179967
158,dflash2_unary_k16_tb64,Unary-FullMass,64,193,669,2.466321243523316,3.461139896373057,0.08290155440414508,16.751695079216056,59.6954514317006,False,13.88413862203407,2.552401020726638,0.23569012967956499,39.23048134654166,1.9907040519692931,0.17334134716038724
159,dflash2_unary_k16_tb64,Unary-FullMass,64,58,200,2.4482758620689653,3.4310344827586206,0.034482758620689655,16.737688040011562,59.74540794460339,False,13.69502113836994,2.581654517065356,0.23510789645209523,39.04410274129798,1.9883214652132852,0.17195789681362947
0,dflash2_pairwise_k16_tb8,Pairwise-MassPreserving,8,359,943,1.626740947075209,2.6239554317548746,0.002785515320334262,21.60295823753992,46.28995663484081,False,13.972954754857492,0.9162987716737415,0.23507576877915062,39.47576873539817,1.9856818939931593,0.15959505580007657
1,dflash2_pairwise_k16_tb8,Pairwise-MassPreserving,8,148,402,1.7162162162162162,2.7094594594594597,0.0,20.784385848263135,48.11304059213113,False,13.880956594737262,0.9166246147926997,0.23529004743436785,39.27886154043655,1.984317162242479,0.15883592550380854
2,dflash2_pairwise_k16_tb8,Pairwise-MassPreserving,8,21,84,3.0,3.9523809523809526,0.047619047619047616,14.028145559547868,71.28525974834768,True,13.322481904435248,0.9133316192933957,0.23532485699563818,39.50821523782603,1.9778020954011784,0.1554265242399803
3,dflash2_pairwise_k16_tb8,Pairwise-MassPreserving,8,112,383,2.419642857142857,3.4107142857142856,0.0625,16.575412295039335,60.33032435031969,False,13.906966142875328,0.9161483307837314,0.23374737501009285,39.48248997309228,1.984738178407497,0.157900258760232
4,dflash2_pairwise_k16_tb8,Pairwise-MassPreserving,8,81,219,1.7037037037037037,2.691358024691358,0.012345679012345678,20.69892163927184,48.311695528269006,False,13.69036981482224,0.9065324691304633,0.23331424700352077,39.01087865449005,1.963326271778234,0.15932964154750534
5,dflash2_pairwise_k16_tb8,Pairwise-MassPreserving,8,19,44,1.263157894736842,2.263157894736842,0.0,23.91491286363651,41.814912966734504,True,13.099069315725693,0.9085473680706376,0.23799447329733275,39.01331757860087,1.9645207897778356,0.15845394821218706
6,dflash2_pairwise_k16_tb8,Pairwise-MassPreserving,8,77,215,1.7922077922077921,2.779220779220779,0.0,20.29039215348623,49.28440970660014,False,13.845627298563501,0.9183182208454871,0.23445279222940302,39.5191200778199,1.9794828051515225,0.15798988330628505
7,dflash2_pairwise_k16_tb8,Pairwise-MassPreserving,8,62,268,3.3225806451612905,4.306451612903226,0.22580645161290322,13.091141966415579,76.38753002338764,True,13.790141854828576,0.9097592739577052,0.23524237082212143,39.50639895147986,1.98775225785099,0.1582221781474448
8,dflash2_pairwise_k16_tb8,Pairwise-MassPreserving,8,68,161,1.3676470588235294,2.3529411764705883,0.0,23.944821869562197,41.76268278158145,False,13.834749822896864,0.9211109113761374,0.235527647579575,39.5620752204944,1.9809912790900426,0.15843219208524234
9,dflash2_pairwise_k16_tb8,Pairwise-MassPreserving,8,52,201,2.8653846153846154,3.8461538461538463,0.19230769230769232,14.644907179085273,68.283123120652,False,13.744799500133153,0.9101026348966675,0.23460300004584356,39.538632249857,2.020253364837397,0.15980815400185888
10,dflash2_pairwise_k16_tb8,Pairwise-MassPreserving,8,78,190,1.435897435897436,2.423076923076923,0.0,22.940396615778905,43.59122541552652,False,13.648480038309339,0.906746345721424,0.23294950043260215,38.97402425588016,1.960092128194027,0.15816102630849807
11,dflash2_pairwise_k16_tb8,Pairwise-MassPreserving,8,92,258,1.8043478260869565,2.7934782608695654,0.010869565217391304,19.95040524419638,50.12429510878745,False,13.700005152239338,0.9097780214727643,0.23328529341202026,38.97838296704678,1.96821283648403,0.15821130546100903
12,dflash2_pairwise_k16_tb8,Pairwise-MassPreserving,8,243,682,1.8065843621399178,2.802469135802469,0.00823045267489712,19.9795931554233,50.05106921952303,False,13.787166176883861,0.9092653826621184,0.23314150199634234,39.01923064599024,1.9656657944028573,0.15994420999334358
13,dflash2_pairwise_k16_tb8,Pairwise-MassPreserving,8,92,379,3.119565217391304,4.108695652173913,0.021739130434782608,13.592351459101577,73.57078743946029,True,13.723943869674416,0.9099659891944611,0.23473370532409046,38.992396304504084,1.9750559347259062,0.15848249004984213
14,dflash2_pairwise_k16_tb8,Pairwise-MassPreserving,8,53,127,1.3962264150943395,2.3773584905660377,0.0,23.33935021254826,42.84609429539114,False,13.587552283254654,0.9115162454622376,0.22993452848651325,39.0808925843679,1.9591801885223314,0.1572916603521971
15,dflash2_pairwise_k16_tb8,Pairwise-MassPreserving,8,5,9,0.6,1.6,0.0,29.708810555651628,33.66004835928263,True,11.093681400234345,0.9091454019653611,0.23117340169847012,39.144692398258485,1.9503834002534859,0.14678299776278436
16,dflash2_pairwise_k16_tb8,Pairwise-MassPreserving,8,79,264,2.3417721518987342,3.329113924050633,0.05063291139240506,16.830142784094665,59.4172023867231,False,13.74892462019166,0.9159250127791156,0.23131039226796077,39.216049265391284,1.9730739877559245,0.157219189981034
17,dflash2_pairwise_k16_tb8,Pairwise-MassPreserving,8,20,56,1.8,2.75,0.0,19.904949160653423,50.23876182395498,True,13.224511350199464,0.9150872501777485,0.23113420102163218,39.21968075010227,1.9849290998536162,0.15851499847485684
18,dflash2_pairwise_k16_tb8,Pairwise-MassPreserving,8,20,87,3.35,4.3,0.05,12.944333459770485,77.25388125297344,True,13.394335250268341,0.9357331997307483,0.2385592510108836,39.58945455015055,1.9945371990615968,0.1552310997794848
19,dflash2_pairwise_k16_tb8,Pairwise-MassPreserving,8,11,87,6.909090909090909,7.818181818181818,0.9090909090909091,7.024147919524359,142.3660223926086,True,12.740580363738859,0.9023418183046901,0.2335780009161681,39.52717518074099,1.9961929085018875,0.1547561822173355
20,dflash2_pairwise_k16_tb8,Pairwise-MassPreserving,8,115,329,1.8521739130434782,2.8521739130434782,0.0,19.773924021281395,50.57165178361992,False,13.884685974398566,0.919007399858421,0.23378922620474402,39.39689835647384,1.9772946262610671,0.15894183420839356
21,dflash2_pairwise_k16_tb8,Pairwise-MassPreserving,8,113,334,1.9557522123893805,2.9469026548672566,0.0,19.121584973051764,52.29692002045383,False,13.841493636785916,0.9308834781713652,0.23405511475392757,39.36689222094745,1.9862873269686994,0.1590553108619246
22,dflash2_pairwise_k16_tb8,Pairwise-MassPreserving,8,96,238,1.4791666666666667,2.46875,0.0,22.925711327751888,43.619148200190686,False,13.892620333232722,0.926640458374095,0.2350082080890085,39.64478284372793,1.9794046772858565,0.1582028126752751
23,dflash2_pairwise_k16_tb8,Pairwise-MassPreserving,8,77,179,1.3116883116883118,2.311688311688312,0.0,24.14750264805199,41.412149926016106,False,13.696208714629227,0.9153707134544958,0.2333419868993186,39.16340797424071,1.9674263372011906,0.15934783203358
24,dflash2_pairwise_k16_tb8,Pairwise-MassPreserving,8,349,1135,2.2521489971346704,3.2492836676217767,0.017191977077363897,17.296060402643004,57.816634350281895,False,13.831477246270081,0.9142491832391537,0.23447433841414084,39.14660569325001,1.9634568340648406,0.1591021975979041
25,dflash2_pairwise_k16_tb8,Pairwise-MassPreserving,8,449,1433,2.1893095768374167,3.1893095768374167,0.022271714922048998,17.31709673552423,57.74640029287378,False,13.830633178439001,0.9152630467124943,0.2342310980665508,38.16561564800336,1.9639086011878344,0.15849903339526838
26,dflash2_pairwise_k16_tb8,Pairwise-MassPreserving,8,270,851,2.151851851851852,3.1481481481481484,0.03333333333333333,17.86264551350975,55.98274898551208,False,14.05103740371824,0.923954336974054,0.2366586296745852,38.931354074049054,1.9967246961810075,0.16068320013194656
27,dflash2_pairwise_k16_tb8,Pairwise-MassPreserving,8,281,857,2.0498220640569396,3.0462633451957295,0.010676156583629894,18.59599435472396,53.77502170223928,False,13.930765274034654,0.9323727187824442,0.23528780069701818,39.47261818510118,1.9835425122165422,0.15988739528358317
28,dflash2_pairwise_k16_tb8,Pairwise-MassPreserving,8,42,100,1.380952380952381,2.357142857142857,0.0,23.85041278001154,41.92799551201379,False,13.897635380479707,0.91935735707964,0.23111326195898332,39.60493092797281,1.9766187374660236,0.15704143030840592
29,dflash2_pairwise_k16_tb8,Pairwise-MassPreserving,8,29,91,2.1379310344827585,3.103448275862069,0.0,17.962539395599517,55.67141582692818,True,13.505553138484489,0.9252020004325835,0.2355277937222754,39.55996575903806,1.980829654775303,0.15813148111819514
30,dflash2_pairwise_k16_tb8,Pairwise-MassPreserving,8,137,386,1.8102189781021898,2.81021897810219,0.0,20.287605194317464,49.2911800294743,False,13.995028306812092,0.9226511099463308,0.23521508012021328,39.8617922846227,1.9860930874562197,0.15991797780551792
31,dflash2_pairwise_k16_tb8,Pairwise-MassPreserving,8,226,747,2.3008849557522124,3.3008849557522124,0.008849557522123894,17.273303530116394,57.89280540670622,False,14.022545455810738,0.9321777700045789,0.23713505771387147,39.74157934077341,1.9993951148623952,0.16078556613121964
32,dflash2_pairwise_k16_tb8,Pairwise-MassPreserving,8,281,1100,2.911032028469751,3.911032028469751,0.11387900355871886,14.580941415452715,68.58267731191975,False,14.008866370353372,0.9202598718415906,0.2360924766328537,39.764133850307275,1.988382455840039,0.16068332733087626
33,dflash2_pairwise_k16_tb8,Pairwise-MassPreserving,8,244,917,2.7581967213114753,3.7540983606557377,0.09016393442622951,15.12754045583251,66.10459928497129,False,14.009480249696338,0.9201961599247908,0.2366899302838557,39.53305651240774,1.9923548604653705,0.16049522983833964
34,dflash2_pairwise_k16_tb8,Pairwise-MassPreserving,8,53,136,1.5471698113207548,2.547169811320755,0.0,22.162965176475527,45.12031634925058,False,13.82635977313599,0.9228438681226557,0.23379320795494044,39.74553222648848,1.9828205099570968,0.15965539548559254
35,dflash2_pairwise_k16_tb8,Pairwise-MassPreserving,8,118,308,1.6101694915254237,2.6016949152542375,0.00847457627118644,21.91202997726743,45.63703139496646,False,13.998524626774685,0.9249484746606421,0.23550214430897387,39.877128780062776,1.9976692879720497,0.16033883027484508
36,dflash2_pairwise_k16_tb8,Pairwise-MassPreserving,8,37,79,1.135135135135135,2.108108108108108,0.0,27.925268582236377,35.80986148996658,False,14.36101078335825,0.9499353781811314,0.2451304327051558,41.8159397567915,2.085197756674166,0.1670080003080059
37,dflash2_pairwise_k16_tb8,Pairwise-MassPreserving,8,43,107,1.4883720930232558,2.4651162790697674,0.0,23.03376494397934,43.414526562726955,False,13.837178116752279,0.9320559307356192,0.24088053489618308,40.13835351141224,2.0061667445440623,0.16194304551517721
38,dflash2_pairwise_k16_tb8,Pairwise-MassPreserving,8,169,419,1.4792899408284024,2.473372781065089,0.0,22.63308098805187,44.1831141119455,False,13.992657804876819,0.9217741833321238,0.23619249676968682,38.81446692297654,1.9891020114645197,0.15977660421186993
39,dflash2_pairwise_k16_tb8,Pairwise-MassPreserving,8,184,503,1.733695652173913,2.7282608695652173,0.0,21.111518172959187,47.36750771817329,False,14.197571711836487,0.9346835215736696,0.23871873362741494,40.15328592409471,2.0259134189473116,0.1622921301294928
40,dflash2_pairwise_k16_tb8,Pairwise-MassPreserving,8,29,106,2.6206896551724137,3.6206896551724137,0.034482758620689655,15.351330933934253,65.14093170837006,True,13.479814621326835,0.9236164480861244,0.23371568963268835,39.3458011029248,1.97266386159503,0.15614962115972142
41,dflash2_pairwise_k16_tb8,Pairwise-MassPreserving,8,44,175,2.977272727272727,3.9545454545454546,0.06818181818181818,14.142563588559694,70.70853835926376,True,13.64536295477592,0.9139575904555386,0.23521861360429533,39.31537577293718,1.9802417044212979,0.15867581830455244
42,dflash2_pairwise_k16_tb8,Pairwise-MassPreserving,8,39,129,2.3076923076923075,3.282051282051282,0.02564102564102564,16.995072875985453,58.84058322650854,True,13.614800846344457,0.9183031018041313,0.2335639484301329,39.316715333627194,1.9722048201425098,0.15888377021884736
43,dflash2_pairwise_k16_tb8,Pairwise-MassPreserving,8,85,353,3.152941176470588,4.141176470588236,0.1411764705882353,13.589660790370461,73.58535400004929,False,13.819526282125427,0.9141790819258484,0.23449375302708872,39.32992867040037,1.9797956469975522,0.15913843612104436
44,dflash2_pairwise_k16_tb8,Pairwise-MassPreserving,8,239,764,2.196652719665272,3.192468619246862,0.02092050209205021,17.870805715964995,55.95718603256057,False,14.069142945441534,0.9253925649219321,0.23685235552178993,39.73946341421313,1.9948459788694175,0.16106243558138622
45,dflash2_pairwise_k16_tb8,Pairwise-MassPreserving,8,225,792,2.52,3.5155555555555558,0.04888888888888889,16.264206054295233,61.48471045322921,False,14.131099386916807,0.929350484350127,0.23676659122833776,39.78191603996998,2.009303573286161,0.16156923536780393
46,dflash2_pairwise_k16_tb8,Pairwise-MassPreserving,8,63,247,2.9206349206349205,3.9047619047619047,0.031746031746031744,14.311838603248821,69.87222450740869,True,13.89059561881281,0.9260660480654296,0.23575171473480405,38.916855793869466,1.9836476190932213,0.1585774118125084
47,dflash2_pairwise_k16_tb8,Pairwise-MassPreserving,8,43,211,3.9069767441860463,4.883720930232558,0.11627906976744186,11.52162044550462,86.79334688465363,False,13.69723725571909,0.914691790882877,0.23475097614844048,39.542705302538224,1.9891455112672194,0.15779274487380632
48,dflash2_pairwise_k16_tb8,Pairwise-MassPreserving,8,166,810,3.8795180722891565,4.873493975903615,0.18072289156626506,11.637675312351663,85.92781403160893,False,13.951442193151212,0.9179117827092758,0.23473889191939315,39.54087742767367,1.9812562888809369,0.16002042171880546
49,dflash2_pairwise_k16_tb8,Pairwise-MassPreserving,8,22,106,3.772727272727273,4.7727272727272725,0.13636363636363635,11.651385735878545,85.8267010181169,False,13.343714772583388,0.9201298648390961,0.23249218065757304,39.50508286321895,1.9809754091759466,0.15609981875803153
50,dflash2_pairwise_k16_tb8,Pairwise-MassPreserving,8,66,317,3.803030303030303,4.787878787878788,0.15151515151515152,11.750065728686735,85.10590690217072,False,13.751239651217915,0.9055071664492558,0.2303201207806441,39.41826231808095,1.9725424854462317,0.15805001550523395
51,dflash2_pairwise_k16_tb8,Pairwise-MassPreserving,8,120,572,3.7666666666666666,4.758333333333334,0.20833333333333334,11.85215083041458,84.37287158326019,False,13.841417141520651,0.9069663667711817,0.23315068307662537,39.381933216767116,1.9732809748650955,0.15850390864216024
52,dflash2_pairwise_k16_tb8,Pairwise-MassPreserving,8,12,62,4.166666666666667,5.083333333333333,0.3333333333333333,10.883455709605892,91.8825809266983,True,12.942432750302638,0.9167610848332212,0.23514633357990533,39.9989867498031,1.9793049171615469,0.15855599728335315
53,dflash2_pairwise_k16_tb8,Pairwise-MassPreserving,8,69,383,4.550724637681159,5.536231884057971,0.36231884057971014,10.310198939945664,96.99133894745877,True,13.948046825859912,0.9174372466657297,0.23381056456381213,39.98493346422776,1.9850207106134368,0.1598264634199238
54,dflash2_pairwise_k16_tb8,Pairwise-MassPreserving,8,72,250,2.4722222222222223,3.4583333333333335,0.027777777777777776,16.439996603992768,60.82726317334706,True,13.93478888894606,0.9173896388448257,0.23301701397334304,39.86361011104438,1.9738926672895711,0.16062322154337177
55,dflash2_pairwise_k16_tb8,Pairwise-MassPreserving,8,42,165,2.9285714285714284,3.9047619047619047,0.047619047619047616,14.323310387871144,69.81626264601452,True,13.642568286394678,0.9138408812369951,0.23444183274737693,39.349840404438076,1.9716931189274571,0.15776342860633685
56,dflash2_pairwise_k16_tb8,Pairwise-MassPreserving,8,154,674,3.3766233766233764,4.37012987012987,0.11688311688311688,12.957650841240449,77.1744826475251,False,13.889424844394368,0.9121181556347201,0.2336426301766338,39.5451316625759,1.9711696427707053,0.1592706423441807
57,dflash2_pairwise_k16_tb8,Pairwise-MassPreserving,8,302,2048,5.7781456953642385,6.7781456953642385,0.6357615894039735,8.320576987305373,120.18397300159481,False,13.91007214277618,0.9016270031745851,0.23353679150644388,39.24567027816191,1.9753404737053908,0.1593879795543054
58,dflash2_pairwise_k16_tb8,Pairwise-MassPreserving,8,75,253,2.3733333333333335,3.36,0.05333333333333334,16.698886284566935,59.88423317333427,False,13.77888470684411,0.9169040533015504,0.23500123982861018,39.27549132010123,1.9662022664366912,0.15842614676027247
59,dflash2_pairwise_k16_tb8,Pairwise-MassPreserving,8,222,686,2.09009009009009,3.0855855855855854,0.009009009009009009,18.290530303207195,54.67310041987425,False,13.880543666550897,0.9176731213842317,0.2334302209730906,39.35729238727216,1.9721470311491724,0.15830000510349082
60,dflash2_pairwise_k16_tb8,Pairwise-MassPreserving,8,59,386,5.5423728813559325,6.52542372881356,0.6101694915254238,8.4684277979325,118.08567349941178,True,13.739378051191048,0.9017551355547335,0.23258186411112547,38.40220500026944,1.9676122877064113,0.16008003408156368
61,dflash2_pairwise_k16_tb8,Pairwise-MassPreserving,8,100,629,5.29,6.28,0.47,8.972014359299656,111.45769054231191,False,13.8189590597176,0.9116325893410249,0.2325303605903173,39.3372293694847,1.974371499964036,0.15924744089716114
62,dflash2_pairwise_k16_tb8,Pairwise-MassPreserving,8,16,74,3.625,4.5625,0.125,12.068012418879064,82.86368668593771,True,13.089557437979238,0.9153844375759945,0.23232725015986944,39.44767006260008,1.9713123133442423,0.1583059356562444
63,dflash2_pairwise_k16_tb8,Pairwise-MassPreserving,8,16,75,3.6875,4.625,0.1875,11.899588346714154,84.0365204966213,True,13.113145750594413,0.9126667496275331,0.2319771879228938,39.39658943863833,1.9676891865856305,0.15725206185378954
64,dflash2_pairwise_k16_tb8,Pairwise-MassPreserving,8,53,318,5.0,5.981132075471698,0.37735849056603776,9.423718333325596,106.11522592559318,False,13.72685284905118,0.9155832829595245,0.23516379230884168,39.525392641838344,1.9792299627058454,0.1600874710898438
65,dflash2_pairwise_k16_tb8,Pairwise-MassPreserving,8,66,354,4.363636363636363,5.348484848484849,0.2727272727272727,10.395946974580315,96.19133326142904,True,13.786999379204424,0.9120575761533639,0.23410512100478323,38.69319969673983,1.9758799396434121,0.1578375145486048
66,dflash2_pairwise_k16_tb8,Pairwise-MassPreserving,8,76,383,4.0394736842105265,5.026315789473684,0.15789473684210525,11.22966295562766,89.04986765420752,False,13.814199131861402,0.9161828293144936,0.2350711443126018,39.49286050010414,1.9733805660699115,0.15989677577683897
67,dflash2_pairwise_k16_tb8,Pairwise-MassPreserving,8,160,892,4.56875,5.56875,0.4125,10.149322550450105,98.52874367025134,False,13.890688537912865,0.9094188125345681,0.2341124064514588,39.41639892518651,1.973432968452471,0.15842156822145625
68,dflash2_pairwise_k16_tb8,Pairwise-MassPreserving,8,67,370,4.522388059701493,5.507462686567164,0.2835820895522388,10.3163521486528,96.9334882709087,False,13.899377417757607,0.9136617913670184,0.23278219392088784,39.739441984930814,2.0258795678938752,0.15975696952586768
69,dflash2_pairwise_k16_tb8,Pairwise-MassPreserving,8,16,91,4.6875,5.625,0.375,9.857768461538049,101.44283707836003,True,13.129849124652537,0.901449625416717,0.23489912473451113,39.6276970004692,2.012455373915145,0.15970787580954493
70,dflash2_pairwise_k16_tb8,Pairwise-MassPreserving,8,42,237,4.642857142857143,5.619047619047619,0.35714285714285715,10.147993417725926,98.54164846552403,False,13.83837595304136,0.9100998085202827,0.2367867368558932,40.135261904825235,1.983701904031304,0.15945083560793483
71,dflash2_pairwise_k16_tb8,Pairwise-MassPreserving,8,36,210,4.833333333333333,5.805555555555555,0.4166666666666667,9.812946371433403,101.90619230439424,False,13.792811278108275,0.9112882499822363,0.2337769167045028,40.147574055784695,1.9968277499881677,0.15990891612697547
72,dflash2_pairwise_k16_tb8,Pairwise-MassPreserving,8,62,325,4.241935483870968,5.225806451612903,0.24193548387096775,10.946409098463707,91.35415925030124,False,13.9541195162418,0.9162273709080182,0.23595645196168805,40.12214527404379,1.9900892743129177,0.16183238673669798
73,dflash2_pairwise_k16_tb8,Pairwise-MassPreserving,8,43,283,5.5813953488372094,6.558139534883721,0.5581395348837209,8.703711374543316,114.89351576211591,False,13.862412627637495,0.9124862559093704,0.235969721384314,40.110907534971226,2.0031820702485654,0.15760734788992248
74,dflash2_pairwise_k16_tb8,Pairwise-MassPreserving,8,54,299,4.537037037037037,5.518518518518518,0.2777777777777778,10.291429053512939,97.16823531506093,False,13.779773592735486,0.9150055739155505,0.23361977811738918,39.92055322184266,1.9748251475835719,0.16024651914549584
75,dflash2_pairwise_k16_tb8,Pairwise-MassPreserving,8,40,271,5.775,6.75,0.625,8.612294265674127,116.11307848428761,True,14.156218000061926,0.9389089751493884,0.24341997486772016,40.808245700645784,2.0398366750669084,0.16166432415047893
76,dflash2_pairwise_k16_tb8,Pairwise-MassPreserving,8,33,166,4.03030303030303,5.0,0.2727272727272727,11.359521879540008,88.03187410564625,True,13.73357660552508,0.9174233022018928,0.2327691210225704,40.112542030604374,1.9851845764523288,0.16034169763742917
77,dflash2_pairwise_k16_tb8,Pairwise-MassPreserving,8,75,407,4.426666666666667,5.413333333333333,0.36,10.442357282556854,95.76381777995877,False,13.82011361332843,0.9104243067364829,0.2347784794983454,39.55714083984882,1.9851787731749937,0.15955617408811426
78,dflash2_pairwise_k16_tb8,Pairwise-MassPreserving,8,33,212,5.424242424242424,6.393939393939394,0.42424242424242425,8.794707330175783,113.70475019320656,False,13.610614424440868,0.9096653944156556,0.23399845535591754,39.597760151302666,1.9878943642128655,0.1593991495831164
79,dflash2_pairwise_k16_tb8,Pairwise-MassPreserving,8,130,772,4.930769230769231,5.930769230769231,0.46923076923076923,9.546781461142649,104.74734381112675,False,13.88706493072767,0.9068595460401132,0.2338672001384951,39.52746366132767,1.9780456306202372,0.15989355423908608
80,dflash2_pairwise_k16_tb8,Pairwise-MassPreserving,8,145,549,2.786206896551724,3.779310344827586,0.041379310344827586,14.903677417130659,67.09753385097929,False,14.034869020768634,0.941227061888765,0.23614991720211853,39.059928289949816,1.9951651171893523,0.16106681372360165
81,dflash2_pairwise_k16_tb8,Pairwise-MassPreserving,8,159,660,3.150943396226415,4.144654088050315,0.1761006289308176,13.699452280310322,72.99561906115476,False,13.976407427578335,0.915311220352415,0.24318860992225497,39.58343313872388,1.9863427613635618,0.16096781693258375
82,dflash2_pairwise_k16_tb8,Pairwise-MassPreserving,8,79,374,3.7341772151898733,4.7215189873417724,0.12658227848101267,12.243275262028966,81.6774905895793,False,14.149068329682946,0.9256598989654603,0.2402780636300663,40.46889069700861,2.0169070759741,0.1610307195341757
83,dflash2_pairwise_k16_tb8,Pairwise-MassPreserving,8,100,547,4.46,5.46,0.36,10.441651182816154,95.77029365295232,False,13.992849849673803,0.9228512793924892,0.23581122019095346,39.80605115029903,1.9989983501000097,0.15927012034808286
84,dflash2_pairwise_k16_tb8,Pairwise-MassPreserving,8,120,498,3.15,4.141666666666667,0.16666666666666666,13.553738337336599,73.78038258605683,True,13.988625691854395,0.9186964419617046,0.2363595422139042,38.9560263666984,1.9874488995507515,0.16085715766773015
85,dflash2_pairwise_k16_tb8,Pairwise-MassPreserving,8,64,311,3.859375,4.84375,0.25,11.437610565908209,87.4308487981462,False,13.752769046732283,0.916161562599882,0.23475421789953543,38.530758750084715,1.9857363593018817,0.1594589070919028
86,dflash2_pairwise_k16_tb8,Pairwise-MassPreserving,8,80,414,4.175,5.1625,0.275,11.156795217395072,89.63147395955194,False,14.317277649661264,0.933934562272043,0.24079923668978154,40.02870778713259,2.054039787617512,0.16165622664630064
87,dflash2_pairwise_k16_tb8,Pairwise-MassPreserving,8,169,817,3.834319526627219,4.828402366863905,0.2958579881656805,11.758316228883452,85.04619033323601,False,13.943639360957217,0.9129882899330676,0.23598355046864708,39.59609431938093,1.9937181065100817,0.16103411829905012
88,dflash2_pairwise_k16_tb8,Pairwise-MassPreserving,8,199,791,2.9748743718592965,3.969849246231156,0.09045226130653267,14.419220601762328,69.35187605617041,False,14.078216311851184,0.9234150401512559,0.2368413065527987,39.9101569700311,2.0038255026163863,0.16213530092792652
89,dflash2_pairwise_k16_tb8,Pairwise-MassPreserving,8,200,889,3.445,4.44,0.175,12.817744322840914,78.01684717786294,False,14.005613249755697,0.9181785596956615,0.2351374948193552,39.66497703011555,1.9908169097834616,0.16015027085813927
90,dflash2_pairwise_k16_tb8,Pairwise-MassPreserving,8,220,964,3.381818181818182,4.377272727272727,0.11818181818181818,13.04603430186163,76.65164576926668,False,14.040046368410747,0.9288308044316099,0.23639819982318758,39.803100177265485,1.994420768162606,0.16255398642732127
91,dflash2_pairwise_k16_tb8,Pairwise-MassPreserving,8,137,524,2.8248175182481754,3.8175182481751824,0.051094890510948905,14.914679656494837,67.04803743904309,False,13.982585620476668,0.9246207149121503,0.23535088316051384,39.75230690502276,1.9904038540417341,0.1606600516072957
92,dflash2_pairwise_k16_tb8,Pairwise-MassPreserving,8,124,563,3.5403225806451615,4.532258064516129,0.1774193548387097,12.474534323267997,80.16331304125399,False,13.855016992238234,0.9155098061103584,0.23449173362854298,39.49577616115294,1.9786397902099717,0.15897538762674818
93,dflash2_pairwise_k16_tb8,Pairwise-MassPreserving,8,125,527,3.208,4.208,0.112,13.37037593928392,74.79221261549338,False,13.79056922357995,0.9149137362255715,0.23457399994367734,39.290845207637176,1.977001432213001,0.16160136042162776
94,dflash2_pairwise_k16_tb8,Pairwise-MassPreserving,8,291,1333,3.5807560137457046,4.577319587628866,0.140893470790378,12.528152587395288,79.82022832369643,False,14.086923137209354,0.9423163882996791,0.240285168219873,39.9446860756143,2.0106197147051277,0.16357982178643518
95,dflash2_pairwise_k16_tb8,Pairwise-MassPreserving,8,272,1129,3.150735294117647,4.147058823529412,0.10661764705882353,13.58159192559703,73.62907128105613,False,13.859775996051587,0.9106759815521774,0.23431329081551452,39.238055536877845,1.9706474303187433,0.1601247202629833
96,dflash2_pairwise_k16_tb8,Pairwise-MassPreserving,8,153,668,3.366013071895425,4.359477124183006,0.10457516339869281,12.93454684430739,77.31233355423727,False,13.843066646883742,0.9187840912917179,0.23405583640233327,39.34393773865285,1.972309405353526,0.16024688270560838
97,dflash2_pairwise_k16_tb8,Pairwise-MassPreserving,8,134,656,3.8955223880597014,4.888059701492537,0.1865671641791045,11.50427307163959,86.92422317975107,False,13.818377820975165,0.9088251268866459,0.23296171617511757,39.22660089567705,1.9738950595366525,0.15876576131332434
98,dflash2_pairwise_k16_tb8,Pairwise-MassPreserving,8,144,642,3.4583333333333335,4.451388888888889,0.16666666666666666,12.68684677881674,78.82179216270686,False,13.85680050715463,0.9153551456317169,0.23368936773396046,39.42310747894832,1.9730140485686813,0.1602253408539885
99,dflash2_pairwise_k16_tb8,Pairwise-MassPreserving,8,111,509,3.5855855855855854,4.576576576576577,0.21621621621621623,12.090113862482365,82.7122069630102,False,13.805037684505805,0.908561946293507,0.23378877492038416,38.35183908112257,1.9818755762907467,0.15914879275458604
100,dflash2_pairwise_k16_tb8,Pairwise-MassPreserving,8,4,14,2.5,3.25,0.0,15.156323642648724,65.97906085787699,True,10.455270750753698,0.9212427485181252,0.23095000142348,39.336987498245435,1.950757499798783,0.15192425053101033
101,dflash2_pairwise_k16_tb8,Pairwise-MassPreserving,8,35,218,5.228571428571429,6.2,0.5428571428571428,8.894373977071139,112.43062216384268,True,13.54773245735227,0.9050475431389974,0.2325775149594327,38.58802442929508,1.9705568577462276,0.15530482612250904
102,dflash2_pairwise_k16_tb8,Pairwise-MassPreserving,8,4,16,3.0,3.75,0.0,13.257645624889847,75.42817392272157,True,10.428973499074345,0.9222512508131331,0.23057299767970107,39.33860249708232,1.9659622466861038,0.14422000822378322
103,dflash2_pairwise_k16_tb8,Pairwise-MassPreserving,8,7,30,3.142857142857143,4.142857142857143,0.14285714285714285,12.758174033418374,78.38112235972251,True,11.939793572569865,0.917493856312441,0.23467085494693102,39.467393285511726,1.9656421417104346,0.1528950035987821
104,dflash2_pairwise_k16_tb8,Pairwise-MassPreserving,8,13,80,5.153846153846154,6.076923076923077,0.23076923076923078,9.053550674980215,110.4539021097582,True,12.89446492312261,0.9106063847027074,0.2327171521476255,39.55045861445027,1.9730343841589415,0.1528765412960918
105,dflash2_pairwise_k16_tb8,Pairwise-MassPreserving,8,28,173,5.142857142857143,6.142857142857143,0.6071428571428571,9.070620815008219,110.24603722221563,True,13.446756749025164,0.898938714401863,0.23245778512708576,39.33158392880744,1.977141107220502,0.1566003224330156
106,dflash2_pairwise_k16_tb8,Pairwise-MassPreserving,8,32,162,4.0625,5.03125,0.28125,11.10993612347096,90.0095184064461,True,13.51531287468788,0.9142488117959147,0.23324431231230847,39.4501628748003,1.9710134997694695,0.16006925170586328
107,dflash2_pairwise_k16_tb8,Pairwise-MassPreserving,8,91,600,5.593406593406593,6.582417582417582,0.5604395604395604,8.570763770003396,116.6757160546036,True,13.795613000443804,0.9103386375380189,0.2347447909094946,39.43064750637859,1.980541703552852,0.15864471284798964
108,dflash2_pairwise_k16_tb8,Pairwise-MassPreserving,8,16,103,5.4375,6.375,0.5,8.692001019368847,115.04830680204097,True,13.124055812568258,0.9186258753288712,0.2330543125026452,39.54371212557817,1.9804887501777557,0.15481968603126006
109,dflash2_pairwise_k16_tb8,Pairwise-MassPreserving,8,13,60,3.6153846153846154,4.538461538461538,0.07692307692307693,12.050469083381662,82.98432144679425,True,12.876278998961565,0.9084336925297976,0.2347284613418966,39.466001615017795,1.978454617178963,0.15365223057765084
110,dflash2_pairwise_k16_tb8,Pairwise-MassPreserving,8,5,15,2.0,2.8,0.0,17.97920820002522,55.61980198875484,True,11.160886401194148,0.93176260124892,0.2310509982635267,39.48666480137035,1.977484799863305,0.14977499813539907
111,dflash2_pairwise_k16_tb8,Pairwise-MassPreserving,8,5,18,2.4,3.4,0.0,14.97232155573632,66.7899093856204,True,11.174522999499459,0.9062164026545361,0.23162320139817894,39.44565420097206,1.9902833984815516,0.15205739764496684
112,dflash2_pairwise_k16_tb8,Pairwise-MassPreserving,8,15,73,3.8666666666666667,4.8,0.2,11.613948232903343,86.1033629517059,True,13.203831865879087,0.9225261310348287,0.23045986599754542,40.0263288669521,1.9811279329587705,0.1569400706406062
113,dflash2_pairwise_k16_tb8,Pairwise-MassPreserving,8,8,33,3.125,4.0,0.25,13.397722636220736,74.63955085146341,True,12.276558126359305,0.9138458744928357,0.23748075000185054,39.60119312796451,2.0848712510996847,0.15165674449235667
114,dflash2_pairwise_k16_tb8,Pairwise-MassPreserving,8,13,41,2.1538461538461537,3.076923076923077,0.0,17.786279682917577,56.22311229933188,True,12.981939154157702,0.9269993847388273,0.2357890776833161,39.80270261560621,1.9929638460430747,0.15479569097247398
115,dflash2_pairwise_k16_tb8,Pairwise-MassPreserving,8,7,31,3.4285714285714284,4.285714285714286,0.14285714285714285,12.465905354944088,80.21880252791998,True,12.104011714524988,0.9166511413890736,0.2284395710116119,39.814021142124794,1.9841714279859193,0.15885728914456973
116,dflash2_pairwise_k16_tb8,Pairwise-MassPreserving,8,15,55,2.6666666666666665,3.6,0.0,15.347598163696768,65.15677497769009,True,13.228669667538876,0.9262725997056501,0.23277326496706033,39.738997133099474,1.9885315336675073,0.1592824012429143
117,dflash2_pairwise_k16_tb8,Pairwise-MassPreserving,8,14,76,4.428571428571429,5.357142857142857,0.2857142857142857,10.35129721046695,96.60624940696584,True,13.124177858117037,0.918953213840723,0.23374607137936568,39.75485414308163,2.0002080709673464,0.16081692800591035
118,dflash2_pairwise_k16_tb8,Pairwise-MassPreserving,8,11,75,5.818181818181818,6.7272727272727275,0.45454545454545453,8.185684746616365,122.16448971032753,True,12.796976636640135,0.9151517290526747,0.22891245449004186,39.724699819502845,1.9899343625928105,0.15581190646943552
119,dflash2_pairwise_k16_tb8,Pairwise-MassPreserving,8,21,123,4.857142857142857,5.809523809523809,0.47619047619047616,9.606311195167974,104.09823080715992,True,13.458035048859616,0.9127479525410481,0.23799128774997025,39.506614189858304,1.9922364282094696,0.1579120930511549
120,dflash2_pairwise_k16_tb8,Pairwise-MassPreserving,8,187,690,2.6898395721925135,3.6844919786096257,0.0481283422459893,15.498381698547535,64.5228656417539,False,14.080698866481809,0.9262756739287353,0.23667995720220242,39.794898235296984,1.9877424706732307,0.1602468926619544
121,dflash2_pairwise_k16_tb8,Pairwise-MassPreserving,8,259,1065,3.111969111969112,4.108108108108108,0.13513513513513514,13.723381287325392,72.86833900939396,False,13.880287158152612,0.9176070466152173,0.23390102640925242,39.26803513127109,1.9706965831012202,0.15959301970752574
122,dflash2_pairwise_k16_tb8,Pairwise-MassPreserving,8,172,658,2.8255813953488373,3.8197674418604652,0.09302325581395349,14.720228167164414,67.93372960282258,False,14.000529662320501,0.9199803546433158,0.23517699971074932,39.01081959300554,1.9872991456501294,0.15962525626385943
123,dflash2_pairwise_k16_tb8,Pairwise-MassPreserving,8,404,1637,3.0495049504950495,4.0495049504950495,0.08663366336633663,13.944679215640845,71.71194005512616,False,13.885628745009683,0.9255458118588811,0.23569355932459707,39.314423069353694,1.9817591957941865,0.16051366817396903
124,dflash2_pairwise_k16_tb8,Pairwise-MassPreserving,8,193,647,2.3523316062176165,3.3471502590673574,0.031088082901554404,16.87835795672429,59.247469603617624,False,13.864723269748042,0.9243681192503026,0.2347946842110576,39.42107578719619,1.976375440290919,0.16051553868492002
125,dflash2_pairwise_k16_tb8,Pairwise-MassPreserving,8,287,1122,2.9094076655052263,3.9059233449477353,0.0975609756097561,14.421402487518687,69.34138346568383,False,13.863196195134055,0.9132606205116723,0.23303161678330336,39.23784864129712,1.9731090905500546,0.15869526776549234
126,dflash2_pairwise_k16_tb8,Pairwise-MassPreserving,8,189,580,2.068783068783069,3.0634920634920637,0.021164021164021163,18.16712200172709,55.04449190713494,True,13.87379032800069,0.9308620951958888,0.23631283627803285,38.57130906875701,1.9786924444214151,0.15998963476343464
127,dflash2_pairwise_k16_tb8,Pairwise-MassPreserving,8,92,543,4.891304347826087,5.891304347826087,0.45652173913043476,9.796654651928556,102.07566108325983,False,14.152380423579219,0.9219167502084494,0.23822506496482831,40.31633266355999,2.0315085978085254,0.1611960215877448
128,dflash2_pairwise_k16_tb8,Pairwise-MassPreserving,8,146,572,2.9178082191780823,3.910958904109589,0.1095890410958904,14.716314592650969,67.95179551946924,True,14.128752636853989,0.9262325896599254,0.23808124627079177,40.18957481522405,2.010760767206355,0.16229621188321203
129,dflash2_pairwise_k16_tb8,Pairwise-MassPreserving,8,137,610,3.4525547445255476,4.445255474452555,0.18248175182481752,12.808912055739622,78.0706429748578,False,14.004332715425347,0.9203844666132622,0.23576413126395554,39.70863278844754,2.003737445325883,0.15953059891794544
130,dflash2_pairwise_k16_tb8,Pairwise-MassPreserving,8,231,901,2.9004329004329006,3.896103896103896,0.11255411255411256,14.45332703441092,69.1882220349107,False,13.836715584285699,0.9204336017842941,0.2340418142677301,39.25190100877735,1.9713867661967528,0.15975351042080937
131,dflash2_pairwise_k16_tb8,Pairwise-MassPreserving,8,110,381,2.463636363636364,3.4545454545454546,0.09090909090909091,16.229757107603316,61.615216627704186,False,13.771438645794246,0.9137014913325071,0.2334688278841151,39.152892190957736,1.9842837632247459,0.1581919716872271
132,dflash2_pairwise_k16_tb8,Pairwise-MassPreserving,8,326,954,1.9263803680981595,2.923312883435583,0.012269938650306749,19.256233096435626,51.931236758091714,False,13.877435549069661,0.9144003375762276,0.23351779435329179,39.19824131272028,1.968376159729926,0.15909134348185927
133,dflash2_pairwise_k16_tb8,Pairwise-MassPreserving,8,436,1572,2.6055045871559632,3.603211009174312,0.052752293577981654,15.642931761452854,63.92663570036081,False,13.910277190490987,0.9166900917405472,0.23379043988758536,39.202717614798445,1.9777354794923416,0.15945140607606986
134,dflash2_pairwise_k16_tb8,Pairwise-MassPreserving,8,254,797,2.1377952755905514,3.1338582677165356,0.03937007874015748,17.932349302384335,55.76514170773136,False,13.851071975997597,0.9183219252610267,0.23408603168016587,39.13787358706175,1.9676105121465026,0.15907688911404957
135,dflash2_pairwise_k16_tb8,Pairwise-MassPreserving,8,211,774,2.6682464454976302,3.6635071090047395,0.05687203791469194,15.31152620672112,65.3102758339689,False,13.8304090094314,0.916175028668955,0.2336803599154815,39.05263467772805,1.9753396632665685,0.1582128439381083
136,dflash2_pairwise_k16_tb8,Pairwise-MassPreserving,8,306,963,2.1437908496732025,3.1437908496732025,0.032679738562091505,17.906640867083656,55.84520331997164,False,13.885044856127267,0.9178703231775062,0.2335769283781939,39.185734846255606,1.9718062844166602,0.15921890217273685
137,dflash2_pairwise_k16_tb8,Pairwise-MassPreserving,8,249,818,2.281124497991968,3.281124497991968,0.012048192771084338,17.43115594010421,57.36854190485898,False,14.111154441743711,0.9273910762853902,0.23736828518166472,39.8083983254107,2.0178989318199925,0.16158636528241213
138,dflash2_pairwise_k16_tb8,Pairwise-MassPreserving,8,99,280,1.8282828282828283,2.8181818181818183,0.030303030303030304,20.186269232129103,49.53862392800986,False,13.998098313077024,0.9411101112926539,0.23698930292286807,39.76527330344496,1.9917756672848645,0.15923193830237112
139,dflash2_pairwise_k16_tb8,Pairwise-MassPreserving,8,178,573,2.2191011235955056,3.2134831460674156,0.011235955056179775,17.769908415361158,56.274910181053734,False,14.08699860114845,0.9442684722977973,0.23812880333914588,39.767376134866,2.006345837288065,0.16001429713888388
140,dflash2_pairwise_k16_tb8,Pairwise-MassPreserving,8,372,1372,2.6881720430107525,3.685483870967742,0.05913978494623656,15.529031867345774,64.39551470705561,False,14.122052257950982,0.9333325001094753,0.2369960726668147,39.82233360740441,1.9966858921942465,0.16234085784182303
141,dflash2_pairwise_k16_tb8,Pairwise-MassPreserving,8,121,376,2.1074380165289255,3.0991735537190084,0.024793388429752067,18.33320585371845,54.54583382628489,False,13.989603330553432,0.9297828757914153,0.2367396199520608,39.65071505772658,2.000399008030091,0.16206094264177148
142,dflash2_pairwise_k16_tb8,Pairwise-MassPreserving,8,252,825,2.2738095238095237,3.2698412698412698,0.047619047619047616,17.292412924853675,57.828829576625544,False,13.921810289488464,0.9236075355667188,0.2352021943113955,39.38569108319667,1.9853428928486427,0.16041212762098034
143,dflash2_pairwise_k16_tb8,Pairwise-MassPreserving,8,174,434,1.4885057471264367,2.4885057471264367,0.0,22.494828792625942,44.45466152326579,False,13.812922902375824,0.914721563475169,0.23365304589568606,39.018866419348925,1.967611114562077,0.16001631066219174
144,dflash2_pairwise_k16_tb8,Pairwise-MassPreserving,8,354,1052,1.9717514124293785,2.968926553672316,0.011299435028248588,18.948430410644836,52.77481977811844,False,13.878640112818822,0.9198444235266191,0.23429738440288436,39.14901752284357,1.9689907879434791,0.15923460461820824
145,dflash2_pairwise_k16_tb8,Pairwise-MassPreserving,8,277,872,2.148014440433213,3.1444043321299637,0.02527075812274368,18.201726845190848,54.93984216471274,False,14.149851364868235,0.9421521085100114,0.23722150540592934,39.79689024903308,2.0126960324516454,0.16048768921276144
146,dflash2_pairwise_k16_tb8,Pairwise-MassPreserving,8,443,1448,2.2686230248306996,3.2663656884875847,0.045146726862302484,17.43743598825914,57.3478807706198,False,14.07238201805641,0.9311310180157274,0.23595587593901685,39.59863060747923,1.9981248464088983,0.1601803993360028
147,dflash2_pairwise_k16_tb8,Pairwise-MassPreserving,8,367,1339,2.64850136239782,3.645776566757493,0.06267029972752043,15.65461334055528,63.87893320938001,False,14.104966564274935,0.9274045042514393,0.2367932642107431,39.68109834063113,2.004562313400389,0.16105311405838643
148,dflash2_pairwise_k16_tb8,Pairwise-MassPreserving,8,193,545,1.8186528497409327,2.8186528497409324,0.025906735751295335,20.15711972110802,49.610262469832215,False,14.009252574971583,0.9271650206553388,0.2376482900566243,39.60465559066506,1.9806895128416906,0.16095299010437678
149,dflash2_pairwise_k16_tb8,Pairwise-MassPreserving,8,314,1145,2.6464968152866244,3.643312101910828,0.08598726114649681,15.679515048910561,63.77748271426811,False,14.105943044399913,0.9372931816852443,0.23710115283103303,39.72564758300528,2.0078239298075626,0.1614927993620194
150,dflash2_pairwise_k16_tb8,Pairwise-MassPreserving,8,236,726,2.0762711864406778,3.0720338983050848,0.0211864406779661,18.482401314056506,54.10552357390191,False,14.017843084914958,0.9321223260485567,0.2355523730807748,39.52084336027437,1.9896569023238322,0.160860572022865
151,dflash2_pairwise_k16_tb8,Pairwise-MassPreserving,8,362,1088,2.005524861878453,3.0027624309392267,0.011049723756906077,18.708625414520238,53.451281312408696,False,13.88486065702913,0.9269857677563225,0.23414195860200304,39.053378585560885,1.9703584228168263,0.15951342314648317
152,dflash2_pairwise_k16_tb8,Pairwise-MassPreserving,8,120,342,1.85,2.841666666666667,0.025,19.76860104385632,50.585268921231005,False,13.834670733134166,0.9260774419696342,0.23430879179310674,39.222553099716606,1.9645754089045415,0.15832749947246594
153,dflash2_pairwise_k16_tb8,Pairwise-MassPreserving,8,294,1105,2.758503401360544,3.7551020408163267,0.07482993197278912,14.973161883257925,66.78616098568592,False,13.890484170123997,0.9237994967728574,0.23444357118153544,39.095910513572804,1.9723816157220055,0.15966049997376747
154,dflash2_pairwise_k16_tb8,Pairwise-MassPreserving,8,240,666,1.775,2.7708333333333335,0.0125,20.58648643093135,48.57555481140738,False,14.084856237332133,1.0130094331846824,0.24910460418444322,39.60936869149615,2.0069354750679245,0.16422540456915158
155,dflash2_pairwise_k16_tb8,Pairwise-MassPreserving,8,293,807,1.7542662116040955,2.750853242320819,0.0,20.390906151175447,49.0414693974919,False,13.865761450579654,0.9188929931731472,0.23454734123845938,39.01520650851228,1.9674448260122437,0.1601307166568655
156,dflash2_pairwise_k16_tb8,Pairwise-MassPreserving,8,402,1158,1.8805970149253732,2.8781094527363185,0.01990049751243781,19.541656348879638,51.17273490777213,False,13.885166134159093,0.9183795198949346,0.23370389805962472,39.129062034829694,1.9652326715836737,0.16009268675312813
157,dflash2_pairwise_k16_tb8,Pairwise-MassPreserving,8,272,896,2.2904411764705883,3.2904411764705883,0.0625,17.413681188616334,57.426111639951216,False,14.144344128453668,0.9633732354225631,0.2426594669754302,39.83282965801289,2.0164997759713836,0.1630082388414046
158,dflash2_pairwise_k16_tb8,Pairwise-MassPreserving,8,241,710,1.946058091286307,2.9419087136929463,0.03734439834024896,19.110935038022458,52.32606348200308,False,13.867368116149779,0.9189054316609684,0.23363781737886308,39.156344539445534,1.9650846475559476,0.16058424862196122
159,dflash2_pairwise_k16_tb8,Pairwise-MassPreserving,8,74,185,1.5,2.4864864864864864,0.0,22.380284005398483,44.68218543423238,False,13.699215837904548,0.9209437164433955,0.23390904066587068,38.97272800020653,1.9645082294929936,0.15940518878287058
0,dflash2_pairwise_k16_tb16,Pairwise-MassPreserving,16,334,938,1.8083832335329342,2.805389221556886,0.0029940119760479044,20.179803497868054,49.55449641051497,False,13.97362877529184,1.1928624851339145,0.23500372457104,39.123048748495385,1.986178883189659,0.1618991827200659
1,dflash2_pairwise_k16_tb16,Pairwise-MassPreserving,16,113,350,2.0973451327433628,3.088495575221239,0.0,18.21445556285783,54.90144882722485,False,13.859765637202129,1.195740699079104,0.23495172540887993,38.979156389432,1.9854765573855946,0.16136427468025802
2,dflash2_pairwise_k16_tb16,Pairwise-MassPreserving,16,18,84,3.6666666666666665,4.611111111111111,0.16666666666666666,11.994581071424667,83.37098178296144,True,13.242895611054134,1.1852211118821288,0.23344211108956692,39.17304694449639,1.979712889806251,0.16039299831997292
3,dflash2_pairwise_k16_tb16,Pairwise-MassPreserving,16,84,356,3.238095238095238,4.226190476190476,0.09523809523809523,13.376474106745478,74.75811577998127,False,13.880090571330497,1.1843166902118745,0.2334418332750266,39.24474953579366,1.9865874048177612,0.16158517887344628
4,dflash2_pairwise_k16_tb16,Pairwise-MassPreserving,16,75,217,1.8933333333333333,2.88,0.02666666666666667,19.349843119816963,51.68000555910757,False,13.691370533342706,1.1813236130789544,0.23136607953347266,38.750238239590544,1.9702505998429842,0.1609970279484211
5,dflash2_pairwise_k16_tb16,Pairwise-MassPreserving,16,16,44,1.6875,2.6875,0.0,20.096289181806657,49.76043044331331,True,12.99174687528648,1.1750952498914558,0.2299708751252183,38.725483999769494,1.9808995627954573,0.1615986871001951
6,dflash2_pairwise_k16_tb16,Pairwise-MassPreserving,16,67,191,1.8507462686567164,2.8358208955223883,0.0,19.866789617800155,50.33525895417066,False,13.82513501502855,1.1937158356994952,0.23357050749429836,39.23804197012344,1.9833655968619468,0.1613474479240518
7,dflash2_pairwise_k16_tb16,Pairwise-MassPreserving,16,64,279,3.359375,4.34375,0.21875,12.991172050181289,76.97534880896642,False,13.818334234372287,1.1749680936645746,0.2355501561623896,39.25308884345213,1.9896759999369351,0.16177332867073346
8,dflash2_pairwise_k16_tb16,Pairwise-MassPreserving,16,61,148,1.4262295081967213,2.4098360655737703,0.0,23.381853412157962,42.768209276345296,False,13.830931229468199,1.204594115003348,0.23480685218809874,39.31580577045679,1.982925573891586,0.1606791638998223
9,dflash2_pairwise_k16_tb16,Pairwise-MassPreserving,16,49,201,3.1020408163265305,4.081632653061225,0.20408163265306123,13.782138791064435,72.55767883054145,False,13.747058775542039,1.1714062851269216,0.2339205509217988,39.235637551298296,1.9868034281416282,0.1600692661928146
10,dflash2_pairwise_k16_tb16,Pairwise-MassPreserving,16,77,190,1.4675324675324675,2.4545454545454546,0.0,22.73974637366911,43.97586426724283,False,13.70065376618363,1.1855701941621866,0.2318421818501945,38.85972679195043,1.9713549999642646,0.16191454637151623
11,dflash2_pairwise_k16_tb16,Pairwise-MassPreserving,16,71,238,2.3380281690140845,3.3380281690140845,0.014084507042253521,16.698308680668774,59.88630460267367,False,13.681300577599371,1.184096394789661,0.2331569572356464,38.746667787794216,1.9696157607643432,0.15977471898814274
12,dflash2_pairwise_k16_tb16,Pairwise-MassPreserving,16,242,736,2.041322314049587,3.0371900826446283,0.008264462809917356,18.45046478261674,54.19917664850147,False,13.810120090868224,1.1902624131880282,0.23395854949447026,38.739043140248974,1.978616851352132,0.16180920280652766
13,dflash2_pairwise_k16_tb16,Pairwise-MassPreserving,16,85,379,3.458823529411765,4.447058823529412,0.023529411764705882,12.535651791563575,79.77247746088436,True,13.69235867057475,1.1844083999783512,0.23118168199503356,38.65009702336358,1.974045623158899,0.16216776566579938
14,dflash2_pairwise_k16_tb16,Pairwise-MassPreserving,16,38,108,1.8157894736842106,2.8157894736842106,0.0,19.656402851844042,50.87400820675519,False,13.521679552612017,1.1884063161759466,0.23271591980071543,38.7954710005081,1.9656577106185356,0.1616355002624914
15,dflash2_pairwise_k16_tb16,Pairwise-MassPreserving,16,4,9,1.0,2.0,0.0,23.437477110645787,42.66670833550508,True,10.42814424909011,1.1822922497231048,0.22980549874773715,38.776089750172105,1.9683532500494039,0.149638501170557
16,dflash2_pairwise_k16_tb16,Pairwise-MassPreserving,16,75,264,2.52,3.506666666666667,0.04,15.988590651514558,62.54459957077409,False,13.770931612719627,1.192959839924394,0.23418432023997107,38.94155471944638,1.9793916399551865,0.1608169610456874
17,dflash2_pairwise_k16_tb16,Pairwise-MassPreserving,16,18,56,2.111111111111111,3.0555555555555554,0.05555555555555555,18.011178625004373,55.521075040127045,True,13.218074222499531,1.1730922778951935,0.23312955656567486,39.27223577759125,1.9798443900072016,0.15840171989920135
18,dflash2_pairwise_k16_tb16,Pairwise-MassPreserving,16,17,87,4.117647058823529,5.0588235294117645,0.11764705882352941,10.954125091950704,91.28981014967765,True,13.23588064748465,1.1788050589316033,0.23201182321987718,39.267118471530814,1.9842337055974093,0.1612963520421931
19,dflash2_pairwise_k16_tb16,Pairwise-MassPreserving,16,11,87,6.909090909090909,7.818181818181818,0.9090909090909091,7.019841160953725,142.45336569184406,True,12.769364544841334,1.1249659993071957,0.23351654420945456,39.248431635893546,1.9851305465139872,0.15915263859576292
20,dflash2_pairwise_k16_tb16,Pairwise-MassPreserving,16,119,356,1.9915966386554622,2.9831932773109244,0.0,19.33638175841623,51.71598350165725,False,14.164767722770897,1.2140370173034447,0.23823961377840394,40.04386774760264,2.0223133532675726,0.16342921751383066
21,dflash2_pairwise_k16_tb16,Pairwise-MassPreserving,16,86,271,2.13953488372093,3.13953488372093,0.0,18.401702073791682,54.3427991600969,True,14.211480581823622,1.2334354186625502,0.2372595463807662,40.09598741880794,2.043391535089752,0.16520435967195649
22,dflash2_pairwise_k16_tb16,Pairwise-MassPreserving,16,68,196,1.8676470588235294,2.8676470588235294,0.0,19.678150678559252,50.81778345612381,False,13.799054897069308,1.2061047794251114,0.23250654414689909,39.34296286720115,1.9772359557785368,0.1615104416380157
23,dflash2_pairwise_k16_tb16,Pairwise-MassPreserving,16,74,181,1.445945945945946,2.4324324324324325,0.0,22.970197022135512,43.53467229890705,False,13.722669702720186,1.1933289049035944,0.2329819453243053,38.90326359534221,1.9701725402744676,0.1614435953072373
24,dflash2_pairwise_k16_tb16,Pairwise-MassPreserving,16,372,1361,2.6586021505376345,3.6559139784946235,0.07795698924731183,15.347829450399226,65.15579308668876,False,13.814357639886865,1.1857570618929614,0.23290662861116837,38.79102573951695,1.9664989650928257,0.16105579831468453
25,dflash2_pairwise_k16_tb16,Pairwise-MassPreserving,16,363,1354,2.7300275482093666,3.727272727272727,0.03856749311294766,14.816939980796949,67.490318601278,False,13.819955801867884,1.187227782412508,0.23311150712301035,37.89755997815479,1.9681134658301833,0.16162577314900758
26,dflash2_pairwise_k16_tb16,Pairwise-MassPreserving,16,266,927,2.4849624060150375,3.481203007518797,0.041353383458646614,16.11886211973935,62.039118677948615,False,14.036004154457574,1.2022793495741364,0.23531370306202853,38.53602758624076,2.0013974661784792,0.1626062555185211
27,dflash2_pairwise_k16_tb16,Pairwise-MassPreserving,16,252,841,2.3373015873015874,3.3333333333333335,0.003968253968253968,16.86998937930725,59.27686008069462,False,13.8117437538659,1.1959971506878482,0.233575714417615,38.924911880900574,1.9728285479932166,0.1611852854578586
28,dflash2_pairwise_k16_tb16,Pairwise-MassPreserving,16,73,223,2.0547945205479454,3.041095890410959,0.0136986301369863,18.49148339912193,54.0789496664981,False,13.768946739792352,1.194451082209189,0.23248938369972963,39.155901835578305,1.9738257946151512,0.16206732854623448
29,dflash2_pairwise_k16_tb16,Pairwise-MassPreserving,16,25,91,2.64,3.6,0.04,15.455741109870178,64.70087670926313,True,13.422046040941495,1.196389400283806,0.23277779953787103,39.25310884078499,1.99350420065457,0.16107135772472247
30,dflash2_pairwise_k16_tb16,Pairwise-MassPreserving,16,142,435,2.063380281690141,3.056338028169014,0.014084507042253521,18.66346493332604,53.580618795729094,False,14.01008145069387,1.2010817042888884,0.23579809121528483,39.57885352116444,1.9844492251163308,0.1630264722875772
31,dflash2_pairwise_k16_tb16,Pairwise-MassPreserving,16,223,776,2.4798206278026904,3.475336322869955,0.03139013452914798,16.312177287376866,61.30389477644087,False,13.952241470839414,1.2013072602729096,0.23564965923702044,39.21863809857656,1.9932758389549818,0.16233868110766259
32,dflash2_pairwise_k16_tb16,Pairwise-MassPreserving,16,229,974,3.2489082969432315,4.248908296943231,0.13537117903930132,13.421712975363505,74.50613806416291,False,14.010534550254711,1.192991296788952,0.23519818332477363,39.492487248570114,1.9914461573022602,0.16358028430091096
33,dflash2_pairwise_k16_tb16,Pairwise-MassPreserving,16,205,873,3.2585365853658534,4.253658536585366,0.13170731707317074,13.336476168380493,74.98232571891099,False,13.98430810236832,1.192858644332396,0.23654781955595286,39.22245295171018,1.9933303852889277,0.16437377965236763
34,dflash2_pairwise_k16_tb16,Pairwise-MassPreserving,16,49,136,1.7755102040816326,2.7551020408163267,0.0,20.491125897077676,48.801613196989535,False,13.834117999809974,1.2023770002403524,0.2364746738303624,39.4523729797695,1.9863248373291513,0.1616615294811449
35,dflash2_pairwise_k16_tb16,Pairwise-MassPreserving,16,97,262,1.7010309278350515,2.6907216494845363,0.0,21.315444309156895,46.91433992630453,False,14.082501484435197,1.2089472059124466,0.23811343294021087,39.85994121654754,2.020888175148056,0.16328280459496566
36,dflash2_pairwise_k16_tb16,Pairwise-MassPreserving,16,38,90,1.368421052631579,2.3421052631578947,0.0,23.712654399989535,42.17157569674871,False,13.573908447525403,1.1947222634549497,0.23490460616334244,39.02282452690997,1.9759779740860195,0.15921207657237046
37,dflash2_pairwise_k16_tb16,Pairwise-MassPreserving,16,31,86,1.7741935483870968,2.7419354838709675,0.03225806451612903,20.242532232534657,49.40093405867264,False,13.518402966691346,1.1963310638337485,0.2364152580060275,39.0724882581121,1.973568482724424,0.1594962931478456
38,dflash2_pairwise_k16_tb16,Pairwise-MassPreserving,16,140,386,1.7571428571428571,2.75,0.0,20.439007455943614,48.926054856406566,False,14.055306592958264,1.2053471358480496,0.2372500072981763,38.694677900275565,1.9973535929498862,0.1633281849145986
39,dflash2_pairwise_k16_tb16,Pairwise-MassPreserving,16,162,485,1.9938271604938271,2.9876543209876543,0.0,19.103682222677104,52.345929352454675,False,14.073875728498047,1.2106830990326412,0.23689012295231626,39.50190007369347,2.007033358416793,0.16274032110052275
40,dflash2_pairwise_k16_tb16,Pairwise-MassPreserving,16,27,106,2.925925925925926,3.888888888888889,0.037037037037037035,14.274709556597166,70.0539647433907,True,13.465541480669614,1.1919516664757221,0.23347266633882774,39.01447670391968,1.9762082951341722,0.15980152076938087
41,dflash2_pairwise_k16_tb16,Pairwise-MassPreserving,16,40,175,3.375,4.35,0.125,13.333211754299036,75.00068388830391,True,14.167474899477384,1.2094900752344984,0.24086105022433912,40.500909275215236,2.0495693508564727,0.1644967740503489
42,dflash2_pairwise_k16_tb16,Pairwise-MassPreserving,16,36,129,2.5833333333333335,3.5555555555555554,0.027777777777777776,16.003907899225183,62.48473849617781,True,13.838158555396754,1.2099614442478115,0.2356906942521972,39.8874418887216,2.012261805955657,0.16382225031621703
43,dflash2_pairwise_k16_tb16,Pairwise-MassPreserving,16,73,347,3.7534246575342465,4.739726027397261,0.1917808219178082,11.89052670606045,84.10056381188839,False,13.822271794595832,1.1768356848297614,0.2343261230510519,39.13495060300043,1.9922969732848188,0.16004165689531102
44,dflash2_pairwise_k16_tb16,Pairwise-MassPreserving,16,199,724,2.6381909547738696,3.6331658291457285,0.04020100502512563,15.74267145717878,63.52162037555527,False,14.107966025043442,1.2023043264482807,0.23550630163783956,39.56360648725189,2.0023804776904046,0.16308128141275088
45,dflash2_pairwise_k16_tb16,Pairwise-MassPreserving,16,197,732,2.715736040609137,3.7106598984771573,0.09137055837563451,15.381850333331068,65.01168444170148,False,14.087419974392215,1.2018154568049517,0.2373851928283782,39.45770040593231,2.0068617817428116,0.16371284311325265
46,dflash2_pairwise_k16_tb16,Pairwise-MassPreserving,16,58,247,3.2586206896551726,4.241379310344827,0.06896551724137931,13.182207817816918,75.85982665577549,True,13.878274637857524,1.1887137930145777,0.23728091413243513,38.67812198260599,1.994328482647563,0.16130313803120677
47,dflash2_pairwise_k16_tb16,Pairwise-MassPreserving,16,37,205,4.54054054054054,5.513513513513513,0.32432432432432434,10.209997404876404,97.94321784277724,True,13.683481702960185,1.1782695673409271,0.23230773041251343,39.33333962187454,1.97925073046684,0.16225518747641882
48,dflash2_pairwise_k16_tb16,Pairwise-MassPreserving,16,174,849,3.8793103448275863,4.873563218390805,0.20689655172413793,11.638157881033765,85.92425109042897,False,13.946698488712434,1.18151651150092,0.23358327606907006,39.28041797682935,1.9817192583888816,0.16224863216409396
49,dflash2_pairwise_k16_tb16,Pairwise-MassPreserving,16,21,106,4.0476190476190474,5.0,0.19047619047619047,11.11314483960258,89.98352981384892,False,13.313941000281678,1.1919932387952161,0.2340960958723112,39.211142856705315,1.985796762233977,0.1579516174388118
50,dflash2_pairwise_k16_tb16,Pairwise-MassPreserving,16,53,311,4.867924528301887,5.849056603773585,0.37735849056603776,9.703334231533962,103.05735906222762,True,13.826657793065094,1.160161754359131,0.23599394379108968,39.56240990579695,1.9936917741225049,0.15951777239469853
51,dflash2_pairwise_k16_tb16,Pairwise-MassPreserving,16,141,783,4.553191489361702,5.546099290780142,0.3617021276595745,10.186926785438773,98.16503260133402,False,13.87043131899513,1.159887949846097,0.23282187266757462,39.168851376345614,1.9767273047976923,0.16123530499725275
52,dflash2_pairwise_k16_tb16,Pairwise-MassPreserving,16,11,62,4.636363636363637,5.545454545454546,0.2727272727272727,9.947157177521149,100.53123542270214,True,12.879107727547472,1.1534064555731178,0.2343090005028485,39.6561716347192,1.9808264551102184,0.16197372712089086
53,dflash2_pairwise_k16_tb16,Pairwise-MassPreserving,16,61,383,5.262295081967213,6.262295081967213,0.5409836065573771,9.106579349872014,109.81071614052912,False,13.933241049225678,1.1664020825801493,0.23431337718111386,39.68922122950345,1.9915352298040325,0.16266229401673912
54,dflash2_pairwise_k16_tb16,Pairwise-MassPreserving,16,61,230,2.7704918032786887,3.7540983606557377,0.04918032786885246,15.146032756519675,66.02388995689618,False,13.894630065612441,1.20007227874861,0.23486850853364336,39.63829029554723,1.9774503771408432,0.16268083506519523
55,dflash2_pairwise_k16_tb16,Pairwise-MassPreserving,16,39,159,3.076923076923077,4.051282051282051,0.07692307692307693,13.813846238986546,72.3911344240766,False,13.611412384377148,1.1820457431708629,0.2320270770071194,39.15339784576552,1.9780773589632308,0.1610281035074224
56,dflash2_pairwise_k16_tb16,Pairwise-MassPreserving,16,170,861,4.064705882352941,5.0588235294117645,0.21176470588235294,11.181619810677349,89.4324808866331,False,13.901474105617073,1.1706512822831214,0.23222550020470997,39.19180151159012,1.9734521412294057,0.1620110884473166
57,dflash2_pairwise_k16_tb16,Pairwise-MassPreserving,16,281,2048,6.288256227758007,7.284697508896797,0.7615658362989324,7.728681103028379,129.38818236505625,False,13.884035028752148,1.1426715944745343,0.23313566924899723,38.927827060533964,1.979016281189596,0.16192254730296451
58,dflash2_pairwise_k16_tb16,Pairwise-MassPreserving,16,67,253,2.7761194029850746,3.7611940298507465,0.05970149253731343,14.940657822130866,66.93145722932955,False,13.764720089423449,1.1894998949458961,0.2335200297781753,39.09332200017351,1.9757380300078111,0.16090785118024936
59,dflash2_pairwise_k16_tb16,Pairwise-MassPreserving,16,206,704,2.412621359223301,3.412621359223301,0.024271844660194174,16.538365866474372,60.46546606077585,False,13.882896931975056,1.1940372815904958,0.2333131260368566,39.06992697565973,1.977507820343305,0.16178179642347193
60,dflash2_pairwise_k16_tb16,Pairwise-MassPreserving,16,54,386,6.148148148148148,7.12962962962963,0.7037037037037037,7.755200645074018,128.9457289071153,True,13.712035592443836,1.141206481676178,0.24649642525926335,38.201138037375465,1.9744632589680366,0.15998333388038358
61,dflash2_pairwise_k16_tb16,Pairwise-MassPreserving,16,93,629,5.763440860215054,6.752688172043011,0.6344086021505376,8.33638444992074,119.95608000174558,False,13.803093193048205,1.1581245161059703,0.23465080667720226,39.050519698526664,1.9751867525541142,0.16106824814316928
62,dflash2_pairwise_k16_tb16,Pairwise-MassPreserving,16,14,74,4.285714285714286,5.214285714285714,0.21428571428571427,10.533679729780635,94.9335868996299,True,12.97710321471511,1.1617602852181466,0.23274642808246426,39.182003143650945,1.9650121435656078,0.15939621360822848
63,dflash2_pairwise_k16_tb16,Pairwise-MassPreserving,16,14,75,4.285714285714286,5.285714285714286,0.2857142857142857,10.402773946601277,96.12820629700533,True,13.047233856923413,1.1692585716705903,0.23459878658676253,39.147244999185205,1.9752048579643346,0.15560507017653435
64,dflash2_pairwise_k16_tb16,Pairwise-MassPreserving,16,47,312,5.617021276595745,6.617021276595745,0.5531914893617021,8.513120086554876,117.46574579387662,True,13.711590531648712,1.1680268083743632,0.232990489011888,39.25058046854943,1.9902343619639609,0.15920429800741098
65,dflash2_pairwise_k16_tb16,Pairwise-MassPreserving,16,60,354,4.9,5.883333333333334,0.43333333333333335,9.410826014131201,106.26059800684978,True,13.751685998916704,1.1661755510431249,0.2338358338117056,38.23348329982158,1.9770383838476846,0.16165441593329888
66,dflash2_pairwise_k16_tb16,Pairwise-MassPreserving,16,83,483,4.819277108433735,5.807228915662651,0.3614457831325301,9.73947705797946,102.67491714873023,True,13.855801277330386,1.1748072291697735,0.23223006042738792,39.27712010886627,1.9757358071707043,0.16102140865089506
67,dflash2_pairwise_k16_tb16,Pairwise-MassPreserving,16,141,863,5.113475177304965,6.113475177304965,0.46808510638297873,9.227372800692502,108.3732088861687,False,13.857583765566748,1.1564004822722505,0.23442495086705906,39.09030612079255,1.975892893282667,0.1621487162799198
68,dflash2_pairwise_k16_tb16,Pairwise-MassPreserving,16,63,384,5.095238095238095,6.079365079365079,0.47619047619047616,9.398215195327944,106.40318179744614,False,14.108002984329008,1.1870318097256434,0.24078536507514645,39.60259849162188,1.9866657781272403,0.1592748569295047
69,dflash2_pairwise_k16_tb16,Pairwise-MassPreserving,16,16,91,4.6875,5.625,0.3125,9.82129717582151,101.81954400706282,True,13.115200687934703,1.1460448126854317,0.2316528757546621,39.220215312980145,1.9882735005012364,0.1572404976286565
70,dflash2_pairwise_k16_tb16,Pairwise-MassPreserving,16,38,234,5.157894736842105,6.131578947368421,0.47368421052631576,9.281600653850592,107.7400372300156,False,13.81920315773306,1.1598220260470713,0.23615279018198826,39.78513100006048,1.994407552908677,0.1604032888855344
71,dflash2_pairwise_k16_tb16,Pairwise-MassPreserving,16,88,606,5.886363636363637,6.875,0.625,8.328144443895676,120.07476656255348,False,14.02475818180061,1.154539783783548,0.2367719548188192,39.76808669317093,2.004425226831782,0.16204921642135808
72,dflash2_pairwise_k16_tb16,Pairwise-MassPreserving,16,58,323,4.568965517241379,5.551724137931035,0.3103448275862069,10.321708770890341,96.88318302684885,False,14.009076155318702,1.1645802933971623,0.23712156915531396,39.91299850004625,1.9949584831042086,0.16250522307458232
73,dflash2_pairwise_k16_tb16,Pairwise-MassPreserving,16,37,259,6.0,6.972972972972973,0.7297297297297297,8.178252050185415,122.27551729434998,False,13.854803378627686,1.1720965947559405,0.23975799912649737,39.811919756372134,2.006891864938724,0.16229475747693228
74,dflash2_pairwise_k16_tb16,Pairwise-MassPreserving,16,45,282,5.266666666666667,6.2444444444444445,0.5111111111111111,9.221252521288628,108.44513776098765,False,14.017071288900398,1.1747330894447967,0.23692804453377095,40.17815122270905,2.0161931554967953,0.16343899899058872
75,dflash2_pairwise_k16_tb16,Pairwise-MassPreserving,16,37,271,6.324324324324325,7.297297297297297,0.7837837837837838,7.701633409579797,129.8425862176372,True,13.623879648818999,1.153758703219717,0.23239470170370327,39.254905973172534,1.9828071611275822,0.16151473077165113
76,dflash2_pairwise_k16_tb16,Pairwise-MassPreserving,16,29,166,4.724137931034483,5.689655172413793,0.3793103448275862,9.988757668687901,100.11254984538608,True,13.71574558614721,1.1692248620514372,0.23720051680795912,39.89854182747939,1.9953842074128574,0.1609296553491306
77,dflash2_pairwise_k16_tb16,Pairwise-MassPreserving,16,62,399,5.435483870967742,6.419354838709677,0.532258064516129,8.793380478682069,113.7219073397672,True,13.787040661906847,1.152698096707501,0.23428300001767405,39.271536693817204,1.9819963383798171,0.1621034510120175
78,dflash2_pairwise_k16_tb16,Pairwise-MassPreserving,16,31,212,5.838709677419355,6.806451612903226,0.6129032258064516,8.260408594342495,121.05938690307572,True,13.589927322520394,1.1494674195531727,0.23455722581392394,39.3759355494929,1.9793291296903794,0.16131954649726168
79,dflash2_pairwise_k16_tb16,Pairwise-MassPreserving,16,120,767,5.391666666666667,6.383333333333334,0.5166666666666667,8.855364850069295,112.9258948593377,False,13.863534891667465,1.1625011915384675,0.23312037543898137,39.1995912497805,1.9797377501769613,0.16205487475720778
80,dflash2_pairwise_k16_tb16,Pairwise-MassPreserving,16,115,518,3.5043478260869567,4.495652173913044,0.12173913043478261,12.780053210429578,78.24693555922893,False,14.304194104498373,1.2285825742013834,0.24095746124183517,39.583742260773484,2.0421290258957963,0.16619946906322855
81,dflash2_pairwise_k16_tb16,Pairwise-MassPreserving,16,141,648,3.595744680851064,4.588652482269503,0.2127659574468085,12.536321637346617,79.76821502576378,False,14.162461134716159,1.1888092483025612,0.23806039010693075,39.84458995721896,2.0154859574060846,0.1643267945231249
82,dflash2_pairwise_k16_tb16,Pairwise-MassPreserving,16,71,374,4.267605633802817,5.253521126760563,0.28169014084507044,10.90355843582152,91.71317839822774,False,14.008690127065819,1.1813756203300214,0.23570029609377535,39.84731590149032,1.9999147322304336,0.1626491678212966
83,dflash2_pairwise_k16_tb16,Pairwise-MassPreserving,16,88,536,5.090909090909091,6.079545454545454,0.4318181818181818,9.471898175366162,105.57545926757625,False,14.127496681959945,1.1735876364995916,0.2388904999448145,39.96031820522396,2.0274011589704473,0.1647765219042247
84,dflash2_pairwise_k16_tb16,Pairwise-MassPreserving,16,111,498,3.4864864864864864,4.4774774774774775,0.21621621621621623,12.676119383531,78.88849652987764,True,14.134353117467752,1.1945380273417712,0.23633672042722553,39.126017495692466,2.0164537659388975,0.16353918843313228
85,dflash2_pairwise_k16_tb16,Pairwise-MassPreserving,16,60,319,4.316666666666666,5.3,0.31666666666666665,10.643192037633842,93.95677504117614,False,14.024846566705188,1.1893921334073336,0.23961146701670563,38.94435098288037,2.024627566424897,0.16347561698542754
86,dflash2_pairwise_k16_tb16,Pairwise-MassPreserving,16,92,477,4.173913043478261,5.173913043478261,0.29347826086956524,10.821798010476655,92.40608621893453,False,13.911960217624058,1.181360847824734,0.23556831500014674,38.625980217029394,1.9925896085624117,0.16121091349581865
87,dflash2_pairwise_k16_tb16,Pairwise-MassPreserving,16,138,725,4.246376811594203,5.246376811594203,0.3333333333333333,10.94228843171832,91.38856156462741,False,14.088925703275152,1.1845833983186267,0.23791487662980426,39.789297072644146,2.022453790087256,0.16348539814487964
88,dflash2_pairwise_k16_tb16,Pairwise-MassPreserving,16,168,767,3.5654761904761907,4.559523809523809,0.19642857142857142,12.471361033901672,80.18371028483885,False,14.040359719945714,1.1865725360794819,0.23801254783826326,39.3169865650894,1.9925029700538115,0.1632675241039362
89,dflash2_pairwise_k16_tb16,Pairwise-MassPreserving,16,169,821,3.8579881656804735,4.85207100591716,0.24260355029585798,11.74598279293794,85.13548994820866,False,14.02287565703165,1.1860990591833545,0.23693265694747376,39.45261820695796,1.9998495859133918,0.1634702363451695
90,dflash2_pairwise_k16_tb16,Pairwise-MassPreserving,16,191,962,4.036649214659686,5.031413612565445,0.24083769633507854,11.449325811849416,87.34138729505413,False,14.126444402905376,1.2411621153288819,0.2428397592428355,39.875520508067744,2.0144614242081267,0.16580964888126654
91,dflash2_pairwise_k16_tb16,Pairwise-MassPreserving,16,143,586,3.097902097902098,4.090909090909091,0.11188811188811189,13.916352844713936,71.85790782675114,False,13.99372225167137,1.1924066856300777,0.23629251752338548,39.449841223988464,1.9931924476762874,0.16239639100947553
92,dflash2_pairwise_k16_tb16,Pairwise-MassPreserving,16,113,557,3.9292035398230087,4.920353982300885,0.25663716814159293,11.494705393178162,86.99657501387348,False,13.871819717308354,1.175147150174418,0.23436835406562395,39.233519017876155,1.9822860708660075,0.16260220298586056
93,dflash2_pairwise_k16_tb16,Pairwise-MassPreserving,16,109,526,3.8256880733944953,4.81651376146789,0.1834862385321101,11.675550515217129,85.64906628571107,False,13.809725220198743,1.1773457794867823,0.2339781648340558,38.9815765224614,1.9778314403283896,0.16210774428888283
94,dflash2_pairwise_k16_tb16,Pairwise-MassPreserving,16,166,774,3.6626506024096384,4.656626506024097,0.1566265060240964,12.307954635654227,81.2482682624744,False,14.095019512050309,1.2602387528697516,0.24568190328644993,39.58731503055798,2.0319338314093547,0.16750306618983396
95,dflash2_pairwise_k16_tb16,Pairwise-MassPreserving,16,221,1027,3.6470588235294117,4.642533936651584,0.19909502262443438,12.12997102044903,82.44042778949539,False,13.87019025779364,1.173063728354431,0.23385618122086999,38.95280358359972,1.976457891242507,0.16231721752255784
96,dflash2_pairwise_k16_tb16,Pairwise-MassPreserving,16,139,638,3.5899280575539567,4.58273381294964,0.1510791366906475,12.30224232915767,81.28599431258884,False,13.851178078635817,1.1878691079440902,0.23447115852819125,39.05916172652397,1.971334611618868,0.1623925541777988
97,dflash2_pairwise_k16_tb16,Pairwise-MassPreserving,16,126,689,4.4603174603174605,5.4603174603174605,0.30952380952380953,10.297516918719962,97.11078970718559,False,13.817216515957307,1.1685532700207586,0.2328461507983905,38.9484537224653,1.9806918414057388,0.16167625330531538
98,dflash2_pairwise_k16_tb16,Pairwise-MassPreserving,16,116,504,3.3448275862068964,4.336206896551724,0.13793103448275862,13.000245952377828,76.9216216110968,False,13.845339749768128,1.1787054479947106,0.23537174155504106,39.08734220705559,1.9747654483769017,0.16230264661536584
99,dflash2_pairwise_k16_tb16,Pairwise-MassPreserving,16,97,502,4.175257731958763,5.164948453608248,0.26804123711340205,10.690907091634562,93.53743245813834,False,13.761777298755407,1.1698695467652984,0.23214949513053446,38.01816964941159,1.9855031340242575,0.1607304635474497
100,dflash2_pairwise_k16_tb16,Pairwise-MassPreserving,16,3,14,3.6666666666666665,4.333333333333333,0.0,11.126496000153045,89.87555471068744,True,9.279971668244494,1.1743266659323126,0.23020866744142646,39.110738999928195,1.9812586663950544,0.14714333277273303
101,dflash2_pairwise_k16_tb16,Pairwise-MassPreserving,16,32,218,5.78125,6.78125,0.6875,8.133180692662172,122.95312716981793,True,13.548212187970421,1.1351807809205638,0.23326015548263968,38.35581824955625,1.9756855006107799,0.15913659422039927
102,dflash2_pairwise_k16_tb16,Pairwise-MassPreserving,16,3,16,4.0,5.0,0.0,9.75088243785649,102.55482069167755,True,9.304018666928945,1.1779869989065144,0.23030166630633175,39.15858032996766,1.9846716701673965,0.1491470029577613
103,dflash2_pairwise_k16_tb16,Pairwise-MassPreserving,16,6,30,3.8333333333333335,4.833333333333333,0.16666666666666666,10.88670903336606,91.85512324570782,True,11.640480332668327,1.1641264985276696,0.23300483250447238,39.26170766499126,1.9817101674561854,0.15251567068238123
104,dflash2_pairwise_k16_tb16,Pairwise-MassPreserving,16,12,80,5.666666666666667,6.583333333333333,0.5833333333333334,8.331224075027421,120.03038100937269,True,12.82502733192814,1.1347045820002677,0.23110925030778162,39.21815108272616,1.9720397503988352,0.1604618361549607
105,dflash2_pairwise_k16_tb16,Pairwise-MassPreserving,16,26,173,5.615384615384615,6.615384615384615,0.6923076923076923,8.409230919082775,118.9169389712839,True,13.40196049988243,1.1357608846782778,0.23173519282583863,39.03706373127464,1.9864857304827848,0.16072276859911375
106,dflash2_pairwise_k16_tb16,Pairwise-MassPreserving,16,29,160,4.517241379310345,5.482758620689655,0.27586206896551724,10.196947387521504,98.06856522803561,False,13.485580930137075,1.1702952755952318,0.23248793149832636,39.240278241903006,1.9726682073488864,0.15770948260163503
107,dflash2_pairwise_k16_tb16,Pairwise-MassPreserving,16,86,600,5.976744186046512,6.965116279069767,0.6744186046511628,8.072247078331808,123.88124276873073,True,13.769595674983616,1.1477875581646046,0.23232437220136742,39.02667740747051,1.980081383175444,0.16153647608683105
108,dflash2_pairwise_k16_tb16,Pairwise-MassPreserving,16,15,103,5.866666666666666,6.8,0.7333333333333333,8.1450845630844,122.77343375073785,True,13.075503866518071,1.159111135348212,0.23690479865763336,39.31966519982476,1.977754332862484,0.16064133330170685
109,dflash2_pairwise_k16_tb16,Pairwise-MassPreserving,16,13,60,3.6153846153846154,4.538461538461538,0.07692307692307693,12.057760416670742,82.93414078931492,True,12.886390076556172,1.150673922473708,0.23457538526809701,39.236689846103005,1.9814604613482236,0.16141223134652066
110,dflash2_pairwise_k16_tb16,Pairwise-MassPreserving,16,4,15,2.5,3.5,0.0,14.218272999763334,70.33202977722014,False,10.478738749952754,1.2001669983874308,0.2335422504984308,39.268003001780016,1.986475250305375,0.15159749818849377
111,dflash2_pairwise_k16_tb16,Pairwise-MassPreserving,16,4,18,3.5,4.25,0.25,11.817081833416724,84.62326097904881,False,10.461733751071733,1.1776920000556856,0.23613775192643516,39.163398501841584,1.987312498386018,0.1505937470938079
112,dflash2_pairwise_k16_tb16,Pairwise-MassPreserving,16,15,73,3.8666666666666667,4.8,0.3333333333333333,11.558529589072425,86.5161950137163,True,13.148484599757163,1.179510133806616,0.2314879335851098,39.534890000262145,1.9987415997699525,0.1583963996381499
113,dflash2_pairwise_k16_tb16,Pairwise-MassPreserving,16,7,33,3.7142857142857144,4.571428571428571,0.2857142857142857,11.674921757455168,85.65367895176149,True,12.048337428755726,1.1929212861494827,0.2271922878987555,39.39926957121185,2.016530428331212,0.15466585422733
114,dflash2_pairwise_k16_tb16,Pairwise-MassPreserving,16,11,41,2.727272727272727,3.6363636363636362,0.0,15.014584780501758,66.60190838567978,True,12.819519728840202,1.1914072721000677,0.23763409064320679,39.56938336275264,1.9880698184186423,0.15743809093361383
115,dflash2_pairwise_k16_tb16,Pairwise-MassPreserving,16,7,31,3.4285714285714284,4.285714285714286,0.14285714285714285,12.477960806497704,80.1412999694041,True,12.122542286566127,1.1653167135331646,0.2299578585994563,39.597124715718174,1.9891124289383046,0.1554867111346019
116,dflash2_pairwise_k16_tb16,Pairwise-MassPreserving,16,14,55,2.9285714285714284,3.857142857142857,0.0,14.359422145406082,69.64068538927408,True,13.152844500707163,1.195220499669501,0.23294678560757479,39.67594592800846,1.9958667861439088,0.1591910711015641
117,dflash2_pairwise_k16_tb16,Pairwise-MassPreserving,16,14,76,4.428571428571429,5.357142857142857,0.35714285714285715,10.354610828998327,96.57533407238029,True,13.149734213324596,1.1859735002092617,0.2337370018981996,39.48665657143075,1.9936175714454814,0.16102564196834074
118,dflash2_pairwise_k16_tb16,Pairwise-MassPreserving,16,12,75,5.25,6.166666666666667,0.3333333333333333,8.96881689336927,111.49742623682164,True,12.943851084249522,1.174521916861219,0.23747758192863935,39.54016275019967,1.9971120843062333,0.16198016601265408
119,dflash2_pairwise_k16_tb16,Pairwise-MassPreserving,16,20,123,5.15,6.1,0.6,9.144661560980223,109.35341820269718,True,13.392013001066516,1.1427140005253023,0.23386614993796684,39.32335405006597,1.9849791005981388,0.1627422978344839
120,dflash2_pairwise_k16_tb16,Pairwise-MassPreserving,16,166,694,3.180722891566265,4.174698795180723,0.07228915662650602,13.679721010095284,73.10090602447416,False,14.044525499986163,1.2013146748271186,0.23632931921186476,39.54712022911176,1.9984703735590081,0.1633626804494226
121,dflash2_pairwise_k16_tb16,Pairwise-MassPreserving,16,239,1093,3.573221757322176,4.569037656903766,0.19246861924686193,12.34441853888002,81.00827081084434,False,13.868219786611967,1.181758267696115,0.23474896634869458,39.03307197080311,1.9741695235185248,0.1617949285189364
122,dflash2_pairwise_k16_tb16,Pairwise-MassPreserving,16,156,745,3.7756410256410255,4.769230769230769,0.17307692307692307,11.820121083214048,84.60150221473761,False,14.069458999960588,1.1935507433148673,0.23724351936275176,38.782999038794046,2.0020136925244842,0.1633891790847067
123,dflash2_pairwise_k16_tb16,Pairwise-MassPreserving,16,347,1481,3.2680115273775217,4.265129682997118,0.11239193083573487,13.255585674543724,75.43989564492942,False,13.898716694410348,1.211254821226547,0.23702846397427701,39.079840452550684,1.9851414957207894,0.16301053321030615
124,dflash2_pairwise_k16_tb16,Pairwise-MassPreserving,16,176,655,2.721590909090909,3.715909090909091,0.0625,15.24559108550191,65.59273395119257,False,13.897058590580194,1.217975210073002,0.23792281816978092,39.22889057395712,1.9925839209546128,0.163422073786602
125,dflash2_pairwise_k16_tb16,Pairwise-MassPreserving,16,250,1059,3.232,4.232,0.132,13.292209403212585,75.23203777983747,False,13.848417796223657,1.1825213719857857,0.23392135187168606,38.90325038420269,1.9754734479356557,0.16221467978903092
126,dflash2_pairwise_k16_tb16,Pairwise-MassPreserving,16,179,603,2.368715083798883,3.363128491620112,0.0335195530726257,16.50910687065117,60.57262866095657,False,13.855792279208895,1.186946905383908,0.2335859329700496,38.200803357753685,1.9761859999033726,0.16116285999045402
127,dflash2_pairwise_k16_tb16,Pairwise-MassPreserving,16,95,595,5.2631578947368425,6.252631578947368,0.5789473684210527,9.043980751259001,110.57077933970517,True,13.8887038108231,1.1555135684351339,0.23422913662599107,39.20857618948886,1.9951315158610476,0.16172522086172217
128,dflash2_pairwise_k16_tb16,Pairwise-MassPreserving,16,130,565,3.3461538461538463,4.338461538461538,0.16153846153846155,13.254181030093056,75.44789057351355,False,14.099706392544949,1.1931417767370407,0.23764403846983512,39.89385540010586,2.016801623092481,0.16356063060811038
129,dflash2_pairwise_k16_tb16,Pairwise-MassPreserving,16,129,645,4.0,4.992248062015504,0.2713178294573643,11.489038130240479,87.0394883073705,False,14.110750643614962,1.2017099922608634,0.2381875116085677,39.7096611477607,2.0213182716086227,0.16356308434867886
130,dflash2_pairwise_k16_tb16,Pairwise-MassPreserving,16,206,918,3.4563106796116503,4.451456310679611,0.1553398058252427,12.67091265249876,78.92091338841291,False,13.863218096746087,1.1831099757737056,0.23331774715294618,39.04844974262303,1.9755696797519087,0.16185813170893895
131,dflash2_pairwise_k16_tb16,Pairwise-MassPreserving,16,99,410,3.1414141414141414,4.1313131313131315,0.1919191919191919,13.564588521942978,73.72136636377385,False,13.766936898746556,1.184383565762828,0.2342528384149479,38.857919474516294,1.9708723537570967,0.16221359604087687
132,dflash2_pairwise_k16_tb16,Pairwise-MassPreserving,16,282,940,2.3333333333333335,3.3297872340425534,0.024822695035460994,16.898216595740102,59.17784248617642,False,13.885627216150684,1.190547691694261,0.23365692898209195,38.88392256040717,1.9727619291840084,0.1608723260487942
133,dflash2_pairwise_k16_tb16,Pairwise-MassPreserving,16,372,1583,3.2553763440860215,4.252688172043011,0.11559139784946236,13.241879294377075,75.51798183394044,False,13.904726776770556,1.186850604876439,0.2343820591098241,38.87731491426733,1.984723217412798,0.16118232809775132
134,dflash2_pairwise_k16_tb16,Pairwise-MassPreserving,16,238,832,2.495798319327731,3.491596638655462,0.05042016806722689,16.107143621394034,62.0842542604368,False,13.867884226997644,1.1960775253926443,0.2337723570602394,38.87407909261289,1.9735923655267058,0.16192003324952664
135,dflash2_pairwise_k16_tb16,Pairwise-MassPreserving,16,183,779,3.2568306010928962,4.251366120218579,0.1366120218579235,13.226784521177207,75.60416504849799,False,13.87546977047017,1.1833315682034466,0.23417622418730658,38.8662763061355,1.983769858041918,0.16115737677064515
136,dflash2_pairwise_k16_tb16,Pairwise-MassPreserving,16,274,991,2.616788321167883,3.613138686131387,0.06204379562043796,15.559705782035135,64.26856741433865,False,13.873133481912278,1.1930485363243688,0.23337272246517785,38.84041561686369,1.9747146824735937,0.1614771132339574
137,dflash2_pairwise_k16_tb16,Pairwise-MassPreserving,16,201,770,2.8308457711442787,3.825870646766169,0.05472636815920398,14.858985955841302,67.29934350647153,False,14.032606691393111,1.2003892788472956,0.23615105492896887,39.289056676660316,2.0024235321157287,0.16185627848145076
138,dflash2_pairwise_k16_tb16,Pairwise-MassPreserving,16,82,256,2.1219512195121952,3.1097560975609757,0.024390243902439025,18.326388855456344,54.5661236311849,False,14.005134524401312,1.2196030606346762,0.23673729287466125,39.588764121950454,2.001691586018551,0.1621614506669774
139,dflash2_pairwise_k16_tb16,Pairwise-MassPreserving,16,141,522,2.702127659574468,3.6950354609929077,0.0,15.54411284482966,64.33303785057271,False,14.157933886563372,1.2290745465095643,0.23836595757000795,39.72905314173872,2.029113978657753,0.1627485953512476
140,dflash2_pairwise_k16_tb16,Pairwise-MassPreserving,16,292,1099,2.7636986301369864,3.76027397260274,0.0547945205479452,15.204979548677466,65.76792798691928,False,14.127730297980023,1.2091603013238317,0.237022452158072,39.487523421061496,2.0010879588756336,0.1644362672192223
141,dflash2_pairwise_k16_tb16,Pairwise-MassPreserving,16,116,405,2.4827586206896552,3.4827586206896552,0.034482758620689655,16.317957849385515,61.28217815182413,False,13.999537819158988,1.2062798966859378,0.23840512096347963,39.369243749864964,1.9960735687696984,0.16264026698049452
142,dflash2_pairwise_k16_tb16,Pairwise-MassPreserving,16,250,833,2.332,3.328,0.028,17.66195199999828,56.61888334879958,False,14.50480571211665,1.3486373720807023,0.2538963560946286,40.48320381602389,2.0877507839759346,0.17133002370246686
143,dflash2_pairwise_k16_tb16,Pairwise-MassPreserving,16,153,433,1.8300653594771241,2.823529411764706,0.0,19.868527542720802,50.330856066199445,False,13.840941319929199,1.1946985622094883,0.23424986954755606,38.81912635932441,1.9786936468543679,0.161521784606271
144,dflash2_pairwise_k16_tb16,Pairwise-MassPreserving,16,322,1077,2.3447204968944098,3.341614906832298,0.031055900621118012,16.892384166199164,59.19827480604847,False,13.943215773319059,1.2025447823864666,0.23433495634155904,38.98497233563175,1.973214738964145,0.16202097545795124
145,dflash2_pairwise_k16_tb16,Pairwise-MassPreserving,16,282,1017,2.606382978723404,3.602836879432624,0.05319148936170213,15.824681381514855,63.19242554659717,False,14.094319996226485,1.2099282020444533,0.2375381667635912,39.353839088810716,2.010484326260118,0.1637517979109729
146,dflash2_pairwise_k16_tb16,Pairwise-MassPreserving,16,393,1456,2.704834605597964,3.7022900763358777,0.06615776081424936,15.415260258928006,64.87078279595268,False,14.110698198290741,1.20769112211911,0.2378973050412376,39.38947363841613,2.0018145800437828,0.16341481766451396
147,dflash2_pairwise_k16_tb16,Pairwise-MassPreserving,16,316,1340,3.240506329113924,4.237341772151899,0.11708860759493671,13.39424102984798,74.65895214007134,False,14.035468126512338,1.1935044052204578,0.23615140159989417,39.169012800662536,2.0019964902277496,0.16223063652478806
148,dflash2_pairwise_k16_tb16,Pairwise-MassPreserving,16,170,546,2.2058823529411766,3.2058823529411766,0.047058823529411764,17.789322287541466,56.21349615439469,False,14.05985848250566,1.2104898236644015,0.23699221218360916,39.47385286450941,1.9905476588225128,0.16337642300641164
149,dflash2_pairwise_k16_tb16,Pairwise-MassPreserving,16,283,1155,3.081272084805654,4.07773851590106,0.12367491166077739,13.992001257145887,71.46940467070696,False,14.105777890227493,1.201892749228689,0.23679807787315177,39.38584237828622,2.0124387777514934,0.16241426798807088
150,dflash2_pairwise_k16_tb16,Pairwise-MassPreserving,16,188,663,2.526595744680851,3.521276595744681,0.03723404255319149,16.307866306179893,61.32010044876615,False,14.17425846263173,1.2182835322706291,0.2384268617730568,39.69956704295715,2.0164543348847532,0.16426168568091754
151,dflash2_pairwise_k16_tb16,Pairwise-MassPreserving,16,285,993,2.4842105263157896,3.480701754385965,0.0456140350877193,16.149055229610784,61.92312712922101,False,13.888683568292068,1.1956583894891337,0.23370927366685415,38.80983455098446,1.977122431618913,0.16170000701350273
152,dflash2_pairwise_k16_tb16,Pairwise-MassPreserving,16,104,353,2.394230769230769,3.3846153846153846,0.019230769230769232,16.607541977338034,60.21360664718227,False,13.830270663115348,1.200680019232655,0.23377746191936938,38.97452126896566,1.9686522693099016,0.16192829822942328
153,dflash2_pairwise_k16_tb16,Pairwise-MassPreserving,16,329,1374,3.17629179331307,4.173252279635259,0.0972644376899696,13.44733691702799,74.36416638998074,False,13.868603489516865,1.187578270514885,0.23413595142293053,38.734963981847464,1.9719801792920224,0.16274093590569924
154,dflash2_pairwise_k16_tb16,Pairwise-MassPreserving,16,216,706,2.2685185185185186,3.263888888888889,0.05092592592592592,17.467383286115076,57.249559571690725,False,14.067521564693717,1.2893922402899651,0.2477722501444751,39.31204523622809,2.0096946248452663,0.1660398245264703
155,dflash2_pairwise_k16_tb16,Pairwise-MassPreserving,16,280,879,2.1392857142857142,3.1357142857142857,0.02142857142857143,17.902471995451265,55.85820775220786,False,13.882832318060016,1.1951897109871166,0.23448872845100205,38.75361322882652,1.9721968251230595,0.1626537742725111
156,dflash2_pairwise_k16_tb16,Pairwise-MassPreserving,16,325,995,2.0584615384615383,3.0584615384615383,0.024615384615384615,18.393824149748596,54.366073735334034,False,13.900558089259833,1.1953651540590307,0.2334376554398869,38.85224597535293,1.9693715724189622,0.1624216426996729
157,dflash2_pairwise_k16_tb16,Pairwise-MassPreserving,16,225,827,2.6755555555555555,3.671111111111111,0.09333333333333334,15.675270621527009,63.794751883051376,False,14.193873715994414,1.2363555246783007,0.24069886674017957,39.747572395879416,2.030451777843862,0.1663757366542108
158,dflash2_pairwise_k16_tb16,Pairwise-MassPreserving,16,204,676,2.3137254901960786,3.3088235294117645,0.049019607843137254,16.987585571004967,58.8665173058399,False,13.871984970725915,1.1952132010585903,0.23329356386681205,38.86000558828955,1.9677354168879009,0.1639625826974938
159,dflash2_pairwise_k16_tb16,Pairwise-MassPreserving,16,61,180,1.9508196721311475,2.9344262295081966,0.03278688524590164,18.955751461140203,52.754437198125686,True,13.679755803676644,1.1937273451562238,0.23313385201140963,38.700751541253965,1.9682338029493531,0.15940196651366126
0,dflash2_pairwise_k16_tb32,Pairwise-MassPreserving,32,254,775,2.0511811023622046,3.047244094488189,0.0,18.72003820515895,53.418694397985554,False,13.9897533385884,1.7478878465577352,0.23681826778771412,38.98428174804616,1.9935399056027283,0.16594570049673216
1,dflash2_pairwise_k16_tb32,Pairwise-MassPreserving,32,120,405,2.375,3.3666666666666667,0.0,16.828574350613593,59.422740106534256,False,13.866663966655324,1.7438173167041289,0.23899109164631227,38.78791459170922,1.9913375667177509,0.16771389988813704
2,dflash2_pairwise_k16_tb32,Pairwise-MassPreserving,32,17,84,3.9411764705882355,4.882352941176471,0.17647058823529413,11.358112630963054,88.04279658875068,True,13.18260346991284,1.7215200006081859,0.23438905854538247,38.84331970552654,1.9792515295728876,0.1613551182398463
3,dflash2_pairwise_k16_tb32,Pairwise-MassPreserving,32,93,423,3.5483870967741935,4.537634408602151,0.12903225806451613,12.548434252956461,79.69121723408608,False,13.895810301149933,1.7172404088380981,0.23738195695157002,39.068957644978525,1.9903299891607715,0.16541613978759376
4,dflash2_pairwise_k16_tb32,Pairwise-MassPreserving,32,72,220,2.0555555555555554,3.0416666666666665,0.027777777777777776,18.436215481812145,54.24106704472665,False,13.701867236098527,1.7242587915562682,0.2337121666945071,38.538454597326364,1.9696743057061719,0.16491354148860815
5,dflash2_pairwise_k16_tb32,Pairwise-MassPreserving,32,15,44,1.9333333333333333,2.8666666666666667,0.0,18.97220129541727,52.70869649910101,True,12.943009266503699,1.7362735993325866,0.23124466655038609,38.6023415994714,1.975976199901197,0.16294513479805742
6,dflash2_pairwise_k16_tb32,Pairwise-MassPreserving,32,62,204,2.2903225806451615,3.274193548387097,0.0,17.31305156861744,57.75989264727042,False,13.827230354734404,1.740480354783358,0.23626180641698621,39.009015354813236,1.9874054030350958,0.16513124231301668
7,dflash2_pairwise_k16_tb32,Pairwise-MassPreserving,32,56,268,3.7857142857142856,4.767857142857143,0.3392857142857143,11.910070977612476,83.9625558806252,True,13.796658428678452,1.6961901605359995,0.23635205356445763,39.08037244653834,2.0231251070461957,0.16549862506768218
8,dflash2_pairwise_k16_tb32,Pairwise-MassPreserving,32,57,176,2.087719298245614,3.0701754385964914,0.0,18.452597994300135,54.19291095535124,False,13.807053140465685,1.7469545962644348,0.23655759682776734,39.035355315718334,1.9861212809030946,0.16440099958951274
9,dflash2_pairwise_k16_tb32,Pairwise-MassPreserving,32,45,201,3.466666666666667,4.444444444444445,0.24444444444444444,12.743753651731858,78.46981567036973,False,13.738621889206115,1.6912848444513253,0.23463413316575396,39.10563064402797,1.9881195548805408,0.163808578670594
10,dflash2_pairwise_k16_tb32,Pairwise-MassPreserving,32,75,218,1.8933333333333333,2.8933333333333335,0.0,19.399825463301358,51.54685550608172,False,13.705010159950083,1.7459166264355492,0.23370850695452342,38.57276642617459,1.9672078668372706,0.16421642697726688
11,dflash2_pairwise_k16_tb32,Pairwise-MassPreserving,32,62,238,2.838709677419355,3.8225806451612905,0.03225806451612903,14.676577567230243,68.1357758932023,True,13.651330031984065,1.7169150489808676,0.23298379047417023,38.597703129198635,1.976942547996934,0.1632457900878733
12,dflash2_pairwise_k16_tb32,Pairwise-MassPreserving,32,178,607,2.4101123595505616,3.404494382022472,0.016853932584269662,16.574305914331088,60.33435156613968,False,13.813153134956185,1.7422498651816813,0.2355680446905016,38.582456719319616,1.980590831766002,0.16622685351843286
13,dflash2_pairwise_k16_tb32,Pairwise-MassPreserving,32,93,408,3.3870967741935485,4.376344086021505,0.07526881720430108,12.836614002445263,77.90216328149376,False,13.720190602539969,1.7007673652911488,0.23555057013772868,38.505966182637295,1.9875141929381939,0.16547896815100885
14,dflash2_pairwise_k16_tb32,Pairwise-MassPreserving,32,40,122,2.05,3.025,0.0,18.44587349180193,54.21266715530925,False,13.568097550341918,1.7452464242524002,0.23115755066100974,38.5818219749126,1.9673236243761494,0.16626702545181615
15,dflash2_pairwise_k16_tb32,Pairwise-MassPreserving,32,4,9,1.0,2.0,0.0,23.624951444314018,42.32812932365527,True,10.400538751127897,1.7263800000364427,0.23289800083148293,38.67164774965204,1.973353000721545,0.15132324733713176
16,dflash2_pairwise_k16_tb32,Pairwise-MassPreserving,32,66,245,2.712121212121212,3.696969696969697,0.07575757575757576,15.253700097970551,65.55786422817152,False,13.73596293948746,1.7360911215567312,0.23448592478278885,38.7633769851439,1.9888548029650173,0.1648119230759965
17,dflash2_pairwise_k16_tb32,Pairwise-MassPreserving,32,17,56,2.2941176470588234,3.235294117647059,0.058823529411764705,17.148220946442702,58.31508721069075,True,13.251642824958681,1.7191015294348986,0.2342364695162841,39.127210647326564,1.9921835889416637,0.16388217516257153
18,dflash2_pairwise_k16_tb32,Pairwise-MassPreserving,32,17,87,4.117647058823529,5.0588235294117645,0.17647058823529413,11.026708034520176,90.68889798019529,True,13.24990076425499,1.691083235474413,0.23375017660916508,39.08927441251067,2.003202823877526,0.16358852864119827
19,dflash2_pairwise_k16_tb32,Pairwise-MassPreserving,32,11,87,6.909090909090909,7.818181818181818,0.9090909090909091,7.074480586208206,141.35313367733502,True,12.787379454080524,1.585369819209022,0.23335845418676565,39.18727772807787,1.998399818892887,0.1609248164723712
20,dflash2_pairwise_k16_tb32,Pairwise-MassPreserving,32,122,366,2.0,2.9918032786885247,0.00819672131147541,19.07214701912907,52.43248172306009,False,13.94764718855588,1.7604507871122923,0.2366330818254997,39.1108596553839,1.9952626233313568,0.16558772117828904
21,dflash2_pairwise_k16_tb32,Pairwise-MassPreserving,32,86,302,2.511627906976744,3.5,0.011627906976744186,16.280080668872223,61.424757059835464,False,13.886389558624508,1.768029663274552,0.23662991834287314,39.10995406925416,2.002268894673677,0.16631350047454874
22,dflash2_pairwise_k16_tb32,Pairwise-MassPreserving,32,57,169,1.9649122807017543,2.9473684210526314,0.0,19.04586216568473,52.504842852518266,False,13.668080702094207,1.7524208072389134,0.23462435101943188,38.67935949120581,1.9699427017864461,0.1648825782467611
23,dflash2_pairwise_k16_tb32,Pairwise-MassPreserving,32,62,157,1.5161290322580645,2.5161290322580645,0.0,22.316606866262905,44.80967944601598,False,13.671802177052614,1.749433290012436,0.23470291829829465,38.715116467492116,1.9741235476929784,0.16622930918181797
24,dflash2_pairwise_k16_tb32,Pairwise-MassPreserving,32,334,1307,2.913173652694611,3.910179640718563,0.09281437125748503,14.449628325935741,69.20593232180877,False,13.843914610812995,1.7187744163378966,0.23431698790811348,38.601396305467915,1.9792907696029431,0.16621176615161515
25,dflash2_pairwise_k16_tb32,Pairwise-MassPreserving,32,328,1379,3.2042682926829267,4.201219512195122,0.11890243902439024,13.232022342276535,75.57423756797803,False,13.82169569831426,1.7170598688963077,0.23492190859719925,37.71215281711015,1.9785757408610107,0.16656594792637894
26,dflash2_pairwise_k16_tb32,Pairwise-MassPreserving,32,271,1004,2.7047970479704797,3.7011070110701105,0.04797047970479705,15.273540367527302,65.47270481741583,False,14.012184730617973,1.7492064057964904,0.23889106641844862,38.4141253394988,2.003003867131287,0.16795585621010883
27,dflash2_pairwise_k16_tb32,Pairwise-MassPreserving,32,218,838,2.8394495412844036,3.8394495412844036,0.027522935779816515,14.728975967777203,67.89338255339099,False,13.81951956894252,1.7429321881561484,0.2344959678030637,38.67393756448718,1.9804338486093511,0.16740499501684766
28,dflash2_pairwise_k16_tb32,Pairwise-MassPreserving,32,69,226,2.2753623188405796,3.260869565217391,0.043478260869565216,17.442887084055343,57.32995892142801,True,13.768494232309699,1.741605420766459,0.2379775070711849,39.242201246004015,1.9744758548398935,0.16702082591466033
29,dflash2_pairwise_k16_tb32,Pairwise-MassPreserving,32,23,91,2.9565217391304346,3.9130434782608696,0.08695652173913043,14.338558681349522,69.74201676914166,True,13.412103130932614,1.7561844357734788,0.23535586945439244,39.18275191308171,1.9821004781355758,0.16232330317902582
30,dflash2_pairwise_k16_tb32,Pairwise-MassPreserving,32,113,384,2.398230088495575,3.3893805309734515,0.035398230088495575,16.940205328126012,59.03116170260869,False,13.986332176420095,1.750120885007751,0.23663819431939237,39.43565292035351,1.9919492214953165,0.16602205373480736
31,dflash2_pairwise_k16_tb32,Pairwise-MassPreserving,32,202,786,2.886138613861386,3.886138613861386,0.039603960396039604,14.889663819333764,67.16068355428759,False,14.1123059998286,1.7691483316781105,0.2390907425116425,39.62748646020796,2.0210917031687528,0.1678854853590826
32,dflash2_pairwise_k16_tb32,Pairwise-MassPreserving,32,238,1113,3.676470588235294,4.6722689075630255,0.21008403361344538,12.300093019768852,81.30019816864706,False,14.033024668117092,1.7164993152634276,0.2373526470616808,39.37250099988887,1.9955068653091854,0.1661387438670157
33,dflash2_pairwise_k16_tb32,Pairwise-MassPreserving,32,192,848,3.4166666666666665,4.411458333333333,0.109375,12.944620505893326,77.25216815315117,False,13.977305390805364,1.726142359188998,0.23759022917602124,39.06699377091627,1.997593531655184,0.1664486192870148
34,dflash2_pairwise_k16_tb32,Pairwise-MassPreserving,32,47,137,1.8936170212765957,2.893617021276596,0.0,19.629364591270317,50.94408407110262,False,13.834784936408779,1.7579800427329053,0.23513997810833315,39.23571434031746,1.9896085958610823,0.16428165984875026
35,dflash2_pairwise_k16_tb32,Pairwise-MassPreserving,32,90,271,2.0,3.0,0.0,19.05918515128289,52.46814027265427,False,13.968024922602732,1.7556572338637326,0.24135176669612216,39.25337033304257,2.001712200096032,0.1692077214506248
36,dflash2_pairwise_k16_tb32,Pairwise-MassPreserving,32,30,77,1.5666666666666667,2.533333333333333,0.0,21.96467216888234,45.52765424000792,False,13.48030013468815,1.7518863998702727,0.23439379947376437,38.77284959962708,1.9744409335544333,0.16212103291763924
37,dflash2_pairwise_k16_tb32,Pairwise-MassPreserving,32,30,82,1.7333333333333334,2.7,0.0,21.186680365822323,47.199466019847456,False,13.869666967123825,1.7661518667106673,0.23973870047484525,39.84125803326606,2.022402500248669,0.17104159875695282
38,dflash2_pairwise_k16_tb32,Pairwise-MassPreserving,32,128,391,2.046875,3.046875,0.0,18.75602472377012,53.31620184594166,False,14.171681515108503,1.7724305004094276,0.24076617165746939,38.92017803923409,2.019155405946549,0.1695826410355039
39,dflash2_pairwise_k16_tb32,Pairwise-MassPreserving,32,154,503,2.2662337662337664,3.25974025974026,0.006493506493506494,17.428523097416985,57.377208293008266,False,13.90204557816554,1.7507105709795157,0.23778663648068663,38.880376941535786,1.987969409164144,0.1667415000427992
40,dflash2_pairwise_k16_tb32,Pairwise-MassPreserving,32,24,106,3.375,4.375,0.08333333333333333,13.421302650934898,74.50841591224696,True,14.100107707539186,1.7885163327567473,0.24832970878681712,40.89608566664538,2.075486333524168,0.16889429237683848
41,dflash2_pairwise_k16_tb32,Pairwise-MassPreserving,32,54,231,3.2777777777777777,4.2592592592592595,0.14814814814814814,13.288110277059365,75.2552454148731,False,13.747088777664532,1.710404036539667,0.23611009304726463,39.00015616710772,1.9859122404779084,0.16391153702796954
42,dflash2_pairwise_k16_tb32,Pairwise-MassPreserving,32,31,129,3.161290322580645,4.129032258064516,0.06451612903225806,13.59940970543494,73.53260337471521,True,13.564170870297183,1.7337906127420044,0.2371539033652704,38.91666054926557,1.9737432906573127,0.16557277370837606
43,dflash2_pairwise_k16_tb32,Pairwise-MassPreserving,32,68,334,3.911764705882353,4.897058823529412,0.20588235294117646,11.580570883229676,86.35152878759571,False,13.819292117713143,1.7048731909145478,0.23366867657494048,38.972696176749785,1.985357529038618,0.16515164722530992
44,dflash2_pairwise_k16_tb32,Pairwise-MassPreserving,32,198,794,3.005050505050505,4.005050505050505,0.06565656565656566,14.373016459701311,69.57481770119543,False,14.09991125763903,1.743128898934546,0.238906136097156,39.37874810112084,2.008705010115536,0.16784841933956773
45,dflash2_pairwise_k16_tb32,Pairwise-MassPreserving,32,199,811,3.0753768844221105,4.0703517587939695,0.10050251256281408,14.08717223058138,70.986567327482,False,14.04828031695958,1.7404002112985224,0.23783751260740776,39.210120798819865,2.0068183567769236,0.16707887892212353
46,dflash2_pairwise_k16_tb32,Pairwise-MassPreserving,32,53,247,3.660377358490566,4.6415094339622645,0.07547169811320754,12.122913186206494,82.48842375096808,True,13.880163434050528,1.7204413015861064,0.2369433025036552,38.50107052913133,1.992150302235046,0.16658126243680083
47,dflash2_pairwise_k16_tb32,Pairwise-MassPreserving,32,35,205,4.857142857142857,5.828571428571428,0.34285714285714286,9.693821531680708,103.1584908729613,True,13.619757456763182,1.6781152284238487,0.23296145768004603,39.09722402833203,1.9850643721708496,0.164974999331337
48,dflash2_pairwise_k16_tb32,Pairwise-MassPreserving,32,128,680,4.3125,5.3046875,0.25,10.74946837647183,93.02785635322908,False,13.94546346836023,1.6883888285406101,0.23783110941622,39.08083629664816,1.9879020389907964,0.16612900805057507
49,dflash2_pairwise_k16_tb32,Pairwise-MassPreserving,32,20,110,4.5,5.45,0.2,10.237778145396575,97.67744385530085,True,13.275730651730555,1.6937116495682858,0.2359131001867354,38.947396701041725,1.992778549902141,0.16224914725171402
50,dflash2_pairwise_k16_tb32,Pairwise-MassPreserving,32,63,349,4.5396825396825395,5.523809523809524,0.30158730158730157,10.26798437821831,97.39009752696165,False,13.779017920786005,1.6792318892262375,0.23745690504299655,39.04374242905298,1.9777169843095295,0.164207649331303
51,dflash2_pairwise_k16_tb32,Pairwise-MassPreserving,32,88,500,4.681818181818182,5.670454545454546,0.38636363636363635,10.005348326012609,99.94654532917455,False,13.826807306775828,1.6652543749428745,0.2388067279587796,38.96947865897263,1.9808297387168172,0.16739322679561816
52,dflash2_pairwise_k16_tb32,Pairwise-MassPreserving,32,11,62,4.636363636363637,5.545454545454546,0.36363636363636365,9.960327661246993,100.39830355086974,True,12.837641635666262,1.6441819097963162,0.23511454492108896,39.26855672762031,1.9900484548998065,0.16448536321563137
53,dflash2_pairwise_k16_tb32,Pairwise-MassPreserving,32,60,383,5.383333333333334,6.366666666666666,0.55,9.014288652749817,110.9349876093605,True,13.941115016617308,1.6633954666758655,0.25586239983870956,39.52401673365481,1.9908791166623512,0.16594049993727822
54,dflash2_pairwise_k16_tb32,Pairwise-MassPreserving,32,57,250,3.3859649122807016,4.368421052631579,0.12280701754385964,13.090333824016852,76.39224586964305,True,13.901709771042142,1.7245948594727292,0.23696484174906163,39.401397280846396,1.9829065444227716,0.16617154464607634
55,dflash2_pairwise_k16_tb32,Pairwise-MassPreserving,32,37,165,3.4594594594594597,4.4324324324324325,0.10810810810810811,12.746541769681217,78.45265155593722,True,13.627007189702331,1.7134634863641869,0.23457881026253155,39.122759243017185,1.980608405082839,0.1642691357709417
56,dflash2_pairwise_k16_tb32,Pairwise-MassPreserving,32,314,2048,5.522292993630574,6.519108280254777,0.5605095541401274,8.737746462891494,114.44598492837021,False,13.939817413863997,1.6507679777469035,0.23563446504027571,39.015927124301534,1.9815156432695444,0.16647991081525476
57,dflash2_pairwise_k16_tb32,Pairwise-MassPreserving,32,193,1324,5.860103626943006,6.8549222797927465,0.6217616580310881,8.255162271150908,121.13632260078919,False,13.868485217753538,1.644718528597331,0.23633197929838026,38.73309400483032,1.9829498654909412,0.16568904135489615
58,dflash2_pairwise_k16_tb32,Pairwise-MassPreserving,32,59,234,2.9661016949152543,3.9491525423728815,0.05084745762711865,14.314319538461238,69.86011436401805,False,13.760658305619796,1.723469322314486,0.23570794908633708,38.90654372884517,1.978872407038333,0.16679527014553136
59,dflash2_pairwise_k16_tb32,Pairwise-MassPreserving,32,190,760,3.0,3.9947368421052634,0.05263157894736842,14.213770515791685,70.35430879434749,False,13.863902504626344,1.725223110444954,0.23661229447737386,38.881444247511496,1.9809344734791299,0.16696543262744518
60,dflash2_pairwise_k16_tb32,Pairwise-MassPreserving,32,53,386,6.283018867924528,7.264150943396227,0.7169811320754716,7.643333715034578,130.8329633747355,True,13.729708434114418,1.620428830512606,0.23712469816739443,37.93366794309135,1.9813512832493048,0.16426247130543487
61,dflash2_pairwise_k16_tb32,Pairwise-MassPreserving,32,89,629,6.067415730337078,7.056179775280899,0.6853932584269663,8.018673259137673,124.70890977637114,False,13.79774250577366,1.6305013369275727,0.23572215801588878,38.86084156120693,1.981639775713733,0.16485019042509808
62,dflash2_pairwise_k16_tb32,Pairwise-MassPreserving,32,14,74,4.285714285714286,5.214285714285714,0.2857142857142857,10.633382689234535,94.0434506332986,True,13.153343286830932,1.6549272149859462,0.22928278433807595,38.9708821432058,2.0358546431192996,0.1607327134739275
63,dflash2_pairwise_k16_tb32,Pairwise-MassPreserving,32,14,86,5.142857142857143,6.071428571428571,0.5,9.143588465143017,109.36625197122306,False,13.011435715140708,1.6715341433674828,0.23427578552010736,39.10276900049731,1.9830990001667357,0.1646440697576119
64,dflash2_pairwise_k16_tb32,Pairwise-MassPreserving,32,49,318,5.489795918367347,6.469387755102041,0.6122448979591837,8.758937927668969,114.16909313183496,False,13.736193674011869,1.645184551010488,0.2348602662392778,39.06339132619014,1.9978670207652909,0.1662227740019503
65,dflash2_pairwise_k16_tb32,Pairwise-MassPreserving,32,47,243,4.148936170212766,5.148936170212766,0.2127659574468085,10.804152000003683,92.5570095644396,False,13.692382850964117,1.6814561914020971,0.23497038296711176,38.09921308470137,1.987256979114039,0.16448510661498306
66,dflash2_pairwise_k16_tb32,Pairwise-MassPreserving,32,79,483,5.10126582278481,6.10126582278481,0.43037974683544306,9.317173606625833,107.32868595352329,True,13.842887227803681,1.6712997212955918,0.2355093039355618,39.066047114161684,1.9848482025517564,0.16390022772358423
67,dflash2_pairwise_k16_tb32,Pairwise-MassPreserving,32,138,913,5.615942028985507,6.608695652173913,0.6159420289855072,8.60248642606951,116.24546095993105,False,13.898995499851257,1.6402141082980435,0.23559101437981092,38.98697789876336,1.985558825781218,0.16621415293691139
68,dflash2_pairwise_k16_tb32,Pairwise-MassPreserving,32,58,372,5.413793103448276,6.396551724137931,0.5689655172413793,8.942274696246681,111.82836962274571,False,13.842834327831575,1.6534745686683514,0.23455477602165675,39.47303127542596,1.98547413850159,0.16453068947785593
69,dflash2_pairwise_k16_tb32,Pairwise-MassPreserving,32,14,91,5.5,6.428571428571429,0.5,8.613478417548603,116.09711565105427,True,13.021947356589537,1.6516785004309245,0.2295233576400538,38.929232571847805,1.9955214286580616,0.15970649889953828
70,dflash2_pairwise_k16_tb32,Pairwise-MassPreserving,32,36,234,5.5,6.472222222222222,0.4722222222222222,8.84550163677459,113.05181334686165,False,13.81255013863362,1.632452055168364,0.23747183291157448,39.64927491728708,1.996390444118232,0.16762125091594904
71,dflash2_pairwise_k16_tb32,Pairwise-MassPreserving,32,79,560,6.0886075949367084,7.075949367088608,0.6708860759493671,8.134014337507065,122.94052585927489,False,14.0009299499945,1.6285210384219544,0.23667745589119488,39.62211212638067,2.004669354771724,0.16592588471661357
72,dflash2_pairwise_k16_tb32,Pairwise-MassPreserving,32,54,314,4.814814814814815,5.796296296296297,0.46296296296296297,9.920940617845353,100.79689401640444,False,13.949749833517233,1.6576755557185539,0.2367485367695163,39.67735190720608,2.0004785555000932,0.16642809283372048
73,dflash2_pairwise_k16_tb32,Pairwise-MassPreserving,32,38,283,6.447368421052632,7.421052631578948,0.8157894736842105,7.7124152826898085,129.66106768711714,False,13.82979686853727,1.6088159477237098,0.23612007939128057,39.594376474461136,2.0043895253222312,0.16369913091215207
74,dflash2_pairwise_k16_tb32,Pairwise-MassPreserving,32,39,282,6.230769230769231,7.205128205128205,0.7435897435897436,7.877558691482637,126.94288156573414,True,13.7065278203152,1.6344758976349392,0.23808125600529215,39.23499043519722,1.9837472558346911,0.16298633496402404
75,dflash2_pairwise_k16_tb32,Pairwise-MassPreserving,32,36,271,6.527777777777778,7.5,0.8055555555555556,7.653682734337215,130.65605600734335,True,13.820584027699725,1.632773416834728,0.23991613852558658,39.739532750698146,2.0133576674399793,0.16905880450697927
76,dflash2_pairwise_k16_tb32,Pairwise-MassPreserving,32,28,166,4.928571428571429,5.892857142857143,0.4642857142857143,9.758674295179768,102.47293533445863,True,13.834153571744016,1.6616276435732809,0.24047853444894177,39.91658714273529,2.0368127851335367,0.16533792950212955
77,dflash2_pairwise_k16_tb32,Pairwise-MassPreserving,32,60,399,5.65,6.633333333333334,0.5833333333333334,8.55198351127728,116.9319373314186,True,13.777455350160986,1.6337846827809699,0.2357112002452292,39.07600451651282,1.981889666179389,0.16584493411451925
78,dflash2_pairwise_k16_tb32,Pairwise-MassPreserving,32,31,212,5.838709677419355,6.806451612903226,0.6451612903225806,8.295923353765623,120.54113295852565,False,13.584653451436035,1.6146777420691516,0.23322690333682863,39.15502667739695,1.9805383217904056,0.16528822649683383
79,dflash2_pairwise_k16_tb32,Pairwise-MassPreserving,32,116,766,5.603448275862069,6.594827586206897,0.5862068965517241,8.609742532633856,116.14749177570171,True,13.860912388077724,1.6406283703590503,0.23601012930910278,38.9655615944603,1.9852310604870456,0.1656459400441361
80,dflash2_pairwise_k16_tb32,Pairwise-MassPreserving,32,114,525,3.6052631578947367,4.5964912280701755,0.12280701754385964,12.349429190480372,80.97540255308769,False,14.056253306957762,1.7399637104781025,0.2393738335772548,38.665449421387166,2.0041227722494543,0.1672082272993417
81,dflash2_pairwise_k16_tb32,Pairwise-MassPreserving,32,144,723,4.020833333333333,5.013888888888889,0.2638888888888889,11.483400269711963,87.0822209896793,False,14.079512729393981,1.7074134655861901,0.23703102063639866,39.45266508349555,2.012199430282635,0.16741712478405033
82,dflash2_pairwise_k16_tb32,Pairwise-MassPreserving,32,67,374,4.582089552238806,5.567164179104478,0.3582089552238806,10.235865660424047,97.69569405999536,False,13.861094701904005,1.6867866864082153,0.23451032800731986,39.203859208005746,1.9866951198079068,0.16457271703985252
83,dflash2_pairwise_k16_tb32,Pairwise-MassPreserving,32,85,547,5.435294117647059,6.423529411764706,0.5529411764705883,8.912982705662259,112.19588694643353,False,13.984368517498403,1.6733890588511713,0.23553096483845046,39.28637308203821,2.0121052945101194,0.16589825870195293
84,dflash2_pairwise_k16_tb32,Pairwise-MassPreserving,32,106,498,3.69811320754717,4.688679245283019,0.2641509433962264,12.08350973092272,82.75741256208994,True,14.022917584884024,1.711661669586012,0.24007493430992394,38.630506726031804,1.9980533303031787,0.16648241525783888
85,dflash2_pairwise_k16_tb32,Pairwise-MassPreserving,32,58,319,4.5,5.482758620689655,0.3448275862068966,10.168242667712086,98.345410576733,False,13.735021776138355,1.6805108445686496,0.23698360332516663,38.11223498281645,1.995766655454645,0.16481681011320123
86,dflash2_pairwise_k16_tb32,Pairwise-MassPreserving,32,70,414,4.914285714285715,5.9,0.38571428571428573,9.484896342994016,105.43077792712477,False,13.798759899925374,1.710609914152883,0.23886584292215826,38.1903135576327,1.9908786283589766,0.16695909985823423
87,dflash2_pairwise_k16_tb32,Pairwise-MassPreserving,32,135,723,4.355555555555555,5.348148148148148,0.3037037037037037,10.684199973727583,93.59615155641012,False,13.953712407156774,1.69652342242275,0.2391381855381446,39.15823311857552,2.004173881195365,0.16804551107473295
88,dflash2_pairwise_k16_tb32,Pairwise-MassPreserving,32,127,688,4.417322834645669,5.409448818897638,0.2677165354330709,10.559973376445647,94.69720844472312,False,13.926233031420773,1.6924734803133894,0.23532834652935955,39.19796942506127,1.987492543446747,0.16728807869779797
89,dflash2_pairwise_k16_tb32,Pairwise-MassPreserving,32,145,817,4.63448275862069,5.627586206896551,0.36551724137931035,10.177294341492498,98.25794228265882,False,14.00736828990971,1.6993071099618804,0.23813464132876233,39.22783131013696,2.0033839242010987,0.16776422100896338
90,dflash2_pairwise_k16_tb32,Pairwise-MassPreserving,32,174,911,4.235632183908046,5.2298850574712645,0.25287356321839083,10.97911195170122,91.08204783767137,False,14.035474867906204,1.714712085858678,0.2375333679919586,39.32830647673477,1.9988272068222541,0.16773787974252838
91,dflash2_pairwise_k16_tb32,Pairwise-MassPreserving,32,129,581,3.503875968992248,4.496124031007752,0.12403100775193798,12.732469679860088,78.53935843898185,False,13.989021829539249,1.725947194068978,0.23729022506122702,39.22843273621695,1.9976646200480308,0.16710761210984051
92,dflash2_pairwise_k16_tb32,Pairwise-MassPreserving,32,70,348,3.9714285714285715,4.957142857142857,0.2,11.46391105746376,87.2302650454475,False,13.809851414199718,1.7028735427759654,0.23736271437623405,39.09084118567989,1.984938371190635,0.16614774316881917
93,dflash2_pairwise_k16_tb32,Pairwise-MassPreserving,32,100,527,4.27,5.26,0.24,10.754664129030514,92.98291308797438,False,13.808129000099143,1.6960889898473397,0.23634496006707195,38.785453980381135,1.984526650267071,0.1665363793290453
94,dflash2_pairwise_k16_tb32,Pairwise-MassPreserving,32,206,1096,4.320388349514563,5.315533980582524,0.2815533980582524,10.732924710767152,93.17124893243786,False,13.952305582685405,1.7027037864713703,0.23704160666613144,39.05342506801142,1.9912157620691007,0.16663578147909522
95,dflash2_pairwise_k16_tb32,Pairwise-MassPreserving,32,196,1012,4.163265306122449,5.158163265306122,0.2653061224489796,10.975671280629834,91.11060038439994,False,13.854097484964973,1.6825397449755823,0.23479736718195918,38.750867035448714,1.9810321427568702,0.16696895935248385
96,dflash2_pairwise_k16_tb32,Pairwise-MassPreserving,32,154,779,4.0519480519480515,5.0519480519480515,0.19480519480519481,11.220573075730261,89.12200769521905,False,13.856299610921127,1.6996245458476433,0.23672537012222258,38.819892025989624,1.9778379155704662,0.16823368735328717
97,dflash2_pairwise_k16_tb32,Pairwise-MassPreserving,32,155,782,4.04516129032258,5.038709677419355,0.25161290322580643,11.225684111246908,89.08143059166518,False,13.834636612755862,1.6878251482511029,0.23408623852564261,38.72759514220712,1.9839540706954957,0.1672897230169075
98,dflash2_pairwise_k16_tb32,Pairwise-MassPreserving,32,119,641,4.38655462184874,5.378151260504202,0.33613445378151263,10.545939115440824,94.82322902242544,False,13.841698681062553,1.6815983442694316,0.23510758806618728,38.898702806554944,1.9822005044811741,0.16696915957888886
99,dflash2_pairwise_k16_tb32,Pairwise-MassPreserving,32,89,491,4.51685393258427,5.50561797752809,0.34831460674157305,10.097132211818042,99.03802178895553,False,13.79438324650263,1.6792374493827615,0.23640457359587333,37.84393040519574,1.9837985498035389,0.16664932611113248
100,dflash2_pairwise_k16_tb32,Pairwise-MassPreserving,32,3,14,3.6666666666666665,4.333333333333333,0.0,11.272092142982208,88.7146757953519,True,9.32957633388772,1.7315886652795598,0.23178199868804464,39.17330733384006,1.990122334973421,0.1467200005815054
101,dflash2_pairwise_k16_tb32,Pairwise-MassPreserving,32,31,218,6.0,7.0,0.7096774193548387,7.918661990824557,126.28396074472067,True,13.540438742277347,1.5872862260890073,0.23289338658345984,38.184065645421676,1.9793565159254227,0.16203412885641744
102,dflash2_pairwise_k16_tb32,Pairwise-MassPreserving,32,3,16,4.0,5.0,0.0,9.82364974970551,101.79516019796793,True,9.337609335489105,1.67176200193353,0.24014600057853386,39.025540000390414,1.9700016661469515,0.14773966055751467
103,dflash2_pairwise_k16_tb32,Pairwise-MassPreserving,32,5,30,4.8,5.8,0.4,9.04370133333335,110.57419558009856,True,11.188429399044253,1.6458816011436284,0.23397499899147078,39.054056799795944,1.9849974021781236,0.15486779884668067
104,dflash2_pairwise_k16_tb32,Pairwise-MassPreserving,32,12,80,5.666666666666667,6.583333333333333,0.5833333333333334,8.385663062563253,119.25115432605148,True,12.80703591631512,1.5944689991253351,0.23165774958518645,39.123494164717464,1.9812083319266094,0.16655525541864336
105,dflash2_pairwise_k16_tb32,Pairwise-MassPreserving,32,25,173,5.88,6.88,0.72,8.113263826615398,123.25495896232539,True,13.375125360616948,1.6099800003576092,0.23407716071233153,38.77821400150424,1.983537960331887,0.16285119665553793
106,dflash2_pairwise_k16_tb32,Pairwise-MassPreserving,32,26,161,5.1923076923076925,6.153846153846154,0.5,9.120772062120771,109.63984114382954,False,13.42751346125554,1.6361387304361694,0.23675326911660916,39.03064980813024,1.9820312677788583,0.1655404633381225
107,dflash2_pairwise_k16_tb32,Pairwise-MassPreserving,32,84,600,6.142857142857143,7.130952380952381,0.7261904761904762,7.925749819999812,126.17102768959515,True,13.765101951971051,1.633031642735919,0.2343542383598452,38.830648952560814,1.9854291190962872,0.16393280956044934
108,dflash2_pairwise_k16_tb32,Pairwise-MassPreserving,32,15,103,5.866666666666666,6.8,0.7333333333333333,8.184812757233496,122.17750480806411,True,13.073202997717695,1.6454049337577696,0.23653006695288545,39.0974273342484,1.9881911997799762,0.16162440054661165
109,dflash2_pairwise_k16_tb32,Pairwise-MassPreserving,32,13,60,3.6153846153846154,4.538461538461538,0.23076923076923078,12.143808883289845,82.34648697214122,True,12.921187154111417,1.6456884623039514,0.23309915391459632,39.105799076563784,1.980118229627036,0.16245661558619198
110,dflash2_pairwise_k16_tb32,Pairwise-MassPreserving,32,4,15,2.5,3.5,0.0,14.342435200038988,69.72316667655446,True,10.506904749490786,1.7074512488761684,0.2359887475904543,39.19076950114686,1.9862950011884095,0.1567227518535219
111,dflash2_pairwise_k16_tb32,Pairwise-MassPreserving,32,4,18,3.5,4.25,0.25,11.883978888767565,84.14690141743475,False,10.436895750899566,1.6707754984963685,0.24390525140915997,38.997091996861855,1.9719047504622722,0.15733175132481847
112,dflash2_pairwise_k16_tb32,Pairwise-MassPreserving,32,15,73,3.8666666666666667,4.8,0.3333333333333333,11.623489698662251,86.03268260435506,True,13.166309799998999,1.7072394674566265,0.23579466602920243,39.301488332663816,1.990328733518254,0.16648886715605235
113,dflash2_pairwise_k16_tb32,Pairwise-MassPreserving,32,6,33,4.5,5.333333333333333,0.3333333333333333,10.085322212200316,99.15399616982886,True,11.79662699966381,1.7204026686764944,0.2331534997210838,39.52486016472297,2.0391178331919946,0.15511100112538165
114,dflash2_pairwise_k16_tb32,Pairwise-MassPreserving,32,10,41,3.1,4.0,0.0,13.745500438877881,72.75107984948967,True,12.692530700587668,1.7300562001764774,0.23700720048509538,39.52699080109596,2.001063099305611,0.16890379774849862
115,dflash2_pairwise_k16_tb32,Pairwise-MassPreserving,32,5,31,5.2,6.0,0.4,8.817685387311354,113.40844632980438,True,11.33614040008979,1.6471012015244924,0.23333520075539127,39.286800801346544,2.0036980000440963,0.16257379757007584
116,dflash2_pairwise_k16_tb32,Pairwise-MassPreserving,32,12,55,3.5833333333333335,4.5,0.0,12.320804927334063,81.1635283488233,True,13.036057247518329,1.7342755005908355,0.23776158195687458,39.306735416782125,1.9928705830049391,0.16265558709468073
117,dflash2_pairwise_k16_tb32,Pairwise-MassPreserving,32,13,76,4.846153846153846,5.769230769230769,0.38461538461538464,9.646631657903383,103.66312672265356,True,13.042753689940302,1.6582923081631844,0.23396761613324857,39.296469539224816,2.0017471542814746,0.16246246153828192
118,dflash2_pairwise_k16_tb32,Pairwise-MassPreserving,32,11,75,5.818181818181818,6.7272727272727275,0.5454545454545454,8.256469573340533,121.11714227457682,True,12.856331636695275,1.68029627291782,0.23596236265306783,39.35632899943316,2.0031788180031898,0.16201263761931015
119,dflash2_pairwise_k16_tb32,Pairwise-MassPreserving,32,20,123,5.15,6.1,0.6,9.185181747934104,108.87100848330151,True,13.400906500828569,1.6312896506860852,0.3218061505322112,38.97495794990391,1.9949486490077106,0.16495884883624967
120,dflash2_pairwise_k16_tb32,Pairwise-MassPreserving,32,168,737,3.386904761904762,4.380952380952381,0.09523809523809523,13.14816585345817,76.05623561076274,False,14.048678464167184,1.7317672087907947,0.23702522633227222,39.418805357378176,2.0768240537585196,0.1666510824222877
121,dflash2_pairwise_k16_tb32,Pairwise-MassPreserving,32,208,1071,4.149038461538462,5.144230769230769,0.22115384615384615,11.025989873015032,90.69480486712548,False,13.859549081819122,1.7142004901590833,0.23539449494609682,38.817292394294505,1.9811488990364103,0.16566057243275842
122,dflash2_pairwise_k16_tb32,Pairwise-MassPreserving,32,161,795,3.937888198757764,4.931677018633541,0.2236024844720497,11.466262559745088,87.21237585390087,False,14.007184341472504,1.7127708074751002,0.23677354003881215,38.49793606768912,1.9984345157162189,0.16602330523151151
123,dflash2_pairwise_k16_tb32,Pairwise-MassPreserving,32,317,1370,3.3186119873817033,4.318611987381703,0.11041009463722397,13.123166336496123,76.20112207363816,False,13.847455848375635,1.7207756844457174,0.23423473181130294,38.76494935978397,1.981210766348412,0.16663506349265186
124,dflash2_pairwise_k16_tb32,Pairwise-MassPreserving,32,167,663,2.970059880239521,3.964071856287425,0.07784431137724551,14.378825511313135,69.54670944530265,False,13.9067733117824,1.7617332272341024,0.23835086843004438,39.02139281448846,1.9892798442603368,0.16726822123345556
125,dflash2_pairwise_k16_tb32,Pairwise-MassPreserving,32,273,1234,3.52014652014652,4.516483516483516,0.14652014652014653,12.555885606973815,79.6439240768949,False,13.87983006941715,1.7192743845167144,0.23527256773990296,38.77031542465258,1.9830714984195248,0.16667868897460414
126,dflash2_pairwise_k16_tb32,Pairwise-MassPreserving,32,139,546,2.9280575539568345,3.920863309352518,0.06474820143884892,14.265371291199806,70.09982282177906,False,13.860168855663694,1.7283156115508123,0.235861956622207,38.06537174083302,1.9798493163539566,0.1656319793726639
127,dflash2_pairwise_k16_tb32,Pairwise-MassPreserving,32,84,543,5.464285714285714,6.4523809523809526,0.5952380952380952,9.122765062623515,109.61588872841378,False,14.376018214794126,1.6814353574383338,0.24153682144450223,40.426847953009805,2.0771832857592796,0.16913823665596456
128,dflash2_pairwise_k16_tb32,Pairwise-MassPreserving,32,121,570,3.7107438016528924,4.702479338842975,0.23140495867768596,12.19518188772143,81.99959698894182,False,14.000389529060195,1.7140397849138673,0.23611328904449647,39.33130971094486,1.999995007777629,0.16653016587230568
129,dflash2_pairwise_k16_tb32,Pairwise-MassPreserving,32,122,659,4.401639344262295,5.39344262295082,0.3524590163934426,10.569631341424447,94.61067918999265,False,13.902816549384848,1.689446663730167,0.23558837716843642,39.09841730393189,2.000357245870858,0.16671036809995832
130,dflash2_pairwise_k16_tb32,Pairwise-MassPreserving,32,185,901,3.8702702702702703,4.864864864864865,0.21081081081081082,11.656371906775266,85.78998748476359,False,13.863567443292373,1.7022507568440601,0.2361136267191378,38.82204634043061,1.979579470109358,0.1661239193856238
131,dflash2_pairwise_k16_tb32,Pairwise-MassPreserving,32,84,333,2.9642857142857144,3.9523809523809526,0.07142857142857142,14.272755750764528,70.06355447135249,False,13.759448559323486,1.7327876193164793,0.23550971447894836,38.70942316687086,1.979488761554378,0.16462390470093982
132,dflash2_pairwise_k16_tb32,Pairwise-MassPreserving,32,289,968,2.3494809688581313,3.3460207612456747,0.03460207612456748,16.936401627067085,59.04441935303658,False,13.881334467089307,1.7364068411187523,0.2353946091681735,38.73363731471881,1.9749252906439352,0.16645640806012196
133,dflash2_pairwise_k16_tb32,Pairwise-MassPreserving,32,384,1631,3.2473958333333335,4.244791666666667,0.09635416666666667,13.342512762110127,74.9484012366685,False,13.901293557429048,1.7279672786874773,0.2349118098550207,38.65774039572519,1.983763135456229,0.16525693483041928
134,dflash2_pairwise_k16_tb32,Pairwise-MassPreserving,32,196,765,2.8979591836734695,3.8979591836734695,0.08673469387755102,14.522542852291675,68.85846440055082,False,13.86895254042002,1.7363848518081275,0.23490807637114944,38.695900300994325,1.9796177296725823,0.1666103885048758
135,dflash2_pairwise_k16_tb32,Pairwise-MassPreserving,32,202,953,3.717821782178218,4.712871287128713,0.17326732673267325,11.986902462755433,83.42438783556513,False,13.854591445520459,1.7108705742610273,0.23598271268788762,38.60268214396789,1.9828136190530006,0.16512904414304275
136,dflash2_pairwise_k16_tb32,Pairwise-MassPreserving,32,239,923,2.8619246861924688,3.8577405857740588,0.07112970711297072,14.690745148422698,68.0700665552943,False,13.890023966501058,1.738950644318252,0.23521487057383395,38.72765930958027,1.977289544255765,0.16541301202668057
137,dflash2_pairwise_k16_tb32,Pairwise-MassPreserving,32,171,718,3.198830409356725,4.192982456140351,0.06432748538011696,13.703461828687235,72.97426099342067,False,14.083161058700208,1.7366904150698013,0.23860416380376745,39.29255066636258,2.019953234046316,0.16755270176840814
138,dflash2_pairwise_k16_tb32,Pairwise-MassPreserving,32,96,304,2.1666666666666665,3.15625,0.041666666666666664,18.084158437503856,55.29701608487065,False,13.953216572266077,1.7607508231473428,0.23807302098551494,39.15081750051286,1.9966681346280286,0.16697566722238358
139,dflash2_pairwise_k16_tb32,Pairwise-MassPreserving,32,165,614,2.721212121212121,3.7151515151515153,0.024242424242424242,15.342544384366311,65.17823738668642,False,13.96182256368885,1.7601840844938785,0.2384655394549058,38.96319113908138,2.002106600169403,0.16709220645046144
140,dflash2_pairwise_k16_tb32,Pairwise-MassPreserving,32,271,1215,3.4833948339483394,4.479704797047971,0.1033210332103321,12.891476277363536,77.5706349284391,False,14.367350885466067,1.7441971515826418,0.23793194106736176,39.27504630639399,2.0052025644647773,0.1678492949244061
141,dflash2_pairwise_k16_tb32,Pairwise-MassPreserving,32,119,476,3.0,3.991596638655462,0.07563025210084033,14.332116598741761,69.77336481394461,False,14.00588063864104,1.7391481598082954,0.23774805063227222,39.174989428179934,2.0041769409445584,0.16652317676094494
142,dflash2_pairwise_k16_tb32,Pairwise-MassPreserving,32,208,825,2.9663461538461537,3.9615384615384617,0.09134615384615384,14.604324539391337,68.47286893021051,False,14.171095033851508,1.9052604377345863,0.2513766634575194,39.37753463983776,2.0465997015260373,0.1739399899284203
143,dflash2_pairwise_k16_tb32,Pairwise-MassPreserving,32,147,432,1.9387755102040816,2.931972789115646,0.0,19.234999553224984,51.98856372379472,False,13.824384347355503,1.7456465780788075,0.23431288431632985,38.5769318637686,1.9798571425830616,0.16621280970173843
144,dflash2_pairwise_k16_tb32,Pairwise-MassPreserving,32,309,1119,2.621359223300971,3.618122977346278,0.05825242718446602,15.682009437890374,63.76733823306034,False,13.925865414333122,1.7356640936842211,0.235809715177252,38.74935418121369,1.9778638865418572,0.16563222684703835
145,dflash2_pairwise_k16_tb32,Pairwise-MassPreserving,32,239,946,2.9581589958158996,3.9539748953974896,0.06276150627615062,14.436385126847327,69.26941829366281,False,14.02141434752658,1.748427397333559,0.23696672401627697,38.96810968191447,1.999446238628803,0.16714326747392097
146,dflash2_pairwise_k16_tb32,Pairwise-MassPreserving,32,348,1408,3.045977011494253,4.043103448275862,0.09195402298850575,14.234508225849202,70.2518122954221,False,14.11949369814946,1.7488461145702963,0.23813607727245015,39.30556784758539,2.0133025029343994,0.1671468111997184
147,dflash2_pairwise_k16_tb32,Pairwise-MassPreserving,32,296,1334,3.5067567567567566,4.503378378378378,0.14189189189189189,12.79849699475572,78.13417469330638,False,14.164282554259911,1.7358321722624808,0.23879317548660864,39.354901107946866,2.017932895206606,0.1679709022839135
148,dflash2_pairwise_k16_tb32,Pairwise-MassPreserving,32,164,548,2.3353658536585367,3.3353658536585367,0.04878048780487805,17.219656273728173,58.073168482793015,False,14.0618675426284,1.7593039207074581,0.23719870708790528,39.30523130475194,2.0076066221674145,0.16764335389491794
149,dflash2_pairwise_k16_tb32,Pairwise-MassPreserving,32,234,988,3.2222222222222223,4.217948717948718,0.09401709401709402,13.583426523277572,73.61912682976755,False,14.065844833714793,1.7423133033603375,0.23762620085652353,39.123989213784135,2.01441152575381,0.16806024303570247
150,dflash2_pairwise_k16_tb32,Pairwise-MassPreserving,32,147,572,2.891156462585034,3.8843537414965987,0.05442176870748299,14.882319573424631,67.19382654473438,False,14.157394952216775,1.7746111222556284,0.23923277568632775,39.54520424457503,2.0255324283066733,0.16745846334656345
151,dflash2_pairwise_k16_tb32,Pairwise-MassPreserving,32,296,1111,2.7533783783783785,3.75,0.06756756756756757,15.092186890187289,66.25944982500745,False,13.89425672319654,1.7393563481360812,0.23568577007854646,38.62942415892305,1.9816448682930157,0.16632008744734875
152,dflash2_pairwise_k16_tb32,Pairwise-MassPreserving,32,79,298,2.7721518987341773,3.759493670886076,0.08860759493670886,15.02904972148338,66.53780635049354,False,13.80796797447941,1.738684670594403,0.23500945577854762,38.77131413892015,1.9744968993546548,0.16438530393672776
153,dflash2_pairwise_k16_tb32,Pairwise-MassPreserving,32,263,1233,3.6844106463878328,4.684410646387833,0.16730038022813687,12.087554289534593,82.72972150088296,False,13.89995007961081,1.7355774181138923,0.23633708742255977,38.6475326423998,1.98292324710447,0.1667078105049424
154,dflash2_pairwise_k16_tb32,Pairwise-MassPreserving,32,207,721,2.4782608695652173,3.4782608695652173,0.07246376811594203,16.552515590843797,60.41377786426378,False,14.10610722245031,1.8781924880447725,0.2507343764907842,39.229060884022125,2.018267024198214,0.1715691207279901
155,dflash2_pairwise_k16_tb32,Pairwise-MassPreserving,32,253,826,2.2648221343873516,3.260869565217391,0.023715415019762844,17.347845420092032,57.64404603477813,False,13.870548430794349,1.747624660170777,0.23544522511598878,38.643825798536554,1.9738062491029382,0.16637934772610635
156,dflash2_pairwise_k16_tb32,Pairwise-MassPreserving,32,288,954,2.3125,3.3090277777777777,0.03819444444444445,17.12857825576836,58.38196171729734,False,13.907177617940963,1.7419057884227287,0.23511329838280895,38.71701671897022,1.9708137256202463,0.16638832289572747
157,dflash2_pairwise_k16_tb32,Pairwise-MassPreserving,32,209,809,2.8660287081339715,3.8660287081339715,0.11004784688995216,15.11614424722364,66.15443618723529,False,14.34067397150846,1.904379913993358,0.25348845934333797,39.76319317703701,2.073057986199622,0.1769801570087533
158,dflash2_pairwise_k16_tb32,Pairwise-MassPreserving,32,189,702,2.7142857142857144,3.708994708994709,0.05291005291005291,15.274232555560712,65.46973776669006,False,13.882414703768625,1.7377890953048818,0.23515507427633064,38.73718600508741,1.9730150001046554,0.16730389925503422
159,dflash2_pairwise_k16_tb32,Pairwise-MassPreserving,32,57,180,2.1578947368421053,3.1403508771929824,0.05263157894736842,17.81251772222782,56.14029502141203,True,13.66020057895711,1.7409576137556302,0.23510761463528565,38.47440996469231,1.9739199472640299,0.1654602456255894
0,dflash2_pairwise_k16_tb64,Pairwise-MassPreserving,64,227,735,2.237885462555066,3.2334801762114536,0.0,18.15015088299469,55.09596071385411,False,13.985724180598593,2.8490183919934617,0.23753259912487593,39.518987837130624,2.0023934141320425,0.17445326424991026
1,dflash2_pairwise_k16_tb64,Pairwise-MassPreserving,64,109,392,2.596330275229358,3.5871559633027523,0.0,16.255670056125382,61.51699662624395,False,13.889364009102808,2.8398733671448606,0.23826403692743844,39.31346190805625,2.005324238496608,0.1744708072550599
2,dflash2_pairwise_k16_tb64,Pairwise-MassPreserving,64,17,84,3.9411764705882355,4.882352941176471,0.11764705882352941,11.698747892859544,85.47923326139549,True,13.192401059367352,2.7360975879727287,0.2362802352924037,39.476247117443776,1.994139176531462,0.17041264693355462
3,dflash2_pairwise_k16_tb64,Pairwise-MassPreserving,64,69,338,3.898550724637681,4.884057971014493,0.14492753623188406,11.98429652366504,83.44252814717403,False,13.868996652055774,2.7642036811153377,0.2387037391705182,39.653880057839146,2.005680145173202,0.1742201449182492
4,dflash2_pairwise_k16_tb64,Pairwise-MassPreserving,64,70,224,2.2,3.1857142857142855,0.02857142857142857,18.123754924106702,55.176204058568665,False,13.704532385755945,2.8082790427496156,0.2341226139313741,39.09413968581897,1.9837107996344068,0.1712312292511342
5,dflash2_pairwise_k16_tb64,Pairwise-MassPreserving,64,12,44,2.5833333333333335,3.5833333333333335,0.0,15.566770409102238,64.23940057696731,True,12.703483249424607,2.8495327490721443,0.2338586670399915,39.13600416672125,1.9862760000251,0.16900333442511814
6,dflash2_pairwise_k16_tb64,Pairwise-MassPreserving,64,54,184,2.4074074074074074,3.388888888888889,0.0,17.212901516299812,58.095957793812204,False,13.815084240882747,2.8331829445825725,0.23794861112104695,39.5935679628531,1.9994721482092885,0.17211222196541107
7,dflash2_pairwise_k16_tb64,Pairwise-MassPreserving,64,53,268,4.056603773584905,5.037735849056604,0.3584905660377358,11.572418332095245,86.41236181607556,True,13.791711679039269,2.7051801698003404,0.2392859623453334,39.60156492428483,2.006099320427001,0.17329215167918383
8,dflash2_pairwise_k16_tb64,Pairwise-MassPreserving,64,43,140,2.2325581395348837,3.2325581395348837,0.0,17.99032887143507,55.58542076391908,False,13.727670976571295,2.852086279152752,0.23895595324236554,39.58113395391021,1.9968892088928802,0.17642739569351382
9,dflash2_pairwise_k16_tb64,Pairwise-MassPreserving,64,44,201,3.5681818181818183,4.545454545454546,0.2727272727272727,12.796889567150867,78.14398918991708,False,13.71700236383979,2.707049318566781,0.2365672732015479,39.624243977331474,2.0021948636316336,0.1714604533679614
10,dflash2_pairwise_k16_tb64,Pairwise-MassPreserving,64,69,218,2.1594202898550723,3.1449275362318843,0.0,18.36540582111194,54.45019890877939,False,13.694469274343936,2.840925173929292,0.2359742898936046,39.10041415951707,1.979935231814296,0.17231765314531716
11,dflash2_pairwise_k16_tb64,Pairwise-MassPreserving,64,60,238,2.966666666666667,3.95,0.06666666666666667,14.615357697497712,68.42117864629543,True,13.65526546651381,2.805033700497006,0.23512334992119577,39.11865804924067,1.98700829957185,0.17316333432972897
12,dflash2_pairwise_k16_tb64,Pairwise-MassPreserving,64,222,768,2.4594594594594597,3.454954954954955,0.013513513513513514,16.811535005208118,59.482968074611016,False,13.825331243162246,2.851223265433627,0.23511645964505193,39.08668759951881,1.9867900134429235,0.17367522059840168
13,dflash2_pairwise_k16_tb64,Pairwise-MassPreserving,64,79,416,4.265822784810126,5.253164556962025,0.13924050632911392,10.973038483161172,91.13246085253084,False,13.703061429830857,2.6995145691458515,0.2348157720893763,38.96821789845789,2.000753430331338,0.1757129633731409
14,dflash2_pairwise_k16_tb64,Pairwise-MassPreserving,64,39,114,1.9230769230769231,2.8974358974358974,0.0,19.815381543849707,50.465846331905716,False,13.539855949206052,2.849733846512838,0.23731484599501038,39.14033051226467,1.9814193079722686,0.17323005084061804
15,dflash2_pairwise_k16_tb64,Pairwise-MassPreserving,64,4,9,1.0,2.0,0.0,24.46247100063677,40.878944730234714,True,10.44344250112772,2.8706642497127177,0.22624299708695617,39.35870549685205,1.9815635005215881,0.15994100613170303
16,dflash2_pairwise_k16_tb64,Pairwise-MassPreserving,64,64,254,2.96875,3.953125,0.0625,14.68488223621907,68.09724340407587,False,13.747944718943472,2.8085316404258265,0.23565142214465595,39.318697499652444,1.9969418597156618,0.1728592341123658
17,dflash2_pairwise_k16_tb64,Pairwise-MassPreserving,64,17,56,2.2941176470588234,3.235294117647059,0.11764705882352941,17.63470991084302,56.70634816539465,True,13.210333293981796,2.808335764497957,0.2393428238814094,39.66321141128634,1.9987664101576872,0.17081941426594033
18,dflash2_pairwise_k16_tb64,Pairwise-MassPreserving,64,15,87,4.8,5.733333333333333,0.3333333333333333,9.96519019542899,100.3493140009207,True,13.141455533817256,2.679077466503562,0.2388969335394601,39.56297020001026,2.002669667126611,0.1730333324909831
19,dflash2_pairwise_k16_tb64,Pairwise-MassPreserving,64,11,87,6.909090909090909,7.818181818181818,0.9090909090909091,7.250978229881864,137.91242619911887,True,12.807952998793388,2.4925631818901324,0.23707481886958703,39.63174600093308,2.0080413636275227,0.1712676358610307
20,dflash2_pairwise_k16_tb64,Pairwise-MassPreserving,64,85,310,2.6470588235294117,3.635294117647059,0.011764705882352941,16.34730321611935,61.17216930398308,False,14.105176023782834,2.8793458000804737,0.2396737883613883,40.180079247682656,2.0392771770061433,0.17602439834530847
21,dflash2_pairwise_k16_tb64,Pairwise-MassPreserving,64,64,227,2.546875,3.53125,0.015625,16.62517981496686,60.149725364158016,False,13.875755359322284,2.88222514041081,0.23903403177882865,39.765767000403685,2.029868422027903,0.17478470226706816
22,dflash2_pairwise_k16_tb64,Pairwise-MassPreserving,64,64,194,2.03125,3.015625,0.0,19.20025938145664,52.08262972560605,True,13.701823672136015,2.8598855319614813,0.23590264027006924,39.245688421374325,1.9842365619524571,0.17324942234608204
23,dflash2_pairwise_k16_tb64,Pairwise-MassPreserving,64,58,175,2.0172413793103448,3.0,0.0,19.27533879427106,51.87976256465157,False,13.651070759429974,2.868781551836131,0.23466858642521024,39.24411406930223,1.9864789482481087,0.1732358950589671
24,dflash2_pairwise_k16_tb64,Pairwise-MassPreserving,64,312,1241,2.9775641025641026,3.9743589743589745,0.07051282051282051,14.611352986296518,68.43993167079499,False,13.833309734087752,2.807002134781774,0.2356983654979745,39.08663588152614,1.9819408492670239,0.17300616302516295
25,dflash2_pairwise_k16_tb64,Pairwise-MassPreserving,64,332,1306,2.930722891566265,3.930722891566265,0.05421686746987952,14.67860176876004,68.12637986598052,False,13.955291376571193,2.827241746990146,0.2375816838391173,38.54263334615536,2.0045130390223993,0.17446745200193464
26,dflash2_pairwise_k16_tb64,Pairwise-MassPreserving,64,206,850,3.1262135922330097,4.121359223300971,0.05825242718446602,14.039513103532098,71.22754134175902,False,13.929176757460262,2.81633966486111,0.23767983957529476,38.77489547554892,1.9974559076464944,0.17448215103551104
27,dflash2_pairwise_k16_tb64,Pairwise-MassPreserving,64,200,813,3.065,4.06,0.055,14.410561785975865,69.3935472365265,False,13.909421555108565,2.835785410279641,0.2373665649429313,39.41766410036507,2.004012719698949,0.1746833095967304
28,dflash2_pairwise_k16_tb64,Pairwise-MassPreserving,64,32,100,2.125,3.09375,0.03125,18.83099102000415,53.103949703852585,False,13.580107562802368,2.8296563757521653,0.2352256565245625,40.031054030805535,1.9984066252618504,0.17239668636648275
29,dflash2_pairwise_k16_tb64,Pairwise-MassPreserving,64,21,91,3.3333333333333335,4.285714285714286,0.09523809523809523,13.525899450562045,73.93223671779157,True,13.30119814242824,2.8170720013024817,0.23342928484669842,40.096438333594485,1.9959928097142394,0.16810038054938473
30,dflash2_pairwise_k16_tb64,Pairwise-MassPreserving,64,105,385,2.6666666666666665,3.657142857142857,0.0380952380952381,16.16012930388898,61.880692981791135,False,14.02208423872556,2.841665447825411,0.23861298070100712,39.9646277996085,2.012322933365968,0.17449404736647334
31,dflash2_pairwise_k16_tb64,Pairwise-MassPreserving,64,189,789,3.1693121693121693,4.169312169312169,0.08994708994708994,14.130642102666169,70.768192466733,False,14.001188539729267,2.842527275288135,0.23837263997559185,39.7110570843637,2.022012582057397,0.17466525955737947
32,dflash2_pairwise_k16_tb64,Pairwise-MassPreserving,64,242,1150,3.7479338842975207,4.74793388429752,0.19008264462809918,12.414465369561778,80.55119332418737,False,14.037052231528344,2.7678489090895475,0.23940760735614794,39.76617419406962,2.0096292435723138,0.1742480416404091
33,dflash2_pairwise_k16_tb64,Pairwise-MassPreserving,64,179,848,3.7374301675977653,4.731843575418995,0.18435754189944134,12.398935035374926,80.65208803392697,False,14.000038714726928,2.7686796707082304,0.23932159210388762,39.54834198919333,2.0075836088007586,0.17512330713690982
34,dflash2_pairwise_k16_tb64,Pairwise-MassPreserving,64,40,141,2.525,3.5,0.0,16.701873950360934,59.87352095771203,True,13.780820725514786,2.8480898743509897,0.2857187748304568,39.77881562477705,2.0060502247361,0.1746104508129065
35,dflash2_pairwise_k16_tb64,Pairwise-MassPreserving,64,103,328,2.174757281553398,3.174757281553398,0.02912621359223301,18.801292978645417,53.18783134414234,False,14.163809203151704,2.8890723984058972,0.24036902930639523,40.36026573765376,2.042422281890131,0.17613996120082462
36,dflash2_pairwise_k16_tb64,Pairwise-MassPreserving,64,25,72,1.88,2.84,0.0,20.12134269443777,49.69847267083395,False,13.378401160298381,2.849189920234494,0.23730823915684596,39.32929675997002,1.9840866012964398,0.17118427902460098
37,dflash2_pairwise_k16_tb64,Pairwise-MassPreserving,64,31,84,1.7096774193548387,2.6774193548387095,0.0,21.420100381008176,46.685122021493214,False,13.514365999951899,2.837806193471601,0.23645422545321768,39.29202493529902,1.9878605486273075,0.17305041992879142
38,dflash2_pairwise_k16_tb64,Pairwise-MassPreserving,64,117,382,2.264957264957265,3.2564102564102564,0.0,17.671687989523885,56.58768990222208,False,13.861469692676467,2.8685680596166865,0.23669025608991137,38.55990675232238,1.9961043844809436,0.17456694026766187
39,dflash2_pairwise_k16_tb64,Pairwise-MassPreserving,64,175,660,2.7657142857142856,3.7657142857142856,0.017142857142857144,15.532927898488142,64.37936276632897,False,13.92930931968814,2.844468708748796,0.23786389135888644,39.393759583181236,2.000675657348308,0.1752509139727668
40,dflash2_pairwise_k16_tb64,Pairwise-MassPreserving,64,21,106,4.0476190476190474,5.0,0.14285714285714285,11.879411282966172,84.17925570384914,True,13.80647228714744,2.869989666838332,0.24529661909799047,40.792013665763776,2.07234599968485,0.17662442786829724
41,dflash2_pairwise_k16_tb64,Pairwise-MassPreserving,64,34,169,3.9705882352941178,4.9411764705882355,0.23529411764705882,11.850938715993705,84.38150124347763,False,13.720290146867388,2.7341702642682804,0.23797532391172888,40.00172494103454,2.037822382108596,0.174153500719352
42,dflash2_pairwise_k16_tb64,Pairwise-MassPreserving,64,30,129,3.3,4.266666666666667,0.13333333333333333,13.523436643389891,73.9457008133202,True,13.550515066405447,2.7775102006368493,0.23594879967276938,39.42128396617287,1.9928510337194894,0.1726684999691012
43,dflash2_pairwise_k16_tb64,Pairwise-MassPreserving,64,95,510,4.368421052631579,5.3578947368421055,0.23157894736842105,10.869669156875485,91.9991202646183,False,13.854281105006137,2.725557010394129,0.2368005683437284,39.367589600136085,1.996878820998398,0.17185363203201345
44,dflash2_pairwise_k16_tb64,Pairwise-MassPreserving,64,173,709,3.098265895953757,4.092485549132948,0.07514450867052024,14.508297057830639,68.9260769898742,False,14.148187051921534,2.833257803235491,0.24013886711192775,40.033414260153876,2.0269289597377016,0.17693209831301404
45,dflash2_pairwise_k16_tb64,Pairwise-MassPreserving,64,160,722,3.5125,4.50625,0.15,13.092879675906536,76.37739173912946,False,14.101537524993546,2.8119363060795877,0.24011595019146625,39.72874335636334,2.0245983501354203,0.17468804976488173
46,dflash2_pairwise_k16_tb64,Pairwise-MassPreserving,64,49,241,3.9183673469387754,4.8979591836734695,0.16326530612244897,11.801591609941344,84.73433355867245,False,13.890064531718666,2.755541182764597,0.23767634678622518,38.98109083672111,2.0069835917805605,0.17320632647095743
47,dflash2_pairwise_k16_tb64,Pairwise-MassPreserving,64,33,205,5.212121212121212,6.181818181818182,0.45454545454545453,9.430446760961786,106.03951491880461,True,13.674751696905304,2.7013596060869256,0.23979145396768933,39.79019254620653,2.002555394111286,0.17442766627274967
48,dflash2_pairwise_k16_tb64,Pairwise-MassPreserving,64,134,756,4.641791044776119,5.634328358208955,0.34328358208955223,10.3923722261955,96.22442097285095,False,13.952925149155885,2.7024699847970624,0.23636326111059067,39.5618672312716,2.0052551497890327,0.17271178360566247
49,dflash2_pairwise_k16_tb64,Pairwise-MassPreserving,64,20,111,4.55,5.5,0.25,10.440108747741204,95.78444287913739,False,13.311571499434649,2.7294681010971544,0.2366317010455532,39.49131090157607,2.0024588506203145,0.17116249618993606
50,dflash2_pairwise_k16_tb64,Pairwise-MassPreserving,64,48,311,5.479166666666667,6.458333333333333,0.4791666666666667,8.993777710629232,111.18798264472971,True,13.709937686599005,2.655430645972956,0.23403635395879974,39.512179708405405,1.9885894788179332,0.1720108763644627
51,dflash2_pairwise_k16_tb64,Pairwise-MassPreserving,64,86,511,4.941860465116279,5.930232558139535,0.4069767441860465,9.812684226999266,101.90891471352293,False,13.800994790450881,2.670730906894003,0.23616459293407388,39.43502813938743,1.9899705004591366,0.1727115349515157
52,dflash2_pairwise_k16_tb64,Pairwise-MassPreserving,64,10,62,5.2,6.1,0.4,9.29108349995541,107.63007350055557,True,12.714729399158387,2.59063859921298,0.23913850091048516,39.89052979886765,1.9992334993730765,0.1704479022009764
53,dflash2_pairwise_k16_tb64,Pairwise-MassPreserving,64,74,458,5.175675675675675,6.175675675675675,0.4594594594594595,9.536660259831534,104.85851154958362,False,13.959673405691786,2.6543948505776997,0.2386634866549709,39.990906027555496,2.006175756931141,0.17438105370839932
54,dflash2_pairwise_k16_tb64,Pairwise-MassPreserving,64,55,248,3.5090909090909093,4.490909090909091,0.10909090909090909,13.077787338701338,76.46553458173169,False,13.893521090688989,2.781529436073139,0.23722676348618485,39.88849639969306,1.9950669819743119,0.17309132804670793
55,dflash2_pairwise_k16_tb64,Pairwise-MassPreserving,64,34,165,3.8529411764705883,4.823529411764706,0.14705882352941177,12.022626466624029,83.1765008067161,True,13.578115500850425,2.7375178827188553,0.23448247135520967,39.635143588812376,1.9882568226688926,0.1715827627990888
56,dflash2_pairwise_k16_tb64,Pairwise-MassPreserving,64,315,2048,5.501587301587302,6.498412698412698,0.5523809523809524,8.996792276853682,111.15072675099213,False,13.986806695405875,2.657581196768978,0.23675643827854878,39.43921968873058,1.998915371396357,0.17415103163026893
57,dflash2_pairwise_k16_tb64,Pairwise-MassPreserving,64,272,2048,6.529411764705882,7.525735294117647,0.8492647058823529,7.728711401366439,129.38767513342518,False,13.93644101849264,2.566901033012126,0.23664358816270525,39.28200637159642,1.9963765330163261,0.17428200718474246
58,dflash2_pairwise_k16_tb64,Pairwise-MassPreserving,64,60,253,3.216666666666667,4.2,0.1,13.835002359707072,72.28043581057784,False,13.762147716746162,2.787378733046353,0.23567048313755853,39.387469033560286,1.9933732496914065,0.1715540672497203
59,dflash2_pairwise_k16_tb64,Pairwise-MassPreserving,64,165,746,3.521212121212121,4.515151515151516,0.15757575757575756,12.934896080427299,77.31024615753739,False,13.897091006219853,2.778447575904217,0.23634041184171414,39.40112369084752,1.994981824078202,0.17342443655555448
60,dflash2_pairwise_k16_tb64,Pairwise-MassPreserving,64,53,386,6.283018867924528,7.264150943396227,0.7358490566037735,7.8518009041531025,127.35931695250495,True,13.717451774353767,2.544254113844253,0.234349736343094,38.52542886814709,1.9920642638989758,0.17126537554673324
61,dflash2_pairwise_k16_tb64,Pairwise-MassPreserving,64,87,629,6.2298850574712645,7.218390804597701,0.7126436781609196,8.046074782189837,124.28420404611724,False,13.826347943298364,2.5773340456144904,0.23497185026209844,39.3668370005767,1.9934971842930878,0.17320781500592572
62,dflash2_pairwise_k16_tb64,Pairwise-MassPreserving,64,12,74,5.166666666666667,6.083333333333333,0.25,9.293772473029094,107.59893282324704,True,12.829891915923023,2.6163234148649885,0.23335425006128693,39.47001699877243,1.994764999835752,0.16724533755526258
63,dflash2_pairwise_k16_tb64,Pairwise-MassPreserving,64,13,75,4.6923076923076925,5.6923076923076925,0.3076923076923077,9.975261560078556,100.2479979073476,True,12.926611306633836,2.672004770339789,0.2370251543022907,39.553009307173156,1.994788231968414,0.16614715311264333
64,dflash2_pairwise_k16_tb64,Pairwise-MassPreserving,64,45,312,5.933333333333334,6.911111111111111,0.6666666666666666,8.408726580129064,118.9240713764118,True,13.720202844868052,2.613492022080916,0.23586071151334587,39.56286600037452,1.9959009334949467,0.17218177656306782
65,dflash2_pairwise_k16_tb64,Pairwise-MassPreserving,64,56,354,5.321428571428571,6.303571428571429,0.5,9.079548237289698,110.13763833458152,True,13.744281464823871,2.634575375460762,0.23557369617524923,38.61515919626462,1.9945833390530814,0.17154257108943835
66,dflash2_pairwise_k16_tb64,Pairwise-MassPreserving,64,58,379,5.5344827586206895,6.517241379310345,0.46551724137931033,8.941229182059905,111.84144591735175,False,13.77919406940205,2.663755896907693,0.23825670660730322,39.57584163787221,1.9959685172391894,0.17329110301818282
67,dflash2_pairwise_k16_tb64,Pairwise-MassPreserving,64,133,901,5.7669172932330826,6.7669172932330826,0.6390977443609023,8.616431125414316,116.05733109738235,False,13.909055773771449,2.6126521130427682,0.23661822566843094,39.44226140595134,1.9976790824049866,0.17319538411063537
68,dflash2_pairwise_k16_tb64,Pairwise-MassPreserving,64,57,382,5.701754385964913,6.684210526315789,0.6140350877192983,8.769824026171234,114.02737352719541,False,13.882839912472072,2.6332649125068106,0.23591143881755047,39.839373859107134,2.0107684038904203,0.1710481047395437
69,dflash2_pairwise_k16_tb64,Pairwise-MassPreserving,64,14,91,5.5,6.428571428571429,0.5,9.016933560465427,110.90244741122203,True,13.063394571612921,2.6692393574713997,0.24321985776103766,40.45386178560356,2.0118724995492294,0.16848007102713122
70,dflash2_pairwise_k16_tb64,Pairwise-MassPreserving,64,33,234,6.090909090909091,7.0606060606060606,0.696969696969697,8.306349572637536,120.38982843849509,False,13.77923496990909,2.568934242211099,0.23533812098762472,40.13290281837919,2.0102438176047253,0.17291572779261144
71,dflash2_pairwise_k16_tb64,Pairwise-MassPreserving,64,31,215,5.935483870967742,6.903225806451613,0.6451612903225806,8.524794432572849,117.30488141497534,True,13.758780677181353,2.5887833887076517,0.23871322581168986,40.34467264488828,2.0202118387040233,0.17241251513159858
72,dflash2_pairwise_k16_tb64,Pairwise-MassPreserving,64,51,325,5.372549019607843,6.352941176470588,0.5294117647058824,9.296697787694239,107.56507556088036,False,13.930855353857053,2.6200046470644427,0.23680086351483695,40.274478589137786,2.0079809998837757,0.17354191910343097
73,dflash2_pairwise_k16_tb64,Pairwise-MassPreserving,64,37,283,6.648648648648648,7.621621621621622,0.8648648648648649,7.703131893974673,129.81732803798826,False,13.830945053258974,2.522956243853047,0.2368336489952698,40.1372545136444,2.0166542158836522,0.17390567557634534
74,dflash2_pairwise_k16_tb64,Pairwise-MassPreserving,64,39,282,6.230769230769231,7.205128205128205,0.717948717948718,8.422849528379622,118.72466635319067,True,14.34377905183609,2.6463508465661643,0.24692915422537437,41.409638768900784,2.0812518711094388,0.17573151256865224
75,dflash2_pairwise_k16_tb64,Pairwise-MassPreserving,64,35,271,6.742857142857143,7.714285714285714,0.8857142857142857,7.533151007379187,132.7465756388579,True,13.661519057599694,2.5372329429956153,0.23793419989358103,39.717694629507605,2.001346343188613,0.1723849125223101
76,dflash2_pairwise_k16_tb64,Pairwise-MassPreserving,64,27,169,5.2592592592592595,6.222222222222222,0.5185185185185185,9.400805562098107,106.37386268595648,False,13.661720258554581,2.611819963527119,0.23641225965952295,40.150819296185446,2.009412222832907,0.1718952582989461
77,dflash2_pairwise_k16_tb64,Pairwise-MassPreserving,64,60,399,5.65,6.633333333333334,0.6,8.794583814536812,113.7063471209487,True,13.79982128382835,2.60948540053505,0.236406800589369,39.66864909998549,1.9976991334260674,0.17192064830548284
78,dflash2_pairwise_k16_tb64,Pairwise-MassPreserving,64,30,212,6.066666666666666,7.033333333333333,0.7333333333333333,8.22377106134191,121.5987157887668,False,13.560386533208657,2.5214249331232472,0.23715243393477672,39.63259336718087,1.9929051995859481,0.17018636644933563
79,dflash2_pairwise_k16_tb64,Pairwise-MassPreserving,64,108,767,6.101851851851852,7.092592592592593,0.7222222222222222,8.215022384616482,121.7282136531494,False,13.873232536921192,2.59082849071193,0.23573764782567094,39.46925129612619,1.9997244627895137,0.17309750081848405
80,dflash2_pairwise_k16_tb64,Pairwise-MassPreserving,64,98,508,4.183673469387755,5.173469387755102,0.21428571428571427,11.333152848423856,88.23669929935461,False,14.110452499821525,2.7837066934770687,0.2409314489638319,39.40831214321388,2.0271228366960266,0.17683812271867766
81,dflash2_pairwise_k16_tb64,Pairwise-MassPreserving,64,154,760,3.9285714285714284,4.928571428571429,0.24025974025974026,11.986166528951895,83.42950997590077,False,14.07139563648402,2.7605839808435215,0.24258773404441156,39.88130049330792,2.020715162374968,0.1759271358246401
82,dflash2_pairwise_k16_tb64,Pairwise-MassPreserving,64,62,374,5.032258064516129,6.016129032258065,0.4032258064516129,9.98525313635694,100.14768642759157,False,14.232266758265341,2.7226893220241406,0.2413439359506517,40.794685161663146,2.065113193009071,0.17752538711178087
83,dflash2_pairwise_k16_tb64,Pairwise-MassPreserving,64,81,547,5.753086419753086,6.7407407407407405,0.5925925925925926,8.743751468011872,114.36738608804225,False,14.016883160410892,2.6355836791795517,0.2403189872792508,39.94652199967445,2.032940839808923,0.1750606299740159
84,dflash2_pairwise_k16_tb64,Pairwise-MassPreserving,64,94,498,4.297872340425532,5.287234042553192,0.32978723404255317,11.059388656620461,90.42091123195782,True,14.046914935804919,2.734201372770761,0.2410022550859449,39.37912077665889,2.0142904787907683,0.17569944681413968
85,dflash2_pairwise_k16_tb64,Pairwise-MassPreserving,64,51,310,5.078431372549019,6.0588235294117645,0.39215686274509803,9.703313032256236,103.05758421641661,False,14.125911019600965,2.743050666193834,0.24314915779042148,39.63994058807764,2.052944568419537,0.17592635284766012
86,dflash2_pairwise_k16_tb64,Pairwise-MassPreserving,64,93,523,4.612903225806452,5.612903225806452,0.3225806451612903,10.381417489491747,96.32595943783376,False,14.015191795914033,2.740493226625521,0.2391715158498095,39.18388435524458,2.0271589032403114,0.175620063385796
87,dflash2_pairwise_k16_tb64,Pairwise-MassPreserving,64,123,700,4.691056910569106,5.682926829268292,0.4065040650406504,10.396263857141355,96.18840130852244,False,14.059960480050158,2.7209093905554713,0.239251170421447,39.93989280452223,2.0307870731997584,0.17492834953506045
88,dflash2_pairwise_k16_tb64,Pairwise-MassPreserving,64,112,638,4.6875,5.6875,0.32142857142857145,10.364548432603142,96.48273694726146,False,14.06037095544629,2.72334233951759,0.25414994674325236,39.81202768747088,2.0166265982360136,0.17439229402173492
89,dflash2_pairwise_k16_tb64,Pairwise-MassPreserving,64,154,815,4.292207792207792,5.285714285714286,0.3051948051948052,11.129379176686124,89.85227155300852,False,14.02826294776917,2.7348889997448205,0.24033522740038196,39.70113257773019,2.0185724348597103,0.17579501378916917
90,dflash2_pairwise_k16_tb64,Pairwise-MassPreserving,64,169,927,4.479289940828402,5.479289940828402,0.28402366863905326,10.817998530743909,92.43854093324916,False,14.12017213606197,2.7651402835986305,0.24209479879196624,40.01045255620755,2.0230372248030783,0.1780653555640543
91,dflash2_pairwise_k16_tb64,Pairwise-MassPreserving,64,105,558,4.314285714285714,5.304761904761905,0.19047619047619047,11.078813618273198,90.26237234920333,False,13.974130562149055,2.7588915042412867,0.23789858117067655,39.72034473290911,2.010988200310662,0.17372736204249253
92,dflash2_pairwise_k16_tb64,Pairwise-MassPreserving,64,96,531,4.53125,5.520833333333333,0.2708333333333333,10.588232789084705,94.44446678872505,False,13.877948781328087,2.7111341770857202,0.23623487512243932,39.56818633279605,1.9983628545408767,0.17429559375159442
93,dflash2_pairwise_k16_tb64,Pairwise-MassPreserving,64,100,515,4.15,5.14,0.24,11.333508652426389,88.23392919772556,False,13.863785519788507,2.755367909776396,0.2387320996786002,39.33241926977644,2.0023582800786244,0.1749064808973344
94,dflash2_pairwise_k16_tb64,Pairwise-MassPreserving,64,145,735,4.068965517241379,5.062068965517241,0.18620689655172415,11.567635719722206,86.44808880824739,False,13.944060172672897,2.7494703236854923,0.23706431715379886,39.5312135242295,1.9991412408075873,0.17499700073225039
95,dflash2_pairwise_k16_tb64,Pairwise-MassPreserving,64,225,1215,4.395555555555555,5.395555555555555,0.3288888888888889,10.779967213168343,92.76466061774688,False,13.88496595117936,2.706413119804994,0.23665081832506177,39.214703777591545,1.9942418357176293,0.17484744849045658
96,dflash2_pairwise_k16_tb64,Pairwise-MassPreserving,64,151,847,4.6092715231788075,5.602649006622516,0.31125827814569534,10.406528963401094,96.09352008887092,False,13.871864417343499,2.7191508478494297,0.23690281460518078,39.37793172188936,1.992385728544531,0.17481103930923014
97,dflash2_pairwise_k16_tb64,Pairwise-MassPreserving,64,131,713,4.435114503816794,5.435114503816794,0.3053435114503817,10.693924141659004,93.51104297667712,False,13.842660443077952,2.715029817339804,0.2373230311653456,39.24228403786596,1.9923927938256356,0.17464509048767543
98,dflash2_pairwise_k16_tb64,Pairwise-MassPreserving,64,97,492,4.072164948453608,5.061855670103093,0.2268041237113402,11.526395768284816,86.75738887532619,False,13.853115174927169,2.7204644434980945,0.2370577422720764,39.4806959896592,1.9983398970654571,0.17410735047623976
99,dflash2_pairwise_k16_tb64,Pairwise-MassPreserving,64,87,500,4.747126436781609,5.735632183908046,0.3793103448275862,9.96399042000121,100.3613971760401,False,13.802127528938348,2.6931550116084204,0.23593491951241854,38.3608961609512,1.9992465174578975,0.17295262015935825
100,dflash2_pairwise_k16_tb64,Pairwise-MassPreserving,64,2,14,6.0,6.5,0.5,7.3787483571712595,135.5243398466245,True,6.979093999689212,2.732568496867316,0.23105549917090684,39.57274800268351,1.9885349975083955,0.1472375042794738
101,dflash2_pairwise_k16_tb64,Pairwise-MassPreserving,64,31,218,6.0,7.0,0.7096774193548387,8.12817006880565,123.02892182802711,True,13.522464386750794,2.5071827096267483,0.2362285158596933,38.725184838591716,1.9926327741197911,0.17569629116840776
102,dflash2_pairwise_k16_tb64,Pairwise-MassPreserving,64,3,16,4.0,5.0,0.0,10.124185937911534,98.77337359593031,True,9.339382998102034,2.6891516681644134,0.2313846659186917,39.58784933153462,1.9892086662972968,0.15868100551112244
103,dflash2_pairwise_k16_tb64,Pairwise-MassPreserving,64,5,30,4.8,5.8,0.4,9.30517996675917,107.46702412766794,True,11.20328320102999,2.605073800077662,0.22883240162627771,39.6333959986805,1.9979053977294825,0.16258900141110644
104,dflash2_pairwise_k16_tb64,Pairwise-MassPreserving,64,12,80,5.666666666666667,6.583333333333333,0.5833333333333334,8.58634126252582,116.46404090231009,True,12.799129333870951,2.506971333787078,0.2351534997918255,39.54390575078529,1.9901284152486671,0.1669867500216545
105,dflash2_pairwise_k16_tb64,Pairwise-MassPreserving,64,25,173,5.88,6.88,0.72,8.344587890171875,119.83815296352554,True,13.399758320883848,2.5595831612008624,0.23511664010584354,39.38332032033941,1.9915694399969652,0.17520031746244058
106,dflash2_pairwise_k16_tb64,Pairwise-MassPreserving,64,26,160,5.153846153846154,6.115384615384615,0.5,9.434766124968519,105.99096858941341,False,13.433046384027246,2.6066990383417132,0.2370274238413773,39.6174758075526,1.9945848849042354,0.17126569190832713
107,dflash2_pairwise_k16_tb64,Pairwise-MassPreserving,64,83,600,6.228915662650603,7.216867469879518,0.7590361445783133,8.030570293340134,124.52415749717231,True,13.794883349994533,2.5718359151996775,0.23599265061574146,39.274966312678956,2.001670458149277,0.17296668690494654
108,dflash2_pairwise_k16_tb64,Pairwise-MassPreserving,64,15,103,5.866666666666666,6.8,0.6666666666666666,8.412994466056862,118.86374156486235,True,13.09509800048545,2.6680783329841993,0.23225066591597474,39.60706073315426,1.996570265328046,0.1701706690558543
109,dflash2_pairwise_k16_tb64,Pairwise-MassPreserving,64,13,60,3.6153846153846154,4.538461538461538,0.23076923076923078,12.461348133244124,80.24813923079645,True,12.881546076991631,2.6184511555654284,0.23555376985593915,39.60904446173048,1.9954459231275206,0.17387307385573736
110,dflash2_pairwise_k16_tb64,Pairwise-MassPreserving,64,3,15,3.6666666666666665,4.666666666666667,0.0,10.830545799884325,92.33145018514954,True,9.32018633223682,2.831588002057591,0.2269286681742718,39.61691733032543,1.9930859974313837,0.16402266919612885
111,dflash2_pairwise_k16_tb64,Pairwise-MassPreserving,64,4,18,3.5,4.25,0.25,12.32788511091106,81.11691429659159,True,10.59411425194412,2.8279092475713696,0.22739300038665533,39.673254501394695,1.9888407477992587,0.1639712500036694
112,dflash2_pairwise_k16_tb64,Pairwise-MassPreserving,64,14,73,4.214285714285714,5.142857142857143,0.35714285714285715,11.125767657538072,89.88143836730828,True,13.042304571302209,2.7128941416906724,0.23821742849707203,39.84071714252683,2.0068919293407816,0.17190614380524494
113,dflash2_pairwise_k16_tb64,Pairwise-MassPreserving,64,6,33,4.5,5.333333333333333,0.3333333333333333,10.32303006054876,96.87078252553701,True,11.708518666030917,2.7412790004746057,0.23860083335118057,39.89229683429585,2.025041167750411,0.17092883111520982
114,dflash2_pairwise_k16_tb64,Pairwise-MassPreserving,64,10,41,3.1,4.0,0.1,14.20070714634565,70.41902841136583,True,12.78392689928296,2.7992303999781143,0.2357550009037368,40.21429639979033,2.0173479002551176,0.17234269980690442
115,dflash2_pairwise_k16_tb64,Pairwise-MassPreserving,64,5,31,5.2,6.0,0.6,9.092969387101249,109.9750760646507,True,11.31981440121308,2.6197513987426646,0.23755379806971177,40.01703100220766,2.0152837969362736,0.1669758028583601
116,dflash2_pairwise_k16_tb64,Pairwise-MassPreserving,64,18,91,4.055555555555555,5.0,0.2222222222222222,11.561407945019699,86.49465573358385,False,13.403158611860514,2.7275471665133306,0.2373738340490187,39.908262333079215,2.002923667734851,0.17007455325155105
117,dflash2_pairwise_k16_tb64,Pairwise-MassPreserving,64,12,76,5.333333333333333,6.25,0.4166666666666667,9.147164868409163,109.32349141903198,True,12.955876500806577,2.6218833330252287,0.24278825064053913,39.934336750472234,2.007253999787887,0.16990533185889944
118,dflash2_pairwise_k16_tb64,Pairwise-MassPreserving,64,10,75,6.5,7.4,0.8,7.675218973308802,130.28944235696486,True,12.70121950074099,2.589846602495527,0.23427730047842488,39.861210501840105,2.006527400953928,0.17106099330703728
119,dflash2_pairwise_k16_tb64,Pairwise-MassPreserving,64,17,123,6.235294117647059,7.176470588235294,0.7647058823529411,8.005598260182508,124.91258835379062,True,13.289758058175828,2.569520236540805,0.2375513530055554,39.6456313537783,2.007477059498128,0.17291993914541842
120,dflash2_pairwise_k16_tb64,Pairwise-MassPreserving,64,143,676,3.727272727272727,4.72027972027972,0.11188811188811189,12.56123305325167,79.61001883816928,False,14.054936587434405,2.7776901045723794,0.24060388096694516,40.11907120302631,2.0142239021357975,0.1738487554175154
121,dflash2_pairwise_k16_tb64,Pairwise-MassPreserving,64,231,1266,4.48051948051948,5.476190476190476,0.2943722943722944,10.640488038709474,93.9806516733122,False,13.888670329274902,2.730440484834593,0.23697640247153143,39.29168008222775,1.9930606233638921,0.1745740562091275
122,dflash2_pairwise_k16_tb64,Pairwise-MassPreserving,64,142,783,4.514084507042254,5.507042253521127,0.2887323943661972,10.560699551719603,94.69069687122854,False,14.033471964710412,2.740001239890518,0.23774244372887066,39.0382514927642,2.008632310066851,0.17449033050428958
123,dflash2_pairwise_k16_tb64,Pairwise-MassPreserving,64,289,1368,3.7335640138408306,4.730103806228374,0.11764705882352941,12.380137493424064,80.77454717535797,False,13.939027813192542,2.83300925952956,0.24120473045800173,39.41164728368179,2.0011781106495934,0.1761061277622792
124,dflash2_pairwise_k16_tb64,Pairwise-MassPreserving,64,127,548,3.3149606299212597,4.307086614173229,0.11023622047244094,13.565512514596909,73.7163449537177,False,13.854067291267855,2.7803573461788464,0.23670577954942743,39.49579749641139,1.9942813857245867,0.17344312605770731
125,dflash2_pairwise_k16_tb64,Pairwise-MassPreserving,64,214,1111,4.191588785046729,5.186915887850467,0.2383177570093458,11.269293112509152,88.73671045879347,False,13.939135177721917,2.7797795982708258,0.23974340178385795,39.368497873884934,2.0026903320090286,0.17568935463629298
126,dflash2_pairwise_k16_tb64,Pairwise-MassPreserving,64,136,524,2.8529411764705883,3.8455882352941178,0.058823529411764705,14.971050816788164,66.79557849597471,False,13.852579125287935,2.804857625211726,0.23590474992327953,38.620393448475035,1.995075801620688,0.17376739651808748
127,dflash2_pairwise_k16_tb64,Pairwise-MassPreserving,64,66,425,5.424242424242424,6.424242424242424,0.5757575757575758,9.00839784233968,111.00753069541142,False,13.73038845441911,2.636182878191131,0.2358113941392565,39.23477562035039,1.9981477422389258,0.17331638027275348
128,dflash2_pairwise_k16_tb64,Pairwise-MassPreserving,64,115,572,3.973913043478261,4.965217391304348,0.26956521739130435,11.92575615734402,83.85212533330126,True,14.054164573621085,2.7540965218339926,0.23807957395151985,40.07693152177482,2.0208877397437943,0.1735141734293986
129,dflash2_pairwise_k16_tb64,Pairwise-MassPreserving,64,133,693,4.2105263157894735,5.203007518796992,0.3308270676691729,11.37247783405549,87.93158488341449,False,14.11175939880961,2.7574338122836446,0.23868775244231538,39.945745165153454,2.0280827367586376,0.1748861646309453
130,dflash2_pairwise_k16_tb64,Pairwise-MassPreserving,64,172,902,4.244186046511628,5.238372093023256,0.26744186046511625,11.119591620842813,89.93136026017156,True,13.869117947378559,2.7211881568841503,0.2369474884268806,39.321005476880984,1.9914400404242008,0.17350811093672028
131,dflash2_pairwise_k16_tb64,Pairwise-MassPreserving,64,85,390,3.588235294117647,4.576470588235294,0.17647058823529413,12.647906551286818,79.06446777931471,False,13.758837046813877,2.7672413408735714,0.2358302820699892,39.10843130562331,1.9891381059150102,0.172093154020224
132,dflash2_pairwise_k16_tb64,Pairwise-MassPreserving,64,232,861,2.711206896551724,3.706896551724138,0.04741379310344827,15.726587394887297,63.58658588099662,False,13.894242961308418,2.817139034395323,0.23615162501363526,39.25514068521744,1.9893082889180294,0.17263700427630765
133,dflash2_pairwise_k16_tb64,Pairwise-MassPreserving,64,386,1886,3.8860103626943006,4.883419689119171,0.22538860103626943,11.907089262461776,83.98358137387905,False,13.91277135500758,2.757037777265617,0.2366543391113558,39.099190968959356,1.9983664534298686,0.1741406321404936
134,dflash2_pairwise_k16_tb64,Pairwise-MassPreserving,64,172,715,3.1569767441860463,4.151162790697675,0.12209302325581395,14.028613043357161,71.28288426727407,False,13.876107226594264,2.81185771496513,0.23551115106762832,39.229967819897695,1.9910089825337542,0.17216527936228843
135,dflash2_pairwise_k16_tb64,Pairwise-MassPreserving,64,167,803,3.808383233532934,4.802395209580839,0.2155688622754491,12.080228310088168,82.77989242677661,False,13.849919700655601,2.7589680776254464,0.2360594489201792,39.07096379045829,1.9965736588172498,0.17388258700107062
136,dflash2_pairwise_k16_tb64,Pairwise-MassPreserving,64,230,956,3.1565217391304348,4.1521739130434785,0.08695652173913043,14.034255716529767,71.2542239644518,False,13.900696152236575,2.8007413782609585,0.23688522180790364,39.229789952103445,1.9924639957658339,0.17311227809683338
137,dflash2_pairwise_k16_tb64,Pairwise-MassPreserving,64,174,790,3.5402298850574714,4.5344827586206895,0.08045977011494253,13.025278764551423,76.77378872853927,False,14.102647597945012,2.805541430848541,0.2385250173710506,39.787170730071914,2.0297101437717666,0.17416498801254818
138,dflash2_pairwise_k16_tb64,Pairwise-MassPreserving,64,67,256,2.8208955223880596,3.8059701492537314,0.07462686567164178,15.560308800758094,64.26607677292884,False,14.055721403565258,2.869283775785945,0.23972367217986665,40.08557962667659,2.029828238778803,0.17417750680565472
139,dflash2_pairwise_k16_tb64,Pairwise-MassPreserving,64,150,633,3.22,4.213333333333333,0.06666666666666667,14.060667096360865,71.120380928357,False,14.113193739758572,2.861563853560559,0.25394828005422215,39.896650106675224,2.0336202401085757,0.17703892648569308
140,dflash2_pairwise_k16_tb64,Pairwise-MassPreserving,64,251,1139,3.537848605577689,4.53386454183267,0.12350597609561753,13.04015944337347,76.68617890313935,False,14.117563083686493,2.8137976895745074,0.2404478527243765,39.81041285265362,2.0163807053194542,0.17566716266458343
141,dflash2_pairwise_k16_tb64,Pairwise-MassPreserving,64,108,436,3.037037037037037,4.027777777777778,0.06481481481481481,14.594352623860836,68.5196545385003,False,14.014291472482943,2.8261977504708167,0.23993369467023984,39.647737092376765,2.0137862133264273,0.1759958507776631
142,dflash2_pairwise_k16_tb64,Pairwise-MassPreserving,64,186,787,3.2311827956989245,4.225806451612903,0.11827956989247312,13.899121828459862,71.94699149642668,False,13.987668328056355,2.8447034786832743,0.24042108630691406,39.550583139717546,2.010823779851161,0.17552534328749833
143,dflash2_pairwise_k16_tb64,Pairwise-MassPreserving,64,138,433,2.13768115942029,3.130434782608696,0.0,18.55740266974142,53.88685139815065,False,13.856335912377277,2.8460837174202753,0.23785976088180652,39.117567703320624,1.9965562746949508,0.17280935592851535
144,dflash2_pairwise_k16_tb64,Pairwise-MassPreserving,64,312,1160,2.717948717948718,3.71474358974359,0.035256410256410256,15.71405988879319,63.637278149434245,False,13.941682365163079,2.820935945517424,0.23646059607693667,39.26300192305905,1.9884240322053068,0.1735639552862267
145,dflash2_pairwise_k16_tb64,Pairwise-MassPreserving,64,218,920,3.220183486238532,4.215596330275229,0.11467889908256881,13.967773854346888,71.59336988326108,False,14.088158788765062,2.820149036662369,0.23926320633826428,39.602876931260425,2.0215027889374584,0.1746178076654852
146,dflash2_pairwise_k16_tb64,Pairwise-MassPreserving,64,350,1539,3.3971428571428572,4.394285714285714,0.14857142857142858,13.408713374267261,74.57837095087034,False,14.093093971584624,2.790280320020559,0.2384166688092851,39.645404497007675,2.018377159713834,0.17445561999920756
147,dflash2_pairwise_k16_tb64,Pairwise-MassPreserving,64,233,1127,3.836909871244635,4.832618025751073,0.2145922746781116,12.167935565217524,82.18320968583491,False,14.082773021322899,2.7752810987482017,0.23894306469499832,39.563630176073566,2.0178653650303557,0.17671492219929555
148,dflash2_pairwise_k16_tb64,Pairwise-MassPreserving,64,154,556,2.603896103896104,3.603896103896104,0.05194805194805195,16.361910260784235,61.117558039465095,False,14.044882311754446,2.830632662271337,0.2388996755297586,39.776112590929685,2.006398844355022,0.17594472682232026
149,dflash2_pairwise_k16_tb64,Pairwise-MassPreserving,64,242,1124,3.644628099173554,4.640495867768595,0.16942148760330578,12.7856635604998,78.2126007983984,False,14.186174743853304,2.799113847152715,0.23987816539299597,39.94736452909256,2.036210975437983,0.1759099787472043
150,dflash2_pairwise_k16_tb64,Pairwise-MassPreserving,64,153,587,2.8366013071895426,3.8300653594771243,0.05228758169934641,15.458744160140911,64.68830777201275,False,14.107193627293539,2.86003140577806,0.24081316361511187,39.89958285629518,2.025851398488443,0.17556560083499384
151,dflash2_pairwise_k16_tb64,Pairwise-MassPreserving,64,294,1183,3.0238095238095237,4.020408163265306,0.05102040816326531,14.46540418934493,69.13045684106012,False,13.915739537352938,2.820375816412286,0.23643136760287248,39.066563629232256,1.9927332722465112,0.17418751999344614
152,dflash2_pairwise_k16_tb64,Pairwise-MassPreserving,64,75,306,3.08,4.066666666666666,0.06666666666666667,14.343076816979138,69.720047710838,False,13.82376709302965,2.835959226358682,0.23813157284166664,39.45545686641708,1.993651893377925,0.17278676124988124
153,dflash2_pairwise_k16_tb64,Pairwise-MassPreserving,64,275,1289,3.6872727272727275,4.683636363636364,0.14545454545454545,12.472217028703732,80.17820710612926,False,13.978689484012483,2.825854207357307,0.24051833104088224,39.23674201807113,2.002969512858809,0.17590917392887853
154,dflash2_pairwise_k16_tb64,Pairwise-MassPreserving,64,211,750,2.5545023696682465,3.5497630331753554,0.05687203791469194,16.657636127997346,60.03252756369486,False,14.107571203644792,2.9812402462821797,0.24977604255396918,39.66218066830475,2.0291549428801994,0.17968398637206723
155,dflash2_pairwise_k16_tb64,Pairwise-MassPreserving,64,227,818,2.60352422907489,3.5991189427312777,0.039647577092511016,16.189822766503696,61.76719871628075,False,13.907705458219056,2.84106261686664,0.2367387573880406,39.18442322481793,1.9963127177884077,0.1741758284442607
156,dflash2_pairwise_k16_tb64,Pairwise-MassPreserving,64,276,1012,2.6666666666666665,3.6630434782608696,0.04710144927536232,15.913998560280321,62.837758606808954,False,13.905108398435202,2.8335098079390963,0.23632395259219396,39.20935007994083,1.9929284818067243,0.17410733364712264
157,dflash2_pairwise_k16_tb64,Pairwise-MassPreserving,64,222,914,3.1171171171171173,4.112612612612613,0.12162162162162163,14.306138331512578,69.90006505090676,False,14.06510275679007,2.9478334370585735,0.24689064433390215,39.42338978801697,2.0372927927481315,0.1795375855681004
158,dflash2_pairwise_k16_tb64,Pairwise-MassPreserving,64,174,682,2.913793103448276,3.913793103448276,0.09770114942528736,14.891603589446257,67.15193524951901,False,13.884354270226924,2.8048441209261648,0.23652323567336586,39.27751426997657,1.9907955459205986,0.1742079136117051
159,dflash2_pairwise_k16_tb64,Pairwise-MassPreserving,64,53,180,2.3962264150943398,3.3773584905660377,0.05660377358490566,17.056722805541032,58.62790944079486,True,13.670214433453642,2.8297758487136684,0.23698935849165967,39.027125641779385,1.9918857544566118,0.172501510225518
